goods_no,용량_원문,용량,단위
A000000223414,24ml X 10EA 또는 11EA,240.0,ml
A000000231836,피디알엔 마스크 / 어성초 진정 마스크 / 복숭아 마스크 / 카테킨 마스크 / TXA 세럼 마스크 / 비타C 마스크 / 레티놀 마스크 / 라이스 마스크 / 각 6매,6.0,매
A000000217620,24ml,24.0,ml
A000000239102,35g X 9EA,315.0,g
A000000248829,20ml x 3ea,60.0,ml
A000000259232,34g (1.19 oz) X 8ea,34.0,g
A000000240465,30g*10pcs/400 g,300.0,g
A000000205979,"[1번] 26ml/1매, [4번] 27g/1매",26.0,ml
A000000249535,1매 37g/ 6매 (총 222g),1.0,매
A000000259699,4+1매,1.0,매
A000000240462,20g *6ea,120.0,g
A000000257740,별도표기 / 36개월 (개봉 후 즉시사용),,
A000000206850,"[2번] 33ml/1매, [그 외] 27g/1매",33.0,ml
A000000255607,[본품]27g*8ea,216.0,g
A000000254427,17g x 5 ea,85.0,g
A000000212579,"1제 3g, 2 22g * 4ea",3.0,g
A000000259786,28g x 10a매,280.0,g
A000000248965,1매당 34g (옵션 선택에 따라 용량 다름),1.0,매
A000000160901,"[1번] 26ml/1매, [2번] 33ml/1매, [그 외] 27g/1매",26.0,ml
A000000253919,26ml*4ea,104.0,ml
A000000229375,마스크 : 23ml / 앰플 : 4ml,23.0,ml
A000000166626,"[1번] 26ml/1매, [2번] 33ml/1매, [그 외] 27g/1매",26.0,ml
A000000188024,10매 / 270g,10.0,매
A000000120688,1매 / 30ml,1.0,매
A000000188270,6매 / 162g,6.0,매
A000000185112,"■ 티트리, 알로에수딩, 슈퍼레몬 20gX10ea / 대나무히알루 23gX10ea",200.0,g
A000000229694,25ml,25.0,ml
A000000211187,27g * 1O매,27.0,g
A000000212350,35g,35.0,g
A000000244392,33g * 4ea,132.0,g
A000000184496,1매/ 35g,1.0,매
A000000184348,"34g, 1.19 oz - 16매",34.0,g
A000000243440,27ml X 10ea / 1ea,270.0,ml
A000000226508,"3D 리프팅 크림 마스크:35g*1매, 35g*6매, 35g*10매 / 콜라겐 리모델링 세럼 겔 마스크:34g * 10매입/34g * 6매입/34g*1매입/ 콜라겐 리모델링 세럼 마스크 28g *1매, 28g*6매",35.0,g
A000000115199,[본품] 27g*5ea,135.0,g
A000000250107,마스크 4매*23g,4.0,매
A000000257739,5+1매,1.0,매
A000000206378,25 ml* 5ea,125.0,ml
A000000208753,1매 / 27g,1.0,매
A000000211128,피디알엔 마스크 23ml / 어성초 진정 마스크 25ml / 복숭아 마스크 25ml / 카테킨 마스크 24ml / TXA 세럼 마스크 28ml / 비타C 마스크 22ml / 레티놀 마스크 24ml / 라이스 마스크 25ml / 각 1매,23.0,ml
A000000208231,24ml X 4EA,96.0,ml
A000000229695,25ml X 10EA,250.0,ml
A000000181343,"34g, (1.19 oz) 4ea",34.0,g
A000000239107,시너지앰플마스크 3g / 0.10 oz. X 8ea/ 페이스필름 22g / 0.77 oz. X 8ea,3.0,g
A000000199484,27ml X 10매,270.0,ml
A000000188019,27g,27.0,g
A000000229774,9+1매,1.0,매
A000000260523,35ml (x5ea),35.0,ml
A000000229895,5매,5.0,매
A000000144859,30ml x 10ea,300.0,ml
A000000204388,"[단품] 34g*1매입 / [다매입] 34g*6매입, 34g*10매입",34.0,g
A000000229376,마스크 : 23ml / 앰플 : 4ml X 10EA,23.0,ml
A000000260530,5매,5.0,매
A000000242956,28g*4매,112.0,g
A000000221807,"34g, 1.19 oz - 7",34.0,g
A000000253571,43g (6+2매 기획),43.0,g
A000000222767,23mL 10매,23.0,ml
A000000011596,■ 25ml *10매입,250.0,ml
A000000213119,STEP1) 1.5g + STEP2) 25g *10,1.5,g
A000000111673,360 g / 30 매입,360.0,g
A000000207475,26g,26.0,g
A000000234213,25g*[8ea(본품) + 2ea(추가 증정)],25.0,g
A000000252256,43g,43.0,g
A000000180801,7매+3매,7.0,매
A000000131775,본품 30g 5매,30.0,g
A000000231294,4+1매,1.0,매
A000000243330,32g x 5매,160.0,g
A000000236606,1매 23G / 3+1기획 : 23G x 4EA,1.0,매
A000000217523,28g*4매,112.0,g
A000000250485,5매입 [ 25ml / 1매입 ],5.0,매
A000000244707,23g*6매,138.0,g
A000000259224,34g (1.19 oz) 4ea,34.0,g
A000000262133,"■티트리/알로에21g, 슈퍼레몬 23g",21.0,g
A000000255523,[본품] 아쿠아 밤 판테놀 이지에프 수딩 배리어 겔 마스크 3매 [증정] 아쿠아 밤 판테놀 이지에프 수딩 배리어 겔 마스크 1매,3.0,매
A000000246261,24 ml * 10매,240.0,ml
A000000197743,30매 / 270ml,30.0,매
A000000234081,[본품] 30g * 4ea [증정] 30g * 1ea,120.0,g
A000000189195,1매 / 21ml,1.0,매
A000000257125,30ml * 5매,150.0,ml
A000000190970,10매,10.0,매
A000000209520,24ml X 10EA or 11EA,240.0,ml
A000000213463,[본품] 20 g / NET WT. 0.70 OZ. X 4EA [증정품] 1매입,20.0,g
A000000202438,25g,25.0,g
A000000114176,[본품] 27g,27.0,g
A000000259632,0.59 oz.x8 sheets,,
A000000181345,"34g, 1.19 oz 1ea",34.0,g
A000000147572,27ml,27.0,ml
A000000214359,37g*5매,185.0,g
A000000253920,26ml,26.0,ml
A000000215338,37g*10매,370.0,g
A000000175069,31g,31.0,g
A000000175419,23ml X 5매입,115.0,ml
A000000259787,28g,28.0,g
A000000130487,[랩핑마스크] 로얄블랙스네일 크림 마스크 1매,1.0,매
A000000185111,"■ 티트리, 알로에수딩, 슈퍼레몬 20g / 대나무히알루 23g",20.0,g
A000000222818,25ml*10매입,250.0,ml
A000000246259,24 ml / 0.81 fl. oz.,24.0,ml
A000000207716,1매 / 21ml,1.0,매
A000000210971,37g*4ea,148.0,g
A000000244322,18ml.,18.0,ml
A000000216067,28ml*5 (5매),140.0,ml
A000000132034,25g,25.0,g
A000000225572,23ml,23.0,ml
A000000212566,"1제 3g, 2 22g",3.0,g
A000000203908,25g*5,125.0,g
A000000248135,25ml X 13,325.0,ml
A000000190389,20g * 5매,100.0,g
A000000147573,27ml*10,270.0,ml
A000000165704,27ml x 10ea,270.0,ml
A000000140820,1제: 2ml + 2제: 25ml,2.0,ml
A000000261775,41g / 1.44 oz. x 4ea,41.0,g
A000000234085,[본품] 30g * 4ea [증정] 30g * 1ea,120.0,g
A000000240151,1매 / 25ML,1.0,매
A000000199483,27ml,27.0,ml
A000000247565,4+1매 (36g*5),1.0,매
A000000165308,25ml x5매입,125.0,ml
A000000229199,30g / 30g*5매,30.0,g
A000000165703,27ml,27.0,ml
A000000176074,30g*5매,150.0,g
A000000170566,18ml,18.0,ml
A000000141940,25ml,25.0,ml
A000000233497,4매입,4.0,매
A000000208565,350ml(30매),350.0,ml
A000000189098,"블루밍 에센스 1.5ml, 제이준 인텐시브 샤이닝 마스크 25ml, 하이드로 아이 크림 1.5ml (3STEP) * 10ea",1.5,ml
A000000225642,35g*1매 / 35g*6매 / 35g*10매,35.0,g
A000000228589,23G*5매,115.0,g
A000000211398,6매 (27ml*6ea),6.0,매
A000000159111,22ml,22.0,ml
A000000168530,1매,1.0,매
A000000232710,140g,140.0,g
A000000238278,20매,20.0,매
A000000224372,2매,2.0,매
A000000225574,23mlx10ea,230.0,ml
A000000141918,25g*6,150.0,g
A000000165359,5매입/각 25ml,5.0,매
A000000126848,본품 30g,30.0,g
A000000130882,25ML,25.0,ml
A000000131252,로얄블랙스네일 크림 마스크 본품 16g * 5매,80.0,g
A000000254665,[상단] 20ml / [하단] 28ml,20.0,ml
A000000241482,[아줄렌/TXA] 30g * 4ea / [콜라겐] 34g * 4ea,120.0,g
A000000174462,31g,31.0,g
A000000235453,43g x 4ea,172.0,g
A000000257124,30ml * 1매,30.0,ml
A000000120938,10매(1매 / 30ml),10.0,매
A000000244019,30g*1ea/30g*4ea,30.0,g
A000000215979,25g (0.88oz) 7매,25.0,g
A000000210207,36 g / 1.26 oz.,36.0,g
A000000227427,10매,10.0,매
A000000259955,25g / 0.88 oz.,25.0,g
A000000192775,27ml,27.0,ml
A000000250614,35g / 1.23 oz.,35.0,g
A000000144168,30g,30.0,g
A000000145166,1매(34g),1.0,매
A000000257194,36g*3매입,108.0,g
A000000231523,[1번] 26ml*20ea / [3번] 27ml*20ea,520.0,ml
A000000188154,28ml*5,140.0,ml
A000000164987,25ML,25.0,ml
A000000225591,5매,5.0,매
A000000244711,[본품] 33g * 5ea [증정] 33g * 1ea,165.0,g
A000000139809,20ml,20.0,ml
A000000229772,1매,1.0,매
A000000136127,25ml *1매,25.0,ml
A000000229775,5+1매,1.0,매
A000000244705,23g*10매,230.0,g
A000000255859,27ml * 10매입,270.0,ml
A000000223797,43G*5,215.0,g
A000000233883,단품: 27g / 기획: 27g*6ea,27.0,g
A000000197840,23ml,23.0,ml
A000000232356,"110g, 5매.",110.0,g
A000000235473,280g,280.0,g
A000000246267,24 ml * 20AO,480.0,ml
A000000252726,28g*7매,196.0,g
A000000209891,5매 (27ml*5),5.0,매
A000000249961,"4g / 0.14 oz. X 4 ea, 22 g / 0.77 oz. X 4 ea",4.0,g
A000000228222,37g*4ea,148.0,g
A000000227257,"1step ) 시너지 앰플 마스크 10g , 2step ) 글루타티온 넥 필름 15g x 5",10.0,g
A000000241123,17g x 4 ea,68.0,g
A000000128566,■ 23ml*10매,230.0,ml
A000000223707,1매,1.0,매
A000000216361,4매,4.0,매
A000000111738,20ml*10매,200.0,ml
A000000238647,31g *4ea,124.0,g
A000000230885,42g (3+1EA),42.0,g
A000000226141,"22g, 1매",22.0,g
A000000214360,37g,37.0,g
A000000249453,10매입 / 30ML,10.0,매
A000000015244,25ml,25.0,ml
A000000222213,1매,1.0,매
A000000174156,1매 (28g),1.0,매
A000000233141,25ml X 4EA,100.0,ml
A000000244413,4+1매,1.0,매
A000000185175,4매/140g,4.0,매
A000000186552,30g,30.0,g
A000000261632,[STEP1] 1.5ml * 4ea + [STEP2] 38g * 4ea,6.0,ml
A000000242860,30g * 4ea,120.0,g
A000000199082,27ml X 10매,270.0,ml
A000000199083,27ml X 10매,270.0,ml
A000000231827,4매입,4.0,매
A000000242498,34g (1.19 oz) 4ea,34.0,g
A000000178216,38g / 1.34oz X 5ea,38.0,g
A000000190392,20g/1매,20.0,g
A000000217547,34g,34.0,g
A000000213724,34g / 1.19 oz,34.0,g
A000000117485,상층 - 15g / 하층 - 30g / 앰플시트 - 5g (1매),15.0,g
A000000144613,350g / 30매입,350.0,g
A000000170549,25ml,25.0,ml
A000000222674,25g,25.0,g
A000000213469,11 g / NET WT. 0.38 OZ. X 4EA,11.0,g
A000000225373,140g,140.0,g
A000000178597,1매 (28g),1.0,매
A000000213572,37g*5매,185.0,g
A000000257646,28g/ 5매입 : 140g,28.0,g
A000000192777,27ml,27.0,ml
A000000206863,25 ml,25.0,ml
A000000148981,18g,18.0,g
A000000206206,43g (4ea),43.0,g
A000000150232,21 mL * 10매,210.0,ml
A000000257738,27 ml / 0.91 fl.oz.,27.0,ml
A000000149577,22ml*10매입,220.0,ml
A000000170550,25ml X 10매입,250.0,ml
A000000170567,18ml X 10매입,180.0,ml
A000000213433,26 ml / 0.87 fl. oz. 10매,26.0,ml
A000000245742,5매+2매,5.0,매
A000000255593,5매+3매,5.0,매
A000000226694,25ml,25.0,ml
A000000203895,25g,25.0,g
A000000204164,그린 하트리프 1매,1.0,매
A000000130885,5매입/각 25ml,5.0,매
A000000204570,27ml X 4매,108.0,ml
A000000202588,1매(30g),1.0,매
A000000172855,25g/ 1매,25.0,g
A000000237329,"[본품] 아이소이 모이스춰 닥터 마스크 22ml*4개입, [증정품] 빵아 스티커 1장",88.0,ml
A000000224369,25 mL / 0.84 fl. oz.,25.0,ml
A000000209123,28g(1매),28.0,g
A000000234083,30g =1매,30.0,g
A000000244703,23g(1매),23.0,g
A000000222819,25ml,25.0,ml
A000000214720,28ml (1매),28.0,ml
A000000254709,30g / 1.05oz.,30.0,g
A000000236600,28g/1매,28.0,g
A000000141920,25g,25.0,g
A000000236610,3+1기획 : 23G x 4EA,92.0,g
A000000145553,27 g / 0.95 oz.,27.0,g
A000000254664,[상]20ml / 0.67fl. oz. [하] 28ml / 0.94 fl. oz.,20.0,ml
A000000216504,23ml,23.0,ml
A000000250264,"앰플 마스크 4 g / 0.14 oz, 페이스 필름 22 g / 0.77 oz.",4.0,g
A000000202589,4매입,4.0,매
A000000209890,1매 (27ml),1.0,매
A000000231360,37g- 1매입,37.0,g
A000000236605,43g,43.0,g
A000000240164,5매/25ML*5,5.0,매
A000000192778,27ml,27.0,ml
A000000213575,37g,37.0,g
A000000140606,30ml,30.0,ml
A000000141867,30ml,30.0,ml
A000000218907,27ml / 1매,27.0,ml
A000000171718,27ml X 1ea,27.0,ml
A000000229197,1매 44g,1.0,매
A000000249579,19g / 0.67.oz,19.0,g
A000000231896,21ml,21.0,ml
A000000221697,30g 1매,30.0,g
A000000234229,43g,43.0,g
A000000258319,"1매, 25g",1.0,매
A000000242501,34g (1.19 oz),34.0,g
A000000240476,30g,30.0,g
A000000245633,30gX4ea,120.0,g
A000000223693,20ml,20.0,ml
A000000149902,28ml,28.0,ml
A000000149903,48ml,48.0,ml
A000000226143,"22g, 1매",22.0,g
A000000149101,1매(23ml),1.0,매
A000000106577,1매입 : 28g / 5매입 : 140g,1.0,매
A000000165302,25ml,25.0,ml
A000000192502,30ml,30.0,ml
A000000239657,단품-27g/ 기획-27g*6ea,27.0,g
A000000139810,21ml,21.0,ml
A000000216512,23ml,23.0,ml
A000000139830,33ml,33.0,ml
A000000139831,33ml,33.0,ml
A000000149106,1매(23ml),1.0,매
A000000166501,23 ml,23.0,ml
A000000192776,27ml,27.0,ml
A000000119642,23ml*10매,230.0,ml
A000000119644,■ 23ml*10매,230.0,ml
A000000122757,30ml*10ea,300.0,ml
A000000128585,16g,16.0,g
A000000130887,25ML,25.0,ml
A000000130889,5매입/각 25ml,5.0,매
A000000132048,360g*2개 / 30 매입 *2개,720.0,g
A000000135426,35g,35.0,g
A000000139796,1 STEP : 11.7ml / 2 STEP : 25ml,11.7,ml
A000000139799,20ml,20.0,ml
A000000139829,33ml,33.0,ml
A000000139832,23ml,23.0,ml
A000000139835,33ml,33.0,ml
A000000143949,33ml,33.0,ml
A000000144152,30g,30.0,g
A000000145282,27ml,27.0,ml
A000000145283,27ml*5ea,135.0,ml
A000000145552,27 g / 0.95 oz. × 10매,27.0,g
A000000145635,33ml*10ea,330.0,ml
A000000145640,33ml*10ea,330.0,ml
A000000145641,33ml*10ea,330.0,ml
A000000145643,33ML*10EA,330.0,ml
A000000145898,33ml(4+1),33.0,ml
A000000145901,23ml(4+1),23.0,ml
A000000146832,23ml,23.0,ml
A000000148072,25ml*10P,250.0,ml
A000000148644,25 mL / 0.84 fl. oz.,25.0,ml
A000000149108,1매(23ml),1.0,매
A000000149110,1매(23ml),1.0,매
A000000149111,1매(23ml),1.0,매
A000000149113,1매(23ml),1.0,매
A000000149179,22ml,22.0,ml
A000000150208,26 mL / 0.87 fl. oz.,26.0,ml
A000000151587,15매,15.0,매
A000000151588,15매,15.0,매
A000000151589,15매,15.0,매
A000000151590,15매,15.0,매
A000000152161,1 STEP : 1.7ml / 2 STEP : 25ml / 3 STEP : 2ml,1.7,ml
A000000153142,15매 (345ml),15.0,매
A000000153146,15매 (345ml),15.0,매
A000000153322,본품 1매 13g,1.0,매
A000000153544,본품 15g *5ea,75.0,g
A000000154339,30ml,30.0,ml
A000000154568,30ml,30.0,ml
A000000154569,30ml*10,300.0,ml
A000000154571,30ml*10,300.0,ml
A000000154753,30ml*5ea,150.0,ml
A000000159122,22ml*10매입,220.0,ml
A000000160144,26 mL,26.0,ml
A000000162261,[본품]25ml*5ea,125.0,ml
A000000162630,180g,180.0,g
A000000164216,20g * 4ea,80.0,g
A000000166218,14g / 1BOX=7매입,14.0,g
A000000167310,1제: 1.5ml + 2제: 30ml,1.5,ml
A000000167873,1매/23ml,1.0,매
A000000168692,1매,1.0,매
A000000168693,25g,25.0,g
A000000169247,30g,30.0,g
A000000169512,27ml X 5 ea,135.0,ml
A000000170555,25ml X 10매입,250.0,ml
A000000173452,1제: 2ml + 2제: 25ml,2.0,ml
A000000173947,23ml*10 ea,230.0,ml
A000000173966,25 ml / 0.84 fl. Oz,25.0,ml
A000000174612,1ea,1.0,개
A000000174615,10ea,10.0,개
A000000175207,23ml X 5매입,115.0,ml
A000000177653,22g,22.0,g
A000000178751,27ml,27.0,ml
A000000181032,25g * 10매입,250.0,g
A000000185278,25 g x10 ea,250.0,g
A000000185283,23G*10ea,230.0,g
A000000186177,18g * 10매,180.0,g
A000000188372,40ml,40.0,ml
A000000188373,40ml,40.0,ml
A000000188375,40ml,40.0,ml
A000000188551,20g * 1ea,20.0,g
A000000188832,25ml*10장,250.0,ml
A000000189091,25ml,25.0,ml
A000000189094,25ml * 10ea,250.0,ml
A000000189097,"블루밍 에센스 1.5ml, 제이준 인텐시브 샤이닝 마스크 25ml, 하이드로 아이 크림 1.5ml (3STEP)",1.5,ml
A000000189100,"히알루로닉애씨드 에센스 1.5ml, 플랜트 스템셀 마스크 25ml (2STEP)",1.5,ml
A000000189101,"히알루로닉애씨드 에센스 1.5ml, 플랜트 스템셀 마스크 25ml (2STEP) * 10ea",1.5,ml
A000000189710,[본품] 4매 [증정] 1매,4.0,매
A000000189872,1매/ 25g,1.0,매
A000000190390,20g * 5매,100.0,g
A000000190391,20g * 5매,100.0,g
A000000190393,20g/1매,20.0,g
A000000190394,20g/1매,20.0,g
A000000190746,350g / 30 Sheets,350.0,g
A000000191150,10매,10.0,매
A000000191410,본품 1매,1.0,매
A000000192295,45g,45.0,g
A000000192500,30ml,30.0,ml
A000000192503,30ml X 4매,120.0,ml
A000000195479,36g,36.0,g
A000000197841,115ml(23ml * 5매),115.0,ml
A000000199084,27ml X 10매,270.0,ml
A000000199386,34g / 1.19oz,34.0,g
A000000200536,"01. 인리칭 마스크 25ml(2ea), 02. 부스팅 에센스 3ml(2ea), 03. 임파워링 마스크 2",25.0,ml
A000000202272,1매당 30ml,1.0,매
A000000202906,34g,34.0,g
A000000203658,23g X 5EA,115.0,g
A000000203661,23g X 5EA,115.0,g
A000000204166,27ml X 10매,270.0,ml
A000000204625,5매,5.0,매
A000000205223,35g (4개입),35.0,g
A000000206208,25ml (5ea),25.0,ml
A000000206209,25ml,25.0,ml
A000000206325,42g,42.0,g
A000000206833,18,,
A000000206834,18g*5ea,90.0,g
A000000207030,25ml,25.0,ml
A000000207034,[5매]16g X 5EA,5.0,매
A000000208566,27ml,27.0,ml
A000000208567,27ml X 10EA,270.0,ml
A000000209157,앰플 2 ml + 겔 마스크 29 g,2.0,ml
A000000209159,앰플 2ml + 겔 마스크 29g X 4EA,2.0,ml
A000000209231,20g,20.0,g
A000000209233,20g x 10ea,200.0,g
A000000209844,본품 4매+증정 1매,4.0,매
A000000210168,25g,25.0,g
A000000210169,1box (25g*4ea),100.0,g
A000000211149,34g,34.0,g
A000000211151,34gx4ea,136.0,g
A000000211365,25g * 4매입(+증정 1매),100.0,g
A000000212351,35g X 4EA,140.0,g
A000000212513,1매 / 25g,1.0,매
A000000213091,33g,33.0,g
A000000213505,26 g / NET WT. 0.91 OZ. X 5EA,26.0,g
A000000213506,30 g / NET WT. 1.05 OZ. X 5EA,30.0,g
A000000213509,25 g / NET WT. 0388 OZ. X 5EA,25.0,g
A000000213570,37g*5매,185.0,g
A000000213721,34g / 1.19 oz,34.0,g
A000000214186,27ml / 0.91 fl. oz. * 6ea,27.0,ml
A000000214196,27ml / 0.91 fl. oz.,27.0,ml
A000000214319,25 g / NET WT. 0.88 OZ. X 5ea,25.0,g
A000000214895,35g X 10EA,350.0,g
A000000215340,37g*10매,370.0,g
A000000216318,33g * 4ea,132.0,g
A000000216353,23 g,23.0,g
A000000216354,23 g X 10 EA,230.0,g
A000000216363,4매,4.0,매
A000000216503,23ml,23.0,ml
A000000216505,23ml,23.0,ml
A000000216506,23ml,23.0,ml
A000000216960,1매 기준 0.1g,1.0,매
A000000218909,27ml X 5ea,135.0,ml
A000000219427,1매 (24ml)*10EA,1.0,매
A000000219852,37g,37.0,g
A000000219854,37g*5매,185.0,g
A000000219856,37g*10매,370.0,g
A000000221951,30g,30.0,g
A000000222676,25g*10매,250.0,g
A000000224546,37g x 5EA,185.0,g
A000000224864,1매,1.0,매
A000000225052,[본품] 글루타치온 브라이트닝 앰플 마스크 38g x 4 [증정] 히알 멀티-리포좀 모이스처 앰플 2g x 2,152.0,g
A000000225376,35g,35.0,g
A000000225569,34 g (1.19 oz.) x 3 ea,34.0,g
A000000226806,10매,10.0,매
A000000226861,5매,5.0,매
A000000227179,28g*4매,112.0,g
A000000227184,35g*4매,140.0,g
A000000227194,28g*4매,112.0,g
A000000227196,28g*4매,112.0,g
A000000227253,35g * 4EA,140.0,g
A000000227267,10g,10.0,g
A000000227268,10gx4ea,40.0,g
A000000228221,37g,37.0,g
A000000228270,25ml,25.0,ml
A000000228458,(1제: 1.5ml + 2제: 30ml) * 5매입,1.5,ml
A000000228799,44g*4ea,176.0,g
A000000229313,4매,4.0,매
A000000229314,4매,4.0,매
A000000229315,4매,4.0,매
A000000229316,4매,4.0,매
A000000229635,4매,4.0,매
A000000230448,2매,2.0,매
A000000230843,1매입,1.0,매
A000000230846,4매입,4.0,매
A000000231077,6매,6.0,매
A000000231906,30g * 4EA,120.0,g
A000000232415,1매,1.0,매
A000000232416,10매,10.0,매
A000000232421,장당 38g,38.0,g
A000000232422,38g*5매,190.0,g
A000000232430,27g,27.0,g
A000000232701,140g,140.0,g
A000000232702,1매,1.0,매
A000000232705,35g,35.0,g
A000000232926,[머그트리] 21ml * 6ea / [무화버터] 26ml * 6ea,126.0,ml
A000000232929,[머그트리] 21ml / [무화버터] 26ml,21.0,ml
A000000233221,34 g (1.19 oz.) x 1 ea,34.0,g
A000000235583,4ea/42g,4.0,개
A000000236844,22ml / 0.74 fl.oz. X 5ea,22.0,ml
A000000237421,24 g × 5ea,120.0,g
A000000238323,23ml / 4매입,23.0,ml
A000000238404,1매,1.0,매
A000000240460,25g*5pcs/178 g,125.0,g
A000000240768,25 ml / 0.84 fl.oz.,25.0,ml
A000000241052,34g * 1ea,34.0,g
A000000241056,34g * 4ea,136.0,g
A000000241166,30g*1ea/30g*4ea,30.0,g
A000000242532,1.19 oz (34g),34.0,g
A000000244067,36g/1.27oz X 4ea,36.0,g
A000000244160,3매,3.0,매
A000000244165,"니들리 레티핏 콜라겐 겔 마스크: 36g/1.27oz, 니들리 히아라이트 카밍 마스크: 25g / 0.88oz",36.0,g
A000000244323,18ml,18.0,ml
A000000244349,1매입/5매입,1.0,매
A000000244375,"1매당 상층 15,g / 하층 30g / 엠플시트 5g *6SET",1.0,매
A000000244376,16g*5ea,80.0,g
A000000244582,0.88 oz.*4ea,4.0,개
A000000244799,33g,33.0,g
A000000244829,"[본품] 아이소이 모이스춰 닥터 마스크 22ml*3개입, [증정품] 마스크1개입 / 망그러진곰 조각스티커",66.0,ml
A000000246263,24 ml * 6매,144.0,ml
A000000246583,35ml / 1.18 fl.oz x 4ea,35.0,ml
A000000246893,34g*1ea/34g*4ea,34.0,g
A000000247716,3+1기획 : 30g x 4EA / 1매 : 30g,120.0,g
A000000248054,4매,4.0,매
A000000248103,3매/36g*3,3.0,매
A000000248115,1매/36g*1,1.0,매
A000000248751,4매,4.0,매
A000000249143,1매 (딥토닝 글루타치온 33g/시카콜라겐 31g),1.0,매
A000000249149,4매 (시카콜라겐 31g*4매/딥토닝 글루타치온 33g*4매),4.0,매
A000000250230,12g*4매,48.0,g
A000000250613,35g / 1.23 oz. *5ea,35.0,g
A000000252011,[본품] 아이소이 인텐시브 리프팅 겔 마스크 29g,29.0,g
A000000252016,[본품] 아이소이 브라이트닝 겔 마스크 29g,29.0,g
A000000253568,43g,43.0,g
A000000254070,35g * 4매입,140.0,g
A000000254079,28g,28.0,g
A000000254080,28g(5입),28.0,g
A000000254395,43g,43.0,g
A000000254396,43g,43.0,g
A000000254710,26g X,26.0,g
A000000256618,1매: 32 g / 1.12 oz / 5매: 32 g / 1.12 oz. × 5ea,1.0,매
A000000256619,32 g / 1.12 oz. × 5ea,32.0,g
A000000256760,36g/1.26oz.,36.0,g
A000000256761,36g/1.26 oz,36.0,g
A000000258542,1매: 32 g / 1.12 oz / 5매: 32 g / 1.12 oz. × 5ea,1.0,매
A000000259957,10 sheets (NET WT. 25g / 0.88 oz.),25.0,g
A000000260534,35ml,35.0,ml
A000000260970,4매입 28g*4ea,4.0,매
A000000261631,step1 : 1.5ml / step2 : 38g,1.5,ml
A000000262139,"■티트리/알로에 21g, ■슈퍼레몬 23g,",21.0,g
A000000255842,27ml * 10매입,270.0,ml
A000000227019,20매 (1매/30ml),20.0,매
A000000013134,■ 25g,25.0,g
A000000114090,상층 - 15g / 하층 - 30g / 앰플시트 - 5g X 5,15.0,g
A000000123128,565g,565.0,g
A000000125501,23g*8매,184.0,g
A000000128054,30 ml,30.0,ml
A000000128586,16g,16.0,g
A000000132035,25g*10매,250.0,g
A000000140306,27ml,27.0,ml
A000000141148,1 STEP : 1.7ml / 2 STEP : 25ml / 3 STEP : 2ml,1.7,ml
A000000145634,33ml,33.0,ml
A000000145637,33ML,33.0,ml
A000000148073,25ml*10P,250.0,ml
A000000148074,25ml*10P,250.0,ml
A000000149114,1매(23ml),1.0,매
A000000150937,25ml,25.0,ml
A000000153144,15매 (345ml),15.0,매
A000000160365,35g,35.0,g
A000000161099,[본품]25ml,25.0,ml
A000000161553,28ml,28.0,ml
A000000162311,24ml(g),24.0,ml
A000000162313,24ml(g)*10매,24.0,ml
A000000162626,228g,228.0,g
A000000162655,27g,27.0,g
A000000162656,30g,30.0,g
A000000170194,30mL,30.0,ml
A000000173741,30g,30.0,g
A000000174042,7매 / 27ml,7.0,매
A000000178598,1매 (28g),1.0,매
A000000181379,5매,5.0,매
A000000182623,25ML*10EA,250.0,ml
A000000188491,328g,328.0,g
A000000188494,38g,38.0,g
A000000190604,25ml * 5ea,125.0,ml
A000000190606,25ml * 10ea,250.0,ml
A000000191580,25ml,25.0,ml
A000000192010,30g (1.06oz) 5매입,30.0,g
A000000199099,27ml X 10매,270.0,ml
A000000199226,23 mL,23.0,ml
A000000199227,23 mL,23.0,ml
A000000200551,"01. 인리칭 마스크 25ml(2ea), 02. 부스팅 에센스 3ml(2ea), 03. 임파워링 마스크 2ea",25.0,ml
A000000201692,1매 (36g),1.0,매
A000000205023,25g / 0.88oz X 10매,25.0,g
A000000206856,1매입,1.0,매
A000000206860,1매,1.0,매
A000000206864,1매,1.0,매
A000000207033,16g,16.0,g
A000000208202,30g / 1.06 oz.,30.0,g
A000000208424,10매,10.0,매
A000000213090,33g,33.0,g
A000000217011,1매 (24ml),1.0,매
A000000224510,[본품] 30g * 5ea [증정] 30g * 1ea,150.0,g
A000000228537,1제: 1.5ml + 2제: 30ml,1.5,ml
A000000229468,10.5g(1매)*5,10.5,g
A000000229634,1매/38g,1.0,매
A000000231024,"어린녹차: 1매 / 20g, 뽀얀쌀: 1매 / 23g",1.0,매
A000000234266,10매,10.0,매
A000000235424,1매입/15g,1.0,매
A000000235427,4매입/60g,4.0,매
A000000235582,42g,42.0,g
A000000239139,27 ml / 0.91 fl.oz.,27.0,ml
A000000239688,5매 + 2매 (1회분 / 31g),5.0,매
A000000242070,1매 23g / 5매 23g*5매,1.0,매
A000000242078,25g / 0.88 oz.,25.0,g
A000000242079,25g / 0.88 oz.X 7ea,25.0,g
A000000244218,7,,
A000000246282,43g,43.0,g
A000000249348,"34g, 1.19 oz. X 8ea",34.0,g
A000000254504,10매,10.0,매
A000000254666,25ml (1매입),25.0,ml
A000000255073,[본품] 23ml x 4ea [증정] 23ml x 1ea,92.0,ml
A000000180455,10매,10.0,매
A000000202899,스텝1 3ml*4ea / 스텝2 2ea / 스텝3 3ml*4ea,12.0,ml
A000000171820,"step 1&2 3g*5매입, 압출면봉 10개",15.0,g
A000000242378,"5세트(1제/2제 각5매), 면봉10EA",5.0,매
A000000255998,4매 / 10매,4.0,매
A000000118086,16매,16.0,매
A000000258972,STEP 1 : 3g (0.10 oz.) x 10매 / STPE 2 : 4g (0.14 oz.) x 10매 / 압출면봉(증정용) 20개,3.0,g
A000000191649,[1제] 4ml x 5EA / [2제] 4ml x 5EA / 면봉10EA,20.0,ml
A000000017109,■ 0.2g * 10EA,2.0,g
A000000139549,[01(1단계) - 3g 02(2단계) - 0.2g 03(3단계) - 3g] X 4EA,3.0,g
A000000207439,■ 3EA (1 STEP 3g / 2 STEP 3g) + 듀얼압출면봉 6EA ■ 5EA (1 STEP 5g / 2 STEP 5g) + 듀얼압출면봉 10EA,3.0,개
A000000128548,[01(1단계) - 3g 02(2단계) - 0.2g 03(3단계) - 3g] X 3EA,3.0,g
A000000226627,4매 / 10매,4.0,매
A000000204483,4매,4.0,매
A000000155110,STEP1:4g STEP2:2.4g STEP3: 4gX 2회분,4.0,g
A000000116191,40ml,40.0,ml
A000000152536,멜팅시트3gX5ea/진정시트3gX5ea/압출면봉X10ea,15.0,g
A000000174278,2g*5매,10.0,g
A000000251117,4 ml x 5 매입,20.0,ml
A000000170886,STEP1 4ml STEP2 0.8g STEP3 3ml x 3EA,4.0,ml
A000000262129,10매,10.0,매
A000000015144,8매,8.0,매
A000000115183,■ 3세트(1제/2제 각3매),3.0,매
A000000156009,1단 3g / 2단 0.2g / 3단 3g x 10EA,3.0,g
A000000168739,4 g * 5 ea,20.0,g
A000000171821,3.5ml*10매입,35.0,ml
A000000259740,5 Patches (14 g ㅣ 0.49 oz.),14.0,g
A000000200883,28g,28.0,g
A000000205661,스텝1 3ml X 6EA,18.0,ml
A000000205840,1제(3.5 ml)+2제(3.5 ml)*5매입 + 압출면봉10ea,3.5,ml
A000000235428,4매/17.1g,4.0,매
A000000238539,15ml (7 PATCHS),15.0,ml
A000000255168,[본품] (1제) 씨앤피 블랙헤드 클리어 마스크 2.5ML*10EA + (2제) 씨앤피 포어 타이트닝 마스크 3ML*10EA + 면봉 20EA,25.0,ml
A000000171427,100+100매,100.0,매
A000000258881,100매 / 300 ml,100.0,매
A000000255585,60매+60매+6매(2매*3),60.0,매
A000000255682,70매 x 2ea,70.0,매
A000000173588,다이브인 : 패드 80매+<증정>10매 / 밸런스풀 : 패드 60매 + (증정) 10매,80.0,매
A000000205435,70매 * 2ea / 6.08 fl.oz. (180ml) * 2ea,70.0,매
A000000171426,100매,100.0,매
A000000182630,70매 본품+70매 리필팩,70.0,매
A000000236767,"본품 220ML / 증정품 리필 220ML, 7ML 2개입 3매",220.0,ml
A000000114166,260g(90매),260.0,g
A000000243162,[어성초 패드] 70매(본품) + 70매(리필) / [PDRN 패드] 60매(본품) + 60매(리필) / [카테킨 패드] 110매(본품) + 110매(리필),70.0,매
A000000177758,190ml(70매) 본품+10매 증정(2매x5개입),190.0,ml
A000000254249,80매*2ea,80.0,매
A000000239969,100매입,100.0,매
A000000223603,70장+70장,,
A000000205870,55매/180g,55.0,매
A000000229788,70+70매,70.0,매
A000000215305,60매 (140g) * 4매 증정,60.0,매
A000000161681,70매 / 155g / 5.46OZ.,70.0,매
A000000259474,60매+60매 (170mL+170mL),60.0,매
A000000255579,100매+30매(10매*3),100.0,매
A000000228902,60매 +60매 리필,60.0,매
A000000185115,■ 90매 / 90+90매 리필,90.0,매
A000000240549,170ml (60매),170.0,ml
A000000255685,[본품] 70매 [증정] 패드 5g 2매x5EA,70.0,매
A000000205830,60매 (190ml),60.0,매
A000000255375,70매 본품+70매 리필팩,70.0,매
A000000252000,100매 / 300 ml,100.0,매
A000000183736,60매 / 170ml,60.0,매
A000000219555,70매 + 70매,70.0,매
A000000240555,175ml (80매),175.0,ml
A000000218547,110ml,110.0,ml
A000000219564,70매+70매,70.0,매
A000000255059,[본품] 빌리프 아쿠아 밤 프로즌 프렙 패드 60매 [증정] 빌리프 아쿠아 밤 프로즌 프렙 패드 30매 리필,60.0,매
A000000162037,70매+원데이키트1ea(캡슐15mg+솔루션1ml),70.0,매
A000000227936,60매+10매,60.0,매
A000000225053,310g (80매)+ 80g(20매),310.0,g
A000000114731,55매/180g,55.0,매
A000000236862,80매(180 mL / 6.08 fl. oz.),80.0,매
A000000212817,80 sheets / 160 ml / 5.41 fl. oz.,160.0,ml
A000000202305,100매/ 380g,100.0,매
A000000248205,70매,70.0,매
A000000167392,70매/130ml,70.0,매
A000000203518,본품 : 160ml / 60매 / 리필 : 160ml / 60매,160.0,ml
A000000250772,70매,70.0,매
A000000214190,70매 본품 + 70매 리필팩,70.0,매
A000000167203,70매 / 6.08 fl.oz. (180ml),70.0,매
A000000166709,250g(60매)+10매,250.0,g
A000000233723,4매/80매,4.0,매
A000000253521,100매 // 100+100매+마스크3장,100.0,매
A000000235348,60매 + 10매,60.0,매
A000000223604,70장+70장,,
A000000259885,[바하패드 60+10] [본품] 60매(125ml)+[본품] 10매(22ml) / [시카패드 60+20] [본품] 60매(170ml)+[증정] 20매(10매입(30ml)*2ea)) / [시카패드 60+60] [본품] 60매(170ml)+[리필] 60매(170ml),60.0,매
A000000187310,60매+10매,60.0,매
A000000169906,60매입 + 리필 20매 추가증정,60.0,매
A000000224995,220ML,220.0,ml
A000000202534,[본품] 70매 [증정] 10매,70.0,매
A000000224490,80매,80.0,매
A000000206889,[당근패드/감자패드] 60매+30매 / [복숭아패드] 70매+30매,60.0,매
A000000218937,50매,50.0,매
A000000258614,60매 / 2.99 oz. (85 g),60.0,매
A000000233459,140ml (70매입),140.0,ml
A000000243079,본품 220mL / 증정 앰플 2mL * 6ea,220.0,ml
A000000200396,250g (60매),250.0,g
A000000153407,"60매, 110g",60.0,매
A000000236291,60매 (190 ml / 6.42 fl. oz.),60.0,매
A000000157639,70매 + 10매,70.0,매
A000000253631,250g / 8.82oz. / 50 sheets,250.0,g
A000000240786,[본품] 40매(100ml)+[본품] 10매(23ml) / [본품] 80매(175ml)+[본품] 10매(23ml)X2EA,40.0,매
A000000206151,60매+10매,60.0,매
A000000206624,130ml / 60+10매,130.0,ml
A000000155077,90매+12매 증정,90.0,매
A000000230143,60매 +10매,60.0,매
A000000188750,70매/160g,70.0,매
A000000165544,50매,50.0,매
A000000191799,165ml/60매입,165.0,ml
A000000203759,245g 70매,245.0,g
A000000204741,본품 60매 (180ml) + 증정 2매 (7ml) X 5매입,60.0,매
A000000200373,70매+40매,70.0,매
A000000186925,60매,60.0,매
A000000110262,스트라이덱스 센시티브 패드 90매 2개입기획팩 (270g x 2),90.0,매
A000000213955,45매 (3매입*15개) / 3매입 총 8g*15개,45.0,매
A000000218012,70장+10장,,
A000000229334,총 80매(70매+10매),80.0,매
A000000209153,171g,171.0,g
A000000175188,255ml,255.0,ml
A000000227480,"슈야토야 에디션 : 40PADS (180ml) / 기획 : 40PADS (180ml), 증정 : 2PADS X 5EA",180.0,ml
A000000172635,60매,60.0,매
A000000203263,80매 140ml x 2,80.0,매
A000000172634,60매,60.0,매
A000000254199,45ea(157.5g),45.0,개
A000000219408,"모공패드 - 60매, 180g / 흔적패드 - 80매, 190g",60.0,매
A000000161669,70매 / 155g / 5.46OZ.,70.0,매
A000000175428,150 g ㅣ 70매,150.0,g
A000000188794,[본품]60매(250ml)+[증정]20매(80ml),60.0,매
A000000253647,210g(100매),210.0,g
A000000230574,60매/110g,60.0,매
A000000170181,160ml / 60매,160.0,ml
A000000230534,70매 / 175ml / 5.91 fl.oz.,70.0,매
A000000229519,170ml,170.0,ml
A000000209289,"네오젠 더마로지 파하 거즈 필링(와인, 그린티, 레몬) : 190ml / 30매",190.0,ml
A000000107759,60pads,,
A000000141735,150ml/90매,150.0,ml
A000000208005,10매,10.0,매
A000000205183,2Pads x 10 / 각 7ML,7.0,ml
A000000110642,80매 (165ml),80.0,매
A000000117241,스트라이덱스 센시티브 패드 90매 트리플기획(90매3개입),90.0,매
A000000121558,150ml,150.0,ml
A000000131773,스트라이덱스 센시티브 패드 55매 2개입기획팩 (180g x 2),55.0,매
A000000141727,190ml/30매,190.0,ml
A000000141729,190ml/30매,190.0,ml
A000000141730,190ml/30매,190.0,ml
A000000146230,[본품] 60매 / 5.07 fl.oz. (150ml),60.0,매
A000000147680,70매(150ml),70.0,매
A000000158794,70매(130ml),70.0,매
A000000160795,[본품] 1025 독도 패드 70매 + [증정품] 1025 독도 패드 10매,70.0,매
A000000161656,80매,80.0,매
A000000167143,60매 + 10매 추가 증정(5ml*5EA),60.0,매
A000000167155,90매+90매 리필,90.0,매
A000000169028,170g / 90매 (285g),170.0,g
A000000169031,150ml / 70매 / 5.07 fl.oz,150.0,ml
A000000171827,80매 + 10매,80.0,매
A000000172643,210g/ 90매,210.0,g
A000000175352,70매,70.0,매
A000000176335,[본품] 잇 비건 편백 시카 카밍 패드 50 Pads (250 ml / 8.45 fl. oz.) [리필] 잇 비건 편백 시카 카밍 패드 20 Pads (100 ml / 3.38 fl. oz.),250.0,ml
A000000181380,100매,100.0,매
A000000182711,60매,60.0,매
A000000182816,80매,80.0,매
A000000185135,24ml*10ea,240.0,ml
A000000186812,150ml/70매,150.0,ml
A000000187231,70매/150ml,70.0,매
A000000188922,60매 (160ml),60.0,매
A000000189173,60매,60.0,매
A000000190704,70매 + 70매 리필팩,70.0,매
A000000191303,65매입 (180 g / 6.34 oz. ),65.0,매
A000000192273,70매 / 140ml,70.0,매
A000000192274,60매 / 125ml,60.0,매
A000000199207,60매 +10매,60.0,매
A000000199282,70매,70.0,매
A000000203005,70매,70.0,매
A000000205780,70매 / 330ML,70.0,매
A000000205838,150 ml / 60매,150.0,ml
A000000208004,60매,60.0,매
A000000208060,70 매 / 160 ml / 5.41 fl. oz.,70.0,매
A000000209151,171g,171.0,g
A000000210308,70매/190ml,70.0,매
A000000212732,60매 (185ml),60.0,매
A000000213322,70매*2,70.0,매
A000000214304,50pads / 190ml / 6.42fl.oz.,190.0,ml
A000000214510,70매,70.0,매
A000000215203,50P,,
A000000215315,155ml / 70매,155.0,ml
A000000218011,70장+10장,,
A000000218013,60장+10장,,
A000000219195,[본품]185ml (패드 130매),185.0,ml
A000000221625,30매/80ml,30.0,매
A000000222817,60매 / 170g,60.0,매
A000000222910,70매+70매,70.0,매
A000000223605,60장+60장,,
A000000224648,60매,60.0,매
A000000224659,220g(70매),220.0,g
A000000225023,170ml / 60pad,170.0,ml
A000000225601,70매/180ml,70.0,매
A000000229786,70+10매,10.0,매
A000000231584,260ml(60매),260.0,ml
A000000235352,본품 60매 + 증정 10매입(2매입 X 5),60.0,매
A000000239672,100매,100.0,매
A000000244844,90매 / 180ml (6.08 fl.oz.),90.0,매
A000000244845,90매 / 180ml 6.08 fl. oz. 30매 / 60ml 2.02 fl. oz.,90.0,매
A000000245944,160ml / 60매,160.0,ml
A000000246667,250mL (60매입),250.0,ml
A000000248397,"[어성초 패드] 70매/205mL(본품) + 10매/30mL(파우치), [PDRN 패드] 60매/180mL, [카테킨 패드] 110매/185mL, [TXA 패드] 60매/210mL",70.0,매
A000000251995,100매 / 300 ml,100.0,매
A000000253398,48ml (20매),48.0,ml
A000000219557,70매,70.0,매
A000000228412,60매,60.0,매
A000000117108,80매 (165ml) * 2,80.0,매
A000000141930,100g(70매),100.0,g
A000000149229,20팩(40매),40.0,매
A000000150012,40팩(80매),80.0,매
A000000150019,70매 / 150ml,70.0,매
A000000156400,60매 (140ml / 4.73fl. oz.),60.0,매
A000000160785,180ml / 70매,180.0,ml
A000000163086,80매,80.0,매
A000000170195,80매 / 150ml,80.0,매
A000000172637,220g/ 80매,220.0,g
A000000172713,60매 (125ml),60.0,매
A000000174039,10매 / 8ml(g),10.0,매
A000000176334,[본품] 잇 비건 탠지 워터리 패드 50 Pads (290 ml / 9.81 fl. oz.),290.0,ml
A000000180832,145ml / 60매,145.0,ml
A000000180954,"""[본품] 잇츠스킨 파워 10 포뮬라 엘아이 젤리패드 감초줄렌 70매 [증정] 잇츠스킨 파워 10 포뮬라 엘아이 젤리패드 감초줄렌 2매 x 5매입""",70.0,매
A000000181381,70매,70.0,매
A000000182870,70매,70.0,매
A000000188762,70매 / 230ml - 7.77 fl.oz.,70.0,매
A000000190448,100매(200g) *2,100.0,매
A000000191038,16ml / 3매*10ea,16.0,ml
A000000191893,140ml / 60매입,140.0,ml
A000000201208,[본품] 잇츠스킨 파워 10 포뮬라 엘아이 젤리패드 감초줄렌 70EA (120mL / Net 4.05 fl. Oz.) + [구성품] 잇츠스킨 파워 10 포뮬라 엘아이 젤리패드 감초줄렌70EA 리필 파우치 (120mL / Net 4.05 fl. Oz.),70.0,개
A000000208089,90매 / 200ml (6.76 fl. oz.),90.0,매
A000000211029,150ml / 100매,150.0,ml
A000000211170,60매+20매,60.0,매
A000000213115,70pads / 180ml,180.0,ml
A000000213266,60매(140ml),60.0,매
A000000214305,70pads / 150ml / 5.07fl.oz.,150.0,ml
A000000214306,50Pads / 200ml / 6.76 fl.oz,200.0,ml
A000000215314,220ml / 60매.,220.0,ml
A000000215412,60매/190 mL,60.0,매
A000000217867,70매 / 120ml,70.0,매
A000000218991,70매 / 160ml (5.41 fl. oz.),70.0,매
A000000224712,60매,60.0,매
A000000231668,70매 (180ml) + 아이스 쿨러 1ea,70.0,매
A000000233195,본품: 60매 / 4.93 oz. (140 g) 증정: 10매입 / 1.05 oz. (30 g),60.0,매
A000000247819,140g,140.0,g
A000000258670,[본품] 80ml / [증정] 리필팩 80ml,80.0,ml
A000000234422,95ml,95.0,ml
A000000202947,90g(+7g 증정),90.0,g
A000000198780,본품 120g / 증정 20g,120.0,g
A000000260528,200ML,200.0,ml
A000000200805,본품 80ml + 증정 패드 20매,80.0,ml
A000000010497,■ 28g,28.0,g
A000000202914,파우더 : 28g / 앰플 : 2ml,28.0,g
A000000240243,앰플 : 4g/0.14oz. 마스크 : 36g/1.26oz.,4.0,g
A000000235842,80ml,80.0,ml
A000000198875,■ 본품 100g X 2EA + 클레이 팩 전용 스패출러/ ■ 100G,200.0,g
A000000246270,PDRN 워터 세럼 90g / 콜라겐 발포정 0.4g,90.0,g
A000000147080,1kg,1.0,kg
A000000183747,본품 70ml +증정 70ml,70.0,ml
A000000212247,100ml,100.0,ml
A000000230459,50ml,50.0,ml
A000000219193,75ml,75.0,ml
A000000257072,90ml / 3.04 fl. oz.,90.0,ml
A000000230467,120g,120.0,g
A000000189093,210g,210.0,g
A000000204558,[다이브인 모델링팩] 25 g / 0.88 oz [시카 모델링팩] 30 g / 1.05 oz.,25.0,g
A000000224413,70ML,70.0,ml
A000000170326,100ml,100.0,ml
A000000226266,70ml (+30ml 증정),70.0,ml
A000000254466,95ml / 3.21 fl. oz.,95.0,ml
A000000189866,75ml,75.0,ml
A000000202388,100ml (+15ml 증정 + 패드4매),100.0,ml
A000000158243,■ 각 8g,8.0,g
A000000167662,120g,120.0,g
A000000252979,80g,80.0,g
A000000188402,110 (ml),,
A000000202572,100ml (+15ml 증정 + 패드4매),100.0,ml
A000000202424,100g,100.0,g
A000000213094,150ml,150.0,ml
A000000219235,50g x 4입,200.0,g
A000000261859,100ml,100.0,ml
A000000222758,70g,70.0,g
A000000161800,110ml,110.0,ml
A000000222747,80ml,80.0,ml
A000000160542,120g,120.0,g
A000000254708,0.96g / 0.03 oz. x 4ea,0.96,g
A000000232858,125ml,125.0,ml
A000000198876,90g,90.0,g
A000000205004,90g,90.0,g
A000000211186,80ml+24ml(12mlx2매),80.0,ml
A000000238198,[기획세트] 본품 90g + 듀얼모공브러쉬 1개,90.0,g
A000000139075,100ml,100.0,ml
A000000250258,1ea/15ml,1.0,개
A000000225056,150g (+1/3 세이빙 코튼 패드 40매),150.0,g
A000000229708,80ml,80.0,ml
A000000173540,150ml+70ml,150.0,ml
A000000164419,75ml,75.0,ml
A000000235430,80ml,80.0,ml
A000000226513,30ml,30.0,ml
A000000215978,60g.,60.0,g
A000000245901,90g,90.0,g
A000000228056,70ml (+30ml 증정),70.0,ml
A000000219324,75ml,75.0,ml
A000000193133,28g,28.0,g
A000000230392,200g,200.0,g
A000000257192,85ml,85.0,ml
A000000210926,80ml,80.0,ml
A000000226573,[본품] 70ml [증정] 듀얼 팩 브러쉬,70.0,ml
A000000226686,120ml,120.0,ml
A000000209928,■ 100mL+스파츌라 1ea,100.0,ml
A000000186144,100ml,100.0,ml
A000000104812,120ml,120.0,ml
A000000147125,1kg,1.0,kg
A000000230801,90g,90.0,g
A000000229630,120g*2EA,240.0,g
A000000226805,140g,140.0,g
A000000222760,70g,70.0,g
A000000015118,■ 오리지널 스웨덴 에그팩 라놀린&로즈워터 싱글 50g*1,50.0,g
A000000175190,100ml,100.0,ml
A000000147122,500ml,500.0,ml
A000000103258,65g / 6.5g,65.0,g
A000000206428,30g,30.0,g
A000000230656,28g,28.0,g
A000000235785,3.5ml,3.5,ml
A000000015119,■ 뉴 스웨덴 에그팩 모이스춰 요거트&에델바이스 싱글 50g*1,50.0,g
A000000015120,■ 뉴 스웨덴 에그팩 모이스춰 요거트&에델바이스 듀오 50g*2,100.0,g
A000000104777,60ml,60.0,ml
A000000110704,40ml,40.0,ml
A000000111913,120g,120.0,g
A000000113988,100ml,100.0,ml
A000000115195,150ml,150.0,ml
A000000115197,150ml,150.0,ml
A000000140821,4ml*20ea,80.0,ml
A000000140824,4ml*20ea,80.0,ml
A000000147077,500ml,500.0,ml
A000000147121,500ml,500.0,ml
A000000147124,1kg,1.0,kg
A000000147126,330g,330.0,g
A000000152139,80ml,80.0,ml
A000000152153,28g,28.0,g
A000000154515,1kg,1.0,kg
A000000161352,120g,120.0,g
A000000170215,120g,120.0,g
A000000172636,110ml + 110ml,110.0,ml
A000000175291,210g,210.0,g
A000000180099,75ml,75.0,ml
A000000181265,120g,120.0,g
A000000185342,본품 100ml+패드 10매 추가증정,100.0,ml
A000000185893,80ml,80.0,ml
A000000188609,140ml,140.0,ml
A000000191946,150g / 5.29oz,150.0,g
A000000191947,150g / 5.29oz,150.0,g
A000000200577,28g,28.0,g
A000000201134,90g,90.0,g
A000000201324,70ml+70ml,70.0,ml
A000000201981,500g,500.0,g
A000000201982,28g,28.0,g
A000000205293,75ml,75.0,ml
A000000205338,28g,28.0,g
A000000205709,30g(1.05 oz) - 5EA,30.0,g
A000000207698,120ml,120.0,ml
A000000207699,120ml,120.0,ml
A000000207872,[Step A] 1kg + [Step B] 5gX20ea,1.0,kg
A000000208600,"25 g * 5매,",125.0,g
A000000210076,240g,240.0,g
A000000211217,30ml,30.0,ml
A000000211237,50 g / 1.76 oz.,50.0,g
A000000211601,20g x 7매,140.0,g
A000000214722,50ml,50.0,ml
A000000214742,50ml,50.0,ml
A000000214743,50ml,50.0,ml
A000000214749,50ml,50.0,ml
A000000214750,110ml,110.0,ml
A000000214794,60ml,60.0,ml
A000000215199,45ml,45.0,ml
A000000215367,20gX7개입,140.0,g
A000000215368,20gX7개입,140.0,g
A000000215371,1kg,1.0,kg
A000000215464,75ml,75.0,ml
A000000216227,80ml,80.0,ml
A000000216963,100g,100.0,g
A000000219929,100ml,100.0,ml
A000000221952,80ml,80.0,ml
A000000221953,80ml,80.0,ml
A000000222759,70g,70.0,g
A000000222762,70g,70.0,g
A000000223792,140g(70g x 2개입),140.0,g
A000000223793,140ml(70ml x 2개입),140.0,ml
A000000224347,75ml + 15ml,75.0,ml
A000000225560,80ml,80.0,ml
A000000225771,100mL,100.0,ml
A000000225778,100ml,100.0,ml
A000000225782,100ml,100.0,ml
A000000228387,28g,28.0,g
A000000228388,28g,28.0,g
A000000229160,100ML (+헤어밴드+스파츌라),100.0,ml
A000000229632,120g*2EA,240.0,g
A000000230540,60ml (+소용량 3종),60.0,ml
A000000230567,100g,100.0,g
A000000231242,80ml,80.0,ml
A000000231289,20gX7개입,140.0,g
A000000231977,100ml,100.0,ml
A000000231979,120g,120.0,g
A000000231980,100ml,100.0,ml
A000000231983,100ml,100.0,ml
A000000232669,100ML,100.0,ml
A000000233884,50ml,50.0,ml
A000000234367,찐감자팩 150g,150.0,g
A000000235257,66g,66.0,g
A000000235431,80ml,80.0,ml
A000000235434,80ml,80.0,ml
A000000235435,80ml,80.0,ml
A000000235758,80g,80.0,g
A000000236121,60g,60.0,g
A000000237833,70ml,70.0,ml
A000000238215,80ml,80.0,ml
A000000245906,60g,60.0,g
A000000247905,50ml,50.0,ml
A000000248750,50ml,50.0,ml
A000000248767,90g,90.0,g
A000000248768,90g,90.0,g
A000000255145,STEP 01 Ampoule 4 g / 0.14 oz. x 4ea(4매) STEP 02 Cooling Mask 36 g / 1.26 oz. x 4ea(4매),4.0,g
A000000255811,90g,90.0,g
A000000257820,100ml,100.0,ml
A000000258938,95ml,95.0,ml
A000000258939,95ml,95.0,ml
A000000260410,115ml,115.0,ml
A000000260449,75ml,75.0,ml
A000000230538,70ml (+소용량 3종),70.0,ml
A000000224585,"[본품] 아쿠아 밤 프로즌 모델링 마스크 4회분 [증정] 믹싱볼, 스패츌러",,
A000000014025,■ 28g,28.0,g
A000000015117,■ 오리지널 스웨덴 에그팩 라놀린&로즈워터 싱글 50g*2,100.0,g
A000000113390,100 g,100.0,g
A000000140593,40g,40.0,g
A000000149874,75ml,75.0,ml
A000000149877,75ml,75.0,ml
A000000152154,330g,330.0,g
A000000154514,1kg,1.0,kg
A000000169304,125g,125.0,g
A000000173298,젠틀딥포어클렌저 75ML + 셀룰러워터미스트 30ML,75.0,ml
A000000186480,35g,35.0,g
A000000186482,75g,75.0,g
A000000189105,110 (ml),,
A000000199215,100 mL,100.0,ml
A000000199228,100 mL,100.0,ml
A000000199229,100 mL,100.0,ml
A000000199943,70ml,70.0,ml
A000000207700,120ml,120.0,ml
A000000208245,120ml,120.0,ml
A000000208289,60ml,60.0,ml
A000000210738,100ml,100.0,ml
A000000212748,30ml * 3종,90.0,ml
A000000214307,70ml / 2.36fl.oz.,70.0,ml
A000000214745,50ml,50.0,ml
A000000214747,50ml,50.0,ml
A000000214752,30g,30.0,g
A000000214762,125ml,125.0,ml
A000000214767,110ml,110.0,ml
A000000214769,110ml,110.0,ml
A000000215369,20gX7개입,140.0,g
A000000216737,30g / 5개입,30.0,g
A000000216955,71g,71.0,g
A000000224503,100g+100g,100.0,g
A000000228413,28g,28.0,g
A000000228945,70ml (+30ml 증정),70.0,ml
A000000231898,100ml,100.0,ml
A000000244040,70ml (+40ml리필팩+소용량 2종),70.0,ml
A000000260104,120ML,120.0,ml
A000000261493,60ml,60.0,ml
A000000262516,70ml (+소용량 3종),70.0,ml
A000000260205,Net Wt. 14.5g / 0.51 oz.,14.5,g
A000000238816,18g,18.0,g
A000000254125,22g*2,44.0,g
A000000150460,"■ 보송 선스틱: 30g/30g*2/30*2+데오티슈 1매*2, ■ 쿨링 선스틱: 19g/19gX2, ■ 워터프루프 선스틱: 30g / 30gX2",30.0,g
A000000259260,22g*2,44.0,g
A000000249471,30g / 30gX2,30.0,g
A000000166296,"■ 보송 선스틱: 30g/30g*2/30*2+데오티슈 1매*2, ■ 쿨링 선스틱: 19g/19gX2, ■ 워터프루프 선스틱: 30g / 30gX2",30.0,g
A000000202197,19g * 2ea,38.0,g
A000000248755,18g,18.0,g
A000000255127,[본품] 자작나무 수분 선스틱 19g+19g + [증정품] 자작나무 수분 패드 2매입*2,19.0,g
A000000248312,20 g / 0.70 oz.,20.0,g
A000000202400,23g+23g,23.0,g
A000000241113,23g,23.0,g
A000000248771,선 스틱: 18g / 선 올인원:100ml,18.0,g
A000000249274,10g,10.0,g
A000000201193,■ 20G,20.0,g
A000000179127,19g,19.0,g
A000000218935,18g * 2,36.0,g
A000000252925,10g x 2EA,20.0,g
A000000123594,[본품] 19g,19.0,g
A000000211648,14g + 14g,14.0,g
A000000150730,선스틱 20g,20.0,g
A000000182989,22G,22.0,g
A000000226500,23g,23.0,g
A000000250048,11g,11.0,g
A000000254571,20g * 2ea + 안티폴루션 톤업 선 10ml,40.0,g
A000000221881,"■ 보송 선스틱: 30g/30g*2 ■ 쿨링 선스틱: 19g/19gX2, ■ 워터프루프 선스틱: 30g / 30gX2",30.0,g
A000000250210,14g,14.0,g
A000000210323,15g,15.0,g
A000000182987,22G,22.0,g
A000000169505,19g,19.0,g
A000000230631,[본품] 소나무 진정 시카 에어리 선스틱 19g [구성품] 소나무 진정 시카 에어리 선스틱 19g,19.0,g
A000000260943,18g,18.0,g
A000000257511,20g,20.0,g
A000000182782,19g x 2개,38.0,g
A000000184394,19g,19.0,g
A000000207894,14g,14.0,g
A000000225218,13.9g,13.9,g
A000000227237,19g,19.0,g
A000000230025,20g,20.0,g
A000000226211,19g,19.0,g
A000000248743,20g,20.0,g
A000000107874,17g,17.0,g
A000000125152,15g,15.0,g
A000000137158,20g,20.0,g
A000000137840,20g,20.0,g
A000000162700,23g,23.0,g
A000000163578,20g,20.0,g
A000000181101,13g,13.0,g
A000000183264,22g,22.0,g
A000000183349,39g,39.0,g
A000000184389,18g,18.0,g
A000000184452,19g,19.0,g
A000000186208,18g,18.0,g
A000000187392,19g,19.0,g
A000000187811,14g,14.0,g
A000000188567,18g,18.0,g
A000000202346,1개당 10.5g.,10.5,g
A000000203877,19g,19.0,g
A000000204878,18g,18.0,g
A000000208730,18.5g,18.5,g
A000000210757,20g,20.0,g
A000000213574,18g,18.0,g
A000000214236,18g,18.0,g
A000000219969,"보송,쿨링 : 24g / 진정 : 28g",24.0,g
A000000219988,19 g / 0.67 oz.,19.0,g
A000000222682,18g,18.0,g
A000000222726,21g,21.0,g
A000000224154,21g,21.0,g
A000000224470,23g,23.0,g
A000000228081,7g,7.0,g
A000000228424,11g,11.0,g
A000000229046,본품 18.5g,18.5,g
A000000231944,15g,15.0,g
A000000234641,19g,19.0,g
A000000245810,22g,22.0,g
A000000248125,본품 18g / Net Wt. 0.63 oz. *2ea,18.0,g
A000000248928,본품 18g / Net Wt. 0.63 oz.,18.0,g
A000000250617,20g,20.0,g
A000000251762,19g,19.0,g
A000000253614,■ 15g,15.0,g
A000000253644,19g,19.0,g
A000000254248,14g,14.0,g
A000000254251,14g,14.0,g
A000000254255,14g,14.0,g
A000000254263,14g,14.0,g
A000000255159,20g,20.0,g
A000000255986,18.6g,18.6,g
A000000256465,19g,19.0,g
A000000257523,20g,20.0,g
A000000257620,14g,14.0,g
A000000259755,19g,19.0,g
A000000261544,10g,10.0,g
A000000180141,21g,21.0,g
A000000150624,18g,18.0,g
A000000170879,22g,22.0,g
A000000182998,14g,14.0,g
A000000183964,10g,10.0,g
A000000201644,19g,19.0,g
A000000202327,20g,20.0,g
A000000202372,16g,16.0,g
A000000203079,22g,22.0,g
A000000205012,20g,20.0,g
A000000205410,18.5g,18.5,g
A000000205809,본품 22G,22.0,g
A000000206176,19g,19.0,g
A000000207372,18.5g,18.5,g
A000000224605,[정품] 선-어웨이 벨벨 선스틱 18g [증정] 실리콘 케이스 + 숨 카라비너,18.0,g
A000000225193,15g,15.0,g
A000000226555,선스틱 20g + 데일리선크림 20ml,20.0,g
A000000232887,19g,19.0,g
A000000250618,20g,20.0,g
A000000253705,19g *2ea,38.0,g
A000000225073,20g,20.0,g
A000000219928,[리필] 본품 15g + 리필 15g,15.0,g
A000000179295,12g,12.0,g
A000000207012,12g,12.0,g
A000000245129,15g,15.0,g
A000000201312,12.5g*2,25.0,g
A000000249757,4g+1ea,4.0,g
A000000201172,■ 15G,15.0,g
A000000215422,단품 15g / 어워즈 기획 13g+8g / 리필 기획 본품 13g + 리필 13g,15.0,g
A000000162243,15g,15.0,g
A000000217679,[단품]15g /[리필] 본품 15g + 리필 15g,15.0,g
A000000184456,25g,25.0,g
A000000184458,15g,15.0,g
A000000190040,25g,25.0,g
A000000230297,16 g / 0.56 oz.,16.0,g
A000000258110,7g,7.0,g
A000000233801,20g,20.0,g
A000000226327,7g,7.0,g
A000000250202,6.5g,6.5,g
A000000162400,14g,14.0,g
A000000167182,25g + 리필(25g),25.0,g
A000000186983,13g,13.0,g
A000000200238,12g,12.0,g
A000000211200,15g,15.0,g
A000000218443,■리필(15g)X2,15.0,g
A000000226210,단품 13g / 본품+리필 13g+13g,13.0,g
A000000227256,15g,15.0,g
A000000228069,본품 13g+리필13g,13.0,g
A000000229801,6g / 0.21 fl.oz.,6.0,g
A000000229802,6g / 0.21 fl.oz.,6.0,g
A000000231907,19g,19.0,g
A000000233165,14g X 2ea (본품+ 리필),28.0,g
A000000234000,25g,25.0,g
A000000234419,15g,15.0,g
A000000242552,14g*1개,14.0,g
A000000250213,15g,15.0,g
A000000250223,15g,15.0,g
A000000254027,13g,13.0,g
A000000254184,7g,7.0,g
A000000260452,[리필] 본품 15g,15.0,g
A000000183428,11g,11.0,g
A000000184388,15g,15.0,g
A000000187473,15g + 15g,15.0,g
A000000223795,12.5g*2,25.0,g
A000000242586,15g x 2ea(본품+리필),30.0,g
A000000151904,■100mL,100.0,ml
A000000180162,50mL+20mL(증정),50.0,ml
A000000232672,50g X 2EA,100.0,g
A000000219553,50ml+50ml,50.0,ml
A000000257580,50ml/1.69 fl. oz.,50.0,ml
A000000249802,[본품] 50ml [증정] 50ml + 10ml,50.0,ml
A000000223906,"60mL / 60mL*2 / 150ml / 60ml+80ml / 60ml*2+15ml*2 / 선젤 15ml*2, 딥폼 15ml",60.0,ml
A000000171650,[본품] 자작나무 수분 선크림 50ml + [구성품] 자작나무 수분 선크림 50ml,50.0,ml
A000000180158,50mL+20mL(증정) / 40ml+40ml,50.0,ml
A000000200614,50ML+50ML,50.0,ml
A000000261603,40ml +10ml / 40ml,40.0,ml
A000000186166,[본품] 자작나무 수분 톤업 선크림 50ml + [증정품] 자작나무 수분 톤업 선크림 50ml,50.0,ml
A000000223207,50ml*2EA,100.0,ml
A000000257097,50ml *2,100.0,ml
A000000209372,56ml .,56.0,ml
A000000259329,35ml x 3ea,105.0,ml
A000000215559,50ml * 2ea,100.0,ml
A000000219383,60 ml / 2.02 fl.oz.,60.0,ml
A000000253724,50ml + 50ml,50.0,ml
A000000232725,50ml+50ml,50.0,ml
A000000223423,50g,50.0,g
A000000261578,50ml / 1.69 FL. OZ. X 2 EA,50.0,ml
A000000254726,50ml+50ml,50.0,ml
A000000200635,50mL+50mL.,50.0,ml
A000000219094,40ml,40.0,ml
A000000232053,35g / 1.23 oz.,35.0,g
A000000204471,50ml * 2ea,100.0,ml
A000000184159,40ml+40ml,40.0,ml
A000000188876,50ml+50ml,50.0,ml
A000000242716,"60mL / 60mL*2 / 150ml / 60ml*2+15ml*2 /선젤 15ml*2, 딥폼 15ml",60.0,ml
A000000255386,65ml + 65ml,65.0,ml
A000000184352,50ml*2,100.0,ml
A000000219051,50ML+50ML,50.0,ml
A000000219554,50ml+50ml,50.0,ml
A000000211309,50ml + 50ml.,50.0,ml
A000000169499,50ml,50.0,ml
A000000221882,150mL,150.0,ml
A000000219556,50ml+50ml,50.0,ml
A000000248226,50ml + 50ml,50.0,ml
A000000260411,50ml,50.0,ml
A000000249451,"단품:50g, 더블기획세트: 50g+50g. 더블기획증정세트: 50g+50g+10g+10g",50.0,g
A000000240562,단품: 50ml/ 기획세트: 50ml+30ml,50.0,ml
A000000227188,100ml,100.0,ml
A000000247241,50ML+50ML,50.0,ml
A000000209913,50ml,50.0,ml
A000000206827,40ml,40.0,ml
A000000225573,50ml,50.0,ml
A000000248024,35g,35.0,g
A000000200647,50ml+35ml,50.0,ml
A000000225015,50mL*2,100.0,ml
A000000259793,60ml * 2ea,120.0,ml
A000000224140,50ml + 50ml,50.0,ml
A000000248560,50ml,50.0,ml
A000000225003,50ml+35ml,50.0,ml
A000000202446,100mL,100.0,ml
A000000216895,50ml+50ml,50.0,ml
A000000149135,[본품] 라운드랩 자작나무 수분 선크림 50m + [증정품] 자작나무 수분 크림 20ml,20.0,ml
A000000246715,300ml,300.0,ml
A000000218862,50ML+50ML,50.0,ml
A000000232318,50ml*2,100.0,ml
A000000259556,35ml x 3ea,105.0,ml
A000000232723,50ml+50ml,50.0,ml
A000000208182,40ml x 2ea,80.0,ml
A000000233802,150g,150.0,g
A000000163503,[본품] 자작나무 무기자차 선크림 50ml + [증정품] 자작나무 클렌저 20ml,50.0,ml
A000000247242,50mL,50.0,ml
A000000219111,50ml,50.0,ml
A000000198739,35ml*2.,70.0,ml
A000000209917,50ml,50.0,ml
A000000259610,[본품] 자작나무 수분 톤업 선세럼 50ml + [증정품] 자작나무 수분 클렌저 20ml,50.0,ml
A000000232884,40ml,40.0,ml
A000000217330,100mL,100.0,ml
A000000202359,40ml+40ml,40.0,ml
A000000010462,30ml,30.0,ml
A000000252919,라로슈포제 유비데아 안뗄리오스 톤업 로지 글로우 30ml (+멜라B3세럼 3ml*2ea),30.0,ml
A000000179116,본품 30ml+30ml,30.0,ml
A000000248305,안뗄리오스 선 플루이드 50ml,50.0,ml
A000000251852,50g,50.0,g
A000000260412,[본품] 자작나무 수분 선세럼 50ml [증정품] 자작나무 수분 클렌저 20ml,50.0,ml
A000000202548,50ml.,50.0,ml
A000000254406,70ml / 2.36 oz.,70.0,ml
A000000248280,60ml,60.0,ml
A000000248619,50ml,50.0,ml
A000000181078,40ml,40.0,ml
A000000235912,50ml,50.0,ml
A000000257717,150ml,150.0,ml
A000000247719,징크테카 선 젤 50mL+20mL // 50mL+50mL,50.0,ml
A000000230447,50ML,50.0,ml
A000000180506,50ml,50.0,ml
A000000258843,[본품] 용량 50ml,50.0,ml
A000000224658,50ml + (10ml*2),50.0,ml
A000000248772,선올인원: 100ml/선스틱: 18g,100.0,ml
A000000221848,50ml+50ml,50.0,ml
A000000249452,50g,50.0,g
A000000203048,100ml,100.0,ml
A000000248065,50ml+25ml,50.0,ml
A000000224657,50ml + (10ml*2),50.0,ml
A000000214257,60ml,60.0,ml
A000000257674,50ml,50.0,ml
A000000170877,50ml,50.0,ml
A000000180231,50ml+50ml,50.0,ml
A000000180775,본품 40ml +40ml,40.0,ml
A000000260324,50ml,50.0,ml
A000000225264,본품 30ml,30.0,ml
A000000219488,50mL(+25mL),50.0,ml
A000000259573,50ml,50.0,ml
A000000227070,50 mL + 20mL(증정품),50.0,ml
A000000154175,150ml,150.0,ml
A000000210545,60g,60.0,g
A000000259753,50ml,50.0,ml
A000000254113,50ML+50ML,50.0,ml
A000000187550,50mL+10mL*2ea,50.0,ml
A000000250129,50ml*2EA,100.0,ml
A000000227174,1개당 50ml,50.0,ml
A000000248128,50 mL / 1.69 fl. oz. * 2 ea,50.0,ml
A000000153432,[본품] 35ml*2ea,70.0,ml
A000000240055,50ml*2ea,100.0,ml
A000000253396,50ml,50.0,ml
A000000254179,35ml + 35ml,35.0,ml
A000000209219,50ml.,50.0,ml
A000000252924,안뗄리오스 선 플루이드 50ml,50.0,ml
A000000210455,50ML + 50ML,50.0,ml
A000000190745,35ml*2ea,70.0,ml
A000000229592,60g,60.0,g
A000000243703,50ml*2ea,100.0,ml
A000000203118,40ml,40.0,ml
A000000248564,50ml,50.0,ml
A000000167936,50ml,50.0,ml
A000000228263,50ml,50.0,ml
A000000255058,50 mL / 1.69 fl.oz.,50.0,ml
A000000225808,[본품] 50ml [증정] 10ml+10ml,50.0,ml
A000000182741,30ml,30.0,ml
A000000247909,(단품)50ML / (기획) 50ML+20ML,50.0,ml
A000000250419,50ml x 2ea,100.0,ml
A000000205011,50mL,50.0,ml
A000000204614,80ml,80.0,ml
A000000222724,50ml or 30ml+30ml,50.0,ml
A000000187674,50ml,50.0,ml
A000000218297,50ml+7ml,50.0,ml
A000000224260,30ml/60ml,30.0,ml
A000000181703,[본품] 자작나무 수분 톤업 선크림 50ml + [증정품] 자작나무 수분 클렌저 20ml,50.0,ml
A000000204629,50ml,50.0,ml
A000000248227,50ml,50.0,ml
A000000224475,50ml,50.0,ml
A000000254195,본품 50ml + 증정품 선크림 샤셰 3ml*4개,50.0,ml
A000000248281,90g,90.0,g
A000000140651,50ml+50ml,50.0,ml
A000000251918,50ml + 20ml,50.0,ml
A000000259637,50ml,50.0,ml
A000000232051,50g,50.0,g
A000000165560,60ml,60.0,ml
A000000165563,60 ml,60.0,ml
A000000179114,본품 30ml + 본품 30ml 기획세트,30.0,ml
A000000211302,40ml,40.0,ml
A000000224039,50ml,50.0,ml
A000000219046,50ml + 50ml,50.0,ml
A000000257268,50ml(+25ml),50.0,ml
A000000218813,35ml x 2ea,70.0,ml
A000000181351,40ml,40.0,ml
A000000248777,50ml+50ml,50.0,ml
A000000257533,80ml,80.0,ml
A000000260414,본품 50ml,50.0,ml
A000000201343,60g*2개입,120.0,g
A000000204081,50ml,50.0,ml
A000000218008,50ml+50ml,50.0,ml
A000000120975,50ml,50.0,ml
A000000201270,150ml / 5.07 fl. oz.,150.0,ml
A000000251953,포어 펩타이드/ 브라이트닝/ 엑소좀 퍼밍 50ml,50.0,ml
A000000112523,30ml,30.0,ml
A000000247698,유비데아 톤업 클리어 30ml + 3ml * 3,30.0,ml
A000000249864,50ml,50.0,ml
A000000257596,[본품] 마이크로 액티브 톤업 선 30ml 2개,30.0,ml
A000000262383,50ml*2ea,100.0,ml
A000000163930,50ml,50.0,ml
A000000251060,시카플라스트 리페어 선크림 40ml (+2ml*5ea),40.0,ml
A000000213534,200ml,200.0,ml
A000000259024,[본품] 용량 50ml,50.0,ml
A000000230625,[본품] 소나무 진정 시카 무기자차 선크림 40ml + [증정품] 소나무 클렌저 10ml,40.0,ml
A000000125569,■ 25ml,25.0,ml
A000000183056,80ml,80.0,ml
A000000249726,50mL,50.0,ml
A000000259638,50ml,50.0,ml
A000000252310,55ml,55.0,ml
A000000235913,50ml,50.0,ml
A000000242876,50ml + 추가 15ml,50.0,ml
A000000225284,본품 100ml (증정 클렌징폼 40ml),100.0,ml
A000000213537,300ml,300.0,ml
A000000253334,40ml+40ml+40ml,40.0,ml
A000000257073,50ml,50.0,ml
A000000210862,50ml,50.0,ml
A000000225224,"60mL / 60mL*2 / 150ml / 60ml+80ml / 60ml*2+15ml*2 / 선젤 15ml*2, 딥폼 15ml",60.0,ml
A000000243085,40ml,40.0,ml
A000000223210,40ml + 40ml,40.0,ml
A000000228438,40ml,40.0,ml
A000000168920,50g,50.0,g
A000000209918,40ml,40.0,ml
A000000250317,60ml,60.0,ml
A000000180854,50ml,50.0,ml
A000000200233,50ml X 2EA,100.0,ml
A000000200673,50ml(본품)+50ml(증정),50.0,ml
A000000190687,50ml+50ml,50.0,ml
A000000229155,50ml,50.0,ml
A000000258725,90g,90.0,g
A000000224141,50ml + 50ml,50.0,ml
A000000253632,본품 50ml*2ea,100.0,ml
A000000155727,40ml,40.0,ml
A000000207851,40ml,40.0,ml
A000000257510,50ml,50.0,ml
A000000209244,50 mL / 1.69 fl. oz.,50.0,ml
A000000205787,50ml,50.0,ml
A000000257677,40ml,40.0,ml
A000000252087,50ml,50.0,ml
A000000179351,50ml+15ml,50.0,ml
A000000250108,35ml,35.0,ml
A000000011226,■90ml,90.0,ml
A000000217998,50ml+20ml,50.0,ml
A000000229379,45ml,45.0,ml
A000000229380,45ml,45.0,ml
A000000223206,40ml [증정] 베리어선세럼10ml+수분선크림10ml,40.0,ml
A000000223194,50 ml 1.69 fl. oz.,50.0,ml
A000000250489,50g x 2ea,100.0,g
A000000248502,150mL,150.0,ml
A000000253211,50ml,50.0,ml
A000000252450,본품 40ml + 증정 8ml,40.0,ml
A000000215558,50ml,50.0,ml
A000000224826,40ml,40.0,ml
A000000247862,40ml,40.0,ml
A000000165652,50ml,50.0,ml
A000000185636,60ml,60.0,ml
A000000205639,55ml / 1.85 fl. oz.,55.0,ml
A000000248736,50ml,50.0,ml
A000000209919,50ml,50.0,ml
A000000260413,본품 50ml,50.0,ml
A000000258844,[본품] 용량 50ml [기획증정] 미니픽서 30ml,50.0,ml
A000000259530,[본품] 용량 50ml,50.0,ml
A000000217926,50ml,50.0,ml
A000000227933,50ml+10ml,50.0,ml
A000000223816,50ml,50.0,ml
A000000207724,50ml,50.0,ml
A000000231353,50ml,50.0,ml
A000000224767,50ml,50.0,ml
A000000248548,50ml(+20ml),50.0,ml
A000000206799,40ml,40.0,ml
A000000202373,70ml,70.0,ml
A000000263663,"선젤 15ml*2, 딥폼 15ml",30.0,ml
A000000125147,50ml,50.0,ml
A000000165615,50ml,50.0,ml
A000000153499,40ml,40.0,ml
A000000000040,80ml,80.0,ml
A000000008363,50ml,50.0,ml
A000000010461,30ml,30.0,ml
A000000111062,70ml,70.0,ml
A000000129556,50ml.,50.0,ml
A000000130251,50ml,50.0,ml
A000000139894,50ml,50.0,ml
A000000140033,60ml,60.0,ml
A000000146527,50ml,50.0,ml
A000000147967,본품 30ml,30.0,ml
A000000149915,50ml,50.0,ml
A000000151323,35ml + 35ml,35.0,ml
A000000151871,본품30ml,30.0,ml
A000000151872,본품 30ml,30.0,ml
A000000155647,50ml,50.0,ml
A000000158116,100ml,100.0,ml
A000000162204,60ml + 30ml,60.0,ml
A000000163581,40ml * 2ea,80.0,ml
A000000165465,50ml,50.0,ml
A000000165476,50ml,50.0,ml
A000000165479,40ml,40.0,ml
A000000167031,50ml,50.0,ml
A000000168260,40ml,40.0,ml
A000000169474,50ml,50.0,ml
A000000170269,40ml,40.0,ml
A000000174056,50ml * 2ea,100.0,ml
A000000174728,50ml + 50ml,50.0,ml
A000000179126,50mL,50.0,ml
A000000180138,50mL,50.0,ml
A000000180552,40ml+40ml,40.0,ml
A000000180600,50ml + 50ml,50.0,ml
A000000180853,50ml,50.0,ml
A000000180974,[본품] 마이크로액티브 선 세럼 30ml 2개 / [본품] 마이크로액티브 선 세럼 50ml 1개,30.0,ml
A000000182794,40ml,40.0,ml
A000000182899,50g+50g,50.0,g
A000000183052,80ml,80.0,ml
A000000183287,50ml,50.0,ml
A000000183552,50ml,50.0,ml
A000000184156,50g,50.0,g
A000000184387,50ml,50.0,ml
A000000184632,40ml,40.0,ml
A000000184778,50ml,50.0,ml
A000000185302,50ml,50.0,ml
A000000185303,50ml,50.0,ml
A000000186053,50ml,50.0,ml
A000000186461,50ml,50.0,ml
A000000187200,50ml,50.0,ml
A000000187230,50ml,50.0,ml
A000000187262,50ml,50.0,ml
A000000187809,30ml,30.0,ml
A000000188185,50ml,50.0,ml
A000000188376,50ml,50.0,ml
A000000188378,50ml,50.0,ml
A000000188724,50ml,50.0,ml
A000000190413,50ml,50.0,ml
A000000200826,90g.,90.0,g
A000000201148,40ml,40.0,ml
A000000202360,40ml+40ml,40.0,ml
A000000202426,"1) 20ml 증량기획: 용량, 40ml + 20ml / 중량, 97g. 2) 1+1기획: 용량, 40ml + 40ml / 중량, 135g.",20.0,ml
A000000203047,40ml,40.0,ml
A000000203707,40 ml,40.0,ml
A000000204642,[본품] 50ml,50.0,ml
A000000204826,50ml,50.0,ml
A000000204879,50mL.,50.0,ml
A000000205069,50ml,50.0,ml
A000000205615,35ml*2,70.0,ml
A000000205628,55ml / 1.85 fl. oz.,55.0,ml
A000000206121,워터핏 톤업 선 베이스 : 40ml / 클리어 톤업 선 베이스 40ml / 블러링 톤업 선 베이스 : 40ml,40.0,ml
A000000206175,50ml,50.0,ml
A000000206742,50ml 1.69 fl.oz.,50.0,ml
A000000206749,50ml,50.0,ml
A000000206750,50ml,50.0,ml
A000000207140,30ml,30.0,ml
A000000207202,50g,50.0,g
A000000207901,50ml * 2ea,100.0,ml
A000000208192,50ml,50.0,ml
A000000208692,50 mL,50.0,ml
A000000208711,70g.,70.0,g
A000000208714,70g.,70.0,g
A000000208731,40ml,40.0,ml
A000000208899,50ml,50.0,ml
A000000210163,50ml x 2ea,100.0,ml
A000000210322,50ml,50.0,ml
A000000210324,50ml,50.0,ml
A000000210325,50ml,50.0,ml
A000000210326,50ml,50.0,ml
A000000210559,100ml,100.0,ml
A000000210660,본윤선크림 50ml,50.0,ml
A000000210758,50ml,50.0,ml
A000000210911,아이오페 UV쉴드 선앰플 40ml 기획 (+선앰플 20ml +레티놀세럼 10ml),40.0,ml
A000000211132,30ML,30.0,ml
A000000211180,50ml+20ml,50.0,ml
A000000211214,50ml,50.0,ml
A000000211379,50ml,50.0,ml
A000000213190,50ml,50.0,ml
A000000214249,"본품: 100ml, 증정품: 20ml",100.0,ml
A000000214255,60ml,60.0,ml
A000000214256,30ml,30.0,ml
A000000214631,35ml,35.0,ml
A000000216232,50ML + 50ML,50.0,ml
A000000216855,50ml,50.0,ml
A000000217191,50ml,50.0,ml
A000000217778,50ml,50.0,ml
A000000217868,50ml,50.0,ml
A000000218313,15ml,15.0,ml
A000000218465,50ml,50.0,ml
A000000218679,본품 40ml,40.0,ml
A000000218812,35ml x 2ea,70.0,ml
A000000219265,50ml,50.0,ml
A000000219266,50ml,50.0,ml
A000000219494,60 ml / 2.02 fl.oz.,60.0,ml
A000000219495,50 ml / 1.69 fl.oz.,50.0,ml
A000000219905,60 ml / 2.02 fl.oz.,60.0,ml
A000000221747,[본품]50mL*2,100.0,ml
A000000222060,[본품] 선세럼 35ml / [증정] 마스크 15ml,35.0,ml
A000000222347,30mL,30.0,ml
A000000222727,100ml,100.0,ml
A000000223292,200ml,200.0,ml
A000000223802,50ml,50.0,ml
A000000223805,50ml+20ml,50.0,ml
A000000223806,50ml+20ml,50.0,ml
A000000224036,50ml*2ea,100.0,ml
A000000224142,50ml + 50ml,50.0,ml
A000000224158,50ml,50.0,ml
A000000224163,50ml,50.0,ml
A000000224171,50ml,50.0,ml
A000000224418,50mL,50.0,ml
A000000224531,50ml,50.0,ml
A000000224734,50ml,50.0,ml
A000000224857,50ml,50.0,ml
A000000225192,50ml,50.0,ml
A000000225891,50ml,50.0,ml
A000000225901,77ml / 2.60 fl.oz.,77.0,ml
A000000227068,50 mL + 20mL(증정품),50.0,ml
A000000228068,40ml *2ea,80.0,ml
A000000228575,40ml,40.0,ml
A000000229202,40ml,40.0,ml
A000000229321,50ml + 20ml,50.0,ml
A000000229364,50ml,50.0,ml
A000000229398,50ml,50.0,ml
A000000229437,50ml+15ml,50.0,ml
A000000229536,40ml,40.0,ml
A000000229619,40ml,40.0,ml
A000000229624,45ml,45.0,ml
A000000229663,50ml,50.0,ml
A000000229803,50 mL / 1.69 fl. Oz,50.0,ml
A000000229927,50ml,50.0,ml
A000000230214,100ml,100.0,ml
A000000230227,50ml,50.0,ml
A000000230229,50ml,50.0,ml
A000000230503,50ML,50.0,ml
A000000230611,40ml,40.0,ml
A000000230884,50ml + 50ml,50.0,ml
A000000230919,50 ml 1.69 fl. oz.,50.0,ml
A000000231830,50ml,50.0,ml
A000000231940,50 mL + 20mL(증정품),50.0,ml
A000000233007,50ml,50.0,ml
A000000233590,50ml / 1.69 fl.oz.,50.0,ml
A000000235109,50ml(본품)+포곤빌리지 띠부씰1매l(증정),50.0,ml
A000000235505,50ml,50.0,ml
A000000235506,50ml,50.0,ml
A000000236501,35ml,35.0,ml
A000000236530,100g,100.0,g
A000000236979,50ml+50ml,50.0,ml
A000000237839,50ml,50.0,ml
A000000238174,30ml/50ml,30.0,ml
A000000239955,50g,50.0,g
A000000239958,50g,50.0,g
A000000240071,50ml,50.0,ml
A000000240083,50ml + 50ml,50.0,ml
A000000240101,50ml,50.0,ml
A000000240459,50ml,50.0,ml
A000000240489,50ml,50.0,ml
A000000242494,35ml,35.0,ml
A000000242582,45ml,45.0,ml
A000000242584,50ml,50.0,ml
A000000242741,45ml,45.0,ml
A000000243812,40ml,40.0,ml
A000000244975,50ml,50.0,ml
A000000245671,40ml,40.0,ml
A000000246585,60mL,60.0,ml
A000000247674,50ml / 50ml + 20ml,50.0,ml
A000000248224,50ml,50.0,ml
A000000248225,50ml,50.0,ml
A000000248549,50ml,50.0,ml
A000000248590,50ml,50.0,ml
A000000248689,50ml,50.0,ml
A000000248778,50ml,50.0,ml
A000000248920,50mL / 1.69 fl. oz.,50.0,ml
A000000249664,60ml,60.0,ml
A000000250429,90g(+15g*2ea),90.0,g
A000000250450,40ml,40.0,ml
A000000251952,50ml / 1.69 fl.oz.,50.0,ml
A000000252088,50ml,50.0,ml
A000000252287,40ml,40.0,ml
A000000252680,30ML,30.0,ml
A000000253005,50ml / 1.69 fl.oz.,50.0,ml
A000000253006,50ml / 1.69 fl.oz.,50.0,ml
A000000253026,50ml / 1.69 fl.oz.,50.0,ml
A000000253210,50ml,50.0,ml
A000000253295,50ml+10ml,50.0,ml
A000000253514,50ml,50.0,ml
A000000253613,■100ml,100.0,ml
A000000254022,50mL X 2,100.0,ml
A000000254193,50ml,50.0,ml
A000000254525,250ml,250.0,ml
A000000254530,30ml,30.0,ml
A000000254533,50ml,50.0,ml
A000000254535,50ml,50.0,ml
A000000254577,50ml+50ml,50.0,ml
A000000254579,50ml,50.0,ml
A000000254663,40ml,40.0,ml
A000000254900,50ml,50.0,ml
A000000254909,50ml,50.0,ml
A000000257053,50ml / 1.69 fl.oz.,50.0,ml
A000000257287,50ml,50.0,ml
A000000257439,50ml,50.0,ml
A000000257536,35ml,35.0,ml
A000000257676,50g,50.0,g
A000000257733,데일리 소프트 터치 선스크린 60mL *2 & 마이티 밤부 판테놀 클렌저 30mL,120.0,ml
A000000258585,40g,40.0,g
A000000258594,50ml,50.0,ml
A000000258732,40g,40.0,g
A000000259097,"19g / 4매입, 19g*5 /4매입*5",19.0,g
A000000259216,40g,40.0,g
A000000259752,50ml,50.0,ml
A000000259754,50ml,50.0,ml
A000000259983,50ml / 1.69 fl. oz.,50.0,ml
A000000260247,50 ml,50.0,ml
A000000260379,50ml*2,100.0,ml
A000000261245,40ml,40.0,ml
A000000261680,50ml,50.0,ml
A000000262647,30ML,30.0,ml
B000000236066,60ml,60.0,ml
A000000206826,40ml,40.0,ml
A000000219675,50ml,50.0,ml
A000000244877,60 ml / 2.02 fl. oz.,60.0,ml
A000000219496,19 g / 0.67 oz.,19.0,g
A000000200817,60ml.,60.0,ml
A000000250767,50ml,50.0,ml
A000000247874,35ml+20ml,35.0,ml
A000000191567,50ml,50.0,ml
A000000173774,60ml + <증정> 선크림 20ml,60.0,ml
A000000218308,40g,40.0,g
A000000169506,50ml,50.0,ml
A000000137157,50ml,50.0,ml
A000000152314,50ml+50ml,50.0,ml
A000000154129,50ml + 30ml,50.0,ml
A000000163532,50ml,50.0,ml
A000000164213,40ml,40.0,ml
A000000164841,본품 40ML + 라이트 선세럼 20ML 추가 증정,40.0,ml
A000000166295,■60mlX2,120.0,ml
A000000168591,50ml + 20ml,50.0,ml
A000000176900,50ml + 50ml,50.0,ml
A000000179353,[본품] 60ml [증정] 클렌징폼 20g,60.0,ml
A000000179852,50mL,50.0,ml
A000000181329,80ml,80.0,ml
A000000181331,50ml,50.0,ml
A000000182620,30ml,30.0,ml
A000000183327,60ml,60.0,ml
A000000184405,[본품]70ml [증정] 워터핏 수딩 선플루이드 31ml,70.0,ml
A000000188610,50ml,50.0,ml
A000000191730,40ML,40.0,ml
A000000200816,60ml.,60.0,ml
A000000201273,40 g 1.41 oz.,40.0,g
A000000201387,50ml * 2ea,100.0,ml
A000000202343,1개당 50ml,50.0,ml
A000000202378,50ml,50.0,ml
A000000202466,50ml,50.0,ml
A000000203069,50ml,50.0,ml
A000000203342,40g,40.0,g
A000000203343,40g,40.0,g
A000000205630,50ml / 1.69 fl. oz.,50.0,ml
A000000205882,워터프루프 선크림 50g + 데일리 선크림 20g,50.0,g
A000000206182,200ml,200.0,ml
A000000206221,150mL,150.0,ml
A000000206224,50ml,50.0,ml
A000000206848,50 ml,50.0,ml
A000000207685,50ml,50.0,ml
A000000207845,본품 50g + 증정 5ml*2ea,50.0,g
A000000208105,40ml,40.0,ml
A000000210013,50ml,50.0,ml
A000000210604,50mL,50.0,ml
A000000210838,50g,50.0,g
A000000210840,50g,50.0,g
A000000210869,50 ml / 1.69 fl. oz.,50.0,ml
A000000211954,1개당 50ml,50.0,ml
A000000212238,50ml+20ml,50.0,ml
A000000213124,40ml,40.0,ml
A000000213284,50ml,50.0,ml
A000000215375,50 ml,50.0,ml
A000000216666,50ml+50ml / 1.69 fl. oz.*2,50.0,ml
A000000217289,40ml,40.0,ml
A000000217909,30ml+30ml,30.0,ml
A000000218301,90g/5g,90.0,g
A000000218303,90g,90.0,g
A000000218316,25g,25.0,g
A000000218830,40g,40.0,g
A000000218955,50ML+50ML,50.0,ml
A000000219091,40ml,40.0,ml
A000000219093,50ml + 50ml,50.0,ml
A000000219115,60ml,60.0,ml
A000000219136,60ml,60.0,ml
A000000219522,50ml,50.0,ml
A000000219989,50 ml / 1.69 fl.oz.,50.0,ml
A000000222212,50mL,50.0,ml
A000000222684,50ml+50ml,50.0,ml
A000000222792,50mL * 2EA,100.0,ml
A000000223291,200ml,200.0,ml
A000000223943,4g,4.0,g
A000000224245,50mL,50.0,ml
A000000224289,30ml,30.0,ml
A000000224539,50ml + 20ml,50.0,ml
A000000224979,1개당 50ml,50.0,ml
A000000225222,40ml,40.0,ml
A000000225618,50ml,50.0,ml
A000000227191,50ml,50.0,ml
A000000227218,50ml,50.0,ml
A000000227322,30ml,30.0,ml
A000000228080,50ml,50.0,ml
A000000228893,30ml,30.0,ml
A000000229150,UV EXP 90g / 컬러 튜닝 UV 03 40g / 프라이머 UV 25g,90.0,g
A000000229540,50ml,50.0,ml
A000000229623,45ml,45.0,ml
A000000229687,50ml,50.0,ml
A000000231221,50ml,50.0,ml
A000000232379,30ml / 1.01 fl.oz.,30.0,ml
A000000232955,75ml,75.0,ml
A000000233117,30ml,30.0,ml
A000000233720,60ml,60.0,ml
A000000236477,(본품) 50ml / (증정) 20ml,50.0,ml
A000000236819,50ml*2ea,100.0,ml
A000000237832,30ml,30.0,ml
A000000246588,60mL+60mL+원더 릴리프 데일리 선 로션 15mL,60.0,ml
A000000247181,50ml,50.0,ml
A000000247857,35ml+20ml,35.0,ml
A000000247878,35ml+20ml,35.0,ml
A000000248223,50ml,50.0,ml
A000000248278,90g.,90.0,g
A000000250430,20ml,20.0,ml
A000000255124,[본품] 자작나무 수분 선크림 50ml+50ml+[증정품] 자작나무 수분 선크림 20ml,50.0,ml
A000000255125,[본품] 자작나무 수분 톤업 선크림 50ml+50ml + [증정품] 자작나무 수분 톤업 선크림 20ml,50.0,ml
A000000256051,[다이브인 모이스처 선크림] 60ml / [셀메이징 핑크 톤 업 선크림] 20ml,60.0,ml
A000000222834,150ml,150.0,ml
A000000228228,"퍼펙트 올인원:150ml,100ml,30ml / 퍼펙트 클렌징폼:150ml, 30ml / 바디워시: 30ml",150.0,ml
A000000161508,400ml,400.0,ml
A000000117541,■ 200ml,200.0,ml
A000000243499,220ml / 7.43 fl. oz. + 80ml / 2.70 fl.oz.,220.0,ml
A000000251468,200ml,200.0,ml
A000000006565,■ 200ml,200.0,ml
A000000230522,200 g / 7.05 oz. X 2,200.0,g
A000000248426,200mL,200.0,ml
A000000250632,160ml + 25ml,160.0,ml
A000000258468,150ml / 5.07fl.oz.,150.0,ml
A000000223781,150ml + 150ml + 마스크팩1매 / 150ml / 150ml+75ml,150.0,ml
A000000198321,150ml,150.0,ml
A000000250298,프레시올인원: 150mL / 프레시올인원1+1: 펌핑형(150mL)+튜브형(150mL),150.0,ml
A000000163494,200ml,200.0,ml
A000000137488,200ml,200.0,ml
A000000198539,로션 300ml + 밤 1g,300.0,ml
A000000184697,120ml,120.0,ml
A000000209904,160ml,160.0,ml
A000000006564,■ 200ml,200.0,ml
A000000228952,200 g / 7.05 oz.,200.0,g
A000000210719,150mL,150.0,ml
A000000236543,150ml,150.0,ml
A000000223483,젤로션100ml+폼20ml,100.0,ml
A000000235496,125ml,125.0,ml
A000000183229,200ml*2ea,400.0,ml
A000000237493,150ml / 5.07 fl. oz.,150.0,ml
A000000145576,250ml,250.0,ml
A000000199154,200ml,200.0,ml
A000000170690,50ml,50.0,ml
A000000242173,120g,120.0,g
A000000155994,Day 48 ml / Night 48 ml (48ml l e 1.62 fl. oz.*2ea),48.0,ml
A000000223427,100ml,100.0,ml
A000000197739,200ml*2ea,400.0,ml
A000000234380,■ 본품 230mL + 블루빈크림 7mL,230.0,ml
A000000185235,150ml+30ml,150.0,ml
A000000219845,200ml,200.0,ml
A000000259898,■ 120ml,120.0,ml
B000000234131,150ml,150.0,ml
A000000206692,200 ml / 6.76 fl. oz.,200.0,ml
A000000232217,(본)토너200mL+(본)로션200mL,200.0,ml
A000000203247,150mL,150.0,ml
A000000207111,200 g / 7.05 oz.,200.0,g
A000000230537,150ml,150.0,ml
A000000222769,"[프레시] 단품_150 mL / 1+1 기획_150 mL*2, [시카] 단품 150 mL / 1+1기획_15ml*2",150.0,ml
A000000207459,올인원 플루이드 150mL + 젠틀 클렌징폼 150mL + 톤로션2ml*2,150.0,ml
A000000244690,75ml,75.0,ml
A000000257652,110ml,110.0,ml
A000000199270,120ML.,120.0,ml
A000000129771,200ml,200.0,ml
A000000140891,65g,65.0,g
A000000183744,125ml,125.0,ml
A000000223196,시카올인원 150mL / 프레시올인원 150ml / 선올인원 140ml,150.0,ml
A000000149211,120ML + 120ML,120.0,ml
A000000149214,120ML + 120ML,120.0,ml
A000000252600,100mL,100.0,ml
A000000198090,50ml,50.0,ml
A000000230762,[본품]포레스트 포맨 포어 케어 올인원 에센스 100mL + [증정용]포레스트 포맨 포어 케어 올인원 에센스 25mL + [증정용]포레스트 포맨 쉐이빙 & 클렌징 폼 30g,100.0,ml
A000000015971,■ 60g,60.0,g
A000000199665,150ml(본품)+50ml(증정),150.0,ml
A000000248847,본품 150ml + 견본 35ml,150.0,ml
A000000167411,150ml,150.0,ml
A000000212251,70ml,70.0,ml
A000000242745,100ml,100.0,ml
A000000201011,300mL,300.0,ml
A000000161777,■ 스킨로션200ml+페이스워시100g,200.0,ml
A000000245710,120ml,120.0,ml
A000000205392,100ML,100.0,ml
A000000209419,160ml,160.0,ml
A000000261627,150ml / 5.07 fl. oz.,150.0,ml
A000000257083,95ml,95.0,ml
A000000223673,200ml,200.0,ml
A000000195679,본품(진정올인원) 100ml / 증정품(동일품목): 15ml,100.0,ml
A000000244246,150ml,150.0,ml
A000000150816,플루이드 150ml,150.0,ml
A000000184789,250ml,250.0,ml
A000000247595,[프로틴올인원] 150ml [포어제로올인원] 150ml [비타올인원] 150ml,150.0,ml
A000000203992,150ml+150ml,150.0,ml
A000000145835,200ml,200.0,ml
A000000216470,150ml,150.0,ml
A000000228955,200 ml / 6.76 fl.oz.,200.0,ml
A000000223266,200ML,200.0,ml
A000000121268,145ml,145.0,ml
A000000183230,200ml,200.0,ml
A000000197722,200ml,200.0,ml
A000000222773,퍼펙트 올인원 150mL / 퍼펙트 올인원 100mL / 퍼펙트 클렌징폼 20mL /시카 바디워시 50mL,150.0,ml
A000000248724,본품 200ml+20ml,200.0,ml
A000000203855,200ml,200.0,ml
A000000174384,150ml,150.0,ml
A000000208897,150mL,150.0,ml
A000000103320,100ml,100.0,ml
A000000255383,155ml,155.0,ml
A000000225943,1+1 기획: 본품 150mL + 튜브 150ml / 증정기획 : 본품 150mL + 튜브 50ml / 단품: 본품 150mL,150.0,ml
A000000141317,30ml,30.0,ml
A000000247042,4ml*5 / 0.13 fl.oz. * 5ea,20.0,ml
A000000011086,■ 150ml,150.0,ml
A000000104173,125ml,125.0,ml
A000000104176,125ml,125.0,ml
A000000104972,100ml,100.0,ml
A000000115386,125ml,125.0,ml
A000000137470,100ml,100.0,ml
A000000137652,125ml,125.0,ml
A000000141309,100ml,100.0,ml
A000000142618,50ml,50.0,ml
A000000143196,125ml,125.0,ml
A000000144041,50ml,50.0,ml
A000000144618,■ 시카올인원 에센스 150 ml + 시카올인원 에센스 31 ml,150.0,ml
A000000144917,140ml,140.0,ml
A000000146263,140ml,140.0,ml
A000000146808,150ml+150ml,150.0,ml
A000000146894,100ml,100.0,ml
A000000146896,100ml,100.0,ml
A000000147661,150ml,150.0,ml
A000000150214,200ml + 150g,200.0,ml
A000000152286,300ml,300.0,ml
A000000154199,400ml ( 200ml*2 ),400.0,ml
A000000154626,100ml,100.0,ml
A000000155995,150 ml｜e 5.07 fl.,150.0,ml
A000000158113,50ml,50.0,ml
A000000161776,■ 스킨밀크200ml+페이스워시100g,200.0,ml
A000000161778,■ 스킨밀크200ml or 스킨로션200ml +페이스워시100g,200.0,ml
A000000162054,120ml,120.0,ml
A000000165551,"[본품] 150ml, [증정] 31ml",150.0,ml
A000000166427,50ml,50.0,ml
A000000166474,100ml,100.0,ml
A000000166822,200ml,200.0,ml
A000000169182,100ml,100.0,ml
A000000170034,본품 150ml,150.0,ml
A000000173672,200ml(본품) + 150ml(리필) + 150ml(리필),200.0,ml
A000000174576,30ml,30.0,ml
A000000174709,150ml,150.0,ml
A000000175964,200ml+50ml,200.0,ml
A000000176059,100ml,100.0,ml
A000000179257,100ml,100.0,ml
A000000180934,100ml,100.0,ml
A000000180935,150ml,150.0,ml
A000000184664,120ML.,120.0,ml
A000000185157,[본품] 에멀전180ml,180.0,ml
A000000186860,200ml+200ml,200.0,ml
A000000188948,125ml,125.0,ml
A000000189589,140ml,140.0,ml
A000000195699,100ml / 15ml,100.0,ml
A000000198947,잡티올인원 100ml+잡티올인원 15ml,100.0,ml
A000000199825,50ml,50.0,ml
A000000200886,[본품] 200ml X 2개,400.0,ml
A000000203440,200ml,200.0,ml
A000000204649,[본품] 110ml,110.0,ml
A000000204881,본품 100ML,100.0,ml
A000000206008,120 mL,120.0,ml
A000000208029,145ml,145.0,ml
A000000208721,180ml,180.0,ml
A000000208724,200ml,200.0,ml
A000000209714,[본품] 135ml,135.0,ml
A000000210473,"모이스처 밀크 160ml, 수딩 에센스 160ml",160.0,ml
A000000210666,9g,9.0,g
A000000210922,[본품] 110ml,110.0,ml
A000000211493,90ml,90.0,ml
A000000211930,50ml,50.0,ml
A000000213387,200ml,200.0,ml
A000000213951,125ml,125.0,ml
A000000214170,9g,9.0,g
A000000214176,125ml,125.0,ml
A000000214459,"본품: 150ml, 증정품: 20ml",150.0,ml
A000000215009,100ml,100.0,ml
A000000219100,[본품] 125ml,125.0,ml
A000000219101,[본품] 125ml,125.0,ml
A000000219102,[본품] 125ml,125.0,ml
A000000221831,125ml,125.0,ml
A000000222740,150ml,150.0,ml
A000000222741,180ml,180.0,ml
A000000223782,닥터지 레드 블레미쉬 포 맨 올인원 크림 150ml / 150ml+30ml,150.0,ml
A000000224041,150ml,150.0,ml
A000000224240,180ml,180.0,ml
A000000225493,50ml,50.0,ml
A000000225614,200ml,200.0,ml
A000000226100,150mL,150.0,ml
A000000226598,150ml,150.0,ml
A000000226600,150ml,150.0,ml
A000000227226,120ml,120.0,ml
A000000229488,130ml,130.0,ml
A000000231297,300ml,300.0,ml
A000000232954,150ml,150.0,ml
A000000232971,"퍼펙트 올인원:150ml,100ml,30ml / 퍼펙트 클렌징폼:150ml,30ml / 바디워시: 30ml",150.0,ml
A000000232989,100ml,100.0,ml
A000000232993,50ml,50.0,ml
A000000232999,125ml,125.0,ml
A000000233004,80ml,80.0,ml
A000000237000,150ml,150.0,ml
A000000238287,200ml+80ml,200.0,ml
A000000238500,150ml,150.0,ml
A000000238513,110ml,110.0,ml
A000000240093,150ml,150.0,ml
A000000240497,150ml,150.0,ml
A000000245706,60ml,60.0,ml
A000000246717,1개/100ml,100.0,ml
A000000249538,120ml,120.0,ml
A000000250229,80ml,80.0,ml
A000000252331,200ml,200.0,ml
A000000254668,150ml,150.0,ml
A000000255061,200ml,200.0,ml
A000000255983,200ml,200.0,ml
A000000257647,90ml,90.0,ml
A000000257658,110ml,110.0,ml
A000000257670,110ml,110.0,ml
A000000258379,120ml,120.0,ml
A000000259098,115ml,115.0,ml
A000000261984,에센스 120ml*2,240.0,ml
A000000261999,100ml,100.0,ml
B000000184084,300ml,300.0,ml
B000000184086,300ml,300.0,ml
B000000223871,데이 75ml / 나이트 75ml,75.0,ml
B000000223873,워터 세럼 75ml / 화이트 세럼 75ml,75.0,ml
B000000232976,100ml,100.0,ml
A000000260445,300ml,300.0,ml
A000000137078,260ml,260.0,ml
A000000208425,120ml,120.0,ml
A000000210476,100ml,100.0,ml
A000000011088,■ 100ml,100.0,ml
A000000016749,■ 본품 180ml,180.0,ml
A000000107837,본품 200ml + 리필 150ml,200.0,ml
A000000115419,[본품] 100ml,100.0,ml
A000000122212,■ 153ml,153.0,ml
A000000137386,200ml,200.0,ml
A000000144803,140ml,140.0,ml
A000000147577,본품 200ml+리필 150ml,200.0,ml
A000000148729,30ml,30.0,ml
A000000149427,150ml,150.0,ml
A000000152004,"130ml, 30ml",130.0,ml
A000000161654,200ml,200.0,ml
A000000162615,120ml,120.0,ml
A000000164819,135ml,135.0,ml
A000000165603,200ml+50ml,200.0,ml
A000000171034,50ml,50.0,ml
A000000174520,100ml,100.0,ml
A000000176899,200ml + 200ml,200.0,ml
A000000178076,110ML,110.0,ml
A000000182721,200ml,200.0,ml
A000000184579,211ml,211.0,ml
A000000184805,100ml,100.0,ml
A000000184935,200ml,200.0,ml
A000000185300,120ML,120.0,ml
A000000187243,100ml,100.0,ml
A000000187655,110ml,110.0,ml
A000000191179,120 mL,120.0,ml
A000000199594,30ml,30.0,ml
A000000203994,150ml+150ml,150.0,ml
A000000204158,■ 150ml + 50ml,150.0,ml
A000000207456,톤로션 50ml(+젠틀폼 30ml 증정),50.0,ml
A000000209130,50ml,50.0,ml
A000000209705,[본품] 200ml,200.0,ml
A000000210948,150ml,150.0,ml
A000000210949,150ml,150.0,ml
A000000213679,200ml,200.0,ml
A000000214141,125ml,125.0,ml
A000000222771,본품 150 mL / 증정기획 본품 150 ml +50 ml / 1+1 기획 본품 150ml + 튜브형 150ml,150.0,ml
A000000222772,140 mL,140.0,ml
A000000226597,150ml,150.0,ml
A000000233577,200ml,200.0,ml
A000000236436,75ml,75.0,ml
A000000237614,50ml,50.0,ml
A000000242171,120g,120.0,g
A000000255603,110ml,110.0,ml
A000000257196,[본품] 비욘드 엔젤아쿠아 이온히알루10% 워터 에센스 인 로션 200ml,200.0,ml
A000000259759,50ml,50.0,ml
A000000263538,로션 200ml + 크림 10ml + 앰플 4ml,200.0,ml
A000000259555,100ml+100ml,100.0,ml
A000000130138,120ml,120.0,ml
A000000259067,300ml+300ml+150ml,300.0,ml
A000000189004,120ml/ 120ml*2ea / 100ml*3ea/ 60ml,120.0,ml
A000000243433,100ML + 100ML,100.0,ml
A000000247773,100mL + 100mL,100.0,ml
A000000254446,단품: 100ml/ 기획: 100ml+겔마스크 2매 / 단품: 50mL,100.0,ml
A000000259319,100ml / 3.38fl.oz.,100.0,ml
A000000251062,345 릴리프 크림 미스트 100ml + 60ml,100.0,ml
A000000166510,250ml,250.0,ml
A000000237453,30mL,30.0,ml
A000000254068,100ml * 2ea,200.0,ml
A000000259222,50ml,50.0,ml
A000000260444,200ml,200.0,ml
A000000166436,300ml + 300ml + 50ml,300.0,ml
A000000259123,100ML,100.0,ml
A000000255680,100ML + 100ML,100.0,ml
A000000220688,본품 120ml + 리필 120ml,120.0,ml
A000000260054,100ML + 100ML,100.0,ml
A000000213148,100ml,100.0,ml
A000000237449,100mL,100.0,ml
A000000261322,[본품] 미스트 100ml,100.0,ml
A000000014358,300ml * 2ea,600.0,ml
A000000252601,100mL,100.0,ml
A000000259499,본품100g+세럼15ml,100.0,g
A000000200724,50ml+50ml,50.0,ml
A000000213916,120ml,120.0,ml
A000000227144,100ml,100.0,ml
A000000232220,100ml / 10ml / 5ml,100.0,ml
A000000261472,120ml,120.0,ml
A000000115500,150mL / 5.07 fl. oz.,150.0,ml
A000000241879,70ml,70.0,ml
A000000014686,150ml,150.0,ml
A000000259179,"[본품] 120ml, [증정품] 미스트 50ml, 세럼 1ml",120.0,ml
A000000213555,150ml,150.0,ml
A000000259659,"크림: 15ml / 0.50 fl. oz., 세럼: 15ml / 0.50 fl. oz., 미스트: 60ml / 2.02 fl. oz.",15.0,ml
A000000260349,100ml,100.0,ml
A000000200644,55ml,55.0,ml
A000000208448,100 mL / 3.38 fl. oz.,100.0,ml
A000000254684,100g*2ea,200.0,g
A000000213956,본품 50ml / 기획 증정품 20ml,50.0,ml
A000000255319,120ml,120.0,ml
A000000251220,50ml,50.0,ml
A000000243502,100ml/3.38 fl.oz. + 50ml / 1.69 fl.oz.,100.0,ml
A000000117163,100ml,100.0,ml
A000000010485,150ml,150.0,ml
A000000243432,"[본품] 피디알엔 글로우 앰플 100ml *1ea, [증정품] 피디알엔 에센스 100 15ml *1ea, 브이티 리들샷 100 1ml *3ea",100.0,ml
A000000115511,15ML,15.0,ml
A000000223623,[본품] 60ml [증정] 리필 60ml,60.0,ml
A000000235504,100ml,100.0,ml
A000000219172,50ml,50.0,ml
A000000251221,50ml,50.0,ml
A000000213556,150ml,150.0,ml
A000000199401,30mLX2,60.0,ml
A000000212393,50ml,50.0,ml
A000000016698,150ml,150.0,ml
A000000215152,100ml,100.0,ml
A000000244926,73.8ml + 30ml,73.8,ml
A000000261637,100ml,100.0,ml
A000000235494,100g+30g,100.0,g
A000000010498,300ml + 300ml,300.0,ml
A000000016213,■ 20ml,20.0,ml
A000000192304,100ml,100.0,ml
A000000180891,20ml,20.0,ml
A000000104102,30ml,30.0,ml
A000000260416,100ml,100.0,ml
A000000252899,50ml/1.69fl.oz.,50.0,ml
A000000254353,TXA 미스트 100ml / TXA 세럼 15ml,100.0,ml
A000000244498,120 mL,120.0,ml
A000000230967,30ml,30.0,ml
A000000237006,150ml,150.0,ml
A000000016697,300ml,300.0,ml
A000000154819,100ml,100.0,ml
A000000212409,300ml,300.0,ml
A000000141328,30ml,30.0,ml
A000000141314,30ml,30.0,ml
A000000261389,50ml,50.0,ml
A000000001588,50ml,50.0,ml
A000000002326,50ml,50.0,ml
A000000010507,150ml,150.0,ml
A000000014357,150ml * 2ea,300.0,ml
A000000014960,300ml,300.0,ml
A000000016694,50ml,50.0,ml
A000000102704,100ml,100.0,ml
A000000104159,125ml,125.0,ml
A000000107076,100ml,100.0,ml
A000000149221,120ml,120.0,ml
A000000149880,100ml,100.0,ml
A000000170881,200ml,200.0,ml
A000000186215,[본품] 60ml + [리필] 60ml,60.0,ml
A000000188471,30ml,30.0,ml
A000000201287,100mL,100.0,ml
A000000204806,본품 60ml +리필 60ml * 2ea,60.0,ml
A000000208208,60ml,60.0,ml
A000000214199,50ml,50.0,ml
A000000214202,120ml,120.0,ml
A000000215447,177ml,177.0,ml
A000000219930,60ml,60.0,ml
A000000224446,100ml,100.0,ml
A000000225603,[본품] 미스트 100G,100.0,g
A000000229588,100g,100.0,g
A000000232975,150ml,150.0,ml
A000000233179,100ml,100.0,ml
A000000233578,100ml,100.0,ml
A000000235165,100ml,100.0,ml
A000000235510,60ml,60.0,ml
A000000238503,90ml,90.0,ml
A000000240137,100ml,100.0,ml
A000000240152,100 g / 3.52 oz.,100.0,g
A000000240153,100 g / 3.52 oz.,100.0,g
A000000240155,100 g / 3.52 oz.,100.0,g
A000000240156,100 g / 3.52 oz.,100.0,g
A000000240453,100*2개입,,
A000000241356,50ML,50.0,ml
A000000242585,[본품] 미스트 250ml,250.0,ml
A000000242632,120ml,120.0,ml
A000000244588,본품 50ml / 증정 15ml,50.0,ml
A000000244836,100ml,100.0,ml
A000000245094,120ml+120ml,120.0,ml
A000000245184,55ml,55.0,ml
A000000246187,50ml,50.0,ml
A000000246714,250ml,250.0,ml
A000000246901,100g,100.0,g
A000000247688,60ml,60.0,ml
A000000247748,100g,100.0,g
A000000248177,150ml + 60ml,150.0,ml
A000000248819,100g (+30g),100.0,g
A000000249277,(본품) : 100 mL / 3.38 fl. oz. (증정) : 50ml / 1.69 fl. oz.,100.0,ml
A000000253124,28ml,28.0,ml
A000000253205,100ml,100.0,ml
A000000255331,50ml,50.0,ml
A000000255334,55ml,55.0,ml
A000000255452,50ml,50.0,ml
A000000255463,50ml,50.0,ml
A000000257156,100ml,100.0,ml
A000000257230,100ml,100.0,ml
A000000257433,1.86 fl.oz. / 55ml x 2개입,110.0,ml
A000000258987,100g,100.0,g
A000000259554,100ML,100.0,ml
A000000260415,100ml,100.0,ml
A000000203008,10ml+(증정)크림10ml+(증정)면봉 50P,10.0,ml
A000000199400,30mL,30.0,ml
A000000203571,15ml,15.0,ml
A000000206576,150ml,150.0,ml
A000000206851,100ml,100.0,ml
A000000207760,55g,55.0,g
A000000213116,100ml,100.0,ml
A000000232191,100ml + 50ml + 미니언즈 키링,100.0,ml
A000000235232,미스트 본품 100ml + 수분크림 10ml 증정,100.0,ml
A000000242587,[본품] 미스트 100ML*3,300.0,ml
A000000246294,120 ml,120.0,ml
A000000247253,다이브인 크림 미스트 120ml + 리필 120ml,120.0,ml
A000000250477,미스트 본품 100ml + 수분크림 10ml + 발렌 스티커,100.0,ml
A000000251277,300ml + 300ml + 300ml,300.0,ml
A000000251742,본품 50ml (+콜라겐 겔 토너 패드 10매),50.0,ml
A000000252323,50ml,50.0,ml
A000000252324,100ml,100.0,ml
A000000245794,118ml + 30ml,118.0,ml
A000000189181,■ 토너 500mL ■ 토너 250mL,500.0,ml
A000000258833,본품 300ml (증정 : 수딩크림 30ml+세라-히알앰플 7ml),300.0,ml
A000000155253,200ml+200ml,200.0,ml
A000000258293,300 ml + 100ml,300.0,ml
A000000248498,350mL (+리필 350mL),350.0,ml
A000000229456,300ml,300.0,ml
A000000190395,[본품] 300ml / [리필] 300ml,300.0,ml
A000000137180,600ml,600.0,ml
A000000258792,"[본품] 토너 : 500ml / [증정] 토너: 100ml, 크림 30ml",500.0,ml
A000000222849,포도당 하이드로 에센스 토너 300ml+300ml,300.0,ml
A000000116659,500ml,500.0,ml
A000000188874,300ml,300.0,ml
A000000159921,200ml,200.0,ml
A000000213171,"토너 300ml, 젤크림 30ml",300.0,ml
A000000004434,250ml,250.0,ml
A000000256045,300 ml / 10.14 fl. oz.,300.0,ml
A000000188990,■세트: 토너 250mL+크림 100mL / ■토너: 토너500mL+세럼3mL / ■크림: 크림100mL*2ea+세럼3mL,250.0,ml
A000000198874,토너 200ml+100ml,200.0,ml
A000000225063,125ml/250ml,125.0,ml
A000000139347,200ml,200.0,ml
A000000210924,290ml,290.0,ml
A000000251203,200ml,200.0,ml
A000000223627,100ml,100.0,ml
A000000148285,[본품] 400ml + [증정] 100ml,400.0,ml
A000000231891,250ml + 40ml,250.0,ml
A000000189488,200 ml + 50 ml,200.0,ml
A000000218549,200ML,200.0,ml
A000000254908,300ml,300.0,ml
A000000244993,200ml + 10ml,200.0,ml
A000000132162,250ml,250.0,ml
A000000228907,토너 200ml + 어성초 마스크팩 2매,200.0,ml
A000000223425,180ml,180.0,ml
A000000211003,170ml (+50ml 증정),170.0,ml
A000000213492,250ml,250.0,ml
A000000182686,200ml,200.0,ml
A000000182787,200ml / 6.76 fl. oz.,200.0,ml
A000000157178,300ml*2ea,600.0,ml
A000000144052,190ml,190.0,ml
A000000256752,[본품]300ml [증정]리필 200ml [증정]미스트 펌프 1개 [증정]늘어나는 화장솜 30매,300.0,ml
A000000223546,15ml,15.0,ml
A000000261555,150ml,150.0,ml
A000000002839,250ml,250.0,ml
A000000182583,본품 150mL+30mL*2ea,150.0,ml
A000000199153,200ml,200.0,ml
A000000163493,200ml,200.0,ml
A000000143244,200ml,200.0,ml
A000000224583,[본품] 아쿠아 밤 프로즌 토너 300ml / [증정] (옵션별상이) 세미 겔 패드 70매 / 아쿠아 밤 프로즌 토너 50ml + 세미 겔 패드 140매 / 아쿠아 밤 프로즌 토너 50ml + 아쿠아 밤 프로즌 크림 3ml*3매,300.0,ml
A000000205340,200ml,200.0,ml
A000000257653,150ml,150.0,ml
A000000201650,350ml+리필 350ml,350.0,ml
A000000117997,200g,200.0,g
A000000216574,150ml+30ml,150.0,ml
A000000146589,200ml,200.0,ml
A000000252696,350mL,350.0,ml
A000000206025,500ml+500ml,500.0,ml
A000000139348,200ml,200.0,ml
A000000243679,200ml+DMT 크림 10ML*2,200.0,ml
A000000147360,200ml,200.0,ml
A000000214179,250ml,250.0,ml
A000000188048,500ML,500.0,ml
A000000255290,300ml,300.0,ml
A000000154506,150ml,150.0,ml
A000000250711,[본품] 200ml / [증정] 50ml,200.0,ml
A000000229521,350g,350.0,g
A000000207054,500 ml + 100 ml,500.0,ml
A000000160562,200ML,200.0,ml
A000000203171,500mL,500.0,ml
A000000176320,200ml,200.0,ml
A000000208030,100ml,100.0,ml
A000000255384,70 ml,70.0,ml
A000000243855,118ml,118.0,ml
A000000245813,"토너 200ml, 크림 70ml",200.0,ml
A000000260382,200 ml / 6.76 fl. oz.,200.0,ml
A000000171132,500ml,500.0,ml
A000000209908,200ml,200.0,ml
A000000016873,250ml,250.0,ml
A000000248031,150ML,150.0,ml
A000000249581,200ml,200.0,ml
A000000257195,[본품] 비욘드 엔젤아쿠아 이온히알루10% 수분진정 토너 350ml,350.0,ml
A000000224246,250ml,250.0,ml
A000000199507,200ml,200.0,ml
A000000162058,160ml,160.0,ml
A000000222710,170ml (+50ml),170.0,ml
A000000205391,200ml,200.0,ml
A000000174023,토너 300ml + 크림 30ml,300.0,ml
A000000213413,300ml+익스트림 크림 25ml,300.0,ml
A000000211164,본품 200ml + 리필 200ml,200.0,ml
A000000169179,200ml,200.0,ml
A000000222697,300ml,300.0,ml
A000000199411,170ml,170.0,ml
A000000235207,350G + 120g,350.0,g
A000000164211,200ml,200.0,ml
A000000129474,280ml,280.0,ml
A000000153859,130ml,130.0,ml
A000000183751,150ml,150.0,ml
A000000184771,500ml,500.0,ml
A000000199405,200ml,200.0,ml
A000000228906,200ml,200.0,ml
A000000124507,177ml,177.0,ml
A000000167841,177ml,177.0,ml
A000000221424,500ml,500.0,ml
A000000212250,310ml,310.0,ml
A000000210050,250ml,250.0,ml
A000000129444,400ml,400.0,ml
A000000222939,200ml,200.0,ml
A000000137657,180ml,180.0,ml
A000000145833,200ml,200.0,ml
A000000225919,150ml,150.0,ml
A000000161571,210ml,210.0,ml
A000000199847,300ml(본품) + 라이트 크림 25ml(증정),300.0,ml
A000000208896,150mL,150.0,ml
A000000223625,240ml,240.0,ml
A000000160650,200ml,200.0,ml
A000000203564,150ml,150.0,ml
A000000165355,500ml,500.0,ml
A000000165366,500ml,500.0,ml
A000000237491,205ml / 6.93 fl. oz,205.0,ml
A000000158322,150ml,150.0,ml
A000000213097,150ml,150.0,ml
A000000141327,30ml,30.0,ml
A000000141330,30ml,30.0,ml
A000000154540,150ml,150.0,ml
A000000137388,200ml,200.0,ml
A000000150815,200ML,200.0,ml
A000000121246,145ml,145.0,ml
A000000011084,■ 150ml,150.0,ml
A000000011085,■ 150ml,150.0,ml
A000000016751,■ 본품 185ml,185.0,ml
A000000104144,200ml,200.0,ml
A000000104167,200ml,200.0,ml
A000000104169,200ml,200.0,ml
A000000104970,200ml,200.0,ml
A000000104976,200ml,200.0,ml
A000000113008,200ml,200.0,ml
A000000113009,200ml,200.0,ml
A000000113010,200ml,200.0,ml
A000000113011,200ml,200.0,ml
A000000113012,200ml,200.0,ml
A000000113806,90ml,90.0,ml
A000000115384,260ml,260.0,ml
A000000115420,[본품] 200ml,200.0,ml
A000000115910,150ml,150.0,ml
A000000121269,145ml,145.0,ml
A000000124495,177ml,177.0,ml
A000000124496,50ml,50.0,ml
A000000124501,50ml,50.0,ml
A000000124502,177ml,177.0,ml
A000000124503,50ml,50.0,ml
A000000124509,177ml,177.0,ml
A000000124512,177ml,177.0,ml
A000000125507,200ml,200.0,ml
A000000128107,120mL,120.0,ml
A000000129443,200ml,200.0,ml
A000000130513,100ml,100.0,ml
A000000136077,400ml,400.0,ml
A000000137417,200ml,200.0,ml
A000000137445,200ml,200.0,ml
A000000141900,200ml+200ml,200.0,ml
A000000143193,180ml,180.0,ml
A000000144551,170 mL,170.0,ml
A000000146262,170ml,170.0,ml
A000000147002,3.38oz (100ml),100.0,ml
A000000147660,150ml,150.0,ml
A000000148252,300ml,300.0,ml
A000000149122,165ml,165.0,ml
A000000151356,300ml,300.0,ml
A000000152514,200ml,200.0,ml
A000000154375,370ml,370.0,ml
A000000155413,50ml,50.0,ml
A000000156040,300ml,300.0,ml
A000000157294,500ml+250ml,500.0,ml
A000000157768,200ml,200.0,ml
A000000158930,200ml,200.0,ml
A000000161036,120ml,120.0,ml
A000000162977,200ML,200.0,ml
A000000163734,200ml,200.0,ml
A000000165303,150ml,150.0,ml
A000000165360,500ml,500.0,ml
A000000165364,500ml,500.0,ml
A000000166383,500ml + 50ml,500.0,ml
A000000167276,200ml,200.0,ml
A000000167843,414ml,414.0,ml
A000000167845,177ml,177.0,ml
A000000168269,400ML,400.0,ml
A000000169683,200ml+100ml,200.0,ml
A000000170038,토너 200ml + 화장솜,200.0,ml
A000000171755,150ml,150.0,ml
A000000175354,본품 150ml,150.0,ml
A000000176512,200ml,200.0,ml
A000000176978,300ml,300.0,ml
A000000177477,260ml,260.0,ml
A000000178648,200ml,200.0,ml
A000000179255,토너 150ml+50ml,150.0,ml
A000000179544,200ml,200.0,ml
A000000180024,100ml,100.0,ml
A000000180913,500ml,500.0,ml
A000000181475,200ml+100ml+31ml,200.0,ml
A000000184790,250ml,250.0,ml
A000000185156,[본품] 애프터쉐이브185ml,185.0,ml
A000000187241,150ml,150.0,ml
A000000188598,100ml,100.0,ml
A000000188830,150ml,150.0,ml
A000000189404,150ml,150.0,ml
A000000189586,170ml,170.0,ml
A000000191827,150ml,150.0,ml
A000000195660,150ml,150.0,ml
A000000197102,300ml,300.0,ml
A000000197660,200ml,200.0,ml
A000000198834,280ml,280.0,ml
A000000199652,300ml(본품),300.0,ml
A000000199824,200ml,200.0,ml
A000000200039,200ml,200.0,ml
A000000201363,200ml,200.0,ml
A000000203170,500mL,500.0,ml
A000000203207,150mL,150.0,ml
A000000204623,150ml,150.0,ml
A000000204639,[본품] 75ml,75.0,ml
A000000204652,[본품] 150ml,150.0,ml
A000000205919,100ml,100.0,ml
A000000206418,10ML,10.0,ml
A000000206419,20ML,20.0,ml
A000000206694,300 ml / 10.14 fl. oz.,300.0,ml
A000000207006,120ml,120.0,ml
A000000207031,300ml,300.0,ml
A000000208718,180ml,180.0,ml
A000000208986,200ml,200.0,ml
A000000209588,200ml,200.0,ml
A000000209641,150ml,150.0,ml
A000000209712,[본품] 145ml,145.0,ml
A000000210171,250ml,250.0,ml
A000000210415,TONER 200ml + CREAM 20ml,200.0,ml
A000000210471,"토너 130ml, 에멀전 130ml",130.0,ml
A000000210950,150ml,150.0,ml
A000000211218,300ml,300.0,ml
A000000211219,300ml,300.0,ml
A000000211858,250ml / 8.45 fl. oz.,250.0,ml
A000000212792,320ml,320.0,ml
A000000213385,200ml,200.0,ml
A000000214034,150ml,150.0,ml
A000000214177,75ml,75.0,ml
A000000214203,150ml,150.0,ml
A000000214222,200ml,200.0,ml
A000000214672,265ml + 리필 265ml,265.0,ml
A000000214992,200ml,200.0,ml
A000000215222,150ml,150.0,ml
A000000216459,200ml,200.0,ml
A000000216469,200ml,200.0,ml
A000000219144,150ml,150.0,ml
A000000219625,250ml,250.0,ml
A000000219966,30ML,30.0,ml
A000000219985,150ml,150.0,ml
A000000221331,300ml,300.0,ml
A000000221744,200ml + 스킨케어 패드 10매입(20컷),200.0,ml
A000000222250,170mL+50mL,170.0,ml
A000000222739,180ml,180.0,ml
A000000223334,200ml + 스킨케어패드 10매(20컷),200.0,ml
A000000224040,250ml,250.0,ml
A000000224385,180ml,180.0,ml
A000000225066,75ml/250ml,75.0,ml
A000000225492,200ml,200.0,ml
A000000225907,200ml,200.0,ml
A000000226099,150mL,150.0,ml
A000000227275,120ml,120.0,ml
A000000227666,200ml,200.0,ml
A000000228333,250 ml / 8.45 fl. oz.,250.0,ml
A000000228908,200ml,200.0,ml
A000000229286,200ml/400ml,200.0,ml
A000000229463,300ml,300.0,ml
A000000229470,200ml,200.0,ml
A000000229487,130ml,130.0,ml
A000000229509,150ml,150.0,ml
A000000229955,300ml,300.0,ml
A000000230943,200ML,200.0,ml
A000000231459,150ml,150.0,ml
A000000232188,200ml+DMT 크림 10ML*2,200.0,ml
A000000232996,150ml,150.0,ml
A000000233020,250ml,250.0,ml
A000000234358,200ml,200.0,ml
A000000238511,125ml,125.0,ml
A000000241106,[기획세트] 본품 200ml + 미니어처 30ml,200.0,ml
A000000242750,150ml,150.0,ml
A000000244661,250ml,250.0,ml
A000000246660,500ml,500.0,ml
A000000247057,400ml,400.0,ml
A000000247112,200ml,200.0,ml
A000000248574,150ml,150.0,ml
A000000248586,118ml + 118ml,118.0,ml
A000000248974,95g,95.0,g
A000000248981,95g,95.0,g
A000000248983,95g,95.0,g
A000000248985,95g,95.0,g
A000000249480,300ML/ 10.14 fl oz,300.0,ml
A000000250143,에빠끌라 K(+) 토너 200ml + 에빠끌라 폼 50ml,200.0,ml
A000000250226,30ml,30.0,ml
A000000251806,100ml,100.0,ml
A000000251814,100ml,100.0,ml
A000000251819,100ml,100.0,ml
A000000252666,200ml,200.0,ml
A000000252670,175ml,175.0,ml
A000000252722,100mL,100.0,ml
A000000254392,140ml,140.0,ml
A000000255442,210ml,210.0,ml
A000000257084,120ml,120.0,ml
A000000257541,200ml,200.0,ml
A000000257591,병풀추출물 150ml 2개입/ 병풀 수딩 마스크팩 20ml 2개입,150.0,ml
A000000257657,150ml,150.0,ml
A000000257660,150ml,150.0,ml
A000000258894,100 ml,100.0,ml
A000000260338,160ml 5.4 fl. oz.,160.0,ml
A000000261635,120ml,120.0,ml
A000000255328,[토너] 350mL + 350mL / [크림] 20mL,350.0,ml
A000000144122,200ml,200.0,ml
A000000116658,250ml,250.0,ml
A000000118247,200ml,200.0,ml
A000000124493,50ml,50.0,ml
A000000124499,177ml,177.0,ml
A000000124508,50ml,50.0,ml
A000000124511,50ml,50.0,ml
A000000128323,200ml,200.0,ml
A000000151890,300ml,300.0,ml
A000000154177,토너 500ml,500.0,ml
A000000158369,300ml,300.0,ml
A000000158921,200ml,200.0,ml
A000000159291,250ml,250.0,ml
A000000159466,240ML,240.0,ml
A000000161314,200ml,200.0,ml
A000000169999,200ml,200.0,ml
A000000170418,400ml,400.0,ml
A000000170638,320ml,320.0,ml
A000000173994,120ml,120.0,ml
A000000174370,500ml,500.0,ml
A000000177757,[본품] 300ml / [증정] 패드 10매(2매*5개입),300.0,ml
A000000178075,150ML,150.0,ml
A000000178514,200ml,200.0,ml
A000000178990,200ml,200.0,ml
A000000181193,150ml,150.0,ml
A000000182486,400ml,400.0,ml
A000000184965,200ml,200.0,ml
A000000187652,125ml,125.0,ml
A000000191894,150ml,150.0,ml
A000000199669,150ml,150.0,ml
A000000200229,490ml,490.0,ml
A000000206409,250ml,250.0,ml
A000000206424,15ML,15.0,ml
A000000210550,118ml + 30ml,118.0,ml
A000000212908,265ml,265.0,ml
A000000213407,150ml,150.0,ml
A000000214254,250ml,250.0,ml
A000000214753,500ml,500.0,ml
A000000217325,150ml,150.0,ml
A000000217777,300ml,300.0,ml
A000000218716,200ml,200.0,ml
A000000223783,닥터지 레드 블레미쉬 포 맨 멀티 수딩 토너 200ml + 레드 블레미쉬 포 맨 올인원 크림 30ml,200.0,ml
A000000227223,120ml,120.0,ml
A000000228073,[애프터쉐이브 워터로션] 150ml / [애프터쉐이브 겔] 100ml,150.0,ml
A000000228953,300 ml / 10.14 fl.oz.,300.0,ml
A000000229723,100ml,100.0,ml
A000000229965,150ml,150.0,ml
A000000231074,350g + 120g + 헤어핀,350.0,g
A000000233002,200ml,200.0,ml
A000000233187,살몬 토너: 200ml 살몬 앰플: 13ml,200.0,ml
A000000243074,170ml (+시트팩 1매+170ml 리필+미스트펌프),170.0,ml
A000000243621,250mL * 2EA,500.0,ml
A000000245459,500ml,500.0,ml
A000000246774,[본품] 1025 독도 토너 300ml + 300ml [증정품] 눈멍이 수분 배트 인형 키링 1개,300.0,ml
A000000251196,200ml,200.0,ml
A000000252322,토너 300ml + 100ml,300.0,ml
A000000255246,[본품] 1025 독도 토너 300ml + 미스트형 300ml [증정품] 늘어나는 스킨패드 30매,300.0,ml
A000000255602,28ml,28.0,ml
A000000256079,레드 토너 : 95g + 미니 세럼 7ml + 세럼 키트 1.5ml*4,95.0,g
A000000258292,300 ml / 10.14 fl. oz.,300.0,ml
A000000261442,[본품] 300ml + [증정품] 30ml,300.0,ml
A000000261666,토너 200ml + 탄력올인원 30ml,200.0,ml
A000000171581,■ 우르오스 스킨밀크 or 스킨로션 200ml + 우르오스 스킨워시 300ml,200.0,ml
A000000203250,토너150mL + 에멀전150mL + 크림15mL(증정),150.0,ml
A000000183868,에센스 145ml/에멀젼 120ml,145.0,ml
A000000183741,"토너150ml, 플루이드125ml",150.0,ml
A000000199156,[본품] 포 맨 소나무 진정 토너 200ml+로션 200ml+[증정품] 소나무 진정 시카 클렌저 40ml,200.0,ml
A000000179227,플루이드로션100ml+토너200ml,100.0,ml
A000000187675,[본품] 포 맨 자작나무 수분 토너 200ml+로션 200ml [증정품] 포 맨 자작나무 쉐이빙 클렌징 폼 40ml,200.0,ml
A000000137179,[본품]라운드랩 1025 독도 토너 200ml+[본품]라운드랩 1025 독도 로션 200ml,200.0,ml
A000000207115,젤로션 : 200 ml / 6.76 fl. oz. / 스킨 : 300 ml / 10.14 fl. oz.,200.0,ml
A000000204635,자음수150ml+자음유액125ml+탄력크림50ml+윤조에센스15ml+자음수15ml+자음유액15ml+탄력크림5ml,150.0,ml
A000000231763,자음수75ml+자음유액60ml+윤조에센스8ml+탄력크림5ml,75.0,ml
A000000143189,토너180ml+로션125ml,180.0,ml
A000000243501,카밍 소프너 250ml + 카밍 로션 이엑스 80ml,250.0,ml
A000000230868,퍼펙트 탄력 스킨 200mL+퍼펙트 탄력 로션 150ml,200.0,ml
A000000190132,토너150ml+에멀전150ml+클렌징폼70ml,150.0,ml
A000000149992,[본품]마녀공장 비피다 바이옴 앰플 토너 300ml+[본품]마녀공장 비피다 바이옴 앰플 로션 300ml,300.0,ml
A000000223780,토너 200ml + 진정올인원 150ml,200.0,ml
A000000259712,하다라보 고쿠쥰 로션&밀크 세트 (로션 170ml+밀크 140ml+디스펜서+화장솜 20매),170.0,ml
A000000173489,"스킨: 150ML , 로션: 150ML , 남성 아이크림 10ml*2ea",150.0,ml
A000000235083,옵션별 상이,,
A000000188898,"에센스 스킨 150ml, 에멀젼 125ml",150.0,ml
A000000006570,■ 스킨로션 200ml + 스킨워시 300ml,200.0,ml
A000000216255,"토너 310ml, 로션 70ml",310.0,ml
A000000228951,[밸런스풀 포맨 스킨] 300 ml / [밸런스풀 포맨 로션] 200 ml,300.0,ml
A000000257406,"크림 60ml, 세럼 40ml, 오인트 겔 5ml",60.0,ml
A000000231522,10ML + 10ML,10.0,ml
A000000232992,앰플 50ml + 크림 50ml + 링클마스크 1매,50.0,ml
A000000147466,■ 토너:200ml ■ 카밍올인원:200ml,200.0,ml
A000000249719,"올인원 150ml, 립밤 3g",150.0,ml
A000000260527,5g + 15ml,5.0,g
A000000210481,"토너 130ml, 에멀젼 130ml + (증정)토너 31ml, 에멀젼31ml",130.0,ml
A000000204590,플루이드 로션100ml+토너200ml,100.0,ml
A000000237967,150ml+150ml+30g,150.0,ml
A000000224735,"[앰플] 5ml / 0.17 FL.OZ. 앰플 스포이드 1EA, 프로HA 롤러 팁 1EA, 롤러 전용 핸들 1EA",5.0,ml
A000000151892,로션170ml + 밀크140ml,170.0,ml
A000000200326,30ml + 30ml,30.0,ml
A000000131740,[본품]토너145ml+[본품]로션145ml+[증정]토너145ml,145.0,ml
A000000011073,"■ 릴리프 토닉x150ml, 릴리프에센스에멀젼x100ml, 릴리프 에센셜 마스크18mlx2",150.0,ml
A000000016750,■ 에멀젼180ml+애프터쉐이브185ml+에멀젼35ml+애프터쉐이브35ml,180.0,ml
A000000143198,스킨 180ml+모이스처라이저 125ml,180.0,ml
A000000144910,하다라보 고쿠쥰 로션 170ml / 하다라보 고쿠쥰 밀크 140ml,170.0,ml
A000000152013,애프터쉐이브 185ml x 2개입+에멀전 180ml,370.0,ml
A000000165624,퍼스트에센스165ml + 크림50ml + 아이크림10ml + 마스크팩1ea,165.0,ml
A000000173302,"시카메탈크림 10g, 비타리프트-A 7g, 더블디펜스선블록 10ml",10.0,g
A000000185155,"[본품] 애프터쉐이브185ml. 에멀전180ml [증정품] 애프터쉐이브35ml, 에멀전35ml",185.0,ml
A000000189598,[본품] 스킨 150ml + 에멀전 100ml [증정] 크림 25ml,150.0,ml
A000000195970,[본품] 포 맨 자작나무 수분 미스트형 토너 300ml+크림 75ml [증정품] 포 맨 자작나무 수분 토너 20ml+로션20ml & 기본캡,300.0,ml
A000000199169,[본품] 포 맨 소나무 진정 토너 200ml+크림 75ml+[증정품] 소나무 진정 시카 클렌저 40ml,200.0,ml
A000000204641,"[본품] 세럼 30ml, 크림 50ml [증정] 트리트먼트 20ml, 세럼 10ml, 크림 10ml",30.0,ml
A000000204678,"[본품] 스킨 100ml, 에멀전 100ml [증정] 스킨 20ml, 에멀전 20ml, 세럼 7ml, 크림 10ml",100.0,ml
A000000204722,자음수150ml+자음유액125ml+윤조에센스 60ml+윤조에센스15ml+자음수15ml+자음유액15ml+탄력크림15ml,150.0,ml
A000000204808,"[본품] 토너 150ml, 에멀전 130ml [증정] 토너 20ml, 에멀전 20ml, 아이크림 10ml, 크림 10ml, 클렌징폼 40ml",150.0,ml
A000000204809,옵션별 상이,,
A000000205873,"플루이드 로션100ml+토너200ml, 크림 80ml+토너200ml, 시카크림 80ml+토너200ml",100.0,ml
A000000208443,"[본품] 토너 150ml, 에멀젼 110ml [증정] 토너 20ml, 에멀젼 20ml, 크림 10ml, 클렌징폼 40ml",150.0,ml
A000000208732,410ml,410.0,ml
A000000209715,[본품] 스킨145ml + 로션135ml + [증정] 스킨32ml + 로션32ml,145.0,ml
A000000209732,[본품] 스킨140ml + 로션130ml + [증정] 스킨32ml + 로션32ml),140.0,ml
A000000210294,40ml*4ea,160.0,ml
A000000210474,"토너 130ml, 에멀젼 130ml + (증정)올인원 밀크 70ml",130.0,ml
A000000210478,"토너 130ml, 에멀젼 130ml + (증정)토너 31ml, 에멀젼 31ml, 크림 31ml",130.0,ml
A000000210646,본윤에센스 140ml+본윤유액 90ml+본윤에센스 15ml+본윤유액 8ml +본윤선크림 15ml,140.0,ml
A000000222681,톰 스마트필™ 글레이즈드 1제 - 2ml / 톰 스마트필™ 글레이즈드 2제 - 3ml / 톰 스마트필™ 글레이즈드 3제 - 4ml / 톰 스마트베일™ 글로우 실러 마스크 - 1매(0.1g),2.0,ml
A000000222742,토너 180ml / 로션 150ml,180.0,ml
A000000229493,"본품: 소프너130ML, 에멀전130ML 견본: 소프너15ML, 에멀전15ML, 세럼5ML",130.0,ml
A000000229580,"토너125ml,에멀전110ml, 토너20ml*2ea,에멀전20ml",125.0,ml
A000000238516,235g,235.0,g
A000000241736,▣우노 스킨세럼 모이스처 180ml ▣우노 스킨세럼 워터 200ml,180.0,ml
A000000242004,콜라겐 펩타이드 세럼 30ml+콜라겐 펩타이드 크림 50ml+콜라겐 마스크 2매,30.0,ml
A000000245689,"[본품] 스킨150ml, 에멀전140ml, 크림25ml [증정] 스킨20ml, 에멀전20ml, 에센스10ml, 폼45ml",150.0,ml
A000000248583,자정수150ml+자정유액125ml,150.0,ml
A000000249715,"올인원 150ml, 립밤 3g",150.0,ml
A000000251031,콩 크림 50ml + 콩 에센스 50ml,50.0,ml
A000000253543,토너 150 mL 세럼 30 mL 크림 50 Ml (증정) 세럼마스크 1매,150.0,ml
A000000255605,토너 125ml+에멀전 110ml(+토너 20ml*2ea+에멀전 20ml 증정),125.0,ml
A000000259471,드라이오일 30ml+스틱레브르 4g,30.0,ml
A000000260545,토너 160ml / 에멀젼 120ml,160.0,ml
B000000249171,자정수150ml+자정유액125ml+윤조에센스8ml+자정수25ml+자정유액25ml+자정앰플세럼7ml,150.0,ml
B000000249185,자정기미코렉터 30ml +순행클렌징폼50ml+윤조에센스8ml+자정앰플세럼7ml+자정기미코렉터3ml,30.0,ml
B000000249215,자정앰플세럼 30ml+자정수40ml+자정앰플세럼7ml+자정기미코렉터3ml,30.0,ml
A000000214250,"올리고포스 세럼 이드라땅 어드밴스드 30ml, 로제비자쥐 50ml, 이드라 오리지널 멜팅크림 30ml",30.0,ml
A000000011080,"■ 세붐 스트라이크 토너x150ml, 세붐 스트라이크 세럼 x100ml, 리프레지 FM 마스크x18ml",150.0,ml
A000000014896,"■ 화이트닝 스킨 플러스 로션 150ml, 화이트닝 톤업 크림 50ml",150.0,ml
A000000017045,■ 보닌 더 스타일 스탠다드 토너 135ml 보닌 더 스타일 스탠다드 에멀전 135ml 보닌 더 스타일 스탠다드 토너(증정용) 35ml 보닌 더 스타일 스탠다드 에멀전(증정용) 35ml,135.0,ml
A000000176843,"[정품] 토너 140ml, 에멀전 140ml [증정] 토너 5ml, 에멀전 5ml",140.0,ml
A000000182724,"[본품] 토너240ml, 에멀전200ml [증정] 토너31ml, 에멀전31ml, 카밍릴리프폼31ml",240.0,ml
A000000198347,진정올인원 100ml+진정올인원 15ml+아쿠아수딩토너150ml,100.0,ml
A000000208075,"[본품] 공진향 탄력 밸런싱 토너 50ml, 공진향 탄력 에멀젼 50ml [증정] 공진향 탄력 크림 10ml, 비첩 자생 에센스 10ml, 공진향 클렌징 폼 40ml",50.0,ml
A000000209710,[본품] 토너180ml + [본품] 에멀젼170ml + [증정] 토너32ml + [증정] 에멀젼32ml,180.0,ml
A000000209723,[본품] 토너130ml + 에멀젼110ml + [증정] 토너30ml + 에멀젼30ml),130.0,ml
A000000214291,상세페이지 참조,,
A000000214292,상세페이지 참조,,
A000000214851,2mlx7병,14.0,ml
A000000215591,"토너 140ml, 모이스처라이저 110ml",140.0,ml
A000000216958,상세페이지 참조,,
A000000221557,하다라보 고쿠쥰 로션 170ml+하다라보 고쿠쥰 밀크 140ml,170.0,ml
B000000248712,자음수150ml+자음유액125ml+탄력크림50ml+윤조에센스15ml+자음수15ml+자음유액15ml+탄력크림5ml,150.0,ml
B000000248715,자음수150ml+자음유액125ml+윤조에센스 60ml+윤조에센스15ml+자음수15ml+자음유액15ml+탄력크림15ml,150.0,ml
A000000258291,50 ml / 1.69 fl. oz. *2개,50.0,ml
A000000261742,50ml + 50ml,50.0,ml
A000000258877,30ml+리필 30ml,30.0,ml
A000000261423,"앰플: 100ml+60ml, 수딩크림: 30ml",100.0,ml
A000000260600,30ml,30.0,ml
A000000200646,■ 징크테카 세럼 50mL + 25mL리필 / 25ml+25mL리필 / 25ml 단품,50.0,ml
A000000219609,[본품]트러블 세럼 50ml+[증정품]트러블 세럼 리필40ml+트러블 크림10ml,50.0,ml
A000000158615,60ml,60.0,ml
A000000230206,30ml+30ml,30.0,ml
A000000226201,30mL x 2EA,60.0,ml
A000000222698,본품 30mL + 리필 30mL,30.0,ml
A000000255620,본품 30ml,30.0,ml
A000000254661,30ml + 30ml,30.0,ml
A000000250199,15ml + 3ml,15.0,ml
A000000254065,피디알엔 에센스 100 30ml * 2ea,60.0,ml
A000000224494,30ml,30.0,ml
A000000231822,7g+퍼프 1개,7.0,g
A000000189837,30ml+30ml,30.0,ml
A000000245091,30ml (+리필 30ml),30.0,ml
A000000184060,30ml,30.0,ml
A000000225217,30ml,30.0,ml
A000000187712,■ 징크테카 세럼 50mL + 25mL리필 / 25ml+25mL리필 / 25ml 단품,50.0,ml
A000000229790,50+35ml,35.0,ml
A000000255242,[본품] 소나무 진정 시카 앰플 30ml + 리필형 30ml + 리필형 30ml,30.0,ml
A000000222837,200ML,200.0,ml
A000000243677,피지오겔 사이언수티컬즈 데일리뮨 앰플 세럼 20ml+20ml,20.0,ml
A000000258649,40 ml / 1.35 fl. oz. X 2 ea,40.0,ml
A000000188065,120mL,120.0,ml
A000000207225,50ml*2,100.0,ml
A000000254058,"[본품] 리들샷 100 50ml / [증정품] 리들샷 300 1ml, 피디알엔 에센스 100 1.5ml",50.0,ml
A000000258297,50 ml / 1.69 fl. oz.,50.0,ml
A000000248500,30mL + 30mL,30.0,ml
A000000255701,50ml,50.0,ml
A000000259605,본품 30ml / 리필팩 50ml,30.0,ml
A000000259069,200ml+100ml+100ml,200.0,ml
A000000259697,기획 : 25g+20g / 단품 : 25g / 겔마스크 : 4+1매,25.0,g
A000000250773,30ml *2,60.0,ml
A000000231884,앰플 100ml / 원데이키트(캡슐15mg+솔루션1ml) 2ea,100.0,ml
A000000252982,50ml+50ml,50.0,ml
A000000261321,[본품] 앰플 30ML,30.0,ml
A000000222839,40ML,40.0,ml
A000000219548,50ml(+20ml),50.0,ml
A000000214258,30ml,30.0,ml
A000000242720,[본품] 앰플 30ML*2 + 앰플 15ML,60.0,ml
A000000235050,20 g*2,40.0,g
A000000232212,30ml+30ml+PDRN에센스 100 1.5ml*3ea,30.0,ml
A000000183707,30ml,30.0,ml
A000000219717,[본품]트러블 세럼 50ml+[증정품]트러블 세럼 15ml+트러블 세럼 마스크 1매(25ml),50.0,ml
A000000251229,200ml,200.0,ml
A000000254723,30ml (+15ml),30.0,ml
A000000208860,20ml+7ml 기획,20.0,ml
A000000233390,"[단품] 세럼 본품 30 mL, [더블기획] 세럼 본품 30mL, 세럼 본품 30mL, [리필기획] 세럼 본품 30mL, 세럼 리필 30mL, 콜라겐 99.9 앞볼 필름 1매, 콜라겐 워터 91 미스트 15mL. [대용량 증정 기획] 본품 50mL, 콜라겐 세럼 10mL, 콜라겐 크림 20mL",30.0,ml
A000000156315,40ml+40ml,40.0,ml
A000000203971,80ml+10ml,80.0,ml
A000000231293,30g,30.0,g
A000000255719,[본품] 액제 30ml [증정품] 크림제 5ml,30.0,ml
A000000258676,40 ml / 1.35 fl. oz. X 2 ea,40.0,ml
A000000254722,30ml,30.0,ml
A000000214675,50ml,50.0,ml
A000000243435,본품 30ml / PDRN 앰플 10ML / PDRN 수분크림 10ML,30.0,ml
A000000230854,30ml*2EA,60.0,ml
A000000259221,본품 30ml + 리필팩 30ml,30.0,ml
A000000258878,150ml+150ml,150.0,ml
A000000189171,20ml,20.0,ml
A000000260574,세럼 50ml + +수분크림 10ml,50.0,ml
A000000166013,30ml,30.0,ml
A000000231894,세럼 30mL+크림 30mL,30.0,ml
A000000259488,50ml*2,100.0,ml
A000000159468,15ml,15.0,ml
A000000232213,30ml+30ml+리들샷 100 10ml,30.0,ml
A000000211372,150ml+150ml,150.0,ml
A000000248589,50ml,50.0,ml
A000000233771,40ml+40ml,40.0,ml
A000000261744,50ml + 50ml,50.0,ml
A000000149966,30ml,30.0,ml
A000000213618,40ml + 40ml,40.0,ml
A000000218587,30ml+30ml,30.0,ml
A000000242719,[본품] 앰플 30ML*2,60.0,ml
A000000237409,30ml*2입,60.0,ml
A000000141333,30ml,30.0,ml
A000000256049,50 ml / 1.69 fl. oz. * 2개,50.0,ml
A000000229445,50ml+10ml+카밍크림3g+워터크림3g,50.0,ml
A000000211052,30ml x 2ea,60.0,ml
A000000250225,100ml,100.0,ml
A000000184133,30ml,30.0,ml
A000000180436,세럼 80ml,80.0,ml
A000000225602,[본품] 앰플 30ml + 30ml,30.0,ml
A000000255227,200ml+200ml,200.0,ml
A000000255684,30ml,30.0,ml
A000000238406,70ml,70.0,ml
A000000257200,[본품] 비욘드 엔젤아쿠아 이온히알루10% 수분가득진정 앰플 50ml / [증정] 비욘드 엔젤아쿠아 이온히알루10% 수분가득진정 앰플 50ml,50.0,ml
A000000248402,30mL,30.0,ml
A000000190691,50ml+50ml,50.0,ml
A000000259297,50ml + 50ml,50.0,ml
A000000219108,50ml 본품+50ml 리필,50.0,ml
A000000225243,세럼30ml+스피큘패드2매,30.0,ml
A000000236434,150ml,150.0,ml
A000000232438,100ml,100.0,ml
A000000235338,155ml / 5.24fl.oz.,155.0,ml
A000000222797,50mL + 30mL,50.0,ml
A000000260585,30ml+10ml,30.0,ml
A000000204366,"[본품] 30ml + [증정] 마이크로액티브 세럼 10ml, 크림 10ml",30.0,ml
A000000249421,50ml * 2,100.0,ml
A000000188004,세럼 50ml + 세럼 50ml 리필팩 + 수분크림 10ml,50.0,ml
A000000232547,35ml/1.18 fl.oz.,35.0,ml
A000000202462,30ml,30.0,ml
A000000255430,100ml,100.0,ml
A000000257709,50ml,50.0,ml
A000000161581,55ml,55.0,ml
A000000149970,30ml,30.0,ml
A000000206547,40ml,40.0,ml
A000000254209,30ml,30.0,ml
A000000197362,[본품]자작나무 수분앰플 50ml+[증정품]자작나무 수분크림 20ml,50.0,ml
A000000189054,30ml,30.0,ml
A000000232961,33g,33.0,g
A000000233882,[단품] 30 ml / [기획] 세럼 30lml+세럼7ml+필름마스크 1매,30.0,ml
A000000226524,50ml,50.0,ml
A000000219274,100ml,100.0,ml
A000000144177,40ml,40.0,ml
A000000255834,히알루 세럼 30ml+히알루 세럼10ml+히알루크림 3ml,30.0,ml
A000000190700,"[본품] 히알루로닉 에센스 180ml
[증정] 히알루로닉 에센스 리필 120ml",180.0,ml
A000000207544,[본품]트러블 흔적 앰플 30ml+[증정품]트러블 세럼15ml,30.0,ml
A000000254543,30ml,30.0,ml
A000000254332,150ml,150.0,ml
A000000231779,30ml+7.5ml*2,30.0,ml
A000000237634,각 옵션별 용량이 다름,,
A000000240128,30ml + 31ml,30.0,ml
A000000255686,95mlㅣ3.21 fl. oz.,95.0,ml
A000000138710,원데이키트7ea (캡슐15mg*7+솔루션1ml*7),7.0,개
A000000251222,30ml,30.0,ml
A000000180890,20ml,20.0,ml
A000000260346,10ml+10ml,10.0,ml
A000000184064,[본품] 30ml / [증정] 패드 6매(2매*3개입),30.0,ml
A000000200310,30 ml / 1.01 fl. oz.,30.0,ml
A000000204071,150ml+30ml,150.0,ml
A000000259164,[본품] 비타 나이아신 잡티 세럼 30ml [증정품] 비타 나이아신 잡티 세럼 1.5ml*3ea,30.0,ml
A000000159280,본품 150ml,150.0,ml
A000000169035,콩 에센스 50ml (+병풀 에센스 20ml),50.0,ml
A000000235051,20 g,20.0,g
A000000232910,25ml+5ml+20ml,25.0,ml
A000000254719,앰플23ml(+ 크림6g),23.0,ml
A000000232030,50g,50.0,g
A000000258832,세럼30ml(+15ml),30.0,ml
A000000233328,"앰플 50ml+ 링클마스크 1매, 앰플 50ml + 크림 20ml + 링클마스크 1매",50.0,ml
A000000199784,35ml+35ml,35.0,ml
A000000250346,23ml,23.0,ml
A000000246431,본품30ml+ [구성품]크림15ml,30.0,ml
A000000218340,에센스 250ml+리필150ml,250.0,ml
A000000249473,30ml*2ea,60.0,ml
A000000178748,20ml,20.0,ml
A000000243681,200ml (+리페어에센스50ml),200.0,ml
A000000239791,40ml,40.0,ml
A000000251276,200ml+200ml,200.0,ml
A000000258743,50ml+50ml리필,50.0,ml
A000000254712,30ML,30.0,ml
A000000224552,30ml + 5ml,30.0,ml
A000000184941,50ml,50.0,ml
A000000166628,40ml,40.0,ml
A000000154264,100ml,100.0,ml
A000000231062,150ml,150.0,ml
A000000242744,200ml,200.0,ml
A000000255624,50ml,50.0,ml
A000000254757,150ml(+프로텍팅 크림 5ml),150.0,ml
A000000204647,"[본품] 비첩 자생 에센스 25ml [증정] 공진향 탄력 밸런싱 토너 20ml, 에멀젼 20ml, 크림 10ml, 클렌징 폼 40ml",25.0,ml
A000000170689,30ml (15ml * 2),30.0,ml
A000000261743,50ml,50.0,ml
A000000228256,30ml,30.0,ml
A000000229094,50ml+15ml,50.0,ml
A000000219389,[본품] 앰플 50ml / [증정] 크림 30ml,50.0,ml
A000000258469,"토너센스: 95ml/3.21fl.oz. , 크림 20ml/0.67fl.oz x 2EA",95.0,ml
A000000200604,40ml,40.0,ml
A000000243084,본품 30mL / 증정 패드 2매 * 6ea,30.0,ml
A000000250253,[본품] 흔적세럼 35ml [증정품] 흔적세럼 35ml(리필),35.0,ml
A000000249803,50ml + 50ml,50.0,ml
A000000201658,30ml+30ml,30.0,ml
A000000249153,[본품]50ml [증정]크림20ml,50.0,ml
A000000257096,30ml,30.0,ml
A000000200353,105ml(3.55 fl.oz.),105.0,ml
A000000203925,30ml,30.0,ml
A000000210867,30ml,30.0,ml
A000000217326,30ml,30.0,ml
A000000251899,15ml,15.0,ml
A000000217422,20ml+7ml,20.0,ml
A000000214850,2mlx7병,14.0,ml
A000000233086,85ml+15ml,85.0,ml
A000000252606,30ml,30.0,ml
A000000258824,30ml,30.0,ml
A000000156871,"응급스팟:14ml / 응급패드 2매 *2, 총 4매",14.0,ml
A000000203792,30ml,30.0,ml
A000000103391,100ml,100.0,ml
A000000200313,30ml,30.0,ml
A000000190738,45ml,45.0,ml
A000000253401,30ml+1.5ml X 5ea,30.0,ml
A000000219714,[본품]트러블 모공탄력 세럼 50ml+[증정]트러블 모공탄력 세럼 5ml+트러블 모공탄력 크림 5ml,50.0,ml
A000000177475,30ml,30.0,ml
A000000258445,55ml,55.0,ml
A000000224329,50ml + 10ml*2,50.0,ml
A000000249582,30ml,30.0,ml
A000000255786,[세럼] 70ml / [화장솜] 35매,70.0,ml
A000000209746,30ml,30.0,ml
A000000244411,30g+20g,30.0,g
A000000225178,(본품)아벤느 비타민 액티브 Cg 세럼 30ml +(구성품) 비타민 Cg 액티브 크림 2ml*3,30.0,ml
A000000255418,70ml,70.0,ml
A000000253578,110g,110.0,g
A000000229490,30ml,30.0,ml
A000000224235,본품 6g * 2ea (12g),12.0,g
A000000244899,95mlㅣ3.21 fl. oz.,95.0,ml
A000000174028,60ml,60.0,ml
A000000217292,30ml,30.0,ml
A000000243477,30ml,30.0,ml
A000000233009,[본품] 50ml,50.0,ml
A000000240991,본품 40ml + 리필 40ml,40.0,ml
A000000202469,50ml+50ml리필,50.0,ml
A000000225216,30ml,30.0,ml
A000000191663,30ml,30.0,ml
A000000128529,15ml,15.0,ml
A000000233336,35ml,35.0,ml
A000000223489,윤조에센스 30ml,30.0,ml
A000000251318,110ml 기획 (+ 밀키크림 15ml),110.0,ml
A000000198832,50ml,50.0,ml
A000000202923,50ml,50.0,ml
A000000211479,50ml+50ml,50.0,ml
A000000141313,30ml,30.0,ml
A000000141323,30ml,30.0,ml
A000000254656,30ml + 30ml,30.0,ml
A000000229789,30+20ml,20.0,ml
A000000247185,60 ml,60.0,ml
A000000228253,30ml,30.0,ml
A000000229480,리들샷 100 50ml+리들샷 300 1ml*3ea+피디알엔 에센스 100 1.5ml*3ea,50.0,ml
A000000256092,30ml,30.0,ml
A000000180409,본품: 30mL / 증정:27mL 1매,30.0,ml
A000000229523,40ml,40.0,ml
A000000231799,50ml,50.0,ml
A000000219106,50ml,50.0,ml
A000000216520,10ml+10ml,10.0,ml
A000000229204,10ml,10.0,ml
A000000209830,30ml,30.0,ml
A000000235179,40ml*2ea,80.0,ml
A000000005336,40ml,40.0,ml
A000000256388,30ml,30.0,ml
A000000137017,30ml,30.0,ml
A000000202437,30mL,30.0,ml
A000000180408,70g,70.0,g
A000000223326,이드랑스 부스트 세럼 본품 30ml + +에센스인로션25ml+클렌징젤15ml+시칼파트블레미쉬크림2ml,30.0,ml
A000000223335,본품 30ml / +이드랑스 에센스-인-로션25ml+ 클리낭스 클렌징젤15ml + 시칼파트 블레미쉬크림2ml,30.0,ml
A000000180410,100ml+10ml,100.0,ml
A000000189769,30ml,30.0,ml
A000000229520,40ml,40.0,ml
A000000219751,[본품] 소나무 진정 시카 앰플 30ml [구성품] 소나무 진정 시카 토너 20ml,30.0,ml
A000000162783,80ml,80.0,ml
A000000186833,50ml / 20ml 택1,50.0,ml
A000000199281,5ml*6,30.0,ml
A000000225072,40ml+40ml,40.0,ml
A000000261847,15mL,15.0,ml
A000000184772,본품 150ml,150.0,ml
A000000235178,40ml*2,80.0,ml
A000000198835,30ml,30.0,ml
A000000261746,50ml,50.0,ml
A000000255708,50ml,50.0,ml
A000000183516,15ml,15.0,ml
A000000188947,150ml,150.0,ml
A000000230765,30ml,30.0,ml
A000000232047,30ml,30.0,ml
A000000209487,50ml,50.0,ml
A000000231453,본품 세럼 70ml / 증정 크림 20ml,70.0,ml
A000000186655,30ml + 33ml 리필,30.0,ml
A000000224104,40ml,40.0,ml
A000000227409,60ml,60.0,ml
A000000210928,[본품] 30ml,30.0,ml
A000000252249,15ml,15.0,ml
A000000214629,100ml,100.0,ml
A000000246194,30ml,30.0,ml
A000000239651,30 ml,30.0,ml
A000000189544,50mL,50.0,ml
A000000223183,80ml,80.0,ml
A000000226471,50g+20g,50.0,g
A000000235580,60ml,60.0,ml
A000000236552,본품 80ml,80.0,ml
A000000247092,세럼: 30ml / 미스트: 50ml,30.0,ml
A000000248051,30 ml,30.0,ml
A000000189713,30ml*2,60.0,ml
A000000231970,30ml,30.0,ml
A000000158309,100ml,100.0,ml
A000000158312,100ml,100.0,ml
A000000230367,4ml(0.13 fl.oz.) * 2 ea,4.0,ml
A000000218993,30ml (1.01 fl. oz.),30.0,ml
A000000258047,50ml,50.0,ml
A000000218586,100ml+10ml,100.0,ml
A000000198339,30mL,30.0,ml
A000000257373,30ml+30ml,30.0,ml
A000000203907,15ml+15ml,15.0,ml
A000000203963,본품50ML + 리필50ML,50.0,ml
A000000247097,100ml,100.0,ml
A000000200328,60ml,60.0,ml
A000000231545,[본품] 핑크 구아바 글루타치온 흔적 세럼 30ml / [리필] 핑크 구아바 글루타치온 흔적 세럼 30ml,30.0,ml
A000000221942,30ml,30.0,ml
A000000241358,30ML,30.0,ml
A000000199977,50ml,50.0,ml
A000000225592,30ml,30.0,ml
A000000228580,30ml+10ml,30.0,ml
A000000255843,[본품] 70ml + [리필] 40ml,70.0,ml
A000000237831,110ml,110.0,ml
A000000245095,200ml,200.0,ml
A000000224488,30 mL,30.0,ml
A000000249735,100ml,100.0,ml
A000000261542,에센스 100ml + 패치 2패치 + 기미 토닝 크림 10ml,100.0,ml
A000000254644,세럼 30ml,30.0,ml
A000000227093,100ml,100.0,ml
A000000261437,40ml,40.0,ml
A000000261440,40ml,40.0,ml
A000000259981,110ml,110.0,ml
A000000216511,"[본품] 80ml, [증정] 1번 크림 15ml",80.0,ml
A000000218948,40ml,40.0,ml
A000000254337,50ml+20ml,50.0,ml
A000000153893,40ml,40.0,ml
A000000256153,105ml+치크패드 파우치2ea+애착베개키링,105.0,ml
A000000208708,30mL,30.0,ml
A000000231832,40ml+7ml,40.0,ml
A000000197985,30ml,30.0,ml
A000000224093,84ML(본품) +48ML(증정),84.0,ml
A000000248243,30ml,30.0,ml
A000000154263,100ml,100.0,ml
A000000218601,120ML+31ML,120.0,ml
A000000180892,20ml,20.0,ml
A000000257830,50ml,50.0,ml
A000000119141,50ml,50.0,ml
A000000181125,55ml,55.0,ml
A000000190370,50ml,50.0,ml
A000000220039,100ml,100.0,ml
A000000208678,40ml,40.0,ml
A000000227405,30ml,30.0,ml
A000000232734,30ml,30.0,ml
A000000261745,50ml,50.0,ml
A000000213547,5ml,5.0,ml
A000000156042,15ml,15.0,ml
A000000246890,30ml,30.0,ml
A000000149953,30ml,30.0,ml
A000000219677,300mlㅣ10.14 fl. oz.,300.0,ml
A000000244813,50ML,50.0,ml
A000000192699,40ml,40.0,ml
A000000170312,50ml,50.0,ml
A000000221815,50ml,50.0,ml
A000000188711,30ml,30.0,ml
A000000188878,30ml,30.0,ml
A000000150818,크림 60ml+크림35ml,60.0,ml
A000000229312,30ml,30.0,ml
A000000137537,원데이키트1ea,1.0,개
A000000011100,■ 100ml,100.0,ml
A000000104151,15ml,15.0,ml
A000000105588,48ml,48.0,ml
A000000136976,8.5ml,8.5,ml
A000000141301,30ml,30.0,ml
A000000141307,30ml,30.0,ml
A000000141711,10ml,10.0,ml
A000000144034,20ml,20.0,ml
A000000144035,20ml,20.0,ml
A000000144051,100ml,100.0,ml
A000000144119,50ml,50.0,ml
A000000145499,"본품 50ml, 여행용 20ml",50.0,ml
A000000146938,30ml,30.0,ml
A000000150519,60g,60.0,g
A000000150817,18g,18.0,g
A000000152102,탄력세럼 20ml+ 탄력스팟 3ml,20.0,ml
A000000152786,30ml,30.0,ml
A000000153412,본품 30ml,30.0,ml
A000000153913,80ml+80ml,80.0,ml
A000000154625,30ml,30.0,ml
A000000155193,본품30ml+ 본품15ml,30.0,ml
A000000158299,30ml,30.0,ml
A000000158305,30ml,30.0,ml
A000000158311,100ml,100.0,ml
A000000158929,75ml,75.0,ml
A000000159225,30ml,30.0,ml
A000000159467,15ml*2ea,30.0,ml
A000000160531,30ml*2EA (본품/증정품),60.0,ml
A000000162387,50ml,50.0,ml
A000000162635,30ml,30.0,ml
A000000163735,50ml,50.0,ml
A000000163763,150ml,150.0,ml
A000000164310,30ml,30.0,ml
A000000165622,30ml,30.0,ml
A000000166599,30ml x 2ea,60.0,ml
A000000168272,120ML,120.0,ml
A000000169203,50ml,50.0,ml
A000000170016,30ml,30.0,ml
A000000171416,50ml,50.0,ml
A000000172156,50ml,50.0,ml
A000000172208,100ml,100.0,ml
A000000172209,150ml,150.0,ml
A000000172912,50ml,50.0,ml
A000000172993,100ml,100.0,ml
A000000174304,100ml,100.0,ml
A000000174719,30ml,30.0,ml
A000000174751,100 ml,100.0,ml
A000000176351,30ml,30.0,ml
A000000180476,30ml*2ea,60.0,ml
A000000180919,50ml,50.0,ml
A000000181633,30ml,30.0,ml
A000000182300,50ml,50.0,ml
A000000182387,30ml,30.0,ml
A000000182613,50ml,50.0,ml
A000000182815,30ml,30.0,ml
A000000184662,145ML.,145.0,ml
A000000184963,50ml / 1.69fl.oz,50.0,ml
A000000186997,50ml,50.0,ml
A000000187240,15ml,15.0,ml
A000000188002,30ml+20ml,30.0,ml
A000000188005,30ml,30.0,ml
A000000188120,[본품]약콩 판테놀 앰플 50ml+[증정]약콩 판테놀 크림 20ml,50.0,ml
A000000188206,30ml,30.0,ml
A000000188233,[단품] 125ml / [기획] 125ml+35ml,125.0,ml
A000000188493,12ml+1ml,12.0,ml
A000000188560,30ml,30.0,ml
A000000188934,40ml + 40ml,40.0,ml
A000000188968,170ml,170.0,ml
A000000189328,15 ml / 0.50 fl. oz.,15.0,ml
A000000189768,30ml,30.0,ml
A000000189953,100ml,100.0,ml
A000000189956,30ml,30.0,ml
A000000190939,150ml,150.0,ml
A000000190948,50ml,50.0,ml
A000000191798,15ml*2ea+1ml*3ea,30.0,ml
A000000191821,70ml,70.0,ml
A000000192059,30ml,30.0,ml
A000000192218,50ml,50.0,ml
A000000192301,30ml,30.0,ml
A000000197640,50ml,50.0,ml
A000000198230,50ml + 30ml,50.0,ml
A000000198624,40ml,40.0,ml
A000000198924,50g,50.0,g
A000000199206,30ml,30.0,ml
A000000199261,세럼 50ml / 크림 31ml,50.0,ml
A000000199981,15ml,15.0,ml
A000000199982,50ml,50.0,ml
A000000200182,50ml,50.0,ml
A000000200663,20ml,20.0,ml
A000000200669,30ml,30.0,ml
A000000201153,50ml,50.0,ml
A000000201338,30ml + 20ml,30.0,ml
A000000201642,50ml,50.0,ml
A000000202299,50ml,50.0,ml
A000000202461,30ml,30.0,ml
A000000202463,50ml,50.0,ml
A000000202708,30ml,30.0,ml
A000000202905,40ml,40.0,ml
A000000202920,50ml,50.0,ml
A000000203039,30ml,30.0,ml
A000000203639,50ml+50ml,50.0,ml
A000000203789,30ml,30.0,ml
A000000203805,30ml,30.0,ml
A000000204594,본품 세럼 40ML + 아이크림 10ML,40.0,ml
A000000204633,윤조에센스90ml+순행클렌징폼50ml+윤조에센스8ml+자음생크림 리치5ml,90.0,ml
A000000204646,[본품] 50ml,50.0,ml
A000000204745,본품 세럼 40ML + 아이크림 10ML,40.0,ml
A000000204751,100ml,100.0,ml
A000000204753,100ml*2개,200.0,ml
A000000204811,"[본품] 80ml [증정] 퍼멘타 세럼10ml, 크림 10ml, 아이크림 10ml, 폼 40ml",80.0,ml
A000000204880,본품 130ML,130.0,ml
A000000205224,50ml,50.0,ml
A000000206077,70ml,70.0,ml
A000000206153,80ml+25ml,80.0,ml
A000000206313,30ml,30.0,ml
A000000206420,50ML,50.0,ml
A000000206433,30ml,30.0,ml
A000000206698,[본품] 비타C토닝 세럼 50ml [증정] 멀티비타민 마스크 25ml,50.0,ml
A000000206874,30ml,30.0,ml
A000000206921,200ml,200.0,ml
A000000206956,10ml x 2ea,20.0,ml
A000000207028,30ml,30.0,ml
A000000207035,50ml,50.0,ml
A000000207081,본품60ml+패드6매 증정,60.0,ml
A000000207141,50ml,50.0,ml
A000000208056,200 ml / 6.76 fl. oz.,200.0,ml
A000000208057,100ml / 3.38 fl. oz.,100.0,ml
A000000208059,200ml / 6.76 fl. oz.,200.0,ml
A000000208985,180ml,180.0,ml
A000000209113,"35mL (스텝1 15mL, 스텝2 20mL) / (증정-콜라겐 리모델링 세럼 겔 마스크 1매)",35.0,ml
A000000209515,30ml,30.0,ml
A000000209586,30ml,30.0,ml
A000000209634,30ml + 10ml,30.0,ml
A000000209716,30ml,30.0,ml
A000000209888,30ml,30.0,ml
A000000210012,10개입,,
A000000210068,30 mL,30.0,ml
A000000210180,30ml,30.0,ml
A000000210195,30ml,30.0,ml
A000000210343,30ml,30.0,ml
A000000210407,20ml,20.0,ml
A000000210482,50ml,50.0,ml
A000000210923,[본품] 30ml,30.0,ml
A000000211059,30mL,30.0,ml
A000000211403,50ml,50.0,ml
A000000211495,140ml,140.0,ml
A000000211547,20ml,20.0,ml
A000000211859,30ml / 1.01 fl. oz.,30.0,ml
A000000211888,60ml,60.0,ml
A000000212009,150ml,150.0,ml
A000000212011,30ml,30.0,ml
A000000212947,20ml,20.0,ml
A000000212948,20ml,20.0,ml
A000000213226,50ml,50.0,ml
A000000213238,50ml,50.0,ml
A000000213267,70ml*2ea,140.0,ml
A000000213282,50g,50.0,g
A000000213286,50ml,50.0,ml
A000000213324,50ml + 50ml,50.0,ml
A000000213326,본품 30ml + 리필 30ml,30.0,ml
A000000213457,"본품 6g, 구성품 15ml",6.0,g
A000000213688,30mL,30.0,ml
A000000213693,30ml,30.0,ml
A000000213915,30ml,30.0,ml
A000000213968,40ml,40.0,ml
A000000213990,30ml,30.0,ml
A000000214031,30ml,30.0,ml
A000000214195,50g,50.0,g
A000000214200,50ml,50.0,ml
A000000214260,30ml,30.0,ml
A000000214266,30ml,30.0,ml
A000000214270,30ml,30.0,ml
A000000214287,30ml,30.0,ml
A000000214323,[시카 데일리 인텐스 리페어 세럼] 30ml,30.0,ml
A000000214674,30ml+30ml+30ml / 268g,30.0,ml
A000000214797,100ml,100.0,ml
A000000214852,2ml*7ea,14.0,ml
A000000214999,2ml*7ea,14.0,ml
A000000215000,2ml*7ea,14.0,ml
A000000215215,40ml,40.0,ml
A000000215561,30ml,30.0,ml
A000000216054,150ml,150.0,ml
A000000216924,30ml,30.0,ml
A000000216925,30ml,30.0,ml
A000000217680,30ml,30.0,ml
A000000218444,[본품] 50ml,50.0,ml
A000000218641,30 ml / 1.01 FL.OZ.,30.0,ml
A000000218712,30ml,30.0,ml
A000000218897,30ml,30.0,ml
A000000218992,30ml (1.01 fl. oz.),30.0,ml
A000000218994,50g,50.0,g
A000000218995,50g,50.0,g
A000000219286,30ml,30.0,ml
A000000219339,30ml,30.0,ml
A000000219340,30ml,30.0,ml
A000000219550,70ml,70.0,ml
A000000219713,30ML,30.0,ml
A000000221651,30ml,30.0,ml
A000000221707,40ml,40.0,ml
A000000221943,30ml,30.0,ml
A000000222554,40ml,40.0,ml
A000000222711,30ml,30.0,ml
A000000222733,30ml,30.0,ml
A000000222935,50ml,50.0,ml
A000000223297,본품 15ml / 증정 1ml*7ea,15.0,ml
A000000223345,본품 클리낭스 A.H.A 세럼 30ml + 이드랑스 에센스-인-로션25ml+클리낭스클렌징젤15ml+시칼파트플러스블레미쉬크림2ml,30.0,ml
A000000224023,30ml,30.0,ml
A000000224042,50ml,50.0,ml
A000000224120,50mL,50.0,ml
A000000224124,본품 50mL + 리필50mL,50.0,ml
A000000224241,50ml,50.0,ml
A000000224244,30ml,30.0,ml
A000000224249,30ml,30.0,ml
A000000224343,30ml / 15ml / 5ml*2,30.0,ml
A000000224344,50ml,50.0,ml
A000000224398,"본품: 30ml / 증정: 나이트크림 7ml*1ea, 마스크팩 25g*1ea",30.0,ml
A000000224687,35ml,35.0,ml
A000000224690,35ml,35.0,ml
A000000224691,35ml,35.0,ml
A000000224692,35ml,35.0,ml
A000000224844,(본품)아벤느 이드랑스 에센스 인 로션 200ml +(구성품) 아벤느 이드랑스 에센스 인 로션 200ml+(구성품) 클리낭스 클렌징젤 100ml,200.0,ml
A000000224845,10ml*2,20.0,ml
A000000224882,"[슈링크기획] 세럼 30 mL, 피부 미용 기기 1 ea , 증정 (크림 20 mL, 마스크팩1매) [세럼 단품] 세럼 30ml, [세럼 기획] 세럼 30ml, 증정 10ml",30.0,ml
A000000225447,80g,80.0,g
A000000225481,85ml,85.0,ml
A000000225616,본품40ml+리필40ml,40.0,ml
A000000225699,20ml (+10ml),20.0,ml
A000000225845,10ml*2,20.0,ml
A000000225849,10ml*2,20.0,ml
A000000225909,100ml,100.0,ml
A000000226724,10g,10.0,g
A000000226844,30ml,30.0,ml
A000000227239,2번 세럼 미니어처 / 1.2mlx10ea (마일드 1.2mlx5ea + 인텐시브 1.2mlx5ea),12.0,ml
A000000227278,40ml,40.0,ml
A000000227396,10ml*6,60.0,ml
A000000227458,30ml,30.0,ml
A000000227932,30ML,30.0,ml
A000000228260,30ml,30.0,ml
A000000228328,30 ml / 1.01 fl. oz.,30.0,ml
A000000228603,30ml,30.0,ml
A000000228804,[본품] 밸런스풀 세럼 50ml [증정] 밸런스풀 크림 20ml,50.0,ml
A000000228888,50ml,50.0,ml
A000000228895,30ML,30.0,ml
A000000228896,30ml,30.0,ml
A000000228904,30ml,30.0,ml
A000000229220,50ml,50.0,ml
A000000229221,20ml/30ml/50ml,20.0,ml
A000000229350,30ml,30.0,ml
A000000229422,30ml,30.0,ml
A000000229464,50ml,50.0,ml
A000000229481,피디알엔 에센스 100 30ml(본품)+1.5ml*3ea+리들샷 100 1ml*3ea,30.0,ml
A000000229502,30ml,30.0,ml
A000000229503,30ml,30.0,ml
A000000229511,30ml,30.0,ml
A000000229597,30ml / 1.01 fl. oz.,30.0,ml
A000000229644,30ml,30.0,ml
A000000229951,250ml,250.0,ml
A000000229952,2ml * 30ea,60.0,ml
A000000229964,50ml,50.0,ml
A000000230076,"[본품] 30ml [증정] 비첩 자생 에센스 10ml, 공진향 클렌징 폼 40ml",30.0,ml
A000000230576,2ml * 5ea,10.0,ml
A000000230934,30ml,30.0,ml
A000000231089,30ml,30.0,ml
A000000231117,"[본품] 50ml [증정] 피규어 1EA, 화장솜 5매",50.0,ml
A000000231352,55ml+52ml,55.0,ml
A000000231366,40ml,40.0,ml
A000000231454,50ml,50.0,ml
A000000231908,13g+멜라글루타치온 크림 2g*2매,13.0,g
A000000232070,"30ml, 100ml",30.0,ml
A000000232436,100ml,100.0,ml
A000000232476,10ml,10.0,ml
A000000232477,10ml,10.0,ml
A000000232963,10ml,10.0,ml
A000000232994,30ml,30.0,ml
A000000233193,50ml,50.0,ml
A000000233463,30ml,30.0,ml
A000000234010,50ml,50.0,ml
A000000234012,95ml,95.0,ml
A000000235161,30ml,30.0,ml
A000000235180,40ml*2ea,80.0,ml
A000000236324,30ml,30.0,ml
A000000236420,30ml (+세럼25ml),30.0,ml
A000000236433,50ml,50.0,ml
A000000236635,30ml+30ml,30.0,ml
A000000237361,30ml,30.0,ml
A000000237367,30ml,30.0,ml
A000000237568,"[본품] 비첩 자생 에센스 20ml [증정] 비첩 순환 에센스 15ml, 공진향 탄력 토너 20ml, 공진향 탄력 에멀젼 20ml, 공진향 클렌징 폼 40ml, 립 글로우밤 증정 (99 블룸레드)",20.0,ml
A000000237728,본품30ml+리필30ml+미니어처15ml,30.0,ml
A000000237821,30ml,30.0,ml
A000000237951,60mL,60.0,ml
A000000238119,"[단품] 50ml, 75ml, 125ml / [기획] 125ml+35ml",50.0,ml
A000000238244,본품 30ml + 리필 30ml,30.0,ml
A000000238246,본품 30ml + 리필 30ml,30.0,ml
A000000238509,25ml,25.0,ml
A000000238573,30ML/1.01FL.OZ,30.0,ml
A000000238744,50ml,50.0,ml
A000000239096,본품 30ml + 리필 50ml + PDRN 핑크 원데이세럼 1.5ml*5매입,30.0,ml
A000000239819,150g,150.0,g
A000000239921,30mL,30.0,ml
A000000239993,50ml,50.0,ml
A000000240088,리들샷 100 : 50ml / 리들샷 300 : 1ml*5ea / PDRN 에센스 100 15ml,50.0,ml
A000000241575,30ml,30.0,ml
A000000241852,30ml,30.0,ml
A000000242017,50ml,50.0,ml
A000000242222,30ml,30.0,ml
A000000242563,40ml*2,80.0,ml
A000000242569,50ml + 30ml,50.0,ml
A000000242711,30ml,30.0,ml
A000000242748,50ml,50.0,ml
A000000243070,30ml(+13ml+모이스춰 크림 25ml),30.0,ml
A000000243164,앰플 50ml + 크림 20ml + 링클마스크 1매,50.0,ml
A000000243473,30ml,30.0,ml
A000000243620,30ml,30.0,ml
A000000243732,50ml,50.0,ml
A000000243787,40ml,40.0,ml
A000000244213,30ml,30.0,ml
A000000244286,30 ml / 1.01 fl.oz.,30.0,ml
A000000244937,30ml,30.0,ml
A000000244960,120ml,120.0,ml
A000000245737,92ml,92.0,ml
A000000245740,92ml,92.0,ml
A000000245934,1.5ml*5ea,7.5,ml
A000000246183,115ml,115.0,ml
A000000246189,30ml,30.0,ml
A000000246219,30ml,30.0,ml
A000000246223,30ml,30.0,ml
A000000246575,50g,50.0,g
A000000246577,50g,50.0,g
A000000246578,50g,50.0,g
A000000246579,50g,50.0,g
A000000246781,[본품] 소나무 진정 시카 앰플 30ml + 리필 30ml [증정품] 소나무 진정 시카 마스크 1매 + 눈멍이 스티커 모음 1매(긍정왕 ver.),30.0,ml
A000000246886,0.2g*5ea,1.0,g
A000000247196,30ml,30.0,ml
A000000247201,30ml,30.0,ml
A000000247239,160mL+25ml,160.0,ml
A000000247577,본품 200ml + 본품 40ml + 본품 150ml,200.0,ml
A000000247686,50ml,50.0,ml
A000000247691,[본품] 흔적세럼 35ml [증정품] 흔적세럼 10ml(리필),35.0,ml
A000000248097,30ml,30.0,ml
A000000248120,10ml,10.0,ml
A000000248202,30ml+10ml,30.0,ml
A000000248374,60ml,60.0,ml
A000000248399,32ml,32.0,ml
A000000248575,125ml,125.0,ml
A000000248581,30ml,30.0,ml
A000000248582,30ml,30.0,ml
A000000248934,50ML,50.0,ml
A000000248986,30ml,30.0,ml
A000000248988,30ml,30.0,ml
A000000248990,30ml,30.0,ml
A000000248991,30ml,30.0,ml
A000000249099,50ml,50.0,ml
A000000249167,120ml,120.0,ml
A000000249648,30ml / 1.01 fl. oz.,30.0,ml
A000000249672,30ml,30.0,ml
A000000250104,"세럼 40ml, 오인트 겔 5ml",40.0,ml
A000000250209,"[스킨부스터기획] 세럼 30 mL, 피부 미용 기기 1 ea , 증정 (마스크팩1매)",30.0,ml
A000000250211,40ml,40.0,ml
A000000250281,150ml,150.0,ml
A000000250531,150ml*2ea,300.0,ml
A000000250593,"본품 : 30 ml, 증정 : 10ml / 본품 : 30ml , 증정 : 핑구 클리어 카드케이스 키링",30.0,ml
A000000251120,30 ml,30.0,ml
A000000251364,30ml+10ml,30.0,ml
A000000251844,본품 세럼 50ml + 증정 크림 30ml,50.0,ml
A000000252119,50ml / 1.69 fl. oz.,50.0,ml
A000000252198,30ml (1.01 fl. oz.),30.0,ml
A000000252296,세럼 세트 : 50ml / 세럼+토너 세트 : 30ml + 100ml,50.0,ml
A000000252735,125ml,125.0,ml
A000000253000,200ml/400ml,200.0,ml
A000000253103,■ 110ML,110.0,ml
A000000253622,15ml*2ea+1ml*3ea (+푸린 수면안대),30.0,ml
A000000254063,세럼 : 20ml / 젤 크림 : 30ml,20.0,ml
A000000254064,[본품] 리들샷 300 50ml / [증정품] 피디알엔 에센스 100 1.5ml * 2ea,50.0,ml
A000000254295,50ml+20ml,50.0,ml
A000000254331,20g,20.0,g
A000000254438,30ml,30.0,ml
A000000254553,30ml,30.0,ml
A000000254646,30ml,30.0,ml
A000000254728,30ml+30ml,30.0,ml
A000000254773,20gml(+프로텍팅 크림 2ml*5EA),20.0,g
A000000254803,50ml,50.0,ml
A000000254852,본품 30ml+ 증정 징크 파우더 2g,30.0,ml
A000000255069,50ml,50.0,ml
A000000255167,30ml+30ml,30.0,ml
A000000255439,50ml,50.0,ml
A000000255852,30ml *2ea,60.0,ml
A000000256080,레드 세럼 : 30ml + 미니 세럼 7ml + 세럼 키트 1.5ml*4,30.0,ml
A000000257152,"[스킨부스터기획] 세럼 30mL, 피부 미용 기기 1EA, 콜라겐 겔마스크 1EA",30.0,ml
A000000257237,60ml,60.0,ml
A000000257377,본품 6g * 2ea (12g),12.0,g
A000000258189,30ml,30.0,ml
A000000258472,95ml / 3.21 fl.oz.,95.0,ml
A000000258772,30ml,30.0,ml
A000000258879,50ml,50.0,ml
A000000259189,"[본품] 30ml, [증정품] 미스트 50ml",30.0,ml
A000000259280,30ml,30.0,ml
A000000260216,본품 20ml + 리필 20ml,20.0,ml
A000000260329,30ml 1.0 fl. oz.,30.0,ml
A000000261044,(옵션별상이) 앰풀 30ml / 50ml,30.0,ml
A000000261626,150ml / 5.07 fl. oz.,150.0,ml
B000000187882,30ml,30.0,ml
B000000187885,30ml,30.0,ml
B000000187886,30ml,30.0,ml
B000000191866,150ml,150.0,ml
A000000255324,[세럼] 30mL + 30mL [마스크] 23mL 1매,30.0,ml
A000000203876,30ml,30.0,ml
A000000258298,50 ml / 1.69 fl. oz.,50.0,ml
A000000226086,200ml,200.0,ml
A000000250344,20ml,20.0,ml
A000000219082,30ml+10ml,30.0,ml
A000000231078,40ml*2ea+헤어핀,80.0,ml
A000000251173,20ml,20.0,ml
A000000166511,30ml,30.0,ml
A000000210681,5ml+5ml,5.0,ml
A000000259223,80ml,80.0,ml
A000000186864,20g,20.0,g
A000000115496,30ml,30.0,ml
A000000130949,50ml,50.0,ml
A000000139561,50 ml,50.0,ml
A000000141033,45ml,45.0,ml
A000000141306,30ml,30.0,ml
A000000141324,30ml,30.0,ml
A000000141710,50ml,50.0,ml
A000000149959,30ml,30.0,ml
A000000149963,30ml,30.0,ml
A000000154959,50ml,50.0,ml
A000000155321,본품: 기미 앰플 10ml*2ea / 증정품: 기미 크림10ml*2ea+기미 앰플1.5ml*3ea,20.0,ml
A000000156327,35ml,35.0,ml
A000000156776,150 ml / 5.07 fl. oz.,150.0,ml
A000000158292,100ml,100.0,ml
A000000158310,50ml,50.0,ml
A000000159596,15g,15.0,g
A000000162980,35ML,35.0,ml
A000000163688,30ml,30.0,ml
A000000165562,15g,15.0,g
A000000170383,50ml 1.69 fl.oz.,50.0,ml
A000000170928,30ml,30.0,ml
A000000172041,30ML(10ML*3),30.0,ml
A000000174027,30ml,30.0,ml
A000000176954,100ml,100.0,ml
A000000178077,110ML,110.0,ml
A000000178993,15ml,15.0,ml
A000000179256,50ml,50.0,ml
A000000182480,30ml,30.0,ml
A000000183731,50ml,50.0,ml
A000000185094,50ml,50.0,ml
A000000185313,52ml,52.0,ml
A000000185961,[본품] 80ml / [증정] 27ml(1매),80.0,ml
A000000187040,본품 200ml + 본품 200ml,200.0,ml
A000000187871,30ml,30.0,ml
A000000187872,30ml,30.0,ml
A000000188087,12ml,12.0,ml
A000000189015,40g,40.0,g
A000000189766,30ml + 1ml*4ea,30.0,ml
A000000189772,30ml + (1ml x 4매),30.0,ml
A000000191387,50ml,50.0,ml
A000000197661,30ml,30.0,ml
A000000198424,30ml,30.0,ml
A000000199173,"[본품] 앰플세럼 20ml, [증정] 옵션별 상이",20.0,ml
A000000199277,200ml,200.0,ml
A000000199722,(본품) 50ml + (증정) 크림 30ml,50.0,ml
A000000199723,50ml,50.0,ml
A000000200533,40ml,40.0,ml
A000000200572,"에센스 170ml, 로션 145ml",170.0,ml
A000000201753,30ml,30.0,ml
A000000202453,30ml,30.0,ml
A000000202907,12ml+패치 2매,12.0,ml
A000000203126,15ml,15.0,ml
A000000203589,30 ml / 1.01 fl. oz.,30.0,ml
A000000204075,40ml*2,80.0,ml
A000000204162,■ 65ml + 20ml,65.0,ml
A000000204169,[본품] 비타 나이아신 잡티 세럼 30ml [증정품] 비타 나이아신 잡티 크림 10ml,30.0,ml
A000000204306,50ml,50.0,ml
A000000204578,세럼 본품 40ML + 아이크림 10ML,40.0,ml
A000000204638,[본품] 30ml,30.0,ml
A000000205864,50 ml,50.0,ml
A000000206821,15ml*2개,30.0,ml
A000000206961,50ml,50.0,ml
A000000206967,10ml,10.0,ml
A000000207232,7g,7.0,g
A000000207750,50ml,50.0,ml
A000000208680,50ml,50.0,ml
A000000208735,50g,50.0,g
A000000208780,30ml+15ml,30.0,ml
A000000208911,30ml,30.0,ml
A000000209559,20ml * 2EA,40.0,ml
A000000209640,30ml,30.0,ml
A000000210011,10ml,10.0,ml
A000000211084,30ml,30.0,ml
A000000211220,옵션별 상이,,
A000000211602,50mL,50.0,ml
A000000213146,본품 : 1ml*7ea / 증정 : 엠티에스 앰플 3.5ml,7.0,ml
A000000213152,3.5ml,3.5,ml
A000000213283,50ml,50.0,ml
A000000213285,50ml,50.0,ml
A000000213287,50ml,50.0,ml
A000000213410,50ml,50.0,ml
A000000213411,30ml,30.0,ml
A000000213952,40ml,40.0,ml
A000000214261,50ml,50.0,ml
A000000214272,30ml,30.0,ml
A000000216836,30ml,30.0,ml
A000000218545,40ml,40.0,ml
A000000219128,본품 15ml/ 리필 15ml 2입,15.0,ml
A000000219212,30ml,30.0,ml
A000000219528,30ml + 30ml 리필팩,30.0,ml
A000000219603,20 g / 0.70 oz.,20.0,g
A000000219871,30ml,30.0,ml
A000000222321,30ml,30.0,ml
A000000222860,[본품] 23ml + [증정] 필패드 1매 + 선앰플 10ml,23.0,ml
A000000222907,150ml (본품) + 30ml (증정),150.0,ml
A000000223619,[본품] 앰플 30ml,30.0,ml
A000000224110,30ML,30.0,ml
A000000224647,30ml,30.0,ml
A000000224862,50ml,50.0,ml
A000000225460,30ml,30.0,ml
A000000225604,[본품] 앰플 30ml + 15ml,30.0,ml
A000000226498,30ml + 50ml,30.0,ml
A000000226568,8.08 g,8.08,g
A000000226952,"세럼 30ml, 미니오일 10ml",30.0,ml
A000000227984,40ml,40.0,ml
A000000229191,10ml (1제: 1ml/ 2제: 9ml),10.0,ml
A000000229219,30ml,30.0,ml
A000000229225,30ml,30.0,ml
A000000229489,30ml,30.0,ml
A000000229494,30ml,30.0,ml
A000000229522,40ml,40.0,ml
A000000231076,40ml * 2ea+키링 파우치,80.0,ml
A000000231778,30ml,30.0,ml
A000000232355,30ml,30.0,ml
A000000232357,30ml (+세럼10ml +크림15ml),30.0,ml
A000000232382,15ml / 2.8 fl. oz.,15.0,ml
A000000232962,30ml,30.0,ml
A000000232991,125ml,125.0,ml
A000000235247,앰플75ml*2+마스크1매(27ml),150.0,ml
A000000236422,30ml (+세럼 25ML),30.0,ml
A000000237465,세럼20g+선세럼15g,20.0,g
A000000237931,30ml,30.0,ml
A000000242341,30ML+30ML(리필),30.0,ml
A000000242565,40ml*2,80.0,ml
A000000244897,30ml,30.0,ml
A000000246123,30ml*2ea,60.0,ml
A000000247184,밸런스풀 시카 컨트롤 세럼 50ml + 리필 50ml + 패드 10매,50.0,ml
A000000247732,70ml + 팩브러쉬,70.0,ml
A000000247770,30mL + 30mL,30.0,ml
A000000248700,50ml,50.0,ml
A000000249969,30ml+랜덤 키링 1종,30.0,ml
A000000250099,시카플라스트 리페어 에센스 30ml+시카밤 3ml+시카라방 3ml,30.0,ml
A000000250105,에빠끌라 듀오+ M 에센스 40ml+에빠끌라 폼 50ml,40.0,ml
A000000250345,20ml,20.0,ml
A000000250476,세럼 50ml + 세럼 50ml 리필팩 + 발렌 하트 거울,50.0,ml
A000000250666,40ml+40ml,40.0,ml
A000000250859,50ml,50.0,ml
A000000252128,"본품: 30ml / 증정: 마스크팩 25g*1ea, 페이스 쿨러",30.0,ml
A000000253383,세럼 50ml+세럼 리필 50ml+꼬부기 스트링 파우치 1개,50.0,ml
A000000255068,30ml + 10ml,30.0,ml
A000000256047,50 ml / 1.69 fl. oz.,50.0,ml
A000000257698,본품 100ml+토너 2.4ml+세럼 1.5ml+크림 1.5g,100.0,ml
A000000261548,155ml,155.0,ml
A000000261830,30ml(부스팅세럼)+10ml(쉬머오일),30.0,ml
B000000248711,윤조에센스90ml+순행클렌징폼50ml+윤조에센스8ml+자음생크림 리치5ml,90.0,ml
A000000206904,100ml + 3ml,100.0,ml
A000000260515,15ml / 0.50 fl. oz. * 2개입,15.0,ml
A000000233322,"50ml+50ml+15ml, 50ml+50ml+20ml",50.0,ml
A000000261864,80ML (내장 증정: 토너 25ml + 클렌징폼 3g*3),80.0,ml
A000000261234,크림 100ml / 3.38 fl.oz / 크림 20ml / 0.67 fl.oz / 토너 25ml / 0.84 fl.oz,100.0,ml
A000000253592,35ml+7ml+7ml,35.0,ml
A000000224581,[본품] 아쿠아 밤 프로즌 크림 50ml / [증정] (옵션별상이) 아쿠아 밤 프로즌 크림 50ml + 사각 손거울 / 아쿠아 밤 프로즌 크림 10ml + 아쿠아 밤 프로즌 토너 50ml / 아쿠아 밤 프로즌 크림 31ml + 세라믹 괄사 / 멀티-7 히알루론 프로즌 세럼 18ml + 쿨링 마사저,50.0,ml
A000000255752,크림70ml(jar)+크림30ml(tube)+세럼10ml*2(20ml),70.0,ml
A000000258834,본품 80ml (증정: 수딩크림 10ml + 클렌징폼 30g),80.0,ml
A000000156230,60ml(+30ml),60.0,ml
A000000260752,30ml/ 1.01 fl. oz. + (추가구성) 15ml/ 0.50 fl. oz.,30.0,ml
A000000226553,■ 본품 100mL / 본품 100mL x 2EA + 징크테카 세럼 1mL X 3EA / 본품 100mL x 2EA,100.0,ml
A000000247776,[본품]50ml [증정]크림20ml+패드2매,50.0,ml
A000000231892,60mL + 60mL,60.0,ml
A000000202893,"젤크림 90ml, 카밍 패드 2매(6ml)",90.0,ml
A000000198320,80ml,80.0,ml
A000000246297,21ml +4ml,21.0,ml
A000000199701,크림 50mL(본품) / 크림 50mL(증정) / 크림 20mL(증정),50.0,ml
A000000260771,15ml / 0.50 fl. oz. + (추가구성) 5ml / 0.16 fl. oz.,15.0,ml
A000000248826,본품 55g / 블리스터 4.5g*2매,55.0,g
A000000225180,100g,100.0,g
A000000258295,100 ml + 20ml,100.0,ml
A000000254747,80ml,80.0,ml
A000000245087,크림 50ml (+10ml*2ea+튜브링거),50.0,ml
A000000231589,80ml + 50ml,80.0,ml
A000000261065,50ml,50.0,ml
A000000235068,크림 50ml + 앰플 5ml,50.0,ml
A000000257543,크림70ml(tube)+크림30ml(tube)+세럼10ml*2(20ml),70.0,ml
A000000211213,[본품] 30ml + [증정] 31ml,30.0,ml
A000000257827,시카플라스트 멀티 리페어 크림 100ml+시카에센스 7.5ml,100.0,ml
A000000222882,55ml+55ml,55.0,ml
A000000192105,본품 50ml + 리필 50ml,50.0,ml
A000000232304,[본품]트러블 크림 75ml+[증정품] 트러블크림 5ml,75.0,ml
A000000249895,15ml,15.0,ml
A000000255244,[본품] 자작나무 수분 크림 80ml + 80ml [증정품] 자작나무 수분 크림 40ml,80.0,ml
A000000250254,[본품] 50ml+50ml [증정품] 20ml,50.0,ml
A000000261235,40ml + 40ml,40.0,ml
A000000206053,80ml*2,160.0,ml
A000000189248,50mL + 50mL(리필) / 50mL + 20mL(튜브) / 50mL*3ea(튜브),50.0,ml
A000000239660,150ml+DMT 에센스 인 토너 50ML,150.0,ml
A000000251494,[본품] 30ml [증정] 7ml,30.0,ml
A000000206572,25mL*2ea / 25mL*3ea,50.0,ml
A000000244987,50ml,50.0,ml
A000000240908,100ml,100.0,ml
A000000134691,100ml,100.0,ml
A000000192405,100ml+30ml,100.0,ml
A000000255827,크림 35g+35g+와이드 패치 (4패치),35.0,g
A000000190369,아이크림 35ml*2ea+아이크림 7ml*2ea+괄사,70.0,ml
A000000255499,50ml,50.0,ml
A000000249211,70ml+70ml,70.0,ml
A000000255677,100ml,100.0,ml
A000000252302,50ml,50.0,ml
A000000166586,[본품] 라운드랩 자작나무 수분 크림 120ml [증정품] 라운드랩 자작나무 수분 패드 2매입*2ea,120.0,ml
A000000174316,40ml,40.0,ml
A000000260580,80ml+25ml+10ml,80.0,ml
A000000192782,60ml*2개입,120.0,ml
A000000255729,[본품] 크림제 30ml [증정품] 크림제 3ml + 겔제 3ml,30.0,ml
A000000233614,50ML+50ML,50.0,ml
A000000232494,30g + 30g,30.0,g
A000000183713,[본품] 밸런스풀 크림 80ml [증정] 밸런스풀 세럼 10ml,80.0,ml
A000000214168,50ml,50.0,ml
A000000257193,[본품] 비욘드 엔젤아쿠아 이온히알루10% 수분진정 크림 100ml jar / [증정] 비욘드 엔젤아쿠아 이온히알루10% 수분진정 크림 100ml 튜브,100.0,ml
A000000244683,70ml+20ml+20ml,70.0,ml
A000000172453,70ml+30ml,70.0,ml
A000000212690,"■ 2입기획 : 본품100mL+100mL, 단품 : 본품100mL",100.0,ml
A000000257713,본품 55g + 증정품 10g,55.0,g
A000000118803,15ml/2입,15.0,ml
A000000163254,본품 80ml + 미니어처 20ml,80.0,ml
A000000255744,[본품] 겔제 30ml [증정품] 겔제 3ml + 크림제 3ml,30.0,ml
A000000147109,50ml,50.0,ml
A000000248200,본품: 50ml / 증정품: 나이트크림 7ml*2ea,50.0,ml
A000000184624,20g+20g,20.0,g
A000000228259,30ml,30.0,ml
A000000198721,75ml,75.0,ml
A000000211085,100ml,100.0,ml
A000000172040,본품50ml+증정31ml,50.0,ml
A000000183498,용량 75ml*3 / 중량 39g,225.0,ml
A000000259039,50ML+30ML,50.0,ml
A000000211478,75ml+75ml,75.0,ml
A000000219716,[본품]트러블 크림 45ml+[증정]트러블 크림 5ml+트러블 세럼 5ml,45.0,ml
A000000212016,80ml+30ml,80.0,ml
A000000180543,20ml,20.0,ml
A000000259386,55g,55.0,g
A000000258214,60ml,60.0,ml
A000000237407,50ml+10ml+겔 토너 패드 2매입,50.0,ml
A000000257128,75ml+75ml리필,75.0,ml
A000000260204,15g,15.0,g
A000000199714,옵션1 : 크림 100ml + 30ml + 배리어D밤 1g / 옵션2 : 크림100ml+100ml,100.0,ml
A000000188570,30ml,30.0,ml
A000000237442,이니스프리 비타민C 캡슐 크림 50ml+50ml,50.0,ml
A000000191715,본품 50ml 2개입,50.0,ml
A000000210973,[제모스 PSO] 150ml [오떼르말] 50ml,150.0,ml
A000000229768,75ml+25ml,75.0,ml
A000000182795,50ml,50.0,ml
A000000250103,"다운타임 크림 60ml, 오인트 겔 5ml",60.0,ml
A000000209826,60ml+60ml,60.0,ml
A000000255981,80ml+25ml,80.0,ml
A000000236996,50ml+15ml,50.0,ml
A000000231632,본품 80ml / 증정 20ml,80.0,ml
A000000257390,75ml,75.0,ml
A000000161804,40ml,40.0,ml
A000000155291,시카크림 :80ml + 20ml,80.0,ml
A000000199889,70ml(본품)+30ml(증정),70.0,ml
A000000204600,본품 아이크림 30ML + 세럼 10ML,30.0,ml
A000000232536,0.50 fl.oz./15ml,15.0,ml
A000000200725,100ml+40ml,100.0,ml
A000000228346,70 ml / 2.36 fl. oz.,70.0,ml
A000000115502,50ml,50.0,ml
A000000255949,100ml/3.38 fl.oz. + 30ml/1.01 fl.oz.,100.0,ml
A000000224524,총 30ml (본품15ml+리필15ml),30.0,ml
A000000231590,80ml + 50ml,80.0,ml
A000000225409,30g,30.0,g
A000000178512,50ml+50ml,50.0,ml
A000000260348,[단품] 20g / [기획] 20g + 5g * 2,20.0,g
A000000141028,[본품] 60ml,60.0,ml
A000000118798,50ml/2입,50.0,ml
A000000245048,100mL *2 & 15mL,200.0,ml
A000000230917,25g,25.0,g
A000000230799,100ml+100ml+미스트앰플30ml,100.0,ml
A000000258296,100 ml / 3.38 fl. oz.,100.0,ml
A000000229222,20ml,20.0,ml
A000000250106,"오인트 겔 15ml, 크림 7ml",15.0,ml
A000000222703,모든 피부용,,
A000000229593,10g /0.35 oz.+7g /0.24 oz.,10.0,g
A000000261454,40ml+40ml,40.0,ml
A000000254760,80mlX3,240.0,ml
A000000151831,50ml,50.0,ml
A000000254006,50ml,50.0,ml
A000000171829,500ml,500.0,ml
A000000233337,50g,50.0,g
A000000157285,"아이크림 25ml*2ea, 세럼 10ml*2ea",50.0,ml
A000000198833,80ml,80.0,ml
A000000208331,40ml,40.0,ml
A000000250193,9g,9.0,g
A000000243333,28ml/50ml,28.0,ml
A000000238458,50ML/1.69 FL.OZ,50.0,ml
A000000212010,100ml,100.0,ml
A000000244994,80ml + 25ml,80.0,ml
A000000200666,60 ml / 2.02 fl. oz.,60.0,ml
A000000255828,50ml + 15ml,50.0,ml
A000000228390,100ml,100.0,ml
A000000145331,100g,100.0,g
A000000182685,60ml,60.0,ml
A000000251231,30ml,30.0,ml
A000000258831,크림100ml+크림30ml+마스크2매,100.0,ml
A000000213323,본품 50ml + 증정 30ml,50.0,ml
A000000257656,60ml,60.0,ml
A000000229498,50ml,50.0,ml
A000000251178,60g,60.0,g
A000000230877,50ml+10ml,50.0,ml
A000000231638,5g,5.0,g
A000000249661,100ml / 3.38 fl. oz.,100.0,ml
A000000203831,70ml+30ml,70.0,ml
A000000216509,"[본품] 130ml, [증정] 15ml",130.0,ml
A000000232250,"크림 50ml 2개, 크림 15ml 2개",50.0,ml
A000000210600,50ml,50.0,ml
A000000229776,30+30ml,30.0,ml
A000000257289,65ml,65.0,ml
A000000249381,본품 55g,55.0,g
A000000256365,30 g 1.05 oz.,30.0,g
A000000208493,100ml,100.0,ml
A000000149138,100ml,100.0,ml
A000000145287,20g,20.0,g
A000000165056,40ml,40.0,ml
A000000240268,50ml(+20ml),50.0,ml
A000000180918,50ml,50.0,ml
A000000254724,50ml,50.0,ml
A000000010471,40ml,40.0,ml
A000000173140,10g,10.0,g
A000000257828,75ml,75.0,ml
A000000225649,70ml+25ml,70.0,ml
A000000162356,50g(추가증정 10g*2+패드 2매*3),50.0,g
A000000216291,80ml,80.0,ml
A000000161805,40ml,40.0,ml
A000000252779,15g,15.0,g
A000000259198,"[본품] 30ml, [증정품] 3ml*3",30.0,ml
A000000210495,15ml,15.0,ml
A000000248501,80mL + 튜브 80mL,80.0,ml
A000000255721,[본품] 40ml [증정품] 5ml*2ea,40.0,ml
A000000259494,본품 50ml*2 + 세럼 15ml,100.0,ml
A000000190051,본품 60ml + 견본 30ml,60.0,ml
A000000249580,80ml,80.0,ml
A000000251651,70ml,70.0,ml
A000000178494,50ml,50.0,ml
A000000244953,히알루크림 50ml+ 히알루세럼 10ml+ 히알루크림 3ml,50.0,ml
A000000256050,80 ml / 2.70 fl. oz.,80.0,ml
A000000242718,[본품] 크림 80ML [증정] 크림 31ML,80.0,ml
A000000248615,400ml,400.0,ml
A000000212724,60ml,60.0,ml
A000000182072,50ml,50.0,ml
A000000143959,200ml,200.0,ml
A000000167170,80ml,80.0,ml
A000000229093,50ml+25ml,50.0,ml
A000000126470,50ml,50.0,ml
A000000257838,크림 60ml / 톤업선 50ml / 팩트 본품 13g + 리필 13g,60.0,ml
A000000238378,15ml + 아이패치 증,15.0,ml
A000000211402,50ml,50.0,ml
A000000229455,95ml,95.0,ml
A000000218592,50ml+50ml,50.0,ml
A000000144843,100ml,100.0,ml
A000000247713,징크테카 크림 80mL/ 징크테카 크림 80mL + (증정)징크테카 세럼 7mL/ 징크테카 크림 80mL + (증정)안경만두 랜덤 키링,80.0,ml
A000000160584,40ml,40.0,ml
A000000212725,100ml+(+앰플5ml*3p+크림5ml*2p),100.0,ml
A000000254720,[본품] 15g + [증정] PDRN 5ml,15.0,g
A000000242515,50ml + 15ml,50.0,ml
A000000247881,50 ml,50.0,ml
A000000248363,"[본품] 80ml / [증정] 크림15ml, 앰플 1ml*3ea",80.0,ml
A000000213237,70ml+30ml,70.0,ml
A000000258294,100 ml / 3.38 fl. oz. * 2개,100.0,ml
A000000145662,50ML,50.0,ml
A000000206212,50ml,50.0,ml
A000000231833,60ml + 31ml,60.0,ml
A000000246922,50ml,50.0,ml
A000000231061,50ml,50.0,ml
A000000173180,"[본품] 크림 150ml, [증정] 크림 150ml",150.0,ml
A000000257712,55g,55.0,g
A000000246877,50ml+50ml,50.0,ml
A000000161573,75ml,75.0,ml
A000000179154,50ml+30ml,50.0,ml
A000000199155,75ml,75.0,ml
A000000241952,45ml,45.0,ml
A000000186457,50ml,50.0,ml
A000000219096,50ml,50.0,ml
A000000258860,본품 50g / 미니어처 20g,50.0,g
A000000248422,80mL,80.0,ml
A000000189056,50ml,50.0,ml
A000000168871,40ml * 2ea,80.0,ml
A000000248823,80ml,80.0,ml
A000000228255,30g,30.0,g
A000000163689,15ml,15.0,ml
A000000203033,60 ml / 2.02 fl. oz.,60.0,ml
A000000230916,50ml+50ml+키링+스티커,50.0,ml
A000000232731,100ml,100.0,ml
A000000216580,본품 50ml / 리필 50ml,50.0,ml
A000000179132,본품: 아이크림 35ml / 증정품: 본품 동일 아이크림 7ml * 1ea,35.0,ml
A000000210452,80g,80.0,g
A000000249650,30ml / 1.01 fl. oz.,30.0,ml
A000000208491,글루타치온 크림 105ml,105.0,ml
A000000250781,50g,50.0,g
A000000149810,200ml,200.0,ml
A000000188950,55ml,55.0,ml
A000000143958,75ml,75.0,ml
A000000216405,■ 본품 30mL+본품 30mL,30.0,ml
A000000205885,50ml+20ml,50.0,ml
A000000247578,50ml,50.0,ml
A000000258830,크림100ml+토너50ml,100.0,ml
A000000145285,20g,20.0,g
A000000211109,50ml+5ml,50.0,ml
A000000141321,30ml,30.0,ml
A000000246323,100ml + 30ml + 30ml,100.0,ml
A000000163651,로얄 블랙스네일 크림 50ml(본품) + 로얄 블랙스네일 크림 15ml(구성품),50.0,ml
A000000198166,45ml,45.0,ml
A000000198199,45ml,45.0,ml
A000000207029,70ml,70.0,ml
A000000247726,크림 70ml+크림31ml*2+NMN앰플 7ml,70.0,ml
A000000200133,40ml,40.0,ml
A000000259927,80ML / 2.70 FL.OZ.,80.0,ml
A000000214288,60ml,60.0,ml
A000000145333,100ml,100.0,ml
A000000163687,60ml,60.0,ml
A000000166418,50ml,50.0,ml
A000000213535,40ml,40.0,ml
A000000210288,45ml+15ml,45.0,ml
A000000170691,15ml,15.0,ml
A000000230016,55ml+25ml+어린쑥 랩핑마스크 1매,55.0,ml
A000000174356,50ml,50.0,ml
A000000238929,75ml*2,150.0,ml
A000000172476,7g * 2ea,14.0,g
A000000211188,70ml,70.0,ml
A000000229594,50ml,50.0,ml
A000000241909,60ml,60.0,ml
A000000218756,[본품] 소나무 진정 시카 크림 플러스 60ml [구성품] 소나무 진정 시카 토너 20ml,60.0,ml
A000000241360,50ml,50.0,ml
A000000229591,10g/ 0.35 oz.,10.0,g
A000000219391,[본품] 60ml / [증정] 30ml,60.0,ml
A000000172207,50ml,50.0,ml
A000000150145,80ml+20ml 증정,80.0,ml
A000000230344,80ml,80.0,ml
A000000232730,100ml,100.0,ml
A000000201592,100ml,100.0,ml
A000000225188,50ml,50.0,ml
A000000147130,50ml,50.0,ml
A000000179129,본품: 아이크림 35ml / 증정품: 본품 동일 아이크림 7ml*2ea,35.0,ml
A000000191733,35ml,35.0,ml
A000000258315,100g,100.0,g
A000000249651,30ml / 1.01 fl. oz.,30.0,ml
A000000219754,50ml,50.0,ml
A000000250188,9g,9.0,g
A000000204171,50ml,50.0,ml
A000000237954,100mL,100.0,ml
A000000234384,■ 본품 100mL + 블루빈로션 10mL,100.0,ml
A000000249736,35g,35.0,g
A000000235581,100ml,100.0,ml
A000000256038,50ml,50.0,ml
A000000135672,40ml,40.0,ml
A000000164342,150 ml * 2ea,300.0,ml
A000000254645,크림 50ml,50.0,ml
A000000246591,60ml,60.0,ml
A000000176050,15ml,15.0,ml
A000000186131,50ml,50.0,ml
A000000242839,40ml+40ml,40.0,ml
A000000260203,15g,15.0,g
A000000217355,50ml + 50ml,50.0,ml
A000000188831,50ml,50.0,ml
A000000213409,60ml,60.0,ml
A000000200632,50ml,50.0,ml
A000000198949,80g,80.0,g
A000000251937,시카크림 45ml+시카크림 10ml*2개,45.0,ml
A000000235303,80ml,80.0,ml
A000000163496,75ml,75.0,ml
A000000242946,50ml,50.0,ml
A000000243166,50ml,50.0,ml
A000000247174,"아이크림 25ml*1ea, 세럼 10ml*1ea",25.0,ml
A000000206312,15ml,15.0,ml
A000000241577,50ml,50.0,ml
A000000121934,40ml,40.0,ml
A000000236449,120g,120.0,g
A000000224294,50g / 1.76 oz,50.0,g
A000000147087,50ml,50.0,ml
A000000007088,100ml,100.0,ml
A000000112890,40ml,40.0,ml
A000000116004,50ml,50.0,ml
A000000116032,40ml,40.0,ml
A000000117624,75ml,75.0,ml
A000000117807,50ml,50.0,ml
A000000118797,50ml/2입,50.0,ml
A000000125012,40ml,40.0,ml
A000000128656,50g 1.76OZ,50.0,g
A000000129575,65ml,65.0,ml
A000000130838,15ml,15.0,ml
A000000135340,50ml,50.0,ml
A000000137162,100ml,100.0,ml
A000000137482,60ml,60.0,ml
A000000141662,400ml,400.0,ml
A000000141712,75g,75.0,g
A000000141723,80ml,80.0,ml
A000000144120,50ml,50.0,ml
A000000144918,50 g,50.0,g
A000000145286,20g,20.0,g
A000000145332,100ml,100.0,ml
A000000145360,[제모스 페이스] 40ml 2개 [제모스 토너] 50ml,40.0,ml
A000000145555,20ml X 3EA,60.0,ml
A000000145579,100ml,100.0,ml
A000000147119,50g,50.0,g
A000000147357,80ml,80.0,ml
A000000149064,85g,85.0,g
A000000149118,80ml,80.0,ml
A000000149717,30ml,30.0,ml
A000000150094,80ml(본품) + 20ml + 20ml (증정품),80.0,ml
A000000152580,40ml,40.0,ml
A000000153874,30ml(+7ml*2개),30.0,ml
A000000154627,25ml,25.0,ml
A000000155351,50ml,50.0,ml
A000000156146,80g,80.0,g
A000000156837,15ml,15.0,ml
A000000156843,15ml,15.0,ml
A000000157484,[본품] 55ml,55.0,ml
A000000158038,75ml(+30ml 증정),75.0,ml
A000000158308,50ml,50.0,ml
A000000158920,50ml,50.0,ml
A000000159747,50ml,50.0,ml
A000000159748,15ml,15.0,ml
A000000159802,10g+10g,10.0,g
A000000159901,50ml,50.0,ml
A000000160733,50ml,50.0,ml
A000000162415,[본품] 80ml,80.0,ml
A000000162589,100ml,100.0,ml
A000000163106,시어 버터 울트라 리치 페이스 크림 50ml,50.0,ml
A000000164251,■ 150ml,150.0,ml
A000000164571,11.5ml,11.5,ml
A000000164574,11.5ml,11.5,ml
A000000164614,80ml,80.0,ml
A000000165055,40ml,40.0,ml
A000000167259,30g,30.0,g
A000000167839,50ml,50.0,ml
A000000169180,80ml,80.0,ml
A000000169480,80ml,80.0,ml
A000000170025,80ml,80.0,ml
A000000170039,모이스처라이저 70ml + 세럼 10ml,70.0,ml
A000000170299,80ml (+수분초 패드 25ml/10pads 증정),80.0,ml
A000000171615,50ml,50.0,ml
A000000171757,50ml,50.0,ml
A000000172157,50g,50.0,g
A000000173055,75ml,75.0,ml
A000000174406,100ml,100.0,ml
A000000174407,100ml,100.0,ml
A000000174707,50ml,50.0,ml
A000000174929,50ml,50.0,ml
A000000175198,본품50ML,50.0,ml
A000000177794,본품50ml+15ml*2,50.0,ml
A000000180075,50ml,50.0,ml
A000000180459,100ml,100.0,ml
A000000181121,15ml,15.0,ml
A000000181124,70ml,70.0,ml
A000000181194,50ml,50.0,ml
A000000182273,50ml,50.0,ml
A000000182584,본품 50mL + 15mL*2ea,50.0,ml
A000000184066,48g,48.0,g
A000000184770,본품 50ml,50.0,ml
A000000184919,15ml,15.0,ml
A000000185121,50ml+50ml,50.0,ml
A000000185367,100ml,100.0,ml
A000000185456,50ml,50.0,ml
A000000185807,20ML,20.0,ml
A000000186191,100ml,100.0,ml
A000000186195,[단품] 크림 50ml / [기획] 크림 30ml + 크림 10ml,50.0,ml
A000000188751,100ml,100.0,ml
A000000188971,70g,70.0,g
A000000189000,160ml,160.0,ml
A000000189170,30ml,30.0,ml
A000000189587,50ml,50.0,ml
A000000190420,120ml,120.0,ml
A000000191008,15ml,15.0,ml
A000000191027,40ml,40.0,ml
A000000191796,[본품] 50ml [증정] 40ml,50.0,ml
A000000191805,50ml,50.0,ml
A000000191823,65ml,65.0,ml
A000000191912,30ml,30.0,ml
A000000192057,1.8g,1.8,g
A000000192219,50ml,50.0,ml
A000000192300,100ml,100.0,ml
A000000192520,60ml,60.0,ml
A000000197319,50ml,50.0,ml
A000000197320,50ml,50.0,ml
A000000197679,50ml,50.0,ml
A000000198026,30ml,30.0,ml
A000000198626,70ml,70.0,ml
A000000198853,50ml,50.0,ml
A000000199254,60ml,60.0,ml
A000000199404,80ml,80.0,ml
A000000200145,[본품] 아쿠아밤/모이스춰라이징밤 30ml [증정] 뉴메로 10 에센스 35ml,30.0,ml
A000000200181,30ml,30.0,ml
A000000200201,30ml,30.0,ml
A000000200480,80ml,80.0,ml
A000000200584,50ml,50.0,ml
A000000200804,50ml,50.0,ml
A000000201376,65ml(본품)+25ml(증정),65.0,ml
A000000202537,70ml+70ml,70.0,ml
A000000204308,본품 50ml + 증정 13ml,50.0,ml
A000000204627,50ml,50.0,ml
A000000204640,[본품] 50ml,50.0,ml
A000000204747,본품 아이크림 40ML + 세럼 10ML,40.0,ml
A000000204882,본품 50ML,50.0,ml
A000000204949,"크림 50ml 2개, 크림 15ml 2개",50.0,ml
A000000205098,100g,100.0,g
A000000209092,50ml,50.0,ml
A000000209418,80ml,80.0,ml
A000000209590,50ml,50.0,ml
A000000209747,80ml,80.0,ml
A000000209889,30ml,30.0,ml
A000000209906,15ml,15.0,ml
A000000210054,50mL,50.0,ml
A000000210196,20ml,20.0,ml
A000000211006,45ml (+25ml),45.0,ml
A000000211548,50ml,50.0,ml
A000000211928,15ml,15.0,ml
A000000212882,15ml,15.0,ml
A000000212912,50ml,50.0,ml
A000000213288,100ml+100ml,100.0,ml
A000000213383,100g,100.0,g
A000000213615,50ml,50.0,ml
A000000213953,60ml,60.0,ml
A000000214159,50ml,50.0,ml
A000000214181,50ml,50.0,ml
A000000214201,50ml,50.0,ml
A000000214226,50ml,50.0,ml
A000000214262,15ml,15.0,ml
A000000214296,50g,50.0,g
A000000214302,50ml / 1.69fl.oz.,50.0,ml
A000000214315,15ml,15.0,ml
A000000214633,본품 50ml / 미니어처 20ml (10ml*2ea),50.0,ml
A000000214636,60ml,60.0,ml
A000000214989,50ml,50.0,ml
A000000215147,50ml,50.0,ml
A000000215463,50ml,50.0,ml
A000000216315,본품 시칼파트+블레미쉬크림 40ml + 구성품 시칼파트+블레미쉬크림 40ml,40.0,ml
A000000216966,110ml,110.0,ml
A000000219137,15ml,15.0,ml
A000000219334,40ml,40.0,ml
A000000219475,15ml,15.0,ml
A000000221649,12g+4ml,12.0,g
A000000222638,10mL,10.0,ml
A000000222699,80ml,80.0,ml
A000000222848,포도당 하이드로 크림 60ml+10ml,60.0,ml
A000000222945,50ml,50.0,ml
A000000223296,본품 100g 증정 10g*2ea,100.0,g
A000000223622,[본품] 7g,7.0,g
A000000223947,50ml,50.0,ml
A000000224027,35ml,35.0,ml
A000000224137,30ml,30.0,ml
A000000224242,20ml,20.0,ml
A000000224243,90ml,90.0,ml
A000000224247,90ml,90.0,ml
A000000224499,10ml,10.0,ml
A000000224602,"[본품] 워터풀 젤크림 30ml [증정] 시크릿 에센스 12ml , 실리콘 케이스, 숨 카라비너",30.0,ml
A000000224610,옵션별 상이,,
A000000224727,크림 70ml+31ml,70.0,ml
A000000224733,50ml / 1.69 FL.OZ.,50.0,ml
A000000224880,크림 50ml + 앰플 리필 50ml,50.0,ml
A000000224917,60g + 10g,60.0,g
A000000225026,40ml,40.0,ml
A000000225179,(본품)아벤느 비타민 액티브 Cg 크림 50ml +(구성품)비타민 Cg 액티브 세럼 10ml),50.0,ml
A000000225277,28ml/50ml,28.0,ml
A000000225279,80mL,80.0,ml
A000000225280,80mL + 7mL,80.0,ml
A000000225877,50ml,50.0,ml
A000000226179,50ml,50.0,ml
A000000226527,70ml,70.0,ml
A000000226541,50ml,50.0,ml
A000000227220,50ml,50.0,ml
A000000227276,50ml,50.0,ml
A000000227664,75ml,75.0,ml
A000000227939,50ml,50.0,ml
A000000228046,40ml,40.0,ml
A000000228418,50ml,50.0,ml
A000000229284,50ml,50.0,ml
A000000229542,50ml,50.0,ml
A000000229621,50ml,50.0,ml
A000000229785,50ml+5ml+세럼5ml,50.0,ml
A000000229946,50ml,50.0,ml
A000000230273,80ml,80.0,ml
A000000230498,리필 50ml,50.0,ml
A000000230515,[본품] 비타 나이아신 글로우 캡슐 크림 50ml,50.0,ml
A000000230928,50ml,50.0,ml
A000000231300,300ml,300.0,ml
A000000231399,50g,50.0,g
A000000231452,10ml,10.0,ml
A000000231455,50ml,50.0,ml
A000000231465,50g,50.0,g
A000000231800,10ml,10.0,ml
A000000231978,30ml * 2,60.0,ml
A000000233192,80mL,80.0,ml
A000000233382,50ml,50.0,ml
A000000234133,"50ml, 30ml",50.0,ml
A000000234280,100ml,100.0,ml
A000000234359,70ml,70.0,ml
A000000235107,70ml(본품)+30ml(증정)+포곤빌리지 패딩백 키링(증정),70.0,ml
A000000235270,50ml,50.0,ml
A000000235558,50ml+20ml,50.0,ml
A000000235560,50ml,50.0,ml
A000000235855,50ml,50.0,ml
A000000236325,50ml,50.0,ml
A000000236508,30ml,30.0,ml
A000000236828,100ml,100.0,ml
A000000237527,50ml,50.0,ml
A000000237819,50ml,50.0,ml
A000000238408,50ml,50.0,ml
A000000238594,90g,90.0,g
A000000240056,50ml(10ml*2),50.0,ml
A000000241336,50ml,50.0,ml
A000000242631,100ml,100.0,ml
A000000242686,80ml,80.0,ml
A000000242945,50ml,50.0,ml
A000000243754,80ml+80ml,80.0,ml
A000000243786,80ml,80.0,ml
A000000244812,50ML,50.0,ml
A000000244954,히알루크림 50ml+ 히알루세럼 10ml+ 히알루크림 3ml,50.0,ml
A000000245465,본품 50ml / 미니어처 20ml (10ml*2ea),50.0,ml
A000000246144,"제모스 C8+ 세라뜨 200ml, 제모스 토너 50ml",200.0,ml
A000000246299,50ml,50.0,ml
A000000246414,50ml,50.0,ml
A000000246776,[본품] 자작나무 수분 크림 80ml+80ml [증정품] 눈멍이 미니 실리콘 파우치 1개,80.0,ml
A000000247186,60 ml,60.0,ml
A000000247199,200ml,200.0,ml
A000000247202,40ml,40.0,ml
A000000247596,50ml,50.0,ml
A000000247723,본품 50ml+세럼 15ml,50.0,ml
A000000248401,50ml,50.0,ml
A000000248509,50ml,50.0,ml
A000000248587,1.76 oz. / 50g,50.0,g
A000000248935,3g,3.0,g
A000000249122,75ml,75.0,ml
A000000249165,5.6g,5.6,g
A000000249611,50ml,50.0,ml
A000000250191,2개 (9g+9g),9.0,g
A000000251275,40ml+40ml+40ml,40.0,ml
A000000251453,20ml,20.0,ml
A000000251729,20ml,20.0,ml
A000000252197,50ml (1.69 fl.oz.),50.0,ml
A000000252669,40ml,40.0,ml
A000000252773,15g,15.0,g
A000000253621,50ml + 15ml,50.0,ml
A000000254067,50ml * 2ea,100.0,ml
A000000254114,30ml+10ml,30.0,ml
A000000254849,9g,9.0,g
A000000255066,50 g,50.0,g
A000000255445,50ml,50.0,ml
A000000255625,50g,50.0,g
A000000256156,50ml,50.0,ml
A000000256432,50ml,50.0,ml
A000000257584,[본품] 타임 에너지 모이스트 베리어 크림 25ml / [증정] 타임 에너지 모이스트 베리어 크림 10ml,25.0,ml
A000000257588,[본품] 타임 에너지 브라이트 루미너스 크림 25ml / [증정] 타임 에너지 브라이트 루미너스 크림 10ml,25.0,ml
A000000258055,50ml / 1.7 fl.oz,50.0,ml
A000000258755,"[본품] 장수진 수분크림 70ml, [증정품] 장수진 수분앰플 20ml",70.0,ml
A000000258935,본품: 50 mL / 증정품: 포어 앰플 10ml,50.0,ml
A000000259074,30ml,30.0,ml
A000000259199,"[본품] 50ml, [증정품] 15ml",50.0,ml
A000000259944,80ML / 2.70 FL.OZ.,80.0,ml
A000000260337,50ml 1.6 fl. oz.,50.0,ml
A000000260505,80ml,80.0,ml
A000000261750,50ml,50.0,ml
A000000261791,50ml,50.0,ml
A000000217602,[본품] 80ml*2EA,160.0,ml
A000000255989,60ml*2개입 + 크림 10ml 증정,120.0,ml
A000000245960,"크림 50ml 1ea, 크림 15ml*2ea, 더마 마스팩 3매",50.0,ml
A000000260462,80ml,80.0,ml
A000000256048,100 ml / 3.38 fl. oz.,100.0,ml
A000000222833,80ml,80.0,ml
A000000176058,75ml,75.0,ml
A000000221698,이니스프리 비타C 엔자임 잡티 토닝 크림(50ml+20ml),50.0,ml
A000000209608,60g,60.0,g
A000000002848,30ml,30.0,ml
A000000006014,본품 45ml,45.0,ml
A000000016808,50ml,50.0,ml
A000000107841,50ml,50.0,ml
A000000115499,50ml,50.0,ml
A000000117809,40ml,40.0,ml
A000000122126,15ml,15.0,ml
A000000128084,50g,50.0,g
A000000136537,40ml,40.0,ml
A000000142737,80ml,80.0,ml
A000000144808,50ml,50.0,ml
A000000147164,30ml,30.0,ml
A000000148409,75ml,75.0,ml
A000000152046,60ml,60.0,ml
A000000155320,본품 50ml + 미니어처 10ml 추가 증정,50.0,ml
A000000156779,50 ml / 1.69 fl. oz,50.0,ml
A000000156792,50 g / 1.76 oz.,50.0,g
A000000158475,25g,25.0,g
A000000159595,20ml,20.0,ml
A000000159598,50ml,50.0,ml
A000000159982,60ml+견본 30ml,60.0,ml
A000000161444,200ml,200.0,ml
A000000163761,80ml,80.0,ml
A000000164628,100ml,100.0,ml
A000000165192,본품 10g + 증정품 미니스틱 3.5g,10.0,g
A000000165887,50g,50.0,g
A000000166922,50ml,50.0,ml
A000000167261,25G,25.0,g
A000000167993,15ml,15.0,ml
A000000168274,30ml,30.0,ml
A000000168828,50ml,50.0,ml
A000000172042,50ml,50.0,ml
A000000172072,30ml+30ML,30.0,ml
A000000172075,30ml+30ml,30.0,ml
A000000173212,더블크림70g,70.0,g
A000000174016,100ml,100.0,ml
A000000177383,45 ml,45.0,ml
A000000177493,100ml,100.0,ml
A000000178061,50ml + 50ml,50.0,ml
A000000178516,70ml,70.0,ml
A000000180559,35ML,35.0,ml
A000000181062,"[본품] 장수진 수분크림 70ml, [증정품] 장수진 수분앰플 10ml",70.0,ml
A000000181191,50ml,50.0,ml
A000000182581,본품 50mL+15mL*2ea,50.0,ml
A000000182831,"50ml(본품)+50ml(비매품, 튜브)",50.0,ml
A000000185306,70g,70.0,g
A000000188495,105ml,105.0,ml
A000000191026,50ml,50.0,ml
A000000191895,50ml,50.0,ml
A000000192054,150ml,150.0,ml
A000000192787,80ml+10ml,80.0,ml
A000000197659,50ml,50.0,ml
A000000198892,50ml,50.0,ml
A000000199203,70ml,70.0,ml
A000000199257,80mL,80.0,ml
A000000199486,200ml + 75ml,200.0,ml
A000000199651,70ml(본품)+30ml(증정),70.0,ml
A000000199668,50ml,50.0,ml
A000000200168,30 ml / 1.01 fl. oz.,30.0,ml
A000000200188,[본품] 60ml [증정] 60ml,60.0,ml
A000000200356,포르테 20g+ 포르테 5g+시카메탈크림1.5g*2,20.0,g
A000000200600,본품 60ml + 견본 30ml,60.0,ml
A000000201378,15ml,15.0,ml
A000000201643,50ml,50.0,ml
A000000204581,아이크림 본품 30ML + 세럼 10ML,30.0,ml
A000000204654,[본품] 50ml,50.0,ml
A000000205037,150ml,150.0,ml
A000000205871,20 g,20.0,g
A000000206338,15ml,15.0,ml
A000000206422,40ML,40.0,ml
A000000208055,100 ml / 3.38 fl. oz.,100.0,ml
A000000209380,50g,50.0,g
A000000210141,30ml,30.0,ml
A000000210159,50ml,50.0,ml
A000000210417,CREAM 100ml + TONER 25ml,100.0,ml
A000000210933,[본품] 50ml,50.0,ml
A000000213112,50ml,50.0,ml
A000000213113,40ml,40.0,ml
A000000213402,60ml,60.0,ml
A000000214303,50ml / 1.69fl.oz.,50.0,ml
A000000215507,50ml,50.0,ml
A000000217167,30 mL,30.0,ml
A000000218548,60ml,60.0,ml
A000000219326,400ml,400.0,ml
A000000222814,[본품] 15g + [증정] PDRN 5ml + 선앰플 10ml,15.0,g
A000000222908,50ml+20ml,50.0,ml
A000000224292,100ml+3ml,100.0,ml
A000000224487,"크림 80mL, 앰플 13mL / 크림 본품 80 mL 미스트 20 mL 앰플마스크 1매",80.0,ml
A000000224729,크림 70ml,70.0,ml
A000000225008,100ml,100.0,ml
A000000225911,105ml,105.0,ml
A000000228905,50ml,50.0,ml
A000000229465,100ml,100.0,ml
A000000229491,50ml,50.0,ml
A000000229492,50ml,50.0,ml
A000000229513,80ml,80.0,ml
A000000229539,40ml,40.0,ml
A000000229620,70ml,70.0,ml
A000000229724,50ml,50.0,ml
A000000231120,[본품] 90ml,90.0,ml
A000000234408,크림 70ml + 크림31ml*2 + 속수분앰플1ml*2,70.0,ml
A000000235108,70ml(본품)+30ml(증정)+포곤빌리지 스크런치(증정),70.0,ml
A000000236432,50ml,50.0,ml
A000000236564,"[본품] 100ml, [증정품] 빵아 파우치",100.0,ml
A000000237580,"[정품] 크림80ml [증정] 토너20ml, 에멀전20ml, 핸드크림 70ml",80.0,ml
A000000238377,15ml,15.0,ml
A000000238669,50ml,50.0,ml
A000000239970,100mL,100.0,ml
A000000240202,"[본품] 모밤 30ml, 비타민 마스크 25ml [증정] 모밤 25ml, 히알루론 세럼 2mlx2ea",30.0,ml
A000000244830,[본품] 100ml [증정품] 수분크림 10ml / 망그러진곰 맥세이프 카드 지갑,100.0,ml
A000000245473,15ml,15.0,ml
A000000247379,크림 45ml + 10ml + 세타필 파우치 키링,45.0,ml
A000000247823,콜라겐 크림 50ml + 10ml + 콜라겐 세럼 10ml,50.0,ml
A000000248609,75ml+85ml,75.0,ml
A000000249649,40ml / 1.35 fl. oz.,40.0,ml
A000000249777,[본품] 50ml+50ml [증정] 크림 20ml,50.0,ml
A000000249903,50ml,50.0,ml
A000000250474,60ml*2개입 + 발렌 파우치 키링,120.0,ml
A000000250667,60ml + 31*2ml,60.0,ml
A000000251274,100ml+100ml,100.0,ml
A000000252191,"본품: 15ml / 증정: 나이트크림 20ml*1ea, 화장솜",15.0,ml
A000000252917,시카플라스트 밤 B5+ 100ml & 멀티 리페어 크림 B5 100ml +에센스 7.5ml*2ea,100.0,ml
A000000253623,타임리버스 50ml*2개 + 타임리버스 15ml + PDRN 크림 15ml (+푸린 피크닉 매트),100.0,ml
A000000257834,80ml,80.0,ml
A000000258859,50g,50.0,g
A000000259298,75ml + 75ml,75.0,ml
A000000261415,60ml,60.0,ml
A000000263530,크림 200ml + 토너 50ml + 마스크 28ml x1매,200.0,ml
A000000006346,■ 120ml,120.0,ml
A000000102752,6.6ml,6.6,ml
A000000124361,55g,55.0,g
A000000204481,150mL,150.0,ml
A000000141457,300ml,300.0,ml
A000000248339,300ml/50ml,300.0,ml
A000000199429,9g,9.0,g
A000000125392,30매/55g / 2개입(총 60매/110g),30.0,매
A000000135743,300ml,300.0,ml
A000000231085,280ml,280.0,ml
A000000125015,145ml*2개,290.0,ml
A000000167810,150ml,150.0,ml
A000000224465,본품 100ml,100.0,ml
A000000223461,30매 / 60g,30.0,매
A000000168702,20매,20.0,매
A000000213921,200ml x 2EA,400.0,ml
A000000163335,200ml,200.0,ml
A000000208351,160ml,160.0,ml
A000000237813,125ml,125.0,ml
A000000131620,50ea,50.0,개
A000000187803,250ml,250.0,ml
A000000261248,30매/ 100g,30.0,매
A000000131509,50ml,50.0,ml
A000000163334,100ml,100.0,ml
A000000005797,145ml,145.0,ml
A000000137604,100ml,100.0,ml
A000000146757,300ml + 120ml,300.0,ml
A000000183046,100ml,100.0,ml
A000000189452,300mL,300.0,ml
A000000190422,6.6ml*2EA,13.2,ml
A000000196979,300ml,300.0,ml
A000000199223,300ml,300.0,ml
A000000203684,125ml,125.0,ml
A000000225050,145ml,145.0,ml
A000000229941,용량 100ml / 250ml,100.0,ml
A000000252248,7.0g,7.0,g
A000000123937,100ml,100.0,ml
A000000129643,140ml,140.0,ml
A000000145081,[본품] 립앤아이리무버 500ml,500.0,ml
A000000155990,300ml,300.0,ml
A000000208185,150ml,150.0,ml
A000000213017,200ml,200.0,ml
A000000215111,20ml,20.0,ml
A000000216256,8g,8.0,g
A000000223237,120mL / 250mL,120.0,ml
A000000225189,"본품 300ml, 증정 100ml",300.0,ml
A000000225970,140ml,140.0,ml
A000000253617,본품 : 퓨어 클렌징오일 200mlx2ea 증정 : 포켓몬 미니백 키링 1ea,400.0,ml
A000000231950,본품 100ml,100.0,ml
A000000225774,클렌징오일 200 mL / 클렌징폼150mL,200.0,ml
A000000260524,[본품] 200ml + 리필용기 200ml / [증정] 녹두폼 20ml,200.0,ml
A000000259905,[본품] 200ml*2ea + [증정] 30ml*2ea,400.0,ml
A000000231315,200ml,200.0,ml
A000000202472,90 ml | 3.04 fl. oz.,90.0,ml
A000000225801,100ml + 3ml * 4개입,100.0,ml
A000000230421,130ml,130.0,ml
A000000205555,200mL * 2EA,400.0,ml
A000000238532,(본품) : 100 mL / 3.38 fl. oz. (증정) : 10ml / 0.33 fl. oz. X 2ea,100.0,ml
A000000174279,200 mL,200.0,ml
A000000165797,400ml,400.0,ml
A000000259721,200ml,200.0,ml
A000000191483,350ml,350.0,ml
A000000181478,200ml+50ml,200.0,ml
A000000184908,150ml,150.0,ml
A000000250980,200ml,200.0,ml
A000000227650,100g (+5g*2ea).,100.0,g
A000000137728,500ml+500ml,500.0,ml
A000000198831,(본품) 클렌징밤 90ml / (증정) 팩클렌저 25g,90.0,ml
A000000244479,클렌징오일200ml+23ml,200.0,ml
A000000230560,90ml + 증정 3ml *4ea,90.0,ml
A000000202678,본품 100ml,100.0,ml
A000000244756,200ml 2개,200.0,ml
A000000233330,(본)100mL,100.0,ml
A000000165715,230ml,230.0,ml
A000000161510,[본품] 허브 그린 클렌징오일 200ml / 증정품 : 약산성 소다폼 20mlx2,200.0,ml
A000000207736,100ml,100.0,ml
A000000226125,50ml,50.0,ml
A000000202690,100ML,100.0,ml
A000000174062,클렌징 오일(210ml)+ 오일(100ml),210.0,ml
A000000228836,본품 200ml*2ea + 30ml (추가 증정),400.0,ml
A000000232301,100g,100.0,g
A000000232200,"세럼: 160ml / 브라이트닝, 딥클리어: 230ml",160.0,ml
A000000184368,320ml,320.0,ml
A000000210043,3ml*16,48.0,ml
A000000161575,200ml,200.0,ml
A000000230371,200ml,200.0,ml
A000000204721,200ml,200.0,ml
A000000107679,200ml,200.0,ml
A000000184371,320ml*2ea,640.0,ml
A000000003939,200ml,200.0,ml
A000000210045,3ml*16개입,48.0,ml
A000000211172,클렌징밤 100ml+20ml,100.0,ml
A000000206202,200ml,200.0,ml
A000000170036,100ml,100.0,ml
A000000151132,그린 딥 오일 310ml,310.0,ml
A000000201099,200ml,200.0,ml
A000000241733,200ml(+리필 200) 기획,200.0,ml
A000000000855,230mL,230.0,ml
A000000216302,205 ml / 6.93 fl. oz.,205.0,ml
A000000202675,100ML,100.0,ml
A000000121954,230ml,230.0,ml
A000000225772,100mL,100.0,ml
A000000203726,25ml,25.0,ml
A000000219218,400ml,400.0,ml
A000000222607,250mL,250.0,ml
A000000224198,[본품] 100ml / [증정품] 15ml,100.0,ml
A000000130389,500ml,500.0,ml
A000000245627,90ml + 15g,90.0,ml
A000000245911,200ml,200.0,ml
A000000254695,150ml (본품) + 30ml (추가증정),150.0,ml
A000000192376,"200ml+15,ml",200.0,ml
A000000255622,80g,80.0,g
A000000231394,50ML,50.0,ml
A000000215416,120ml + 20ml,120.0,ml
A000000230342,250mL,250.0,ml
A000000189871,195ml,195.0,ml
A000000233034,클렌징오일 20mL / 클렌징폼 25mL,20.0,ml
A000000203728,25ML,25.0,ml
A000000238300,100g,100.0,g
A000000244706,195ml,195.0,ml
A000000216063,200ml,200.0,ml
A000000249413,본품 230ml + 리필 210ml,230.0,ml
A000000155596,클렌징 오일(210ml)+클렌징 폼(50ml),210.0,ml
A000000207304,110ml,110.0,ml
A000000224558,100g +15g,100.0,g
A000000237818,100g +15g,100.0,g
A000000225208,200ml +15ml(팩폼증정),200.0,ml
A000000230497,200ml,200.0,ml
A000000143372,200ml 2개,200.0,ml
A000000149128,55ml,55.0,ml
A000000215420,50ml,50.0,ml
A000000190916,230ml+230ml,230.0,ml
A000000197230,300ml,300.0,ml
A000000231125,"소프트 비건 클렌징밤 60ml X 2, 화이트 비건 클렌징밤 60ml X 2, 클렌징밤 리페어 100ml",120.0,ml
A000000225633,본품 135ml / 증정 10ml,135.0,ml
A000000153310,330ml,330.0,ml
A000000189569,200ml,200.0,ml
A000000249103,200ml (+리필 200ml),200.0,ml
A000000261559,200mL / Net 6.76 fl. oz. / 크리스탈 괄사 1개,200.0,ml
A000000180066,30ml,30.0,ml
A000000181953,200ml+50ml,200.0,ml
A000000211238,90g,90.0,g
A000000225888,본품200ml 증정20ml,200.0,ml
A000000009695,■ 200ml,200.0,ml
A000000224556,200 ml / 6.76 fl.oz.,200.0,ml
A000000206968,200ml,200.0,ml
A000000183044,200ml,200.0,ml
B000000217181,200 ml,200.0,ml
A000000228855,본품 200ML + 마루는강쥐 파우치,200.0,ml
A000000238195,3g/14개,3.0,g
A000000206805,100mL,100.0,ml
A000000249781,200ml,200.0,ml
A000000114705,250ml,250.0,ml
A000000121955,230ml,230.0,ml
A000000136710,150ml,150.0,ml
A000000136725,300ml,300.0,ml
A000000141376,150ml (미니어처 20ml),150.0,ml
A000000144387,오일300ml+오일30ml,300.0,ml
A000000144851,400ml,400.0,ml
A000000153532,200ml,200.0,ml
A000000154791,[본품] 1025 독도 클렌징 오일 200ml + [증정품] 1025 독도 클렌저 40ml,200.0,ml
A000000160290,200ml,200.0,ml
A000000167257,60ml (2.02 fl. oz.) * 2 EA,60.0,ml
A000000167264,60ml (2.02 fl. oz.) * 2 EA,60.0,ml
A000000167808,100ml,100.0,ml
A000000170496,200ml,200.0,ml
A000000173810,120ml,120.0,ml
A000000174253,150ml,150.0,ml
A000000175027,200ml + 200ml,200.0,ml
A000000175192,200ml,200.0,ml
A000000175301,300ml + (증정)클렌징 폼 20ml,300.0,ml
A000000175385,300ml+(증정)클렌징 폼 20ml,300.0,ml
A000000180065,125ml,125.0,ml
A000000185168,80 ml,80.0,ml
A000000185261,190ml,190.0,ml
A000000186975,200ml,200.0,ml
A000000188364,100ml,100.0,ml
A000000188370,200ml,200.0,ml
A000000188562,100ml,100.0,ml
A000000190796,195ml,195.0,ml
A000000191289,80g,80.0,g
A000000191342,200ml,200.0,ml
A000000191447,40ml,40.0,ml
A000000192791,200ml+30ml,200.0,ml
A000000192908,200ml,200.0,ml
A000000199278,200ml,200.0,ml
A000000200400,[본품] 오일 200ml + [증정] 파우더워시 10g,200.0,ml
A000000201164,150ml,150.0,ml
A000000203683,225ml,225.0,ml
A000000204125,210ml,210.0,ml
A000000205136,250ml,250.0,ml
A000000205335,클렌징오일 200ml+아크네폼40g,200.0,ml
A000000205409,230ml+230ml+20ml,230.0,ml
A000000205836,200ml,200.0,ml
A000000206088,본품 135ml / 증정 10ml,135.0,ml
A000000206154,200ml,200.0,ml
A000000207283,200ml,200.0,ml
A000000207672,200ml,200.0,ml
A000000207746,200ml,200.0,ml
A000000211360,300ml,300.0,ml
A000000212286,100ml,100.0,ml
A000000212958,90g,90.0,g
A000000213530,100ml,100.0,ml
A000000213695,본품 100ml,100.0,ml
A000000214815,■ 본품 200mL,200.0,ml
A000000216199,150g,150.0,g
A000000216254,200ml,200.0,ml
A000000219169,200mL,200.0,ml
A000000222729,150ml,150.0,ml
A000000222815,200ml,200.0,ml
A000000223191,200ml,200.0,ml
A000000224477,200ml,200.0,ml
A000000225085,1개당 200ml,200.0,ml
A000000225379,300ml,300.0,ml
A000000225547,120g,120.0,g
A000000225799,100g,100.0,g
A000000225936,50ml,50.0,ml
A000000225937,200ml,200.0,ml
A000000225967,250ml,250.0,ml
A000000226136,200mL,200.0,ml
A000000226189,200ml / 125ml,200.0,ml
A000000226570,150ml + 150ml,150.0,ml
A000000229067,[본품] 클렌징밤 50ml,50.0,ml
A000000229515,300ml,300.0,ml
A000000230982,[본품] 소나무 진정 시카 딥 포어 클렌징 오일 200ML,200.0,ml
A000000231398,155ml,155.0,ml
A000000231603,100 g / 3.52 oz.,100.0,g
A000000231996,본품 200ml+리필 200ml+캡슐형 2ml*3ea,200.0,ml
A000000232104,200ml,200.0,ml
A000000232363,(본품) 민트차콜릿 클렌징밤 90ml / (증정) 민트 클렌징밤 7ml,90.0,ml
A000000232683,250ml,250.0,ml
A000000236135,200ml,200.0,ml
A000000238320,30ml,30.0,ml
A000000244729,200ml,200.0,ml
A000000244918,400ML,400.0,ml
A000000244922,200ml,200.0,ml
A000000245628,3g * 6ea,18.0,g
A000000245804,50ml,50.0,ml
A000000247200,400ml,400.0,ml
A000000247221,300ml,300.0,ml
A000000247528,400ml,400.0,ml
A000000248489,90ml +3ml*6개,90.0,ml
A000000248601,50ml,50.0,ml
A000000248603,200ml,200.0,ml
A000000249411,본품 230ml+리필210ml,230.0,ml
A000000251860,200ml,200.0,ml
A000000252178,92mL,92.0,ml
A000000252320,200ml 기획 (+듀얼클린브러쉬),200.0,ml
A000000254329,150ml,150.0,ml
A000000258034,50 mL,50.0,ml
A000000259279,300ml,300.0,ml
A000000262749,110ml,110.0,ml
B000000198679,90ml,90.0,ml
A000000207640,100ml,100.0,ml
A000000207446,132ml x2ea,264.0,ml
A000000201183,150ml,150.0,ml
A000000112593,200ml,200.0,ml
A000000137593,210ml,210.0,ml
A000000139961,150ml,150.0,ml
A000000144398,120ml,120.0,ml
A000000160015,100ml,100.0,ml
A000000162644,[본품] 애플사이다 클렌징 오일 200ml + [증정품] 애플사이다 클렌징 오일 100ml,200.0,ml
A000000171375,300ml,300.0,ml
A000000173533,[본품] 300ml / [증정] 120ml,300.0,ml
A000000178796,120ml,120.0,ml
A000000181240,100ml,100.0,ml
A000000189144,132ml+14ml,132.0,ml
A000000190919,90ml,90.0,ml
A000000192060,200ml,200.0,ml
A000000198333,300 ml,300.0,ml
A000000199067,200ml,200.0,ml
A000000199588,본품 : 300ml / 증정품 : 25ml x2,300.0,ml
A000000200189,90ml,90.0,ml
A000000203064,200ml,200.0,ml
A000000206052,클렌징오일 205ml (+폼 30ml),205.0,ml
A000000207657,400ml,400.0,ml
A000000210539,200ml,200.0,ml
A000000213974,100ml,100.0,ml
A000000214934,180ml,180.0,ml
A000000217728,200ML + 30ML,200.0,ml
A000000219337,100g,100.0,g
A000000222728,50ml,50.0,ml
A000000225800,200ml + 리필 200ml,200.0,ml
A000000228852,100g,100.0,g
A000000229504,클렌징오일 200ml + 카밍패드 2ml(6매),200.0,ml
A000000238402,"본품 : 퓨어 클렌징오일 200mlx2ea+리필팩 200ml, 증정 : 퓨어 소이빈 클렌징밀크 2mlx5ea",400.0,ml
A000000245469,300ml+실리콘 클렌징 패드,300.0,ml
A000000249800,[본품] 200ml + 리필용기 200ml / [증정] 녹두폼 20ml,200.0,ml
A000000130319,850ml,850.0,ml
A000000158513,200ml + 100ml,200.0,ml
A000000185308,220ml+100ml,220.0,ml
A000000253342,150ml+30ml,150.0,ml
A000000231175,본품 200ml+ 리필200ml + 20ml,200.0,ml
A000000112714,200ml,200.0,ml
A000000255163,200ml,200.0,ml
A000000160902,500ml,500.0,ml
A000000149140,400ml * 2ea,800.0,ml
A000000230909,280ml,280.0,ml
A000000260005,"본품 300ml / 증정 클렌징 밀크 100ml 리필 , 클렌징폼 20g",300.0,ml
A000000231998,본품 200ml+리필 100ml,200.0,ml
A000000230983,500ml,500.0,ml
A000000245045,200ml,200.0,ml
A000000206932,본품 400ml 2개입,400.0,ml
A000000230980,500ml,500.0,ml
A000000185118,■ 500mL / ■ 850mL,500.0,ml
A000000233155,250ml,250.0,ml
A000000232109,본품 200ML + 폼 50ML,200.0,ml
A000000160906,100ml,100.0,ml
A000000169509,500 ml / 16.90 fl. oz.,500.0,ml
A000000013194,500+500ml,500.0,ml
A000000237800,300ml,300.0,ml
A000000165155,200ml,200.0,ml
A000000159743,100ml,100.0,ml
A000000014359,250ml * 2ea,500.0,ml
A000000231436,400 ml / 13.52 fl.oz,400.0,ml
A000000237461,본품 300ml / 증정 100ml,300.0,ml
A000000228248,400mL,400.0,ml
A000000241734,280m(+리필 100ml) 기획,100.0,ml
A000000152593,400ml,400.0,ml
A000000197367,200ml,200.0,ml
A000000139298,200ml+50ml,200.0,ml
A000000259720,[본품] 알로에 발효 클렌징 밀크 200ml [증정] 클렌징 밀크 20ml,200.0,ml
A000000248122,50 ml / 1.69 fl.oz.,50.0,ml
A000000257954,200mL,200.0,ml
A000000233875,200 ML / 6.76 FL.OZ,200.0,ml
A000000259238,190ml,190.0,ml
A000000231889,400ml,400.0,ml
A000000184196,400ml,400.0,ml
A000000217108,100ml,100.0,ml
A000000002652,100ml,100.0,ml
A000000253618,본품 200ml+리필 100ml,200.0,ml
A000000262752,150g,150.0,g
A000000102238,400ml,400.0,ml
A000000253944,본품: 500ml / 증정품: 화장솜 20매,500.0,ml
A000000247215,500ml,500.0,ml
A000000230763,200ml,200.0,ml
A000000231437,400 ml / 13.52 fl.oz.,400.0,ml
A000000227640,200ml,200.0,ml
A000000243597,350ml,350.0,ml
A000000013189,■ 285ml,285.0,ml
A000000114713,60ml,60.0,ml
A000000002844,100ml,100.0,ml
A000000002838,250ml,250.0,ml
A000000014360,250ml * 2ea,500.0,ml
A000000015026,500ml * 2ea,1000.0,ml
A000000102240,400ml,400.0,ml
A000000118918,250ml,250.0,ml
A000000128988,500ml*2ea,1000.0,ml
A000000131595,500ml,500.0,ml
A000000134609,800ml,800.0,ml
A000000136849,200ml,200.0,ml
A000000143011,850ml,850.0,ml
A000000148024,워터 490ml + (구성) 화장솜 70매,490.0,ml
A000000151358,500 ml,500.0,ml
A000000152601,400ml,400.0,ml
A000000170397,400ml,400.0,ml
A000000175204,150mL,150.0,ml
A000000184360,150ml,150.0,ml
A000000201049,300ml,300.0,ml
A000000206408,250ml,250.0,ml
A000000207735,400ml,400.0,ml
A000000208188,300ml,300.0,ml
A000000210172,250ml,250.0,ml
A000000225196,200ml,200.0,ml
A000000230935,400ML,400.0,ml
A000000230937,400ML,400.0,ml
A000000237662,200 ml l 6.76 fl.oz.,200.0,ml
A000000240145,200ml,200.0,ml
A000000240264,200ml,200.0,ml
A000000242323,본품 200ml,200.0,ml
A000000242732,본품 200ml,200.0,ml
A000000251505,400ml + 400ml,400.0,ml
A000000253943,55ml,55.0,ml
A000000253945,본품: 500ml x2ea / 증정품: 화장솜 20매,1000.0,ml
A000000254682,본품 200ml + 30ml (추가 증정),200.0,ml
A000000255451,200ml,200.0,ml
A000000260250,200ml,200.0,ml
A000000143010,500ml,500.0,ml
A000000000463,200mL,200.0,ml
A000000111657,500ml,500.0,ml
A000000119534,콘트롤 크림 셀프마사지 150ml 2ea,150.0,ml
A000000183429,220ml,220.0,ml
A000000187447,500ml,500.0,ml
A000000200464,200ml,200.0,ml
A000000201165,200ml,200.0,ml
A000000201185,500ml,500.0,ml
A000000203626,본품: 500ml x2ea / 증정품: 화장솜 20매,1000.0,ml
A000000204963,55ml,55.0,ml
A000000207641,200ml,200.0,ml
A000000209308,본품 : 500ml(펌프형) / 증정품: 화장솜 20매,500.0,ml
A000000211192,500g/17.63oz.,500.0,g
A000000226070,500mlx2,1000.0,ml
A000000231669,200ML,200.0,ml
A000000234355,본품 200ML + 리필 100ML,200.0,ml
A000000237462,300ml,300.0,ml
A000000245640,[본품] 220ml [증정] 리필 200ml [증정] 클렌징폼 30ml,220.0,ml
A000000246775,"본품 300ml / 증정 클렌징 밀크 50ml , 클렌징폼 50g",300.0,ml
A000000260522,160ml + 160ml,160.0,ml
A000000223233,150ml / 150ml*2,150.0,ml
A000000253102,120g+120g+120g,120.0,g
A000000230821,120ml*2ea,240.0,ml
A000000232081,240ml + 리필 240ml,240.0,ml
A000000186409,150ml / 5.07 fl. oz,150.0,ml
A000000187479,클렌징폼 160ml + 클렌징폼 본품 40ml,160.0,ml
A000000207982,본품 160ml x 2,320.0,ml
A000000232913,130g+130g,130.0,g
A000000260188,"그린토마토, 레드토마토 120m+30ml/ 쌀 반죽 130ml+30ml",30.0,ml
A000000230822,170ml*2ea,340.0,ml
A000000217511,130g,130.0,g
A000000214907,"[기획] 떡솝프레시 120g + 15g / [기획] 그 린티 찹쌀떡솝 150g+PDRN클렌징밤3ml*6 개/ [단품] 라이스, 라벤더 찹쌀떡솝 150g",120.0,g
A000000251339,그린티 150g + (클렌징밤 3g x 6ea),150.0,g
A000000245096,150ml,150.0,ml
A000000204014,120ML,120.0,ml
A000000259047,400m,,
A000000190494,160ml+20ml,160.0,ml
A000000237394,120ml + 20ml(5ml*4EA),120.0,ml
A000000259066,400ml+400ml,400.0,ml
A000000245046,200g,200.0,g
A000000209910,240ml,240.0,ml
A000000145581,120ml,120.0,ml
A000000175915,[본품] 다이브인 클렌징 폼 150ml [증정] 다이브인 클렌징 폼 30ml,150.0,ml
A000000152767,200g,200.0,g
A000000222790,150mL * 2EA,300.0,ml
A000000248626,단품: 120ml/ 더블기획: 120mlx2ea/ 대용량단품: 200ml,120.0,ml
A000000145580,170ml,170.0,ml
A000000255984,180ml+10ml,180.0,ml
A000000250100,에빠끌라 딥 클렌징 포밍 크림 125ml+에빠듀오 3ml*2+에빠세럼 3ml*2,125.0,ml
A000000148023,젤폼 200ml + 100ml,200.0,ml
A000000212703,"그린토마토, 레드토마토 120m+30ml/ 쌀 반죽 130ml+30ml",30.0,ml
A000000261673,150ml,150.0,ml
A000000211480,130g (+5g 추가증정),130.0,g
A000000177051,150ml + 150ml,150.0,ml
A000000259724,200ml,200.0,ml
A000000148408,250ml,250.0,ml
A000000154644,250ml,250.0,ml
A000000245043,150ml + 리필 150ml,150.0,ml
A000000209853,200ml+50ml,200.0,ml
A000000254204,똘러리앙 포밍 클렌저 125ml +클렌징밀크 50ml,125.0,ml
A000000145728,약산성 레드블레미쉬 클리어 수딩 폼 150ml(본품) + 약산성 레드블레미쉬 클리어 수딩 폼 75ml(구성품),150.0,ml
A000000215155,본품: 150ml / 증정품: 50ml,150.0,ml
A000000253619,본품 120ml x 2,240.0,ml
A000000244763,150+150,,
A000000244733,145g,145.0,g
A000000156007,150ml + 150ml,150.0,ml
A000000217419,150g 2ea,150.0,g
A000000189875,[본품] 다이브인 클렌징 폼 150ml * 2ea,300.0,ml
A000000258934,120g+15g,120.0,g
A000000209905,200ml,200.0,ml
A000000167832,150ml+150ml,150.0,ml
A000000259619,300ml,300.0,ml
A000000247859,본품 200ml + 파우치 50ml,200.0,ml
A000000189179,150ml,150.0,ml
A000000257369,120ml,120.0,ml
A000000165177,200ml * 2ea,400.0,ml
A000000261422,150ml+150ml,150.0,ml
A000000113670,150ml + 150ml,150.0,ml
A000000190589,150g,150.0,g
A000000184658,300ml (+버블망 증정),300.0,ml
A000000184643,300ml+딥클렌징 스폰지,300.0,ml
A000000261405,120g+15g,120.0,g
A000000233335,120ml,120.0,ml
A000000245641,240ml + 240ml,240.0,ml
A000000232687,"클렌징폼 160ml, 클렌징 오일 200ml",160.0,ml
A000000222811,180ml,180.0,ml
A000000247219,200ml,200.0,ml
A000000253940,150ml+150ml,150.0,ml
A000000262513,205ml / 6.93 FL.OZ,205.0,ml
A000000251689,소나무 진정 시카 클렌저 100ml+100ml,100.0,ml
A000000167857,150ml * 2EA,300.0,ml
A000000223235,120mL / 120mL*2,120.0,ml
A000000211181,■ 페이스워시 200g+스킨워시20ml,200.0,g
A000000185429,120ml,120.0,ml
B000000198680,310g,310.0,g
A000000244786,본품 180g + 모공 브러쉬,180.0,g
A000000183509,본품 250ml + 리필 250ml,250.0,ml
A000000010476,200ml,200.0,ml
A000000207898,150mL + 25mL,150.0,ml
A000000202904,본품 120g + 증정 20g,120.0,g
A000000236899,[본품] 자작나무 수분 클렌저 150ml + [증정품] 자작나무 수분 클렌저 20ml,150.0,ml
A000000147647,200ml,200.0,ml
A000000254433,150g,150.0,g
A000000203577,150ml+150ml,150.0,ml
A000000208895,150mL,150.0,ml
A000000142520,80ml,80.0,ml
A000000216311,400ml+400ml,400.0,ml
A000000253108,120g+120g+20ml,120.0,g
A000000248100,160ml *2ea,320.0,ml
A000000174687,150ml + 150ml,150.0,ml
A000000249583,180ml,180.0,ml
A000000164374,150ml,150.0,ml
A000000259621,300ml,300.0,ml
A000000165751,120ml*2,240.0,ml
A000000240103,본품 300ml,300.0,ml
A000000189492,120mL,120.0,ml
A000000114996,본품 330ml (증량),330.0,ml
A000000185793,150ml,150.0,ml
A000000231392,40ML,40.0,ml
A000000204632,100ml/200ml / 400ml,100.0,ml
A000000179750,200 ml / 6.76 fl. oz.,200.0,ml
A000000211369,130g,130.0,g
A000000163762,200ml,200.0,ml
A000000235157,[본품] 1025 독도 클렌징 오일 200ml + [본품] 1025 독도 클렌저 150ml,200.0,ml
A000000232344,100 ml + 5 ml X 4 EA,100.0,ml
A000000236671,150 mL / 5.07 fl. oz.,150.0,ml
A000000216611,■ 본품 120mL*2ea,240.0,ml
A000000222702,150ml,150.0,ml
A000000234354,200ml,200.0,ml
A000000240799,160ml,160.0,ml
A000000256046,[본품] 다이브인 클렌징 폼 150ml * 2ea,300.0,ml
A000000144053,473ml,473.0,ml
A000000016704,200ml,200.0,ml
A000000242355,120ml / 4.05 fl. oz.,120.0,ml
A000000255449,200ml,200.0,ml
A000000214997,"■ 2입기획 : 120mL*2ea, 단품 : 120mL",240.0,ml
A000000233142,75ml/230ml,75.0,ml
A000000230093,"핑크/그린 비타민 버블톡스 용기형 : 100ml, 핑크/그린 비타민 버블톡스 파우치형 : 4mlx14개",100.0,ml
A000000204961,236ml,236.0,ml
A000000168594,"[본품] 130ml, [증정] 130ml",130.0,ml
A000000150690,(본품) 150ml / (증정) 150ml,150.0,ml
A000000229228,250ml,250.0,ml
A000000237817,120ml+15ml,120.0,ml
A000000016269,150ml,150.0,ml
A000000006837,100ml,100.0,ml
A000000185249,150ml,150.0,ml
A000000231470,150ml,150.0,ml
A000000189941,75ml,75.0,ml
A000000161316,200ml,200.0,ml
A000000260487,120g,120.0,g
A000001001252,200ml,200.0,ml
A000000226493,200ml,200.0,ml
A000000231397,150ml,150.0,ml
A000000225565,200ml / 6.76 fl. oz.,200.0,ml
A000000163444,160ml+160ml,160.0,ml
A000000006181,■ 100g,100.0,g
A000000144054,237ml,237.0,ml
A000000200462,150ml,150.0,ml
A000000253117,100g,100.0,g
A000000182476,[본품] 130ml,130.0,ml
A000000244704,120mL / 120mL*2 /150ml /150ml*2,120.0,ml
A000000248707,200ml / 6.76 fl.oz,200.0,ml
A000000253164,본품 145ml + PDRN 클렌징밀크 21ml,145.0,ml
A000000180508,120ml,120.0,ml
A000000006177,■ 150ml,150.0,ml
A000000197299,180g+180g,180.0,g
A000000206998,160mL*2,320.0,ml
A000000148109,100ml,100.0,ml
A000000175709,150ml,150.0,ml
A000000254898,포밍워시 200ml + 리필 200ml,200.0,ml
A000000199802,300ml,300.0,ml
A000000197885,300ml,300.0,ml
A000000229796,100g (건조 80g),100.0,g
A000000253737,90g,90.0,g
A000000219330,200ml,200.0,ml
A000000258348,130g,130.0,g
A000000203685,160g,160.0,g
A000000252274,150mL / 150mL*2,150.0,ml
A000000197992,120ml+30ml(견본),120.0,ml
A000000103765,150ml,150.0,ml
A000000151185,150ml,150.0,ml
A000000164117,120g,120.0,g
A000000199283,300g(150g*2),300.0,g
A000000182308,50g,50.0,g
A000000231746,120ml,120.0,ml
A000000247855,130ml+130ml,130.0,ml
A000000247907,120ml + 30ml,120.0,ml
A000000168480,150g,150.0,g
A000000182906,150ML,150.0,ml
A000000183512,150ml*2,300.0,ml
A000000242647,200ml,200.0,ml
A000000218711,300ml,300.0,ml
A000000168398,110ml / 145g,110.0,ml
A000000152488,200ml,200.0,ml
A000000231123,시카티/듀톡스/레몬 커스터드 150ml,150.0,ml
A000000261471,150ml,150.0,ml
A000000135934,150ml + 150ml,150.0,ml
A000000226698,130g+130g,130.0,g
A000000255447,20ml,20.0,ml
A000000149133,150ml,150.0,ml
A000000211368,무화버터 120ml / 그 외 80g (용량 동일),120.0,ml
A000000190929,150mL,150.0,ml
A000000236983,200ml,200.0,ml
A000000232365,(본품) 민트차콜릿 팩 클렌저 135g / (증정) 민트차콜릿 팩 클렌저 25g,135.0,g
A000000232455,기획세트: 120 g + 15g / 단품: 120 g,120.0,g
A000000016881,200g,200.0,g
A000000115210,330,,
A000000253111,120g+120g+20ml,120.0,g
A000000227935,200ml+30ml,200.0,ml
A000000231332,90ml,90.0,ml
A000000229311,190ml,190.0,ml
A000000183308,150ml,150.0,ml
A000000199134,160ml+160ml,160.0,ml
A000000225606,시카티/듀톡스/레몬 커스터드 150ml+15ml,150.0,ml
A000000247898,"세럼모이스트: 130ml / 퍼펙트컨트롤, 오일클리어: 130g",130.0,ml
A000000214174,75ml/150ml,75.0,ml
A000000159838,200ml,200.0,ml
A000000152468,120ml,120.0,ml
A000000200549,200ml(본품)+80ml(증정),200.0,ml
A000000252321,150ml 기획 (+헤어밴드 증정),150.0,ml
A000000252632,6.76 fl. oz/200ml,200.0,ml
A000000154706,■ 200ml,200.0,ml
A000000233625,90g,90.0,g
A000000184967,200ml / 6.76 fl.oz,200.0,ml
A000000253100,50g,50.0,g
A000000207365,130g,130.0,g
A000000224739,건조 전 120g 건조 후 85g,120.0,g
A000000170003,200 ml / 6.76 fl. oz.,200.0,ml
A000000186990,120ml,120.0,ml
A000000257296,본품 180ml+ 20ml,180.0,ml
A000000260213,120 g / 4.23 oz,120.0,g
A000000233631,90g,90.0,g
A000000259049,본품 125ml + 본품 125ml,125.0,ml
B000000145805,본품 110g,110.0,g
A000000223813,180ml,180.0,ml
A000000226559,80ml / 2.36fl.oz.,80.0,ml
A000000188563,100ml,100.0,ml
A000000191341,200ml,200.0,ml
A000000191344,120ml,120.0,ml
A000000251915,200mL,200.0,ml
A000000160292,150ml+150ml,150.0,ml
A000000254432,150g 2입,150.0,g
A000000253525,120g,120.0,g
A000000147648,200ml,200.0,ml
A000000167241,150ml,150.0,ml
A000000206155,150ml,150.0,ml
A000000165714,150ml,150.0,ml
A000000253114,120g,120.0,g
A000000114688,100g,100.0,g
A000000130399,500ml,500.0,ml
A000000224974,1개당 150ml,150.0,ml
A000000259832,[버블클렌저] 150mL / [클렌징밀크] 200ml,150.0,ml
A000000258673,150mL,150.0,ml
A000000122210,■ 150ml,150.0,ml
A000000120533,120ml,120.0,ml
A000000151127,100g,100.0,g
A000000197881,150g,150.0,g
A000000226076,롱패드 1매x3개/ 클렌징 오일 15ml/ 클렌징 폼 15ml,1.0,매
A000000184568,100g,100.0,g
A000000231596,15g,15.0,g
A000000231597,15g,15.0,g
A000000010048,200ml,200.0,ml
A000000101749,150ml,150.0,ml
A000000101981,150ml,150.0,ml
A000000101991,■ 1.네오젠 더마로지 리얼 프레쉬 폼 그린티 160g (사용용량 120g),160.0,g
A000000104141,125ml,125.0,ml
A000000104939,175ml,175.0,ml
A000000117745,250ml,250.0,ml
A000000122740,■ 125ml,125.0,ml
A000000126914,150ml,150.0,ml
A000000128116,150ml,150.0,ml
A000000130393,500ml,500.0,ml
A000000130396,500ml,500.0,ml
A000000131596,300ml,300.0,ml
A000000137168,150g,150.0,g
A000000137444,125ml,125.0,ml
A000000137478,150ml,150.0,ml
A000000140668,125ml,125.0,ml
A000000141736,200ml,200.0,ml
A000000142142,150ml,150.0,ml
A000000143499,150g X 2,300.0,g
A000000144399,150g,150.0,g
A000000144800,150ml,150.0,ml
A000000145274,200ml,200.0,ml
A000000145275,200ml,200.0,ml
A000000145526,150ml,150.0,ml
A000000145527,150g,150.0,g
A000000146774,120ml,120.0,ml
A000000148112,400ml,400.0,ml
A000000148139,150ml,150.0,ml
A000000149261,400ml,400.0,ml
A000000150169,150ml,150.0,ml
A000000151125,100g,100.0,g
A000000152418,235ml,235.0,ml
A000000155191,클렌징 폼 150g (클렌징폼 15g + 클렌징젤 15g 추가 증정),150.0,g
A000000155218,177ml,177.0,ml
A000000155279,50ml,50.0,ml
A000000155423,250ml,250.0,ml
A000000155963,260ml,260.0,ml
A000000158114,100ml,100.0,ml
A000000158614,[본품] 165ml,165.0,ml
A000000159537,140ml,140.0,ml
A000000160291,150ml+150ml,150.0,ml
A000000163840,150ml,150.0,ml
A000000164035,110g(수분중량) / 40g(건조중량),110.0,g
A000000164039,110g(수분중량) / 40g(건조중량),110.0,g
A000000164048,110g(수분중량) / 40g(건조중량),110.0,g
A000000166473,200ml,200.0,ml
A000000166478,150mL,150.0,ml
A000000167039,100ml,100.0,ml
A000000167269,150ml,150.0,ml
A000000168479,150g,150.0,g
A000000170613,150ml,150.0,ml
A000000170614,150ml,150.0,ml
A000000171506,120ml,120.0,ml
A000000171653,250ml,250.0,ml
A000000171677,120ml,120.0,ml
A000000177099,150ml,150.0,ml
A000000178633,160ml,160.0,ml
A000000178948,150ml,150.0,ml
A000000180558,에이클리어 버블 폼 150ml,150.0,ml
A000000181313,150ml,150.0,ml
A000000182318,100g,100.0,g
A000000182319,100g,100.0,g
A000000183227,120ml,120.0,ml
A000000183817,170ml,170.0,ml
A000000187232,180ml,180.0,ml
A000000188178,120ml,120.0,ml
A000000189393,150ml,150.0,ml
A000000189394,150ml,150.0,ml
A000000190795,150ml,150.0,ml
A000000191343,180g,180.0,g
A000000191888,150ml,150.0,ml
A000000192136,160g,160.0,g
A000000192201,125ml + 125ml,125.0,ml
A000000192292,200ml(g),200.0,ml
A000000197879,150g+150g,150.0,g
A000000200461,150ml,150.0,ml
A000000200823,180mL,180.0,ml
A000000200834,120ml,120.0,ml
A000000201784,50g,50.0,g
A000000203294,310ml / 350g,310.0,ml
A000000204392,150ml,150.0,ml
A000000204656,[본품] 180ml,180.0,ml
A000000205047,150ml,150.0,ml
A000000206969,150ml,150.0,ml
A000000207068,150ml,150.0,ml
A000000207127,120g,120.0,g
A000000207664,200ml,200.0,ml
A000000207666,200ml,200.0,ml
A000000207964,150ml,150.0,ml
A000000208064,200ml,200.0,ml
A000000208189,190ml,190.0,ml
A000000209129,100ml,100.0,ml
A000000209204,100ml,100.0,ml
A000000209232,150ml,150.0,ml
A000000209739,100ml,100.0,ml
A000000209909,180ml,180.0,ml
A000000209965,175g,175.0,g
A000000209999,150ml,150.0,ml
A000000210249,100ml,100.0,ml
A000000210944,120ml,120.0,ml
A000000211061,100g,100.0,g
A000000211174,클렌징폼 150ml + 50ml,150.0,ml
A000000212950,100g,100.0,g
A000000212952,100g,100.0,g
A000000212953,100g,100.0,g
A000000212997,200ml,200.0,ml
A000000214198,120ml,120.0,ml
A000000215310,감귤 블렌디드 솝 150g,150.0,g
A000000215311,블루베리 블렌디드 솝 150g,150.0,g
A000000215312,허브 앤 오트 블렌디드 솝 150g,150.0,g
A000000215458,250ml,250.0,ml
A000000216668,200ml,200.0,ml
A000000218398,150mL,150.0,ml
A000000218743,120g,120.0,g
A000000218926,150ml,150.0,ml
A000000219426,150ml,150.0,ml
A000000219558,[본품] 150ml [증정] 클렌징 패드,150.0,ml
A000000219931,120 g,120.0,g
A000000222687,120ml,120.0,ml
A000000222816,180ml,180.0,ml
A000000222912,100ml,100.0,ml
A000000223420,100ml,100.0,ml
A000000223712,120ml,120.0,ml
A000000224301,15g x 3ea,45.0,g
A000000224443,120ml,120.0,ml
A000000224542,120ml,120.0,ml
A000000224740,건조 전 120g 건조 후 85g,120.0,g
A000000224747,165ml,165.0,ml
A000000225077,120ml,120.0,ml
A000000225490,125ml,125.0,ml
A000000225518,120g + 15g,120.0,g
A000000225538,120g,120.0,g
A000000225889,150ml x 2,300.0,ml
A000000226142,250mL,250.0,ml
A000000226688,100ml,100.0,ml
A000000226689,100ml,100.0,ml
A000000226690,120ml + 50ml,120.0,ml
A000000227205,150ml,150.0,ml
A000000227217,500ml,500.0,ml
A000000227663,150mL,150.0,ml
A000000229231,120g,120.0,g
A000000229385,애프리콧 셔벗 팩클렌저 : 120g / 허니 시럽 팩클렌저 : 120g / 피그 젤라또 팩클렌저 : 120g,120.0,g
A000000229731,150ml,150.0,ml
A000000229819,건조전 110g-건조후 90g,110.0,g
A000000229939,[본품] 동백 딥 콜라겐 젤리 팩 클렌저 150ml [증정품] 클렌징 퍼프 1ea,150.0,ml
A000000230500,130ml,130.0,ml
A000000230939,400ML,400.0,ml
A000000231389,150ml,150.0,ml
A000000231390,200ml,200.0,ml
A000000231395,150ml,150.0,ml
A000000231429,120ml,120.0,ml
A000000231806,130g,130.0,g
A000000232631,155ml,155.0,ml
A000000232676,75ml/150ml,75.0,ml
A000000232686,150ml,150.0,ml
A000000232947,150ml,150.0,ml
A000000233629,90g,90.0,g
A000000233997,100ml,100.0,ml
A000000235516,125ml,125.0,ml
A000000236410,[본품] 190ml [증정] 듀얼 클렌징 브러시,190.0,ml
A000000236437,125ml,125.0,ml
A000000236502,"핑크/그린 버블톡스 기획 - 100ml, 누룩 필링 투 폼 클렌저 - 160g, 버블 오일 에센스 미스트 - 60ml",100.0,ml
A000000236673,150 mL / 5.07 fl. oz.,150.0,ml
A000000236941,100g/ 1EA,100.0,g
A000000236942,200g/ 1EA,200.0,g
A000000236972,120ml,120.0,ml
A000000237650,[본품]125ml [증정품] 브라이트닝 잡티로즈세럼 10ml,125.0,ml
A000000238598,130g,130.0,g
A000000240031,100ml,100.0,ml
A000000242749,100ml,100.0,ml
A000000244488,150ml,150.0,ml
A000000244573,210ml,210.0,ml
A000000244694,250ml,250.0,ml
A000000245081,120ml,120.0,ml
A000000245904,130g,130.0,g
A000000247841,150ml,150.0,ml
A000000247851,130g+130g,130.0,g
A000000248337,150ml,150.0,ml
A000000248602,130g,130.0,g
A000000250293,125ml,125.0,ml
A000000251426,"150ml, 15ml",150.0,ml
A000000251578,120g,120.0,g
A000000251951,125ml,125.0,ml
A000000253098,120g,120.0,g
A000000253107,120g+120g,120.0,g
A000000253112,120g,120.0,g
A000000253113,50,,
A000000253119,100g,100.0,g
A000000254922,45ml,45.0,ml
A000000255135,[본품] 1025 독도 클렌저 120ml+120ml,120.0,ml
A000000255982,150ml,150.0,ml
A000000256096,120ml,120.0,ml
A000000257311,120 ml / 4.05 fl. oz.,120.0,ml
A000000257744,120g,120.0,g
A000000259043,200ml,200.0,ml
A000000259466,150ml,150.0,ml
A000000259633,120g,120.0,g
A000000259760,125ml,125.0,ml
A000000260490,120g,120.0,g
A000000261421,150ml,150.0,ml
A000000261557,230 ml / 200ml 1개 + 30ml 1,230.0,ml
B000000145804,본품 110g,110.0,g
B000000145806,본품 110g,110.0,g
B000000198681,310g,310.0,g
B000000198682,310g,310.0,g
B000000217180,150 g,150.0,g
B000000223853,150ml,150.0,ml
A000000212951,100g,100.0,g
A000000249797,160ml + 160ml,160.0,ml
A000000249000,150ml+150ml,150.0,ml
A000000260486,120g,120.0,g
A000000002878,■ 200㎖,,
A000000006022,본품 130ml,130.0,ml
A000000010482,125ml,125.0,ml
A000000015861,■ 용량 : 250ml,250.0,ml
A000000105753,■ 참존 징코 내츄럴 클렌징폼 180ml + 참존 징코 내츄럴 클렌징폼 180ml,180.0,ml
A000000114267,125ml,125.0,ml
A000000128108,120ml,120.0,ml
A000000131508,30ml,30.0,ml
A000000134573,200ml * 2EA,400.0,ml
A000000144371,100g,100.0,g
A000000147008,6.76oz (200ml),200.0,ml
A000000147867,160ml,160.0,ml
A000000152926,140ml,140.0,ml
A000000153028,150ml,150.0,ml
A000000153714,120ml,120.0,ml
A000000155001,100ml,100.0,ml
A000000155190,150g,150.0,g
A000000156410,"100g(수분포함), 80g(건조시)",100.0,g
A000000157682,140 ml / 4.73 fl. oz.,140.0,ml
A000000160397,닥터지 레드 블레미쉬 포맨 젠틀 클렌징 폼 본품 150ml,150.0,ml
A000000161574,125ml,125.0,ml
A000000163430,150ml+150ml,150.0,ml
A000000172130,150ml*2ea,300.0,ml
A000000173944,150ml,150.0,ml
A000000174518,200ml,200.0,ml
A000000174793,200g,200.0,g
A000000181234,140ml,140.0,ml
A000000183360,300ml,300.0,ml
A000000183816,120ml+120ml,120.0,ml
A000000186944,100ml,100.0,ml
A000000187682,120g x 2ea,240.0,g
A000000188224,수분포함시: 100g 건조시: 85g,100.0,g
A000000189014,155g,155.0,g
A000000190417,160g,160.0,g
A000000191446,125ml,125.0,ml
A000000192138,160g,160.0,g
A000000192281,250ml,250.0,ml
A000000199065,150ml,150.0,ml
A000000199066,200ml,200.0,ml
A000000199656,150ml,150.0,ml
A000000199976,200ml,200.0,ml
A000000200460,150ml,150.0,ml
A000000203872,80ml,80.0,ml
A000000204411,100ml,100.0,ml
A000000205090,100ml*2ea,200.0,ml
A000000205334,150+100g,100.0,g
A000000205860,120ml,120.0,ml
A000000205938,225g,225.0,g
A000000206421,125ML,125.0,ml
A000000207124,120g,120.0,g
A000000207126,120g,120.0,g
A000000207128,120g,120.0,g
A000000207267,클렌징폼 150ml,150.0,ml
A000000208733,150ml,150.0,ml
A000000208792,120ml,120.0,ml
A000000210018,190ml,190.0,ml
A000000211194,150ml / 5.07fl.oz.,150.0,ml
A000000212025,125g+30g,125.0,g
A000000212153,[본품] 150ml [증정] 스마트톡 1개,150.0,ml
A000000212954,100g,100.0,g
A000000215551,150ml,150.0,ml
A000000216235,본품 125ml / 증정품 : 50ml,125.0,ml
A000000219146,150ml,150.0,ml
A000000222605,160ML+160ML,160.0,ml
A000000223236,120mL / 120mL*2,120.0,ml
A000000225274,150ml,150.0,ml
A000000225872,200g,200.0,g
A000000225964,250ml,250.0,ml
A000000227293,150ml+30ml,150.0,ml
A000000228853,본품 200ml + 마루는강쥐 키링,200.0,ml
A000000228854,본품 125ml + 마루는강쥐 파우치,125.0,ml
A000000229229,120g,120.0,g
A000000231666,25g,25.0,g
A000000232019,120g + 30g,120.0,g
A000000232027,150g + 50g,150.0,g
A000000232107,100ml,100.0,ml
A000000236412,미감수 클렌징폼 150mlX2ea / 다이노탱 헤어핀,300.0,ml
A000000236648,포밍워시 200ml + 리필 200ml + 포하오일 2ml(2매),200.0,ml
A000000236982,200ml,200.0,ml
A000000238291,그린티 150g + (15g x 3ea),150.0,g
A000000247451,그린티 150g + (클렌징밤 3g x 6ea),150.0,g
A000000251116,100g+100g(+10g*2),100.0,g
A000000251313,205ml + 20g,205.0,ml
A000000262663,150ml,150.0,ml
A000000146512,"100매, 556ml",100.0,매
A000000013302,46매,46.0,매
A000000147672,"20매, 107ml",20.0,매
A000000170538,■ 100매,100.0,매
A000000136713,30매,30.0,매
A000000160578,50매/180ml,50.0,매
A000000102967,270ml / 70pads,270.0,ml
A000000179865,2매입X20팩/총 40매 (3.5g*20팩/총 70g),2.0,매
A000000149066,100매 / 556ml * 2개입,100.0,매
A000000128591,46매*2팩,46.0,매
A000000186362,200g,200.0,g
A000000257814,410ml,410.0,ml
A000000141661,70매 + 10매,70.0,매
A000000137298,275ml(70매),275.0,ml
A000000125016,46매*2팩,46.0,매
A000000213922,100매,100.0,매
A000000183941,60매,60.0,매
A000000224806,스무스 앤 퓨어 딥 클린 클렌징폼 120ml+립&아이리무버 패드 30매,120.0,ml
A000000205062,46매,46.0,매
A000000114711,10매,10.0,매
A000000160370,178g (30매),178.0,g
A000000013305,46매,46.0,매
A000000149962,80매,80.0,매
A000000200463,50매,50.0,매
A000000170198,■ 20매/80매/100매/100*2매,20.0,매
A000000006469,60매,60.0,매
A000000141025,170ml,170.0,ml
A000000147835,46매*3팩,46.0,매
A000000149954,"60매 , 321ml",60.0,매
A000000161466,46매,46.0,매
A000000164175,60매 (150ml),60.0,매
A000000165718,30매,30.0,매
A000000172281,20 매 / 110g,20.0,매
A000000172996,135g / 32매입,135.0,g
A000000175523,46매X3팩,46.0,매
A000000183960,30매,30.0,매
A000000223317,100매 (500ml),100.0,매
A000000228829,200ml / 70pads,200.0,ml
A000000236668,310g/60 Pad,310.0,g
A000000236995,60매/1EA,60.0,매
A000000237632,60매+10매,60.0,매
A000000263715,■ 100매*2,100.0,매
A000000147836,46매*3팩,46.0,매
A000000148208,210ml/60매,210.0,ml
A000000125546,80매 (160ml),80.0,매
A000000140957,70매 / 353g,70.0,매
A000000162365,블랙헤드 퓨어 클렌징 오일 킬패드 50매(본품) + 10매(증정),50.0,매
A000000170200,■ 20매x3번들(묶음상품),20.0,매
A000000209125,30 매 / 55 g / 30 Sheets,30.0,매
A000000258917,소프트너 150g / 코튼 패드 40매 / 딥클린마스터 1EA / 짱구 스티커 2매,150.0,g
A000000162279,브라이트닝 필링젤 본품 120g + 브라이트닝 필링젤 60g(구성품) + 히알 세럼 2ml,120.0,g
A000000258964,4g(0.14 oz.) x 10매,4.0,g
A000000261788,[단품] 크림 투 오일 50ml,50.0,ml
A000000231310,100ml,100.0,ml
A000000219984,70g,70.0,g
A000000260526,120ml + 120ml,120.0,ml
A000000185512,50g,50.0,g
A000000213972,174g,174.0,g
A000000228792,150ml,150.0,ml
A000000229956,[백미] 80ml/ 2.7 fl. oz. [흑미] 80ml/ 2.7 fl. oz.,80.0,ml
A000000224468,250ml,250.0,ml
A000000231693,60g,60.0,g
A000000232726,60g (+ 증정 1g*7개),60.0,g
A000000000150,120ml+120ml,120.0,ml
A000000205458,[기획세트] 120ml+50ml / [단품] 120ml,120.0,ml
A000000184949,본품60g+증정10g,60.0,g
A000000163814,[본품] 1025 독도 필링젤 120ml + [증정품] 1025 독도 클렌저 20ml,120.0,ml
A000000170402,100ml + 10매,100.0,ml
A000000259624,250ml,250.0,ml
A000000231796,40g,40.0,g
A000000187817,120ml+40ml,120.0,ml
A000000149985,75ml,75.0,ml
A000000139762,[오리지널/블랙/핑크/그린 32개입] 0.4gX32EA / [오리지널/블랙/핑크/그린 15개입] 0.4gX15EA / [오리지널64개입] 0.4gX32EAX2 / [골드 32개입] 0.35gX32EA / [골드 15개입] 0.35gX15EA / [Fizzy 32개입] 1gX32EA /[Fizzy 16개입] 1gX16EA,12.8,g
A000000201377,100g,100.0,g
A000000140257,0.4gX15EA,6.0,g
A000000237473,4g(0.14 oZ.)*8AO,4.0,g
A000000209871,30EA,30.0,개
A000000230670,"오리지널,블랙,핑크,그린: 0.4gX32EA / 골드: 0.35gX32EA / FIZZY: 1gX32EA",12.8,g
A000000154158,26G(13G*2ea ),26.0,g
A000000257291,150 ml / 5.07 fl. oz.,150.0,ml
A000000142777,0.4gX32EAX2,12.8,g
A000000213949,80g,80.0,g
A000000228967,60g,60.0,g
A000000224371,55g,55.0,g
A000000153372,20g,20.0,g
A000000155992,200ml,200.0,ml
A000000155402,13g,13.0,g
A000000179842,13g,13.0,g
A000000215177,100ml,100.0,ml
A000000233000,55g,55.0,g
A000000216496,50g,50.0,g
A000000188561,100ml,100.0,ml
A000000172796,0.4gx35개,14.0,g
A000000225083,32개입: 0.4gX32EA / 15개입: 0.4gX15EA,12.8,g
A000000205064,65G/2.29oz,65.0,g
A000000242464,60g / 2.11oz,60.0,g
A000000010713,■180ml,180.0,ml
A000000172601,1g * 25ea,25.0,g
A000000223204,본품 50mL+피지클리너1ea,50.0,ml
A000000170733,본품 120ml / 증정 20ml,120.0,ml
A000000190416,0.35gx15개,5.25,g
A000000241228,4g(0.14 oZ.),4.0,g
A000000203931,상세페이지 참고,,
A000000010711,■180ml,180.0,ml
A000000010712,■180ml,180.0,ml
A000000106871,300ml,300.0,ml
A000000113981,125ml,125.0,ml
A000000144853,100ml,100.0,ml
A000000147251,1.2g *30ea,36.0,g
A000000154256,0.4gx15개,6.0,g
A000000155399,13g,13.0,g
A000000155409,13G*EA/ 74g,13.0,g
A000000160577,80ml,80.0,ml
A000000160994,본품 120g,120.0,g
A000000162370,120ml X 2ea,240.0,ml
A000000180976,60g,60.0,g
A000000190582,70g,70.0,g
A000000197728,100g,100.0,g
A000000200813,95ml / 15ml,95.0,ml
A000000203004,20g,20.0,g
A000000206157,100ml,100.0,ml
A000000206801,1g ｜ 0.03 oz X 30EA,1.0,g
A000000208186,130ml,130.0,ml
A000000211371,210g,210.0,g
A000000213510,0.35gx32개x2,11.2,g
A000000215337,40g,40.0,g
A000000218923,50g,50.0,g
A000000222793,40g,40.0,g
A000000223422,100ml,100.0,ml
A000000224478,145ml,145.0,ml
A000000226415,앰플 필링 15ml+진정 패드 13g*4매,15.0,ml
A000000227661,40g,40.0,g
A000000229071,[본품] 파우더 워시 70g,70.0,g
A000000230370,40g,40.0,g
A000000231391,50g,50.0,g
A000000231393,50g,50.0,g
A000000232002,50g,50.0,g
A000000238597,130g,130.0,g
A000000244697,50ml,50.0,ml
A000000252640,74g,74.0,g
A000000252646,57g,57.0,g
A000000254347,[본품] 5매,5.0,매
A000000261636,120ml + 60ml,120.0,ml
A000000225736,150g(+코튼패드 40매 +모공 텐션팩 1매),150.0,g
A000000235440,26g(13g*2ea),26.0,g
A000000237644,본품 130g (+팩 붓 1ea+ 블레미쉬 오일/크림 3ml*3ea),130.0,g
A000000212924,40g,40.0,g
A000000131507,30ml,30.0,ml
A000000132344,70g,70.0,g
A000000150105,75ml+75ml,75.0,ml
A000000153138,110g,110.0,g
A000000156411,50g,50.0,g
A000000160568,120ml+60ml,120.0,ml
A000000165068,120mL+60mL,120.0,ml
A000000181322,[본품] 페이셜필링젤 100ml + [증정] 페이셜필링젤 100ml,100.0,ml
A000000185438,33g,33.0,g
A000000189877,150ml,150.0,ml
A000000197742,100g,100.0,g
A000000199224,120g,120.0,g
A000000200621,55g,55.0,g
A000000203930,50g,50.0,g
A000000204371,0.35gx32개,11.2,g
A000000208181,30ml,30.0,ml
A000000211195,120ml / 4.05fl.oz.,120.0,ml
A000000211240,50g,50.0,g
A000000212540,150 ml + 밀착패드 40매,150.0,ml
A000000216304,65g,65.0,g
A000000217746,50g+화장솜 15매,50.0,g
A000000219415,250,,
A000000222686,50g,50.0,g
A000000225088,32개입: 1gX32EA / 16개입1gX16EA,32.0,g
