goods_no,카테고리,brand,name,sale_price,건성적합,지성적합,저자극,진정효과,보습효과,미백효과,리뷰수,출처
A000000222834,로션,에스트라,에스트라 아토베리어365 로션 150ml 기획 (하이드로에센스 25ml+세라-히알 앰플 7ml),23900,47.0,5.0,78.0,25.0,75.0,0.0,12464,실측
A000000228228,로션,아이디얼포맨,[7년 연속 1위] 아이디얼포맨 퍼펙트 올인원 150ml 단품/기획,16800,28.0,9.0,62.0,33.0,61.0,6.0,19521,실측
A000000161508,로션,라운드랩,[대용량] 라운드랩 1025 독도 로션 400ml,25600,31.0,11.0,75.0,33.0,66.0,1.0,16463,실측
A000000117541,로션,우르오스,[베스트 올인원]우르오스 올인원 200ml 2종 택 1,23200,21.0,10.0,62.0,32.0,67.0,1.0,7818,실측
A000000243499,로션,온그리디언츠,[1등 속광로션/단독기획] 온그리디언츠 스킨 베리어 카밍 로션 이엑스 220ml 기획 (+80ml),39900,52.0,6.0,85.0,16.0,82.0,2.0,8585,실측
A000000251468,로션,피지오겔,피지오겔 DMT 페이셜 로션 200ml 기획 (+토너 50ml),20900,45.0,5.0,78.0,24.0,75.0,1.0,6109,실측
A000000006565,로션,우르오스,우르오스 올인원 스킨밀크 200ml,23200,35.0,6.0,63.0,30.0,69.0,1.0,5989,실측
A000000230522,로션,토리든,[단독기획] 토리든 다이브인 포맨 저분자 히알루론산 올인원 200g 더블 기획,29900,33.0,13.0,72.0,33.0,66.0,1.0,3748,실측
A000000248426,로션,아누아,[NEW/리뉴얼] 아누아 어성초 77 히알루론산 수분 진정 로션 200ml,21900,20.0,13.0,73.0,57.0,42.0,1.0,333,실측
A000000250632,로션,제로이드,제로이드 인텐시브 로션 160ml 기획 (+크림 토너 25ml),28800,45.0,5.0,73.0,41.0,58.0,1.0,2417,실측
A000000258468,로션,온그리디언츠,[NEW] 온그리디언츠 바쿠글로우 캡슐 로션 150ml,28000,42.0,13.0,88.0,26.0,70.0,4.0,3069,실측
A000000223781,로션,닥터지,[트러블/면도후] 닥터지 레드 블레미쉬 포 맨 진정 올인원 150ml 2종 (단품/증정 기획),24000,26.0,15.0,70.0,56.0,43.0,1.0,4385,실측
A000000198321,로션,에스트라,에스트라 아토베리어365 로션 150ml,23900,50.0,4.0,78.0,25.0,75.0,0.0,2191,실측
A000000250298,로션,아이디얼포맨,아이디얼포맨 프레시 올인원 150ml 단품/1+1 기획,14800,25.0,25.0,62.0,46.0,51.0,2.0,2280,실측
A000000163494,로션,라운드랩,[수분진정] 라운드랩 포 맨 자작나무 수분 로션 200ml,17100,30.0,16.0,73.0,35.0,65.0,1.0,3512,실측
A000000137488,로션,비오템,비오템옴므 아쿠아파워 올인원 50ml 트래블 기획/200ml,21000,26.0,14.0,62.0,38.0,58.0,3.0,1140,실측
A000000198539,로션,닥터지,[속보습/수분로션] 닥터지 더모이스처 배리어 D 로션 300ml 기획 (+멀티밤 1g),22020,39.0,10.0,75.0,29.0,70.0,1.0,3787,실측
A000000184697,로션,아이오페,[10년 연속 1위] 아이오페 맨 올데이 퍼펙트 올인원 120ml 기획 (+30ml),28500,28.0,8.0,57.0,32.0,58.0,9.0,5021,실측
A000000209904,로션,제로이드,제로이드 수딩 로션 160ml,30000,26.0,21.0,77.0,41.0,58.0,1.0,1941,실측
A000000006564,로션,우르오스,우르오스 올인원 스킨로션 200ml,23200,20.0,21.0,62.0,37.0,61.0,2.0,3498,실측
A000000228952,로션,토리든,토리든 밸런스풀 포맨 시카 프레쉬 올인원 200g 기획(+밸런스풀 올인원 20g),19900,22.0,29.0,68.0,62.0,36.0,2.0,1784,실측
A000000210719,로션,아이디얼포맨,[1+1한정기획/보습템]아이디얼포맨 퍼펙트 보습 올인원 단품/1+1기획(내용물/성분 동일),16800,39.0,7.0,61.0,29.0,70.0,2.0,1928,실측
A000000236543,로션,VT,[모공/피지케어]VT 리들샷 포맨 올인원 100 엠플러스 150ml 단품/기획,23000,28.0,17.0,50.0,28.0,47.0,25.0,6182,실측
A000000223483,로션,피지오겔,피지오겔 아쿠아 포맨 오일컷 올인원 100ml (단품/기획),24900,22.0,31.0,69.0,43.0,55.0,3.0,1416,실측
A000000235496,로션,크리니크,크리니크 노란에센스로션&젤 125ml (피부타입별 선택),49300,37.0,8.0,60.0,38.0,61.0,1.0,782,실측
A000000183229,로션,라운드랩,[민감피부/저자극] 라운드랩 포 맨 1025 독도 올인원 플루이드 200ml+200ml,31500,29.0,13.0,67.0,42.0,58.0,0.0,3513,실측
A000000237493,로션,코스노리,[리뷰이벤트/장벽로션] 코스노리 판테놀 베리어 에멀전 150ml,18000,43.0,7.0,87.0,22.0,75.0,3.0,2127,실측
A000000145576,로션,라운드랩,[저자극] 라운드랩 1025 독도 로션 200ml 기획 (+50ml),18000,28.0,12.0,75.0,39.0,60.0,1.0,6900,실측
A000000199154,로션,라운드랩,[민감진정/화해1위] 라운드랩 포 맨 소나무 진정 시카 로션 200ml,17600,19.0,30.0,69.0,67.0,32.0,1.0,4574,실측
A000000170690,로션,유세린,[미백잡티] 유세린 이븐래디언스 모이스처라이저 50ml,30400,42.0,5.0,71.0,24.0,57.0,19.0,554,실측
A000000242173,로션,아이오페,[맨PDRN]아이오페 XMD 클리니컬 리커버리 올인원 포맨 기획 120g(+30g),29400,30.0,9.0,68.0,25.0,59.0,16.0,484,실측
A000000155994,로션,포맨트,포맨트 시그니처 올인원 에센스 96ml,28900,33.0,8.0,59.0,26.0,55.0,19.0,480,실측
A000000223427,로션,달바,[미백/잡티케어] 달바 비타 토닝 세럼 로션 100ml,33600,41.0,7.0,67.0,22.0,54.0,24.0,143,실측
A000000197739,로션,라운드랩,[지성피부/유분케어] 라운드랩 포 맨 1025 독도 올인원 젤로션 200ml+200ml,31500,17.0,37.0,72.0,44.0,55.0,1.0,2434,실측
A000000234380,로션,브링그린,[화해1위] 브링그린 블루빈 B5-PDRN 마일드 로션 230ml (+블루빈크림 7ml),21000,49.0,13.0,86.0,12.0,87.0,0.0,1149,실측
A000000185235,로션,닥터지,[지성/증정 기획] 닥터지 레드 블레미쉬 포 맨 올인원 오일컷 로션 150ml (150+30 기획/150 단품),20300,15.0,43.0,68.0,53.0,46.0,1.0,2700,실측
A000000219845,로션,메이크프렘,[쿨링진정]메이크프렘 인테카 포맨 수딩 올인원 200ml (기획/단품),19900,26.0,16.0,81.0,47.0,52.0,1.0,542,실측
A000000259898,로션,우르오스,우르오스 올인원 스킨브리지로션 120ml,19900,18.73,21.93,57.12,42.16,60.65,0.0,16,예측
B000000234131,로션,헤라,[단독기프트/업체배송] 헤라 옴므 올인원 스킨 하이드로 트리트먼트 150ml 단품/기획,38400,26.97,13.15,60.3,25.85,64.37,12.0,19,예측
A000000206692,로션,토리든,토리든 다이브인 포맨 저분자 히알루론산 젤 로션 200ml,17600,26.0,20.0,69.0,40.0,60.0,0.0,445,실측
A000000232217,로션,식물나라,[화잘먹로션] 식물나라 뽀얀쌀 맑은톤 로션 300ml,10800,32.31,15.68,71.63,38.63,52.11,12.16,3504,예측
A000000203247,로션,바이오힐보,[탄력에멀전] 바이오힐보 프로바이오덤 3D 리프팅 에멀전 150ml,23000,51.0,3.0,67.0,23.0,63.0,14.0,1098,실측
A000000207111,로션,토리든,토리든 다이브인 포맨 저분자 히알루론산 올인원 200g 단품/기획 (+올인원 20g),19200,30.0,16.0,72.0,32.0,67.0,1.0,4012,실측
A000000230537,로션,오브제,[미피 랜덤파우치 증정] 오브제 포어 제로 프레쉬 올인원 150ml 단품/기획,20900,24.0,30.0,72.0,40.0,56.0,4.0,956,실측
A000000222769,로션,아이디얼포맨,[프레시/시카] 아이디얼포맨 올인원 2종 단품/기획,11800,24.0,34.0,68.0,48.0,50.0,2.0,1167,실측
A000000207459,로션,닥터지,[올인원+클렌징폼] 닥터지 레드 블레미쉬 포 맨 진정올인원+클렌징폼 2종 기획 세트,29900,27.0,13.0,68.0,50.0,49.0,1.0,3002,실측
A000000244690,로션,키엘,[NEW] 키엘 훼이셜 퓨얼 인비고레이팅 모이스춰 트리트먼트 포 맨(75ml/125ml),52200,21.89,14.43,70.49,27.99,45.8,24.04,5,예측
A000000257652,로션,오휘,오휘 더 퍼스트 제너츄어 포맨 모이스처라이저 110ml,60350,32.93,11.3,72.93,17.04,62.71,18.66,0,예측
A000000199270,로션,아이오페,아이오페 맨 프로 레티놀 올인원 120ml 기획 (+30ml),28500,29.0,8.0,60.0,28.0,48.0,24.0,1561,실측
A000000129771,로션,피지오겔,피지오겔 레드수딩 AI 진정보습 로션 200ml,25900,41.0,8.0,81.0,38.0,61.0,1.0,3922,실측
A000000140891,로션,미프,미프 리페어 앤 리프팅,25900,26.0,12.0,91.0,55.0,33.0,12.0,334,실측
A000000183744,로션,한율,[시카보다 4배*강한] 한율 어린쑥 수분진정 플루이드 125ml,25600,25.0,16.0,74.0,65.0,35.0,1.0,2046,실측
A000000223196,로션,아이디얼포맨,[맨즈1등 올인원] 아이디얼포맨 프레시/시카/선 올인원 (단품/기획),14800,24.0,20.0,59.0,49.0,43.0,7.0,3123,실측
A000000149211,로션,AHC,[수분탄력] AHC 온리포맨 올인원 에센스 더블 기획 (120ml+120ml),24900,32.0,7.0,61.0,34.0,62.0,4.0,1492,실측
A000000149214,로션,AHC,[산뜻보송] AHC 온리포맨 포어 프레쉬 올인원에센스 더블 기획 (120ml+120ml),24900,19.0,22.0,61.0,49.0,48.0,3.0,696,실측
A000000252600,로션,바이오힐보,[화잘먹프렙] 바이오힐보 판테셀 리페어시카 수분 로션 100mL,16000,35.0,9.0,69.0,49.0,51.0,0.0,95,실측
A000000198090,로션,닥터자르트,[72시간보습로션] 닥터자르트 세라마이딘 스킨 베리어 모이스처라이징 밀키 로션 50ml,50000,47.0,6.0,73.0,29.0,67.0,4.0,315,실측
A000000230762,로션,이니스프리,[올인원] 이니스프리 포레스트포맨 올인원 에센스 100ml 기획(+에센스 25ml+폼30g),21750,21.0,19.0,71.0,45.0,47.0,8.0,440,실측
A000000015971,로션,우르오스,우르오스 올인원 스킨컨디셔너 60g,20000,27.0,10.0,65.0,34.0,61.0,4.0,955,실측
A000000199665,로션,리얼베리어,리얼베리어 익스트림 로션 150ml 기획 (+50ml),19500,39.0,10.0,73.0,30.0,69.0,1.0,2555,실측
A000000248847,로션,비레디,[포켓몬 에디션]비레디 오일캡처 올인원 로션 기획(+피카츄 스트레스볼),19400,17.0,46.0,76.0,35.0,60.0,5.0,1781,실측
A000000167411,로션,헤라,헤라 옴므 올인원 스킨 하이드로 트리트먼트 150ML,38400,23.0,7.0,54.0,35.0,64.0,1.0,271,실측
A000000212251,로션,오브제,오브제 포어 제로 오일 컨트롤 로션 70ml,17800,16.0,53.0,76.0,43.0,49.0,8.0,1143,실측
A000000242745,로션,빌리프,빌리프 프라블럼 솔루션 비건 모이스춰라이저 100ml,36960,28.45,13.99,63.02,39.22,59.76,0.36,19,예측
A000000201011,로션,식물나라,[화잘먹로션] 식물나라 뽀얀쌀 맑은톤 로션 300ml,10800,42.0,8.0,73.0,21.0,60.0,19.0,2799,실측
A000000161777,로션,우르오스,[단독특가] 우르오스 지복합성 페이셜케어 기획세트(스킨로션200ml+페이스워시100g),34320,29.0,11.0,74.0,49.0,49.0,3.0,4143,실측
A000000245710,로션,디오디너리,[산뜻보습] 디오디너리 라이스 리피즈 + 엑토인 마이크로에멀전 120ml,34200,38.28,11.18,75.2,27.34,72.1,0.0,22,예측
A000000205392,로션,피지오겔,피지오겔 시카밸런스 포맨 카밍 플루이드 100ml (단품/기획),29900,28.0,22.0,63.0,52.0,47.0,1.0,2019,실측
A000000209419,로션,제로이드,제로이드 인텐시브 로션 160ml,28800,44.0,6.0,79.0,32.0,68.0,1.0,1159,실측
A000000261627,로션,메디테라피,메디테라피 스쿠알란 스킨부스터 모이스처라이저 150ml,24900,28.42,17.07,72.48,31.97,61.34,7.0,0,예측
A000000257083,로션,그라펜,"[개기름,모공개선]그라펜 포어올킬 클린로션 95ml(호박스 공동개발)",24000,56.0,23.0,97.0,5.0,92.0,3.0,39,실측
A000000223673,로션,미닉,[7초진정/수분쿨링] 미닉 퍼펙트 콜라드 그린 진정 올인원 200ml,23500,22.0,38.0,68.0,65.0,34.0,1.0,77,실측
A000000195679,로션,아이소이,[개기름/속피지] 아이소이 포맨 아크니 닥터 올인원 100ml 기획 (+진정 올인원 15ml),23100,16.0,33.0,72.0,60.0,38.0,2.0,635,실측
A000000244246,로션,오브제,[덱스PICK/1등올인원] 오브제 모이스처 프로틴 올인원 150ml(단품/기획),21900,53.0,9.0,96.0,8.0,90.0,2.0,377,실측
A000000150816,로션,아크네스,[산뜻촉촉] 아크네스 모이스처 플루이드 150ml,9900,12.0,29.0,68.0,66.0,33.0,1.0,525,실측
A000000184789,로션,라운드랩,[민감진정] 라운드랩 소나무 진정 시카 로션 250ml,21200,19.0,28.0,77.0,70.0,30.0,0.0,500,실측
A000000247595,로션,오브제,[덱스PICK/1등올인원] 오브제 올인원 3종 (보습/모공/브라이트닝),20900,31.0,23.0,62.0,40.0,58.0,2.0,1639,실측
A000000203992,로션,라끄베르,라끄베르 옴므 리차지 올인원 에센스 150ml 1+1 기획,19900,24.0,9.0,63.0,34.0,61.0,6.0,3843,실측
A000000145835,로션,플리프,플리프 시카-알로에 카밍 올인원 로션 200ml (트러블 피부용),18800,20.0,29.0,68.0,69.0,31.0,0.0,118,실측
A000000216470,로션,마몽드,[보습장벽] 마몽드 프로바이오틱스 세라마이드 에멀젼 150ml,18750,42.0,5.0,70.0,27.0,70.0,3.0,197,실측
A000000228955,로션,토리든,[NEW] 토리든 밸런스풀 포맨 시카 오일프리 로션 200ml,18400,17.0,39.0,57.0,62.0,35.0,3.0,106,실측
A000000223266,로션,비플레인,[산뜻촉촉]비플레인 시카테롤 올인원 200ml 기획/단품 2종 택1,18000,26.0,21.0,73.0,51.0,48.0,1.0,98,실측
A000000121268,로션,싸이닉,싸이닉 더 심플 데일리 로션 145ml,7900,22.0,22.0,82.0,43.0,56.0,1.0,2593,실측
A000000183230,로션,라운드랩,[건성피부/보습케어] 라운드랩 포 맨 1025 독도 올인원 플루이드 200ml,17000,30.0,12.0,73.0,37.0,63.0,1.0,3513,실측
A000000197722,로션,라운드랩,[지성피부/유분케어] 라운드랩 포 맨 1025 독도 올인원 젤로션 200ml,17000,16.0,43.0,78.0,41.0,58.0,1.0,2434,실측
A000000222773,로션,아이디얼포맨,[7년 연속 1위] 아이디얼포맨 퍼펙트 올인원 150ml 단품/기획,16800,25.0,6.0,59.0,34.0,61.0,5.0,17155,실측
A000000248724,로션,듀이트리,[모공피지순삭/수분진정] 듀이트리 AC 딥 맨즈 카밍 포어 올인원 200ml 기획 (+20ml),16500,21.0,32.0,71.0,54.0,42.0,4.0,270,실측
A000000203855,로션,비욘드,[유수분밸런스] 비욘드 엔젤아쿠아 보습 장벽 로션 200ml,16060,38.0,4.0,74.0,25.0,74.0,1.0,669,실측
A000000174384,로션,포엘리에,[수분/탄력] 포엘리에 옴므 5 IN 1 미백 주름 기능성 올인원 남자 로션 150ml,15900,35.0,11.0,82.0,15.0,73.0,12.0,253,실측
A000000208897,로션,아이디얼포맨,아이디얼 포 맨 퍼펙트 탄력 로션 150mL,15900,28.0,9.0,52.0,37.0,54.0,9.0,760,실측
A000000103320,로션,코스알엑스,코스알엑스 오일-프리 울트라 모이스쳐라이징 로션 100ml,15200,18.0,28.0,68.0,43.0,55.0,1.0,344,실측
A000000255383,로션,더샘,[여름화잘먹/프렙로션] 더샘 스킨 프렙 밸런싱 밀크 로션 155ml,14900,33.0,13.0,77.0,17.0,81.0,2.0,654,실측
A000000225943,로션,아이디얼포맨,[개기름박멸]아이디얼포맨 프레시 올인원 150ml 단품/기획,11800,17.0,37.0,62.0,47.0,50.0,3.0,2945,실측
A000000141317,로션,디오디너리,[보습크림] 디오디너리 내추럴 모이스처라이징 팩터스 + HA 30ml,10200,49.0,15.0,69.0,19.0,69.0,12.0,223,실측
A000000247042,로션,온그리디언츠,온그리디언츠 스킨 베리어 카밍 로션 이엑스 스틱포 4ml*5ea,3800,49.0,5.0,64.0,27.0,72.0,1.0,154,실측
A000000011086,로션,엠도씨,엠도씨 화이트닝 스킨 플러스 로션 150ml,18400,22.0,10.0,61.0,33.0,46.0,21.0,544,실측
A000000104173,로션,크리니크,크리니크 노란에센스로션 125ml,49300,58.0,3.0,76.0,16.0,82.0,1.0,1156,실측
A000000104176,로션,크리니크,크리니크 노란에센스젤 125ml,49300,17.0,29.0,67.0,37.0,61.0,2.0,1179,실측
A000000104972,로션,크리니크,크리니크 포 맨 모이스춰라이징 로션 100ml,55250,44.86,7.03,66.17,29.33,70.56,0.35,17,예측
A000000115386,로션,크리니크,크리니크 드라마티컬리 디퍼런트 하이드레이팅 젤리 125ml,49300,35.0,21.0,81.0,34.0,60.0,6.0,48,실측
A000000137470,로션,바르테라,바르테라 올인원 젤 모이스춰라이저,22400,9.0,31.0,81.0,25.0,59.0,16.0,31,실측
A000000137652,로션,라네즈,[촉촉로션] 라네즈옴므 액티브워터 모이스처라이저 125ml,18900,30.0,9.0,55.0,34.0,63.0,2.0,457,실측
A000000141309,로션,디오디너리,[보습크림] 디오디너리 내추럴 모이스처라이징 팩터스 + HA 100ml,19000,31.0,20.0,65.0,24.0,70.0,6.0,286,실측
A000000142618,로션,크리니크,크리니크 포맨 맥시멈 하이드레이터 72-아워 오토-리플레니싱 하이드레이터,41650,16.0,33.0,67.0,18.0,80.0,2.0,49,실측
A000000143196,로션,라네즈,[탄력로션] 라네즈옴므 블루에너지 에센스인로션 125ml,22400,29.0,9.0,53.0,30.0,66.0,4.0,516,실측
A000000144041,로션,폴라초이스,폴라초이스 스킨 발란싱 수분 젤 60ml,46400,5.0,46.0,59.0,62.0,31.0,8.0,40,실측
A000000144618,로션,라끄베르,라끄베르 옴므 리차지 시카 올인원 에센스 150ml 기획 (+30ml 증정),19900,21.0,11.0,56.0,50.0,44.0,5.0,639,실측
A000000144917,로션,하다라보,[쫀쫀고보습에멀전] 하다라보 고쿠쥰 밀크 140mL,17000,52.0,5.0,74.0,17.0,81.0,1.0,864,실측
A000000146263,로션,하다라보,[8종히알루론산] 하다라보 고쿠쥰 프리미엄 밀크 140mL,14000,63.0,1.0,79.0,13.0,86.0,1.0,279,실측
A000000146808,로션,싸이닉,싸이닉 파워 옴므 플루이드 더블 기획 (150ml+150ml),17800,24.0,20.0,61.0,37.0,54.0,9.0,102,실측
A000000146894,로션,싸이닉,싸이닉 아쿠아 옴므 올인원 플루이드 100ml,11200,23.97,21.61,66.73,37.42,40.43,29.36,21,예측
A000000146896,로션,싸이닉,싸이닉 아쿠아 옴므 올인원 모이스처라이저 100ml,11200,26.09,16.37,75.89,27.86,57.86,12.06,19,예측
A000000147661,로션,AHC,AHC 온리 포맨 로션 150ml,25000,33.0,8.0,60.0,33.0,64.0,3.0,366,실측
A000000150214,로션,아크네스,[폼클렌저 150g증정] 아크네스포맨퍼펙트올인원 기획(본품 200ml+폼클렌저 150g),19900,13.0,25.0,54.0,66.0,31.0,3.0,443,실측
A000000152286,로션,마녀공장,마녀공장 비피다 바이옴 앰플 로션 300ml,19900,33.0,6.0,66.0,28.0,64.0,8.0,232,실측
A000000154199,로션,비알티씨,BRTC 파워 옴므 올인원 솔루션 더블 기획(200mlX2),46080,19.0,17.0,63.0,37.0,58.0,5.0,2325,실측
A000000154626,로션,달팡,달팡 인트랄 액티브 스태빌라이징 로션 100ml,59260,22.27,20.26,64.07,48.48,62.44,1.22,10,예측
A000000155995,로션,포맨트,포맨트 시그니처 올인원 에센스 모이스처 플러스 150ml,23200,33.0,5.0,63.0,27.0,67.0,6.0,326,실측
A000000158113,로션,랩시리즈,랩시리즈 올-인-원 훼이스 트리트먼트 50ml,49000,16.0,13.0,40.0,46.0,53.0,1.0,71,실측
A000000161776,로션,우르오스,[단독기획] 우르오스 중건성 페이셜케어 기획세트(스킨밀크200ml+페이스워시100g),34320,39.0,7.0,65.0,30.0,69.0,1.0,5953,실측
A000000161778,로션,우르오스,[단독특가] 우르오스 페이셜케어 기획세트 중건성&지복합성 2종 택1,34320,15.0,25.0,59.0,48.0,48.0,3.0,17772,실측
A000000162054,로션,라네즈,[보습장벽] 라네즈 워터뱅크 블루히알루로닉 에멀젼(중건성) 120ml,28800,56.0,1.0,72.0,26.0,72.0,1.0,66,실측
A000000165551,로션,라끄베르,라끄베르 옴므 리차지 올인원 에센스 150ml 기획 (+30ml 증정),19900,25.0,6.0,56.0,42.0,54.0,4.0,6555,실측
A000000166427,로션,랩시리즈,랩시리즈 올인원 디펜스 로션 SPF35 PA++++ 50ml,58000,32.0,13.0,76.0,29.0,58.0,13.0,66,실측
A000000166474,로션,크리니크,크리니크 포맨 오일-프리 모이스춰라이저 100ml,55250,21.96,25.13,61.35,48.02,51.45,3.43,4,예측
A000000166822,로션,아크네스,[피지저격/진정케어] 아크네스 포맨 퍼펙트 올인원 크림 200ml,28000,21.0,12.0,60.0,47.0,50.0,3.0,356,실측
A000000169182,로션,피지오겔,피지오겔 DMT 포맨 플루이드 100ml (단품/기획),35000,31.0,10.0,65.0,39.0,60.0,1.0,382,실측
A000000170034,로션,라네즈,라네즈옴므 크림스킨 옴므 올인원 150ml 기획 (+25+25ml),19600,34.0,9.0,63.0,30.0,68.0,2.0,1360,실측
A000000173672,로션,미프,미프 비타맥스 올인원 로션 리필 세트 기획 (본품 200ml+리필 150ml*2ea),34900,23.0,10.0,67.0,28.0,54.0,19.0,697,실측
A000000174576,로션,크리니크,크리니크 드라마티컬리 디퍼런트 모이스춰라이징 로션 30ml,11050,54.0,6.0,67.0,23.0,75.0,2.0,234,실측
A000000174709,로션,일소,[수분급속충전] 일소 데일리 모이스처 소프트닝 로션 150ml,22000,36.0,25.0,86.0,20.0,80.0,0.0,44,실측
A000000175964,로션,비알티씨,BRTC 파워 옴므 올인원 솔루션 200ml 기획(+50ml 증정),25600,29.0,7.0,80.0,27.0,69.0,4.0,2667,실측
A000000176059,로션,크리니크,크리니크 포 맨 안티 에이지 모이스춰라이저 100ml,67150,37.82,8.24,70.81,31.22,64.2,10.53,5,예측
A000000179257,로션,센텔리안24,[진정/속보습] 센텔리안24 마데카 데일리 리페어 에센스로션 100ml,21000,40.0,9.0,72.0,37.0,60.0,3.0,284,실측
A000000180934,로션,레이지소사이어티,레이지소사이어티 시카 애프터쉐이브 로션 100ml,14900,23.0,13.0,74.0,58.0,42.0,0.0,31,실측
A000000180935,로션,레이지소사이어티,레이지소사이어티 올인원 페이스 솔루션 150ml,15900,27.14,21.63,70.76,33.97,54.69,6.42,27,예측
A000000184664,로션,아이오페,아이오페 맨 안티에이징 에멀젼EX 120ml,25200,37.0,8.0,65.0,25.0,66.0,9.0,359,실측
A000000185157,로션,라끄베르,라끄베르 옴므 리차지 시카 에멀전 180ml,12000,34.0,7.0,53.0,45.0,48.0,7.0,116,실측
A000000186860,로션,퓨어덤,퓨어덤 옴므 아쿠아 하이드로 올인원 크림 더블 기획(200ml+200ml),15900,23.0,14.0,86.0,23.0,72.0,6.0,1265,실측
A000000188948,로션,한율,한율 빨간쌀 보습탄력 에멀젼 125ml,36500,49.0,3.0,72.0,24.0,68.0,8.0,485,실측
A000000189589,로션,헤라,헤라 하이드로 리플렉팅 플루이드 140ml,46400,18.0,0.0,59.0,54.0,46.0,0.0,39,실측
A000000195699,로션,아이소이,[보습/건성] 아이소이 포맨 모이스춰 닥터 올인원 100ml 기획 (+보습 올인원 15ml),23100,42.0,6.0,66.0,34.0,66.0,0.0,269,실측
A000000198947,로션,아이소이,[톤업/민감성] 아이소이 포맨 블레미쉬 케어 올인원 100ml 기획 (+잡티 올인원 15ml),36000,27.0,15.0,62.0,30.0,47.0,23.0,224,실측
A000000199825,로션,랩시리즈,랩시리즈 데일리 레스큐 페이스 로션 50ml,81000,25.0,10.0,74.0,33.0,59.0,8.0,319,실측
A000000200886,로션,비욘드,비욘드 엔젤아쿠아 포맨 올인원 에센스 더블기획 (200mlX2입)(비건),17500,29.0,17.0,65.0,35.0,63.0,2.0,621,실측
A000000203440,로션,오브제,오브제 모이스처 올인원 로션 200ml,16900,55.0,7.0,93.0,5.0,95.0,0.0,44,실측
A000000204649,로션,더후,더후 공진향 탄력 에멀젼 110ml,66900,36.03,2.5,65.14,11.13,64.82,14.3,7,예측
A000000204881,로션,AHC,AHC 콜라 쥬비네이션 리프트4 트리트먼트 에멀젼 100ml,30000,44.0,6.0,88.0,12.0,62.0,26.0,129,실측
A000000206008,로션,아이오페,아이오페 맨 올데이 퍼펙트 톤업 올인원 120ml 기획(+30ml),28500,22.0,10.0,51.0,36.0,26.0,37.0,233,실측
A000000208029,로션,포엘리에,[여드름/진정케어] 포엘리에 옴므 병풀잎수 66.86% 시카 로션 145ml,15900,24.0,18.0,90.0,52.0,46.0,2.0,90,실측
A000000208721,로션,스콧해미쉬,스콧해미쉬 블루 블렌디드 로션 에센스 180ml,38500,25.0,25.0,75.0,25.0,38.0,38.0,68,실측
A000000208724,로션,리쥬란,[오리지널 c-PDRN 부스팅]리쥬란 리커버 힐러 부스팅 젤 200ml,42000,31.68,23.73,71.02,38.36,55.13,3.74,23,예측
A000000209714,로션,더페이스샵,더페이스샵 더젠틀포맨 올인원 에센스 135ml,18900,30.21,10.64,62.48,32.11,56.21,2.36,5,예측
A000000210473,로션,더샘,더샘 에코 에너지 올인원 2종 택 1,16100,62.0,0.0,76.0,20.0,80.0,0.0,45,실측
A000000210666,로션,비오템,비오템옴므 아쿠아파워 올인원 스틱 세트 (+올인원 20ml),30660,37.0,10.0,59.0,35.0,61.0,4.0,55,실측
A000000210922,로션,더페이스샵,더페이스샵 네오클래식 옴므 블랙 에센셜 올인원 트리트먼트 110ml,19600,27.45,14.03,56.67,30.28,58.92,13.06,13,예측
A000000211493,로션,설화수,설화수 맨 본윤유액 90ml,46800,37.4,8.12,70.75,17.11,66.87,13.77,10,예측
A000000211930,로션,LBB,[100시간 수분보습]LBB 올 데이 케어 인 로션 50ml,54400,43.0,4.0,91.0,11.0,85.0,4.0,46,실측
A000000213387,로션,더마라인,더마라인 디렉소 PDRN 솔루션 액티빙 에멀전 200ml,38900,48.0,12.0,88.0,21.0,55.0,24.0,33,실측
A000000213951,로션,연작,연작 카밍 앤 컴포팅 에멀전 125ml,42750,27.59,19.24,71.53,50.11,54.76,0.64,18,예측
A000000214170,로션,키엘,키엘 울트라 훼이셜 베리어 스틱 밤,31390,56.0,6.0,73.0,17.0,81.0,2.0,225,실측
A000000214176,로션,키엘,키엘 울트라 훼이셜 모이스춰라이저 125ml,45050,38.55,6.62,66.54,22.31,69.29,11.88,10,예측
A000000214459,로션,엠도씨,엠도씨 안티 링클 스킨 플러스 로션 150ml 단품/기획 2종 택1,25000,24.0,13.0,68.0,32.0,53.0,16.0,96,실측
A000000215009,로션,비오템,아쿠아파워 어드밴스드 젤 PRO 100ml,78200,36.0,4.0,70.0,24.0,74.0,1.0,74,실측
A000000219100,로션,차앤박옴므,[수분진정] 차앤박 옴므랩 올인원 아쿠아 코어-업 125ml,21700,33.0,7.0,67.0,42.0,57.0,1.0,101,실측
A000000219101,로션,차앤박옴므,[피지/모공케어] 차앤박 옴므랩 올인원 오일컷 퍼펙트 125ml,21700,26.0,29.0,70.0,43.0,56.0,2.0,178,실측
A000000219102,로션,차앤박옴므,[탄력장벽] 차앤박 옴므랩 올인원 프로폴리스 에너지 프로틴샷 125ml,23900,32.3,11.2,71.4,37.61,54.53,12.13,17,예측
A000000221831,로션,설화수,설화수 자음유액EX 125ml,70200,51.0,0.0,83.0,12.0,81.0,7.0,69,실측
A000000222740,로션,마몽드,마몽드 맨 리차징 로션 150ml,16000,34.71,8.39,66.88,23.02,64.21,5.55,23,예측
A000000222741,로션,마몽드,마몽드 맨 리차징 올인원 플루이드 180ml,19980,30.33,8.11,63.01,26.2,57.15,9.38,14,예측
A000000223782,로션,닥터지,[리뉴얼/펩타이드/속보습] 닥터지 레드 블레미쉬 포 맨 탄력 올인원 2종 택 1 (단품/증정 기획),22200,31.0,7.0,58.0,36.0,53.0,11.0,3338,실측
A000000224041,로션,아누아,아누아 라이스 70 인텐시브 모이스처라이징 밀크 150ml,19500,53.0,3.0,82.0,18.0,82.0,0.0,34,실측
A000000224240,로션,스킨푸드,[각질순삭] 스킨푸드 블랙슈가 퍼펙트 에멀전 2X 포 맨 180ml,15400,29.0,14.0,43.0,71.0,29.0,0.0,70,실측
A000000225493,로션,랩시리즈,랩시리즈 클리어 LS 리서페이싱 & 매티파잉 라이트웨이트 에멀전 50ml,74000,26.74,23.22,65.14,57.69,48.34,10.25,2,예측
A000000225614,로션,그라운드랩,그라운드랩 올인원 모이스처라이저 스킨 로션 200ml,18700,43.0,12.0,95.0,11.0,83.0,6.0,592,실측
A000000226100,로션,이니스프리,이니스프리 그린티 로션 포맨 150ml,15400,23.0,13.0,63.0,63.0,38.0,0.0,40,실측
A000000226598,로션,네이처리퍼블릭,네이처리퍼블릭 아프리카 버드 옴므 올인원 모이스처라이저 150ml,14500,22.62,27.95,63.63,39.95,40.32,2.73,18,예측
A000000226600,로션,네이처리퍼블릭,네이처리퍼블릭 아프리카 버드 옴므 올인원 프레시 밸런서 150ml,14500,24.36,14.68,61.65,34.15,46.35,11.1,18,예측
A000000227226,로션,브리올옴므,브리올옴므 퍼펙트 화이트닝 로션 120ml*,26000,37.64,9.01,68.54,48.6,48.15,3.66,15,예측
A000000229488,로션,아이오페,[NEW] 아이오페 XMD 스템3 클리니컬 리커버리 에멀전 130ml,43200,42.0,6.0,45.0,39.0,42.0,19.0,31,실측
A000000231297,로션,토니모리,토니모리 원더 세라마이드 모찌 에멀전 300ml,13600,62.0,4.0,92.0,9.0,90.0,0.0,290,실측
A000000232954,로션,랑콤,랑콤 제니피끄 리페어 토너 150ml,89250,32.74,13.44,73.84,31.18,66.45,5.75,18,예측
A000000232971,로션,아이디얼포맨,[7년 연속 1위] 아이디얼포맨 퍼펙트 올인원 150ml 단품/기획,16800,28.0,8.0,60.0,33.0,62.0,5.0,5324,실측
A000000232989,로션,빌리프,[NEW 올인원] 빌리프 맨올로지 콜라겐 익스트림 올인원 100ml,37730,41.78,6.96,68.53,24.3,65.52,4.21,15,예측
A000000232993,로션,빌리프,[NEW 올인원] 빌리프 맨101 톤업 모이스춰라이저 50ml,30030,27.44,10.5,69.69,34.39,38.99,19.97,7,예측
A000000232999,로션,빌리프,[NEW] 빌리프 맨올로지 프로텍티브 엑토인 에멀전 125ml,30800,38.13,6.46,71.88,28.28,61.37,5.96,9,예측
A000000233004,로션,미닉,[민감지성피부/유분케어] 미닉 노세범 블루 캐모마일 수분 쿨링 젤 로션 80ml,22400,29.71,15.81,71.76,39.94,58.05,0.0,12,예측
A000000237000,로션,헤슬,[NEW/저자극/청담샵 추천] 헤슬 쏙보습 쌀 로션 150ml,20300,47.0,6.0,86.0,16.0,81.0,3.0,268,실측
A000000238287,로션,아렌시아,[화잘먹] 아렌시아 레드 스무디 로션 5 200ml 기획 (+80ml 미니어처),23400,31.0,13.0,84.0,28.0,69.0,3.0,116,실측
A000000238500,로션,아누아,아누아 복숭아 77 나이아신 컨디셔닝 밀크 150ml,21600,40.0,3.0,53.0,42.0,51.0,7.0,88,실측
A000000238513,로션,헤라,헤라 옴므 블루 에센스 인 에멀전 110ML,38400,41.63,4.39,73.75,23.22,66.08,0.57,6,예측
A000000240093,로션,라끄베르,라끄베르 옴므리차지 올인원 로션 150ml,19900,36.0,5.0,75.0,16.0,75.0,9.0,62,실측
A000000240497,로션,오브제,오브제 비타 브라이트닝 올인원 150ml,28000,20.0,10.0,90.0,3.0,53.0,43.0,32,실측
A000000245706,로션,디오디너리,[산뜻보습] 디오디너리 라이스 리피즈 + 엑토인 마이크로에멀전 60ml,19800,47.0,12.0,71.0,21.0,79.0,0.0,34,실측
A000000246717,로션,BOHO,보호 하이퍼 말차 올인원 로션 100ml,27900,39.0,11.0,92.0,18.0,79.0,3.0,453,실측
A000000249538,로션,그라운드플랜,[수분지속로션] 그라운드플랜 젤모이스처 120ml,29930,100.0,0.0,100.0,0.0,100.0,0.0,34,실측
A000000250229,로션,세포랩,세포랩 바이오제닉 모이스처라이저 80ml,33120,33.0,0.0,64.0,33.0,52.0,15.0,39,실측
A000000252331,로션,벨프리모,[장벽/진정] 벨프리모 히알 베리어 아토 로션 200ml,19900,61.0,6.0,94.0,9.0,90.0,2.0,370,실측
A000000254668,로션,비레디,[수분촉촉/ NEW] 비레디 하이드로 올인원 로션 기획(150ml 본품+ 35ml 증정),23000,42.0,11.0,78.0,31.0,68.0,1.0,73,실측
A000000255061,로션,헤이브로,헤이브로 맨즈 브라운 올인원로션 200ml,18900,37.98,10.61,70.86,30.43,66.92,2.92,2,예측
A000000255983,로션,플리프,[모공삭제 올인원] 플리프 PDRN 포어엑스 올인원 로션 200ml,28000,26.02,18.52,71.81,32.34,47.68,21.12,0,예측
A000000257647,로션,오휘,오휘 더 퍼스트 제너츄어 포맨 올인원 세럼 90ml,88400,32.41,10.52,71.24,27.42,56.99,16.75,0,예측
A000000257658,로션,오휘,오휘 마이스터 포맨 하이드라 로션 110ml,46750,21.76,11.01,54.85,39.83,55.98,5.34,0,예측
A000000257670,로션,오휘,오휘 마이스터 포맨 프레쉬 로션 110ml,46750,38.73,11.15,72.83,30.16,79.69,0.92,0,예측
A000000258379,로션,보나쥬르,보나쥬르 퓨어마일드 맨 올인원 모이스쳐라이저 120ml,25600,13.0,30.0,96.0,28.0,64.0,9.0,47,실측
A000000259098,로션,한스킨,[수분진정/피지컨트롤] 한스킨 퍼펙트 올인원 로션 115ml,11800,33.23,9.12,67.87,22.74,52.84,18.06,0,예측
A000000261984,로션,AHC,AHC 프로샷 온리 포맨 노세범 트러블 올인원 기획(120ml+120ml),24800,29.57,16.91,72.53,41.41,56.19,2.38,2,예측
A000000261999,로션,AHC,AHC 프로샷 온리포맨 안티에이징 버블 올인원 에센스 100ml,26900,35.8,5.73,71.49,23.87,57.33,23.33,0,예측
B000000184084,로션,닥터방기원,[대용량]닥터방기원 시카마이드 블레미쉬 카밍 올인원 300ml,17900,34.0,32.0,91.0,31.0,63.0,6.0,86,실측
B000000184086,로션,닥터방기원,[대용량]닥터방기원 시카마이드 딥 모이스처 밸런싱 올인원 300ml,17900,55.0,10.0,93.0,24.0,73.0,3.0,86,실측
B000000223871,로션,블랙몬스터,블랙몬스터 커스텀 올인원 멀티비타,26100,30.73,12.37,71.99,31.36,70.16,9.19,5,예측
B000000223873,로션,블랙몬스터,블랙몬스터 화이트 올인원 더블 세럼,26100,32.05,15.29,64.53,32.35,60.83,16.45,1,예측
B000000232976,로션,블랙몬스터,블랙몬스터 올인원 올데이 보습 올인원,10800,28.23,12.94,73.14,33.57,62.73,8.79,0,예측
A000000260445,로션,알파루틴,알파루틴 이지컨트롤 올인원 200ml,25500,20.0,22.0,90.0,17.0,76.0,7.0,41,실측
A000000137078,로션,싸이닉,싸이닉 더 심플 데일리 로션 260ml,9900,20.0,22.0,80.0,41.0,58.0,0.0,3257,실측
A000000208425,로션,로레알맨,로레알파리 맨 이드라파워 쿨링 올인원 120ml,13900,43.0,17.0,70.0,43.0,57.0,0.0,30,실측
A000000210476,로션,더샘,더샘 클래식 옴므 올인원 에센스,21000,35.06,3.96,65.49,20.04,55.15,27.01,5,예측
A000000011088,로션,엠도씨,엠도씨 세붐 스트라이크 세럼 100ml,20000,21.0,38.0,60.0,43.0,52.0,5.0,148,실측
A000000016749,로션,라끄베르,라끄베르 옴므 리차지 에멀전 180ml,12000,21.0,11.0,50.0,35.0,60.0,6.0,968,실측
A000000107837,로션,미프,미프 모이스처 올인원 리필 기획세트 200ml+150ml,34000,30.08,14.61,71.3,25.45,64.09,21.83,4,예측
A000000115419,로션,셀퓨전씨,[유수분밸런싱/산뜻수분젤] 셀퓨전씨 트리악 모이스처 젤 오인트 100ml,16300,15.0,41.0,72.0,73.0,27.0,1.0,598,실측
A000000122212,로션,다슈,다슈 맨즈 아쿠아 리얼 모이스트 올인원크림 153ml,12600,31.0,10.0,65.0,28.0,68.0,4.0,326,실측
A000000137386,로션,아크네스,[피지저격/진정케어] 아크네스 포맨 퍼펙트 올인원 200ml,16200,13.0,29.0,60.0,55.0,39.0,6.0,479,실측
A000000144803,로션,아크웰,아크웰 리얼 아쿠아 밸런싱 로션 140ml,25000,25.0,18.0,84.0,34.0,63.0,3.0,111,실측
A000000147577,로션,미프,미프 시카맥스 올인원 기획 (본품 200ml+리필 150ml),26600,22.0,11.0,59.0,70.0,30.0,0.0,71,실측
A000000148729,로션,디오디너리,[차세대레티놀] 디오디너리 그랜액티브 레티노이드 2% 에멀전 30ml,18400,29.0,16.0,44.0,21.0,23.0,56.0,728,실측
A000000149427,로션,보닌,보닌 퓨어 에센셜 에멀전,20000,13.0,23.0,57.0,45.0,54.0,1.0,68,실측
A000000152004,로션,엠도씨,엠도씨 시카 화이트닝 올인원 스페셜 세트 130ml+30ml,38000,24.88,23.2,71.77,34.71,29.66,25.74,18,예측
A000000161654,로션,무슈제이,무슈제이 밀크 톤업 올인원 200ml,21900,24.0,13.0,74.0,20.0,28.0,52.0,87,실측
A000000162615,로션,마리엔메이,[장벽강화] 마리엔메이 비타민C+비피다 로션 120ml,19500,36.0,4.0,74.0,14.0,46.0,40.0,48,실측
A000000164819,로션,스케다,스케다 스킨 브라이트 올인원 135ml,22000,27.65,13.43,69.39,29.8,57.85,7.92,11,예측
A000000165603,로션,비알티씨,BRTC 트레이너 옴므 올인원 밀크 200ml 기획 (+50ml 증정),27000,22.0,13.0,78.0,24.0,67.0,10.0,2428,실측
A000000171034,로션,EGF올로지,이지에프올로지 인헨싱 밸런싱 로션 50ml,63000,30.49,9.44,56.47,33.58,45.85,11.06,24,예측
A000000174520,로션,랩시리즈,[대용량] 랩시리즈 올-인-원 훼이스 트리트먼트 100ml,80000,23.26,26.24,67.84,52.3,57.97,1.7,21,예측
A000000176899,로션,무슈제이,무슈제이 베이직 아쿠아 보습 올인원 1+1 기획(200ml+200ml),23900,24.0,12.0,64.0,37.0,61.0,2.0,876,실측
A000000178076,로션,헤라,헤라 옴므 파워부스팅 모이스춰라이저 110ML,55200,34.28,5.64,70.53,33.72,61.53,13.36,29,예측
A000000182721,로션,케어존,케어존 아큐어 클래리파잉 에멀전 200ml,18200,16.0,33.0,77.0,56.0,43.0,1.0,221,실측
A000000184579,로션,폴메디슨,[NEW] 폴메디슨 옴므 워터화이트닝 올인원 에센스 211ml,13110,29.37,14.52,69.37,29.98,60.17,11.55,27,예측
A000000184805,로션,마녀공장,마녀공장 얼티밋 올인원 선로션 100ml,43000,28.0,15.0,77.0,19.0,57.0,24.0,114,실측
A000000184935,로션,록키스,록키스 아쿠아 부스트 옴므 올인원 200ml,14800,23.0,11.0,75.0,32.0,61.0,7.0,58,실측
A000000185300,로션,아이오페,[단품]아이오페 맨 올데이 퍼펙트 올인원 120ml,28500,30.0,8.0,61.0,33.0,59.0,8.0,4998,실측
A000000187243,로션,빌리프,빌리프 맨올로지101 스마트 모이스춰 익스트림 100ml,38400,45.65,7.1,79.7,23.94,76.74,0.0,19,예측
A000000187655,로션,헤라,헤라 옴므 에센스인에멀전 110ML,33600,23.0,8.0,50.0,23.0,69.0,8.0,62,실측
A000000191179,로션,아이오페,아이오페 맨 올데이 퍼펙트 톤업 올인원 120ml,28500,35.0,0.0,70.0,25.0,53.0,23.0,38,실측
A000000199594,로션,닥터자르트,[모공/요철커버] 닥터자르트 포어레미디 스무딩 프라이머,41000,20.0,10.0,58.0,40.0,33.0,27.0,59,실측
A000000203994,로션,라끄베르,라끄베르 옴므 리차지 시카 올인원 에센스 150ml 1+1 기획,19900,27.0,9.0,64.0,48.0,48.0,4.0,1255,실측
A000000204158,로션,다슈,다슈 보이 파란 수분초 로션 150ml 기획 (+수분크림 50ml),23000,39.0,10.0,67.0,33.0,65.0,3.0,79,실측
A000000207456,로션,닥터지,[선케어/반톤업] 닥터지 레드 블레미쉬 포 맨 올인원 톤 로션 50ml 기획 (+젠틀폼 30ml),19900,24.57,21.19,58.56,48.34,27.61,24.57,111,예측
A000000209130,로션,로레알맨,로레알파리 맨 이드라파워 수분 올인원 50ml 단품/기획 택 1,18900,12.0,3.0,56.0,41.0,59.0,0.0,32,실측
A000000209705,로션,더페이스샵,더페이스샵 더프레시 포맨 수분 플루이드 200ml,21000,20.16,23.75,59.0,43.8,52.13,5.33,7,예측
A000000210948,로션,운스트라움,운스트라움 에센셜 올인원 150ml,38000,22.77,20.47,68.29,34.28,32.13,34.4,2,예측
A000000210949,로션,운스트라움,운스트라움 디 오리진 로션 150ml,24000,18.56,24.74,63.57,54.34,33.27,3.42,4,예측
A000000213679,로션,무슈제이,무슈제이 세라부스트 올인원 200ml 단품/기획 2종 택1,19900,38.0,4.0,61.0,33.0,67.0,0.0,90,실측
A000000214141,로션,키엘,키엘 칼렌듈라 에멀전 125ml,61200,36.63,14.1,73.36,27.35,59.82,10.97,28,예측
A000000222771,로션,아이디얼포맨,[여드름피부적합] 아이디얼포맨 시카 올인원 150ml,8900,14.0,25.0,62.0,76.0,22.0,2.0,1089,실측
A000000222772,로션,아이디얼포맨,[자외선차단+스킨케어] 아이디얼포맨 선 올인원 140ml,24000,33.0,7.0,67.0,26.0,55.0,19.0,1448,실측
A000000226597,로션,네이처리퍼블릭,네이처리퍼블릭 맨 인 블루 올인원 모이스처라이저 150ml,14000,29.85,16.52,66.68,36.42,57.4,0.28,5,예측
A000000233577,로션,아렌시아,[NEW 화잘먹 피부 밀착 로션] 아렌시아 레드 스무디 로션 5 200ml,23400,42.0,10.0,73.0,21.0,68.0,11.0,84,실측
A000000236436,로션,랑콤,랑콤 클라리피끄 에멀전 75ml,124950,21.7,14.63,70.78,26.12,34.65,38.19,4,예측
A000000237614,로션,로레알맨,[NEW/모공케어 올인원] 로레알파리 맨 이드라 파워 오일 컨트롤 젤 크림 50ml,19600,24.87,25.99,62.06,51.21,56.63,1.68,6,예측
A000000242171,로션,아이오페,아이오페 XMD 클리니컬 리커버리 올인원 포맨 120g,29400,29.0,10.0,57.0,24.0,62.0,14.0,484,실측
A000000255603,로션,헤라,[NEW] 헤라 옴므 블랙 인텐스 리차징 에멀전 110ml,56000,39.34,2.38,69.74,19.44,57.16,20.44,0,예측
A000000257196,로션,비욘드,[속수분진정/수분장벽] 비욘드 엔젤 아쿠아 이온 히알루 10% 수분 로션 200ml,16500,28.0,8.0,85.0,34.0,65.0,1.0,190,실측
A000000259759,로션,비오템,비오템옴므 티쀼르 어드밴스드 젤 50ml (온),72250,15.77,31.35,47.9,59.15,42.76,0.0,3,예측
A000000263538,로션,피지오겔,피지오겔 DMT 페이셜 로션 200ml 기획 (+크림10ml+앰플4ml),38000,0.0,0.0,0.0,0.0,0.0,0.0,6109,실측
A000000006346,립_아이리무버,폰즈,폰즈 클리어 훼이스 스파 립&아이 리무버 120ml,5900,27.0,10.0,71.0,43.91,39.04,5.56,95987,실측
A000000102752,립_아이리무버,키스미,[꼼꼼/필수템] 키스미 히로인메이크 스피디 마스카라 전용 리무버 단품,12350,25.0,10.0,69.0,34.68,57.95,5.88,18068,실측
A000000124361,립_아이리무버,아리얼,[순삭리무버패드] 아리얼 스트레스 릴리빙 립앤아이 리무버 패드 30매,3900,30.0,10.0,58.0,43.53,55.77,3.05,62778,실측
A000000204481,립_아이리무버,식물나라,[산뜻딥클렌징] 식물나라 제주 탄산수 딥 립 앤 아이 리무버 150ml/300ml,5800,28.0,9.0,61.0,30.23,70.61,4.47,18588,실측
A000000141457,립_아이리무버,아리얼,[더블클렌징] 아리얼 스트레스 릴리빙 미셀라 립앤아이 리무버 300ml,9000,27.0,9.0,60.0,58.11,42.74,1.91,14563,실측
A000000248339,립_아이리무버,폰즈,[NEW/한정기획] 폰즈 립&아이리무버 300ml 기획 (+50ML 리무버 +화장솜 30매 증정),24500,32.0,10.0,72.0,16.36,34.45,25.03,4450,실측
A000000199429,립_아이리무버,코스노리,[영양케어+클렌징] 코스노리 롱 액티브 비건 마스카라 리무버,9500,28.0,9.0,70.0,34.25,49.63,0.0,2512,실측
A000000125392,립_아이리무버,아리얼,[더블기획/순삭리무버패드] 아리얼 스트레스 릴리빙 립앤아이 리무버 패드 더블기획 (30매+30매),5800,27.0,8.0,58.0,43.53,55.77,3.05,7269,실측
A000000135743,립_아이리무버,폰즈,폰즈 클리어 스파 립앤아이 리무버 300ml,24500,26.0,10.0,74.0,43.91,39.04,5.56,95987,실측
A000000231085,립_아이리무버,비페스타,[폼증정] 비페스타 립앤아이 리무버 280ml (대용량),10900,29.0,9.0,71.0,23.78,63.66,9.74,4932,실측
A000000125015,립_아이리무버,비페스타,[산뜻마무리] 비페스타 립앤아이 리무버 더블기획 (145ml+145ml),11900,31.0,8.0,73.0,23.78,63.66,9.74,2347,실측
A000000167810,립_아이리무버,일리윤,일리윤 프레쉬 모이스춰 립앤아이 리무버 150ML,7900,31.0,8.0,73.0,34.35,57.07,6.68,9664,실측
A000000224465,립_아이리무버,바닐라코,[저자극/NEW] 바닐라코 클린잇제로 립&아이리무버 100ml,4550,30.0,7.0,64.0,42.17,44.55,9.97,1457,실측
A000000223461,립_아이리무버,바닐라코,[NEW/여행 필수템] 바닐라코 클린잇제로 수딩 립&아이리무버 패드 30매,3500,33.0,9.0,58.0,37.13,42.31,5.44,2221,실측
A000000168702,립_아이리무버,식물나라,[여행용] 식물나라 제주 탄산수 딥 립 앤 아이 리무버 티슈 20매,2100,29.0,11.0,49.0,45.64,60.24,9.51,6045,실측
A000000213921,립_아이리무버,포인트앤,[올영단독400ml] 포인트앤 딥 클린 올킬 립앤아이 리무버 200ml 1+1 기획,11900,30.0,8.0,62.0,19.95,62.13,9.31,3214,실측
A000000163335,립_아이리무버,이브로쉐,이브로쉐 퓨어블루에 더 익스프레스 메이크업 리무버 200ml_NEW,14700,27.0,8.0,80.0,44.25,44.32,9.81,251,실측
A000000208351,립_아이리무버,스킨푸드,[NEW] 스킨푸드 밀크 쉐이크 포인트 메이크업 리무버 160ml,7000,34.0,1.0,72.0,38.61,57.1,10.49,684,실측
A000000237813,립_아이리무버,바이오더마,바이오더마 센시비오 H2O eye 125ml,18000,36.0,6.0,78.0,35.27,63.04,1.45,2897,실측
A000000131620,립_아이리무버,해서린,해서린 선셋 카멜리아 리무버 스틱 50ea,7700,28.0,12.0,56.0,33.85,63.47,3.9,1226,실측
A000000187803,립_아이리무버,에뛰드,뽀오얀 미소 발효 립&아이 리무버 250ml,13050,41.0,5.0,75.0,31.58,63.39,4.22,548,실측
A000000261248,립_아이리무버,비플레인,[NEW/말끔순삭]비플레인 녹두 립 앤 아이 리무버 클렌징 패드 30매,3700,35.1,7.85,69.0,35.33,50.96,8.26,21,예측
A000000131509,립_아이리무버,케어존,케어존 저자극 립앤아이리무버 50ml,3500,29.0,9.0,58.0,61.33,41.02,8.18,4892,실측
A000000163334,립_아이리무버,이브로쉐,이브로쉐 퓨어블루에 더 익스프레스 메이크업 리무버 100ml_NEW,8600,26.0,6.0,66.0,44.25,44.32,9.81,158,실측
A000000005797,립_아이리무버,비페스타,[폼증정] 비페스타 립앤아이 리무버 145ml (산뜻마무리),6900,28.0,9.0,70.0,35.67,61.32,12.21,4090,실측
A000000137604,립_아이리무버,아리얼,[7:3황금비율/더블클렌징] 아리얼 스트레스 릴리빙 미셀라 립앤아이 리무버 100ml,8000,25.0,11.0,56.0,59.15,48.73,2.16,1941,실측
A000000146757,립_아이리무버,폰즈,폰즈 클리어 스파 립앤아이 리무버 300ml+120ml 기획,32900,27.0,9.0,73.0,43.91,39.04,5.56,93427,실측
A000000183046,립_아이리무버,코스노리,코스노리 마이크로 액티브 비건 립앤아이 리무버 100ml,6500,33.0,7.0,69.0,61.56,44.33,0.19,477,실측
A000000189452,립_아이리무버,키스미,[저자극리무버/대용량] 키스미 아이 젠틀 오프 립앤아이 리무버 대용량 300ml,21600,26.0,6.0,56.0,33.49,65.1,2.51,669,실측
A000000190422,립_아이리무버,키스미,[꼼꼼/1+1] 키스미 히로인메이크 스피디 마스카라 리무버 1+1 한정기획,26000,29.0,11.0,72.0,34.68,57.95,5.88,27369,실측
A000000196979,립_아이리무버,일리윤,일리윤 프레쉬 모이스춰 립앤아이 리무버 300ML,23000,36.0,8.0,77.0,34.35,57.07,6.68,21053,실측
A000000199223,립_아이리무버,후르디아,[눈따가움No 메이크업쓱]후르디아 딥 클린 립앤아이 리무버 300ml,17900,28.0,9.0,82.0,31.9,55.38,12.1,678,실측
A000000203684,립_아이리무버,헤라,[NEW] 헤라 메이크업 리무버 125ml,30400,38.67,7.57,71.14,25.09,77.7,8.39,7,예측
A000000225050,립_아이리무버,에스네이처,[화해1위/3초퀵올킬리무버] 에스네이처 아쿠아 라이스 립앤아이 리무버 145ml,16000,40.0,5.0,74.0,26.53,68.18,7.96,363,실측
A000000229941,립_아이리무버,에뛰드,[리뉴얼] 에뛰드 립앤아이 리무버 100ml / 250ml,6300,40.0,8.0,67.0,36.52,53.67,8.63,240,실측
A000000252248,립_아이리무버,롬앤,[NEW] 롬앤 한올 마스카라 리무버,16000,30.0,16.0,75.0,34.11,65.08,6.18,44,실측
A000000123937,립_아이리무버,맥,MAC 젠틀리 오프 아이 앤 립 메이크업 리무버,42000,27.88,11.55,65.46,36.11,46.28,12.42,1,예측
A000000129643,립_아이리무버,비엘렌다,비엘렌다 로즈 더블 페이즈 아이 메이크업 리무버 140ml,12000,35.0,8.0,72.0,45.89,56.28,1.95,230,실측
A000000145081,립_아이리무버,케어존,케어존 저자극 립앤아이리무버 500ml,19500,27.0,8.0,65.0,61.33,41.02,8.18,1816,실측
A000000155990,립_아이리무버,케어존,[증량] 케어존 저자극 립앤아이리무버 300ml,15000,27.0,9.0,64.0,61.33,41.02,8.18,5210,실측
A000000208185,립_아이리무버,닥터벨머,닥터벨머 아미노클리어 립앤아이 메이크업 리무버 150ml,8900,35.0,5.0,78.0,34.22,60.48,1.19,54,실측
A000000213017,립_아이리무버,포인트앤,포인트앤 딥 클린 올킬 립앤아이 리무버 200ml,12900,11.0,0.0,62.0,19.95,62.13,9.31,353,실측
A000000215111,립_아이리무버,바닐라코,[코덕필수템/착색 클렌징] 바닐라코 클린잇제로 틴트 리무버 20ml,5250,25.0,10.0,56.0,23.51,74.31,4.57,328,실측
A000000216256,립_아이리무버,VDL,VDL 퓨어스테인 마스카라 리무버 8g,10800,19.0,9.0,67.0,35.82,57.34,4.97,107,실측
A000000223237,립_아이리무버,식물나라,식물나라 제주 탄산수 딥 립&아이리무버 (120ml/250ml),5400,30.0,9.0,65.0,30.23,70.61,4.47,4468,실측
A000000225189,립_아이리무버,바닐라코,[대용량/저자극] 바닐라코 클린잇제로 립&아이리무버 300ml,12480,43.0,12.0,56.0,54.98,45.41,2.29,2013,실측
A000000225970,립_아이리무버,일리윤,[인체 안자극테스트완료] 일리윤 젠틀 딥 립앤아이리무버 140ML,11000,32.0,10.0,71.0,21.73,64.54,11.06,701,실측
A000000259555,미스트_오일,달바,[26년 신형/보습광채] 달바 퍼스트 스프레이 세럼 펩타이드 100ml 더블기획,37200,47.0,4.0,65.0,34.0,62.0,5.0,53956,실측
A000000130138,미스트_오일,에스트라,에스트라 아토베리어365 크림미스트 120ml,18000,66.0,3.0,78.0,16.0,83.0,0.0,11130,실측
A000000259067,미스트_오일,아벤느,[미피 네임택 증정] 아벤느 오 떼르말 수분 미스트 300ml 2입 기획 (+150ml +미피 네임택),29900,34.0,18.0,76.0,54.0,45.0,1.0,35589,실측
A000000189004,미스트_오일,바이오힐보,[재구매율1위] 바이오힐보 판테셀 리페어시카 크림미스트 [기내용/더블/대용량],6880,53.0,4.0,75.0,27.0,72.0,1.0,8522,실측
A000000243433,미스트_오일,메디큐브,[청담샵 화잘먹미스트/시원촉촉] 메디큐브 PDRN 핑크 콜라겐 글로우 젤리 미스트 100ml 더블기획,29700,56.0,5.0,74.0,18.0,74.0,8.0,4158,실측
A000000247773,미스트_오일,아누아,[수지 PICK/한정기획] 아누아 피디알엔 히알루론산 수분 캡슐 미스트 100ml 2입 기획,33500,47.0,8.0,74.0,27.0,70.0,3.0,6451,실측
A000000254446,미스트_오일,바이오힐보,[3초화잘먹|PDRN] 바이오힐보 프로바이오덤 콜라겐 리모델링 세럼 겔 미스트 (미니/증정기획),11880,44.0,6.0,78.0,18.0,74.0,9.0,1938,실측
A000000259319,미스트_오일,디어클레어스,[NEW / 수부지추천] 클레어스 블루 EGF 카밍 미스트 100ml,20900,20.0,17.0,82.0,69.0,30.0,1.0,366,실측
A000000251062,미스트_오일,닥터엘시아,닥터엘시아 345 릴리프 크림 미스트 100ml 기획 (+60ml),25530,49.0,4.0,68.0,35.0,64.0,0.0,1594,실측
A000000166510,미스트_오일,차앤박,[보습광채/안개분사]차앤박 프로폴리스 에너지 앰플 미스트 250ml,12900,46.0,6.0,72.0,25.0,73.0,2.0,12637,실측
A000000237453,미스트_오일,아누아,[수지 PICK] 아누아 피디알엔 히알루론산 수분 캡슐 미스트 30ml,12500,53.0,7.0,75.0,19.0,79.0,1.0,2132,실측
A000000254068,미스트_오일,VT,[포켓몬 에디션] VT 피디알엔 글로우 앰플 미스트 100ml 더블 기획 (+포켓몬 티 코스터),37830,44.0,10.0,79.0,25.0,71.0,4.0,5598,실측
A000000259222,미스트_오일,바이오던스,[화잘먹 쿨링 미스트] 바이오던스 콜라겐 펩타이드 젤리 세럼 미스트 50ml 기획(+퍼글러 미스트 파우치),16200,49.0,6.0,80.0,18.0,76.0,5.0,3532,실측
A000000260444,미스트_오일,알파루틴,알파루틴 이지컨트롤 토너미스트 200ml,23900,37.0,24.0,97.0,18.0,77.0,4.0,71,실측
A000000166436,미스트_오일,아벤느,[단독/1등 미스트] 아벤느 오 떼르말 수분 미스트 300ml*2 + 50ml 기획,27900,35.0,14.0,79.0,51.0,49.0,1.0,35263,실측
A000000259123,미스트_오일,달바,[쿨링탄력] 달바 리프레쉬 아쿠아 스프레이 세럼 100ml,23900,53.0,13.0,70.0,53.0,47.0,0.0,30,실측
A000000255680,미스트_오일,메디큐브,[청담샵화잘먹] 메디큐브 PDRN 핑크 콜라겐 글로우 젤리 미스트 100ml 더블기획(+미스트 공병키링),29700,50.0,7.0,69.0,21.0,73.0,7.0,5662,실측
A000000220688,미스트_오일,한율,[수부지/안개분사] 한율 어린쑥 트러블 진정 미스트 120ml 리필 기획 (+어린쑥 미스트 120ml 리필),22800,25.0,20.0,74.0,67.0,33.0,1.0,2021,실측
A000000260054,미스트_오일,달바,[26년 신형/진정결광] 달바 바이탈 스프레이 세럼 나이아신아마이드 5퍼센트 100ml 더블기획,37200,53.56,2.48,70.5,23.0,71.28,13.57,26,예측
A000000213148,미스트_오일,에스네이처,[역대급증정/1초 수분결 미스트] 에스네이처 아쿠아 스쿠알란 미스트 100ml,18600,45.0,10.0,72.0,27.0,73.0,0.0,1980,실측
A000000237449,미스트_오일,아누아,[수지 PICK] 아누아 피디알엔 히알루론산 수분 캡슐 미스트 100ml,21500,44.0,10.0,74.0,22.0,75.0,3.0,4294,실측
A000000261322,미스트_오일,차앤박,[이리유마켓특가][NEW/안개분사]차앤박 더마앤서 브라이트닝 부스터 TXA-PDRN 미스트 100ml,12500,49.69,5.68,74.93,10.79,73.17,28.52,2,예측
A000000014358,미스트_오일,유리아쥬,[3중장벽강화 미스트] 유리아쥬 리페어링 떼르말 워터 300ml 더블기획 (300ml+300ml),22900,35.0,13.0,78.0,48.0,51.0,0.0,4311,실측
A000000252601,미스트_오일,바이오힐보,[수분쿨링] 바이오힐보 판테셀 리페어시카 수분 캡슐 미스트 100mL,14300,39.0,13.0,72.0,43.0,55.0,2.0,187,실측
A000000259499,미스트_오일,파넬,[NEW/쿨링진정] 파넬 시카마누 세럼 미스트 100g 기획 (+세럼 15ml),22900,30.0,4.0,96.0,77.0,22.0,0.0,2310,실측
A000000200724,미스트_오일,아벤느,[1+1/1등 미스트]아벤느 오떼르말 수분 미스트 50ml 2입 기획,17500,41.0,12.0,77.0,39.0,60.0,1.0,8135,실측
A000000213916,미스트_오일,더하르나이,[아이돌광채] 더하르나이 시카이드 크림 미스트 120ml (안개분사 화잘먹 미스트),20800,45.0,5.0,72.0,32.0,66.0,2.0,453,실측
A000000227144,미스트_오일,오드로이,[화잘먹미스트] 오드로이 모공수축 시카 83.7 콜라겐 미스트 앰플 로프디 100ml,19970,36.0,15.0,71.0,39.0,53.0,8.0,307,실측
A000000232220,미스트_오일,메디큐브,[화잘먹미스트/탱글젤리광] 메디큐브 PDRN 핑크 콜라겐 젤리 미스트 100ml 기획 (+앰플5ml+크림10ml),19900,57.0,5.0,74.0,17.0,74.0,9.0,2197,실측
A000000261472,미스트_오일,마몽드,마몽드 카밍 샷 아줄렌 미스트 120ml (+카밍 샷 앰플 25ml 증정기획),15300,37.0,15.0,89.0,46.0,52.0,2.0,54,실측
A000000115500,미스트_오일,닥터자르트,[강력진정/산뜻보습] 닥터자르트 시카페어 페이셜 카밍 미스트 150ml,9900,29.0,15.0,72.0,66.0,33.0,1.0,8421,실측
A000000241879,미스트_오일,달바,[미백탄력/비타VER] 달바 비타 토닝 안티에이징 스프레이 세럼 8퍼센트 70ml,38000,52.0,3.0,66.0,25.0,62.0,14.0,582,실측
A000000014686,미스트_오일,라로슈포제,[기름종이미스트] 라로슈포제 세로징크 세범 컨트롤 토닝 미스트 150ml,17000,10.0,51.0,66.0,63.0,35.0,2.0,1904,실측
A000000259179,미스트_오일,유리아쥬,[시카 토너 미스트] 유리아쥬 시카 데일리 마이크로 리페어링 미스트 120ml기획(+미스트 50ml+세럼 1ml),34000,38.0,11.0,79.0,56.0,44.0,0.0,546,실측
A000000213555,미스트_오일,프라나롬,프라나롬 캐모마일 하이드롤라 150ml,33300,35.0,7.0,71.0,66.0,34.0,0.0,236,실측
A000000259659,미스트_오일,닥터엘시아,[장원영포카3종증정] 닥터엘시아 345 트래블 세트 (미스트 60ml + 크림 15ml + 세럼 15ml + 포카3장),32300,44.75,9.45,80.44,43.46,65.04,0.0,6,예측
A000000260349,미스트_오일,리쥬덱스,[붉은기 2배 방어_수분 레이어링]리쥬덱스 더마 리페어링 크림 미스트 100ml,20600,57.0,4.0,82.0,36.0,62.0,2.0,151,실측
A000000200644,미스트_오일,퍼셀,[장벽광채] 퍼셀 247 초유 포어 디펜스 장벽강화 미스트 55ml,31000,48.0,7.0,66.0,27.0,67.0,7.0,1482,실측
A000000208448,미스트_오일,유이크,유이크 바이옴 베리어 크림 미스트 100ml,19500,57.0,5.0,78.0,17.0,83.0,1.0,974,실측
A000000254684,미스트_오일,런드리유,[서예지 PICK] 런드리유 카밍 고체 미스트 100+100g 더블 기획,29800,62.0,7.0,94.0,14.0,85.0,1.0,5176,실측
A000000213956,미스트_오일,연작,[뿌리는 프렙/20ml 증정기획] 연작 스킨 퍼펙팅 글로우 업 프렙 워터 50ml,28500,51.02,7.44,77.5,32.09,60.52,13.89,302,예측
A000000255319,미스트_오일,더랩바이블랑두,더랩바이블랑두 올리고 히알루론산 캡슐 젤리 미스트 120ml,26000,37.0,10.0,83.0,20.0,80.0,1.0,191,실측
A000000251220,미스트_오일,바이오던스,[NEW] 바이오던스 콜라겐 펩타이드 젤리 세럼 미스트 50ml,16200,51.0,5.0,73.0,16.0,76.0,8.0,451,실측
A000000243502,미스트_오일,온그리디언츠,[3초광 미스트/수분 속광] 온그리디언츠 스킨 베리어 속광 미스트 100ml 기획 (+50ml),25000,57.0,5.0,90.0,10.0,88.0,2.0,4374,실측
A000000117163,미스트_오일,이즈앤트리,이즈앤트리 히아루론산 워터 미스트,11550,38.0,12.0,77.0,29.0,70.0,0.0,2371,실측
A000000010485,미스트_오일,라로슈포제,[온천수미스트] 라로슈포제 오떼르말 온천수 미스트 150ml,23000,38.0,13.0,79.0,48.0,51.0,1.0,200,실측
A000000243432,미스트_오일,VT,[화잘먹] VT 피디알엔 글로우 앰플 미스트 100ml 기획 (+피디알엔 에센스 15ml+리들샷 1ml*3개),22400,54.0,7.0,84.0,16.0,78.0,6.0,5096,실측
A000000115511,미스트_오일,달팡,달팡 카모마일 아로마틱 케어 15ml,46130,56.0,3.0,79.0,25.0,74.0,1.0,84,실측
A000000223623,미스트_오일,숨37,[NEW] 숨37 시크릿 에센스 미스트 60ml 리필 기획 (+60ml),45900,37.35,16.79,75.81,40.08,55.26,0.91,17,예측
A000000235504,미스트_오일,닥터엘시아,[장원영PICK/속광부스터] 닥터엘시아 345 릴리프 크림 미스트 100ml,17500,49.0,7.0,85.0,24.0,75.0,1.0,834,실측
A000000219172,미스트_오일,눅스,[화잘먹오일프렙/멀티오일] 눅스 윌 프로디쥬스 멀티 드라이 오일 50ml(단품),35000,68.0,3.0,71.0,21.0,77.0,2.0,990,실측
A000000251221,미스트_오일,바이오던스,[NEW] 바이오던스 캐비어 PDRN 젤리 세럼 미스트 50ml,16200,51.0,4.0,75.0,14.0,75.0,11.0,385,실측
A000000213556,미스트_오일,프라나롬,[100% 로즈 꽃수] 프라나롬 로즈 하이드롤라 150ml,33300,31.0,3.0,92.0,26.0,74.0,0.0,39,실측
A000000199401,미스트_오일,식물나라,[만능오일] 식물나라 유채꿀 촉촉 멀티오일 30ml 더블기획,15800,62.0,3.0,80.0,14.0,85.0,2.0,864,실측
A000000212393,미스트_오일,눅스,[선물추천/ 자몽&플로럴향 리추얼 멀티오일] 눅스 윌 프로디쥬스 멀티 플로럴 오일 50ml 기획,31500,57.0,4.0,75.0,16.0,82.0,2.0,1713,실측
A000000016698,미스트_오일,아벤느,[1등 미스트] 아벤느 오 떼르말 수분 미스트 150ml,14500,35.0,13.0,79.0,50.0,49.0,1.0,3255,실측
A000000215152,미스트_오일,그라운드플랜,[기적의미스트] 그라운드플랜 미스트 100ml,30600,59.0,5.0,90.0,24.0,76.0,1.0,956,실측
A000000244926,미스트_오일,톰,[미니30ml증정/청담샵미스트] 톰 콜라겐 앰플 미스트 73.8ml 기획세트 (본품+미니),29900,47.0,2.0,81.0,20.0,73.0,7.0,135,실측
A000000261637,미스트_오일,달바,[26년 신형/진정결광] 달바 바이탈 스프레이 세럼 나이아신아마이드 5퍼센트 100ml,29900,53.56,2.48,70.5,23.0,71.28,13.57,14,예측
A000000235494,미스트_오일,런드리유,[수분장벽/진정잠금] 런드리유 카밍 고체미스트 100g+30g 기획,27200,52.0,7.0,83.0,28.0,71.0,1.0,3033,실측
A000000010498,미스트_오일,아벤느,[1등 미스트] 아벤느 오 떼르말 수분 미스트 300ml 2입 기획,26900,36.0,14.0,81.0,51.0,48.0,1.0,23176,실측
A000000016213,미스트_오일,트릴로지,트릴로지 써티파이드 오가닉 100% 로즈힙 오일,26100,56.0,5.0,75.0,16.0,77.0,7.0,840,실측
A000000192304,미스트_오일,바이오힐보,[민감진정] 바이오힐보 판테셀 리페어시카 앰플미스트 100mL,26000,41.0,10.0,66.0,45.0,53.0,2.0,932,실측
A000000180891,미스트_오일,코스알엑스,[주름탄력] 코스알엑스 더 레티놀 0.5 오일 20ml,25000,41.0,5.0,42.0,20.0,34.0,46.0,656,실측
A000000104102,미스트_오일,로벡틴,[화잘먹/수분보호막]로벡틴 인텐스 글로우 오일 30ml,23400,63.0,4.0,75.0,14.0,84.0,2.0,832,실측
A000000260416,미스트_오일,모토몬트,모토몬트 말차 캄 페이셜 미스트 100ml,21900,49.0,11.0,95.0,48.0,51.0,1.0,102,실측
A000000252899,미스트_오일,온그리디언츠,[키링 미스트/단독 선런칭] 온그리디언츠 스킨 베리어 속광 미스트 50ml (하트 에디션),9900,54.0,6.0,87.0,12.0,86.0,2.0,461,실측
A000000254353,미스트_오일,구달,[NEW/핑크광채미스트] 구달 청귤 비타C E TXA 미스트 100ml 기획 (+ TXA 세럼 15ml),20500,43.0,5.0,78.0,19.0,58.0,23.0,220,실측
A000000244498,미스트_오일,코스알엑스,코스알엑스 더 세라마이드 스킨 베리어 모이스처라이징 미스트 120ml,20400,52.22,5.62,80.28,25.73,79.17,0.0,29,예측
A000000230967,미스트_오일,라네즈,[미니 미스트/화잘먹] 라네즈 크림 스킨 미스트 30ml,8640,62.0,4.0,75.0,18.0,81.0,1.0,355,실측
A000000237006,미스트_오일,헤슬,[NEW/수분광채/청담샵 추천] 헤슬 쏙보습 쌀 세럼 미스트 150ml,18900,56.0,5.0,88.0,12.0,87.0,1.0,403,실측
A000000016697,미스트_오일,아벤느,[1등 미스트] 아벤느 오떼르말 수분 미스트 300ml,17500,34.0,12.0,79.0,55.0,45.0,1.0,2696,실측
A000000154819,미스트_오일,차앤박,[보습광채/안개분사]차앤박 프로폴리스 에너지 앰플 미스트 100ml,17500,48.0,6.0,73.0,24.0,75.0,1.0,5937,실측
A000000212409,미스트_오일,올리세,올리세 퓨어워터 미스트 300ml,7900,35.0,12.0,66.0,43.0,54.0,3.0,348,실측
A000000141328,미스트_오일,디오디너리,[보습오일] 디오디너리 100% 오가닉 콜드-프레스드 로즈 힙 씨드 오일 30ml,16600,47.0,11.0,67.0,23.0,70.0,7.0,514,실측
A000000141314,미스트_오일,디오디너리,[보습오일] 디오디너리 100% 플랜트-디라이브드 스쿠알란 30ml,15800,46.0,13.0,72.0,14.0,83.0,3.0,318,실측
A000000261389,미스트_오일,유리아쥬,[열감쿨링/휴대용] 유리아쥬 시카 데일리 마이크로 리페어링 미스트 50ml,12000,100.0,0.0,100.0,0.0,100.0,0.0,547,실측
A000000001588,미스트_오일,에비앙,에비앙 브뤼미자뙤르 페이셜미스트 50ml,5600,39.0,11.0,72.0,40.0,60.0,1.0,638,실측
A000000002326,미스트_오일,유리아쥬,[3중장벽강화 미스트] 유리아쥬 오떼르말 50ml(N),8000,40.0,11.0,76.0,42.0,58.0,0.0,713,실측
A000000010507,미스트_오일,아벤느,[1+1/1등 미스트]아벤느 오 떼르말 수분 미스트 150ml 2입 기획,22900,37.0,11.0,80.0,48.0,51.0,0.0,7521,실측
A000000014357,미스트_오일,유리아쥬,[3중장벽강화 미스트] 유리아쥬 오떼르말 더블 기획 (150ml+150ml),18700,35.0,12.0,75.0,47.0,52.0,0.0,2214,실측
A000000014960,미스트_오일,에비앙,에비앙 브뤼미자뙤르 페이셜 스프레이 300ml,16000,37.0,14.0,79.0,41.0,58.0,0.0,416,실측
A000000016694,미스트_오일,아벤느,[1등 미스트] 아벤느 오 떼르말 수분 미스트 50ml,10000,39.0,10.0,79.0,43.0,56.0,0.0,2383,실측
A000000102704,미스트_오일,쌍빠,쌍빠 어딕트 포어리스 매직 에센스 100ml,19000,30.0,16.0,49.0,38.0,56.0,6.0,1693,실측
A000000104159,미스트_오일,크리니크,크리니크 모이스춰 써지 페이스 스프레이 125ml,33150,38.0,5.0,73.0,32.0,68.0,0.0,57,실측
A000000107076,미스트_오일,쌍빠,쌍빠 어딕트 글로우 매직에센스 100ml,19000,60.0,3.0,61.0,16.0,81.0,3.0,1728,실측
A000000149221,미스트_오일,오우썸,오우썸 리하이드레이팅 더블 미스트 세럼 120ml (2102),18500,56.0,4.0,66.0,22.0,75.0,3.0,1237,실측
A000000149880,미스트_오일,에스테덤,에스테덤 셀룰러 워터 미스트 100ml (항산화 미스트),39000,48.0,9.0,81.0,26.0,71.0,3.0,2404,실측
A000000170881,미스트_오일,에스테덤,[대용량]에스테덤 셀룰러 워터 미스트 200ml (항산화 미스트),35280,52.0,9.0,79.0,27.0,68.0,4.0,1643,실측
A000000186215,미스트_오일,숨37,숨37 워터풀 하이드레이팅 젤 미스트 60ml+60ml 더블 기획,39950,44.0,11.0,88.0,15.0,83.0,2.0,93,실측
A000000188471,미스트_오일,록시땅,록시땅 시어 바이 페이스 오일 세럼 30ml,54000,52.71,6.08,69.18,25.27,81.84,10.8,9,예측
A000000201287,미스트_오일,바이오힐보,[탄탄미스트] 바이오힐보 프로바이오덤 3D 리프팅 크림 미스트 100ml,18200,51.0,4.0,69.0,22.0,67.0,10.0,693,실측
A000000204806,미스트_오일,숨37,숨37 워터풀 하이드레이팅 젤 미스트 60ml 기획 (+ 60ml 리필 2개),45900,47.08,5.34,77.92,28.74,75.72,0.25,15,예측
A000000208208,미스트_오일,아이다,[화잘먹/뿌리는앰플] 아이다 글루타치온 브라이트닝 앰플 미스트 60ml,28800,65.0,3.0,81.0,13.0,78.0,9.0,285,실측
A000000214199,미스트_오일,케어놀로지,케어놀로지 리블루 나이트 페이셜 오일 50ml,89000,66.0,3.0,89.0,13.0,84.0,3.0,38,실측
A000000214202,미스트_오일,케어놀로지,케어놀로지 리블루 밸런싱 크림 인 미스트 120ml,34000,43.24,6.91,74.26,26.73,76.56,6.77,29,예측
A000000215447,미스트_오일,더말로지카,[뿌리는 진정 토너] 더말로지카 울트라카밍 미스트 177ml,53000,41.94,8.91,86.36,58.24,46.24,0.12,0,예측
A000000219930,미스트_오일,숨37,[모공탄력개선] 숨37 시크릿 모공 세라마이드 버블 오일 에센스 미스트 60ml 기획/단품,23200,55.0,5.0,89.0,13.0,82.0,5.0,661,실측
A000000224446,미스트_오일,비건이펙트,[잡티미백/톤업]비건이펙트 비타씨 글루타치온 미스트 100ml,17500,54.95,3.47,70.14,14.61,45.78,31.04,15,예측
A000000225603,미스트_오일,차앤박,[뿌리는PDRN] 차앤박 더마앤서 스킨 부스팅 세럼 미스트 100g,13900,59.0,3.0,72.0,20.0,76.0,4.0,792,실측
A000000229588,미스트_오일,런드리유,런드리유 클린 페이스 솔리드 미스트 카밍 100g,32000,53.0,11.0,87.0,17.0,81.0,2.0,3033,실측
A000000232975,미스트_오일,휩드,[화잘먹미스트] 휩드 무화버터 비건 밀크폼 팩미스트 150ml,20800,56.0,5.0,73.0,14.0,84.0,3.0,657,실측
A000000233179,미스트_오일,제나벨,[올영단독/NEW] 제나벨 PDRN 듀얼 글로우 세럼 미스트 100ml,28000,60.0,4.0,93.0,5.0,88.0,7.0,83,실측
A000000233578,미스트_오일,웰더마,[겉쫀속촉/화잘먹] 웰더마 PDRN 엑소좀 젤리 겔 미스트 100ml,18900,56.0,6.0,92.0,10.0,87.0,3.0,471,실측
A000000235165,미스트_오일,빛클,[화잘먹 젤리미스트] 빛클 살구콜라겐 젤세럼 미스트 100ml,29000,54.0,4.0,79.0,14.0,80.0,6.0,294,실측
A000000235510,미스트_오일,닥터엘시아,[뿌리는 속광부스터] 닥터엘시아 345 릴리프 크림 미스트 60ml,12800,46.0,5.0,80.0,29.0,71.0,0.0,255,실측
A000000238503,미스트_오일,헤라,[NEW] 헤라 컴피 리바이탈라이징 세럼 미스트 90ml,65600,49.19,5.43,76.5,16.83,73.61,8.6,10,예측
A000000240137,미스트_오일,닥터엘시아,[수분쿨링] 닥터엘시아 아쿠아 마린 젤리 미스트 100ml,22500,42.0,7.0,74.0,25.0,74.0,1.0,167,실측
A000000240152,미스트_오일,채운,[화잘먹] 콜라겐 피디알엔 푸딩 미스트 앰플 100g,28900,56.0,8.0,86.0,10.0,82.0,8.0,868,실측
A000000240153,미스트_오일,채운,[광채톤업] 비타민 푸딩 미스트 앰플 100g,26600,54.0,8.0,95.0,7.0,77.0,16.0,154,실측
A000000240155,미스트_오일,채운,[쿨링진정] 시카 캐비지 푸딩 미스트 앰플 100g,28900,54.0,13.0,97.0,30.0,70.0,0.0,209,실측
A000000240156,미스트_오일,채운,[장벽보습] 채운 히알루론 푸딩 미스트 앰플 100g,26600,63.0,8.0,97.0,12.0,84.0,3.0,173,실측
A000000240453,미스트_오일,에스네이처,[1초 수분결 미스트] 에스네이처 아쿠아 스쿠알란 미스트 100ml 더블기획,48000,42.0,9.0,76.0,25.0,75.0,1.0,2945,실측
A000000241356,미스트_오일,라씨엘르,[레오제이PICK] 라씨엘르 신선초 진정에이징 에센스 미스트 50ml,32000,44.0,9.0,87.0,40.0,49.0,11.0,45,실측
A000000242585,미스트_오일,차앤박,[뿌리는 PDRN/탄력+광채] 차앤박 더마앤서 스킨 부스팅 세럼 미스트 250ml,18900,58.0,4.0,73.0,22.0,74.0,4.0,1614,실측
A000000242632,미스트_오일,나인위시스,[장벽미스트/안개분사] 나인위시스 하이드라 판테톨 베리어 미스트 120ml,18400,53.0,4.0,88.0,15.0,83.0,1.0,352,실측
A000000244588,미스트_오일,눅스,눅스 윌 프로디쥬스 멀티 드라이 오일 50ml 기획 (+핸드 앤 네일 크림 15ml),35000,58.76,4.49,71.61,23.23,79.73,1.11,21,예측
A000000244836,미스트_오일,모토몬트,[화잘먹] 모토몬트 애프터눈 페이셜 미스트 100ml,21900,55.0,6.0,88.0,10.0,88.0,3.0,2067,실측
A000000245094,미스트_오일,에스트라,[더블세트] 에스트라 아토베리어365 크림미스트 120ml 2입 기획,41400,60.0,3.0,76.0,22.0,77.0,1.0,11662,실측
A000000245184,미스트_오일,퍼셀,[한정에디션] 퍼셀 247 초유 포어 디펜스 장벽강화 미스트 핑크 55ml,31000,57.0,8.0,86.0,15.0,82.0,3.0,1482,실측
A000000246187,미스트_오일,그라운드플랜,[간편수분미스트] 그라운드플랜 미스트 50ml,19800,61.0,7.0,94.0,10.0,88.0,2.0,104,실측
A000000246714,미스트_오일,오브제,[진정 미스트] 오브제 맥스 스킨 미스트 250ml,13900,71.0,4.0,97.0,9.0,91.0,0.0,89,실측
A000000246901,미스트_오일,잇츠스킨,[청담샵추천/뿌리는프렙] 잇츠스킨 시크릿 솔루션 웨딩드레스 글로우 베일 미스트 100ml,19000,43.0,7.0,83.0,17.0,80.0,3.0,30,실측
A000000247688,미스트_오일,오우즈너리,[NEW/화잘먹/비타속광] 오우즈너리 비타3 오로라 미스트 60ml,12000,50.0,5.0,81.0,17.0,66.0,17.0,527,실측
A000000247748,미스트_오일,런드리유,[NEW] 런드리유 글로우 젤리 미스트 PDRN 100g,32000,49.94,5.45,81.55,18.0,72.82,6.95,1,예측
A000000248177,미스트_오일,휩드,[화잘먹/리필증정] 휩드 무화버터 비건 밀크폼 팩미스트 150ml 기획 (+60ml+화장솜 40매),20800,57.0,4.0,71.0,17.0,81.0,2.0,866,실측
A000000248819,미스트_오일,런드리유,[수분광채/PDRN] 런드리유 PDRN 고체미스트 100g+30g 기획,27200,54.0,8.0,91.0,12.0,83.0,4.0,115,실측
A000000249277,미스트_오일,유이크,[장벽미스트/+50ml증정 기획]유이크 바이옴 베리어 크림 미스트 100ml 기획 (+50ml),23000,53.0,4.0,80.0,13.0,87.0,0.0,1065,실측
A000000253124,미스트_오일,헤라,헤라 컴피 리바이탈라이징 세럼 미스트 미니 28ml 기획 (+미니 리미티드 케이스),36000,49.19,5.43,76.5,16.83,73.61,8.6,5,예측
A000000253205,미스트_오일,디어달리아,[화잘먹/볼륨광미스트] 디어달리아 엔드리스 스킨 크림 미스트,27200,62.0,3.0,89.0,7.0,90.0,3.0,144,실측
A000000255331,미스트_오일,설화수,[NEW] 설화수 윤조에센스 미스트 50ml,58500,55.13,2.82,67.88,22.83,60.69,23.92,3,예측
A000000255334,미스트_오일,밀리밀리,[1초미스트/화잘먹/속건조] 밀리밀리 500달톤 프로틴 콜라겐 미스트 55ml,14900,41.0,7.0,84.0,17.0,78.0,6.0,127,실측
A000000255452,미스트_오일,눅스,눅스 윌 프로디쥬스 멀티 플로럴 오일 50ml 기획(+우드괄사)(2604),29610,70.0,10.0,60.0,10.0,90.0,0.0,114,실측
A000000255463,미스트_오일,눅스,눅스 윌 프로디쥬스 멀티 드라이 오일 50ml 기획(+우드괄사)(2604),29610,58.11,4.47,72.27,25.66,79.5,0.17,9,예측
A000000257156,미스트_오일,아비브,아비브 부활초 미스트 세럼 글로우 스프레이 100ml,25000,52.97,4.62,75.31,19.6,69.34,10.48,7,예측
A000000257230,미스트_오일,비긴스 바이 정샘물,[화잘먹/수분탄력] 비긴스 바이 정샘물 히알100 피디알엔 수분 플럼핑 미스트 100ml,18480,36.0,3.0,94.0,20.0,75.0,5.0,142,실측
A000000257433,미스트_오일,밀리밀리,[1초미스트/화잘먹/단독기획] 밀리밀리 500달톤 프로틴 콜라겐 미스트 55ml*2 더블기획,27800,41.0,4.0,91.0,10.0,79.0,11.0,478,실측
A000000258987,미스트_오일,파넬,[NEW/쿨링진정] 파넬 시카마누 세럼 미스트 100g,22900,40.0,7.0,93.0,81.0,19.0,0.0,58,실측
A000000259554,미스트_오일,달바,[26년 신형/보습광채] 달바 퍼스트 스프레이 세럼 펩타이드 100ml,29900,83.0,0.0,83.0,17.0,83.0,0.0,5960,실측
A000000260415,미스트_오일,모토몬트,모토몬트 라이스 듀이 페이셜 미스트 100ml,21900,48.0,9.0,91.0,15.0,74.0,11.0,101,실측
A000000203008,미스트_오일,에센허브,[단독기획] 에센허브 티트리 100 오일 10ml 기획(+크림10ml+면봉 50P 증정),14400,15.0,32.0,24.0,90.0,9.0,1.0,14893,실측
A000000199400,미스트_오일,식물나라,식물나라 유채꿀 촉촉 멀티오일30mL,10900,61.0,7.0,72.0,20.0,79.0,0.0,349,실측
A000000203571,미스트_오일,달팡,달팡 로즈 아로마틱 케어 15ml,47820,51.65,5.7,71.83,28.83,79.35,0.0,24,예측
A000000206576,미스트_오일,원오브뎀,[시원하게 진정되는] 원오브뎀 카밍 샷 듀 드롭 미스트 150ml,20800,22.0,13.0,76.0,37.0,63.0,0.0,56,실측
A000000206851,미스트_오일,뉴라덤,[쿨링/붓기완화] 메디톡스 뉴라덤 카밍 오로라 미스트 100ml,23200,56.0,6.0,86.0,21.0,74.0,5.0,662,실측
A000000207760,미스트_오일,엠도씨,엠도씨 세붐 스트라이크 안티 트러블 미스트 55g,18400,13.0,40.0,57.0,70.0,30.0,0.0,30,실측
A000000213116,미스트_오일,파이코어,파이코어 디퍼런씨 블루바이옴 리페어 세럼 미스트 100ml,33000,60.0,3.0,93.0,15.0,82.0,2.0,408,실측
A000000232191,미스트_오일,온그리디언츠,[청담샵PICK/로션미스트] 온그리디언츠 스킨 베리어 속광 미스트 기획 (100ml+50ml+키링) *,19900,43.0,4.0,86.0,21.0,72.0,7.0,5111,실측
A000000235232,미스트_오일,에스네이처,[1초 수분결미스트] 에스네이처 아쿠아 스쿠알란 미스트 100ml 기획 (+수분크림 10ml),19500,41.0,9.0,75.0,26.0,73.0,1.0,2592,실측
A000000242587,미스트_오일,차앤박,[1+1+1/안개분사] 차앤박 프로폴리스 에너지 앰플 미스트 100ml 트리플 기획,19800,47.0,6.0,74.0,23.0,75.0,2.0,18660,실측
A000000246294,미스트_오일,토리든,토리든 다이브인 저분자 히알루론산 크림 미스트 120ml,20000,56.0,12.0,83.0,19.0,81.0,0.0,52,실측
A000000247253,미스트_오일,토리든,토리든 다이브인 저분자 히알루론산 크림 미스트 120ml 리필 기획 (+리필 120ml),23250,46.0,9.0,76.0,23.0,75.0,2.0,402,실측
A000000250477,미스트_오일,에스네이처,[1초 수분결미스트] 에스네이처 아쿠아 스쿠알란 미스트 100ml 기획 (+수분크림 10ml+스티커),27000,42.0,5.0,73.0,28.0,71.0,1.0,3356,실측
A000000251277,미스트_오일,아벤느,[1등 미스트] 아벤느 오 떼르말 수분 미스트 300ml 3입 기획,37900,30.0,16.0,75.0,50.0,50.0,1.0,21327,실측
A000000251742,미스트_오일,바이오던스,[NEW/한정기획] 바이오던스 콜라겐 펩타이드 젤리 세럼 미스트 50ml 기획 (+콜라겐 겔 패드 10매),16200,53.0,5.0,82.0,13.0,81.0,6.0,2856,실측
A000000252323,미스트_오일,닥터지,[NEW/쿨링진정] 닥터지 레드 블레미쉬 쿨 수딩 젤리 미스트 50ml,10200,26.0,26.0,84.0,52.0,45.0,3.0,31,실측
A000000252324,미스트_오일,닥터지,[NEW/쿨링진정] 닥터지 레드 블레미쉬 쿨 수딩 젤리 미스트 100ml,15500,32.0,14.0,71.0,58.0,42.0,0.0,389,실측
A000000260205,선스틱,VT,[톡신마켓특가][타잔pick/깃털보송] VT 피디알엔 에어 클라우드 밸런스 레이어 선스틱 14.5g,12500,41.63,7.89,68.86,29.44,44.95,29.16,178,예측
A000000238816,선스틱,오브제,[1등 기름종이선스틱] 오브제 포어 제로 오일 컨트롤 선스틱 18g 단품/기획,18900,39.91,13.67,67.92,33.6,28.14,28.72,5770,예측
A000000254125,선스틱,AHC,[포켓몬 에디션] AHC 마스터즈 에어리치 선스틱 22g 더블 기획 (+포켓몬 미니달력),29900,31.18,10.6,53.07,46.72,22.91,22.79,1535,예측
A000000150460,선스틱,식물나라,[대용량] 식물나라 보송/워터프루프/쿨링 선 스틱 30g (1+1/리필/단품),16900,42.31,6.88,74.29,22.35,49.38,30.11,22312,예측
A000000259260,선스틱,AHC,AHC 마스터즈 에어리치 선스틱 22g 더블 기획,34900,31.18,10.6,53.07,46.72,22.91,22.79,19308,예측
A000000249471,선스틱,식물나라,[NEW/대용량] 식물나라 워터프루프 선 스틱 30g (단품/1+1기획),16900,28.66,14.64,66.61,25.3,40.95,35.44,763,예측
A000000166296,선스틱,식물나라,[대용량] 식물나라 보송/쿨링/워터프루프 선 스틱 3종(1+1/리필기획),16900,42.31,6.88,74.29,22.35,49.38,30.11,25242,예측
A000000202197,선스틱,라운드랩,[8월 올영픽/더블] 라운드랩 자작나무 수분 선스틱 19g+19g,23700,38.38,11.22,77.98,25.83,21.28,39.53,5133,예측
A000000248755,선스틱,오브제,[덱스PICK/러너 필수템] 오브제 액티브 스웨트프루프 선스틱 18g,18900,28.5,14.84,65.64,28.53,28.18,30.69,1226,예측
A000000255127,선스틱,라운드랩,[더블/즉각쿨링] 라운드랩 자작나무 수분 선스틱 19g 더블 기획 (+수분패드 4매),23700,38.38,11.22,77.98,25.83,21.28,39.53,5374,예측
A000000248312,선스틱,토리든,토리든 밸런스풀 포맨 시카 오일 컨트롤 선스틱 20g 기획(+올인원 20g),15990,40.91,10.5,74.24,25.11,44.68,28.01,548,예측
A000000202400,선스틱,큐어,[4회연속1등] 김정문알로에 큐어 쿨링 선스틱 2입(23g + 23g) [얼음자차],23900,23.95,19.4,75.06,52.23,35.62,18.85,3012,예측
A000000241113,선스틱,아비브,[보송밀착/워터프루프] 아비브 에어리 선스틱 스무딩 바 23g,14000,32.35,11.6,65.63,24.8,53.8,29.97,47,예측
A000000248771,선스틱,아이디얼포맨,[개기름뽀송] 아이디얼포맨 프레시 오일 컷 선스틱 단품/기획,13800,35.69,10.35,66.22,28.03,32.06,31.36,615,예측
A000000249274,선스틱,메디힐,[양현종 Pick/NEW] 메디힐 마데카소사이드 선스틱 에어리 핏 10g,10200,47.32,4.67,70.83,16.27,48.84,41.31,1128,예측
A000000201193,선스틱,브링그린,브링그린 티트리 시카 쿨링 선스틱 리필기획 (20g+20g),17900,38.41,13.01,70.4,31.86,35.08,25.29,1259,예측
A000000179127,선스틱,토코보,토코보 선스틱 SPF50+ PA++++ (코튼/비타/쿨링),15500,36.89,11.82,72.88,29.61,45.76,35.31,7388,예측
A000000218935,선스틱,조선미녀,[단독/산뜻보송] 조선미녀 산들쑥 선스틱 18g 2입 기획,27000,33.15,12.69,71.43,31.31,36.57,29.59,656,예측
A000000252925,선스틱,메디힐,[투명 파우치 증정] 메디힐 마데카소사이드 선스틱 에어리 핏 10+10g 기획,21900,47.32,4.67,70.83,16.27,48.84,41.31,1492,예측
A000000123594,선스틱,셀퓨전씨,[산뜻보송선스틱/UV에이징케어] 셀퓨전씨 스틱 썬스크린 19g (SPF50+/PA++++),14000,33.61,10.98,68.9,40.21,37.1,28.0,7091,예측
A000000211648,선스틱,가히,[보송선스틱/2개구성] 가히 에어리 핏 선스틱 더블 기획(14g+14g),27400,29.63,14.15,64.59,23.33,45.45,32.0,2407,예측
A000000150730,선스틱,닥터지,[무기자차/5중보호] 닥터지 그린마일드 업 선스틱 20g,17500,27.5,15.75,69.97,24.69,38.2,31.72,4372,예측
A000000182989,선스틱,AHC,[보송/1등 노세범] AHC 마스터즈 에어리치 선스틱 22g,17000,29.24,12.84,67.9,25.77,40.7,36.5,18898,예측
A000000226500,선스틱,두잉왓,[용량 UP & 리뉴얼] 두잉왓 스킨톤 레이어링 선스틱 23g,16500,33.1,11.69,66.68,21.91,52.38,29.68,594,예측
A000000250048,선스틱,토코보,[NEW/키링증정] 토코보 미니 선스틱 11g 기획 3종 SPF50+ PA++++,10200,36.89,11.82,72.88,29.61,45.76,35.31,2626,예측
A000000254571,선스틱,듀이트리,[1+1 한정기획/쿨링선스틱] 듀이트리 어반쉐이드 쿨 카밍 선스틱 20g 더블 기획 (+안티폴루션 선 10ml),19400,38.76,11.0,72.07,24.76,33.71,28.09,5374,예측
A000000221881,선스틱,식물나라,식물나라 보송/워터프루프/쿨링 선 스틱 3종 (1+1/리필기획),16900,38.93,7.27,77.28,16.74,48.96,36.43,2167,예측
A000000250210,선스틱,AHC,[이사배PICK]AHC 마스터즈 아이시 젤리 선스틱 14g,15900,39.63,8.59,72.58,21.06,44.69,39.12,3582,예측
A000000210323,선스틱,벤튼,[산뜻보송] 벤튼 무기자차 선스틱 SPF50+/PA++++ 15g,15400,39.0,10.42,78.82,22.35,50.17,24.81,74,예측
A000000182987,선스틱,AHC,[올영단독/대용량] AHC 내추럴 퍼펙션 프레쉬 선스틱 22g,15200,36.3,13.22,65.15,22.97,44.62,22.23,7106,예측
A000000169505,선스틱,리쥬란,[소프트-파우더리 시스템] 리쥬란 힐러 UV 프로텍션 밤 19g,25600,38.6,9.45,67.86,19.62,36.99,36.39,231,예측
A000000230631,선스틱,라운드랩,[깃털보송/더블] 라운드랩 소나무 진정 시카 에어리 선스틱 19g 더블 기획,24600,32.94,15.73,65.86,19.95,33.61,35.55,673,예측
A000000260943,선스틱,오브제,[보송톤업] 오브제 내추럴 톤업 선스틱 18g,18900,32.25,15.59,67.76,33.01,30.76,28.1,104,예측
A000000257511,선스틱,에이지투웨니스,[심으뜸PICK] AGE20S 멜라디펜스 기미 노세범 선스틱 20g,18200,31.75,12.87,69.39,22.39,41.88,33.05,12,예측
A000000182782,선스틱,구달,[텔레토비 콜라보] 구달 맑은 어성초 진정 쿨링 선스틱 19g 1+1 기획 (+왕 스티커 3매),17900,41.82,8.17,76.09,25.22,38.07,30.52,3626,예측
A000000184394,선스틱,라운드랩,[즉각쿨링] 라운드랩 자작나무 수분 선스틱 19g,17900,38.38,11.22,77.98,25.83,21.28,39.53,1705,예측
A000000207894,선스틱,가히,[보송산뜻/모공커버] 가히 에어리 핏 선스틱 14g,17900,29.63,14.15,64.59,23.33,45.45,32.0,1474,예측
A000000225218,선스틱,가히,[수분광채/화잘먹] 가히 벨벳 글로우 선스틱 13.5g,17900,38.82,9.15,71.09,23.19,46.11,34.85,30,예측
A000000227237,선스틱,셀퓨전씨,[수분촉촉선스틱/UV에이징케어] 셀퓨전씨 아쿠아티카 스틱 썬스크린 19g,17000,40.12,9.45,70.72,20.91,41.83,33.58,29,예측
A000000230025,선스틱,넛세린,넛세린 시카 넛 워터풀 카밍 선스틱 20g,16900,37.9,8.63,59.03,35.86,33.3,27.74,96,예측
A000000226211,선스틱,코스알엑스,코스알엑스 에어리 라이트 인비저블 선스틱 19g,15000,37.21,11.7,75.43,34.43,34.3,23.53,27,예측
A000000248743,선스틱,듀이트리,[모공블러/산뜻보송] 듀이트리 AC 딥 카밍 포어 선스틱 20g,12000,30.17,14.51,70.62,32.65,33.62,28.07,557,예측
A000000107874,선스틱,닥터아토,닥터아토 실키 포켓 선 스틱 SPF 50+,9560,23.81,15.16,67.24,41.83,48.42,21.78,5687,예측
A000000125152,선스틱,싸이닉,싸이닉 엔조이 슈퍼 액티브 에어리 썬스틱 15g,15000,36.41,10.67,69.02,36.06,36.29,24.37,687,예측
A000000137158,선스틱,엠도씨,엠도씨 선샤인 유브이 솔루션 스틱 20g,17600,32.84,8.97,63.88,16.78,51.75,34.37,19,예측
A000000137840,선스틱,비오템,비오템 옴므 UV 디펜스 선스틱 20g,44200,34.35,8.85,61.69,30.59,26.97,33.6,61,예측
A000000162700,선스틱,큐어,[4회연속1등] 김정문알로에 큐어 쿨링 선스틱 23g [얼음자차],13900,23.95,19.4,75.06,52.23,35.62,18.85,1386,예측
A000000163578,선스틱,듀이트리,[리뉴얼/쿨링보송] 듀이트리 어반쉐이드 쿨 카밍 선스틱 20g,11200,38.76,11.0,72.07,24.76,33.71,28.09,4890,예측
A000000181101,선스틱,듀이트리,[생기톤업] 듀이트리 어반쉐이드 피치라이크 톤업 선스틱 13g,18480,28.56,15.44,63.72,34.98,48.58,24.27,227,예측
A000000183264,선스틱,아비브,[퀵&이지] 아비브 퀵 선스틱 프로텍션 바 22g,28000,38.03,6.91,70.04,29.64,31.58,29.38,414,예측
A000000183349,선스틱,케어존,케어존 라이트핏 벨벳 선스틱 39g,18700,34.28,10.21,71.59,27.87,38.96,30.64,286,예측
A000000184389,선스틱,빌리프,빌리프 해피보 이지워시 선 스틱 18g,24640,36.65,8.15,65.23,27.0,38.83,32.05,44,예측
A000000184452,선스틱,달바,[보송자차/산뜻밀착썬] 달바 에어 핏 프레쉬 선 스틱 19g,36000,32.26,16.3,70.82,19.31,45.94,31.36,61,예측
A000000186208,선스틱,톤핏선,[밀착보송 /워터프루프] 톤핏선 비건 노세범 선스틱 SPF50+ PA++++,16800,30.16,12.88,70.04,17.98,41.53,41.28,1559,예측
A000000187392,선스틱,포레스트 서울,포레스트 서울 비건 멀디디펜스 선스틱 19g,15400,28.44,16.32,70.87,18.12,29.27,41.13,148,예측
A000000187811,선스틱,오휘,오휘 데이쉴드 아쿠아 선스틱 투 고 14g,33250,36.71,7.15,63.5,23.52,58.9,28.66,90,예측
A000000188567,선스틱,조선미녀,[산뜻보송] 조선미녀 산들쑥 선스틱 18g,14400,33.15,12.69,71.43,31.31,36.57,29.59,472,예측
A000000202346,선스틱,딘시,[딘시] 프리미엄 비건 3 in 1 선스틱 SPF50+ PA++++ 10.5g,31500,40.41,10.12,71.56,16.92,41.79,33.54,4673,예측
A000000203877,선스틱,닥터지,[NEW/모공커버] 닥터지 포어 블러 업 선 스틱 19g,17500,35.34,12.15,58.47,27.46,33.35,33.01,85,예측
A000000204878,선스틱,토코보,[진정선스틱/쿨링] 토코보 시카 쿨링 선스틱 18g SPF50+ PA++++,21000,32.3,11.97,74.68,28.31,40.82,28.13,674,예측
A000000208730,선스틱,스콧해미쉬,스콧해미쉬 클래식 골프 선스틱(SPF 50+ PA++++) 18.5g,21000,30.53,12.71,67.5,21.89,42.52,39.96,10,예측
A000000210757,선스틱,스킨1004,[유기자차]스킨1004 마다가스카르 센텔라 히알루-시카 실키핏 선스틱 20g,20000,32.86,13.64,67.85,40.82,38.47,27.26,248,예측
A000000213574,선스틱,유이크,유이크 바이옴 레미디 퍼펙트 보송 선스틱 18g,24000,36.4,6.67,67.94,27.85,51.78,24.74,241,예측
A000000214236,선스틱,듀이셀,듀이셀 노세범 선스틱 18g,25000,33.62,10.57,74.82,19.02,43.99,36.92,64,예측
A000000219969,선스틱,네이처리퍼블릭,[곡선쉐입] 네이처리퍼블릭 캘리포니아 알로에 선스틱 SPF50+ PA++++ 3종 (보송/쿨링수분/진정),18000,42.83,8.52,63.9,19.72,48.46,30.53,1893,예측
A000000219988,선스틱,토리든,토리든 다이브인 모이스처 수딩 선스틱 19g,22000,41.34,8.56,72.05,18.93,37.12,37.77,34,예측
A000000222682,선스틱,토코보,[워터프루프/보송] 토코보 비타 워터프루프 선스틱 18g SPF50+ PA++++,15500,29.12,13.44,68.6,16.51,41.9,40.88,94,예측
A000000222726,선스틱,닥터지,[보송/끈적임ZERO/워터프루프] 닥터지 비타 클리어 워터프루프 선스틱 21g,19900,29.12,13.44,68.6,16.51,41.9,40.88,339,예측
A000000224154,선스틱,아도르,아도르 타마누 오일 선스틱 SPF 50+ PA+++ 21g,21200,33.77,13.81,66.07,28.96,45.47,34.51,100,예측
A000000224470,선스틱,궁중비책,궁중비책 프레시 선스틱 마일드 23g,24000,31.41,12.41,70.75,19.04,43.48,31.63,94,예측
A000000228081,선스틱,더후,[NEW] 더후 UV 얼티밋 레드 선스틱 7g,34500,38.09,11.59,66.79,31.15,46.14,32.39,2,예측
A000000228424,선스틱,로스트마인드랩,[올영1위] 로스트마인드랩 액티브 야누스 듀얼 쉴드 선 밤 11g,15200,35.66,9.69,69.8,25.37,42.41,34.75,409,예측
A000000229046,선스틱,바닐라코,[보송/10시간지속] 바닐라코 UV 디펜스 워터프루프 선스틱 18.5g,16500,28.69,13.62,68.02,16.25,43.05,40.71,18,예측
A000000231944,선스틱,그라펜,[개기름지우개]그라펜 선포켓 오일 컷 스틱 15g,24000,36.77,6.64,71.69,31.03,38.57,22.5,109,예측
A000000234641,선스틱,라운드랩,[깃털보송] 라운드랩 소나무 진정 시카 에어리 선스틱 19g,17900,32.94,15.73,65.86,19.95,33.61,35.55,53,예측
A000000245810,선스틱,이즈앤트리,[NCT 재민PICK] 이즈앤트리 히아루론산 에어리 선스틱 22g (리뉴얼),16900,39.51,9.35,72.17,22.34,39.26,39.84,17,예측
A000000248125,선스틱,아누아,[문동주pick/매끈보송] 아누아 제로캐스트 데일리 글로우 피니쉬 선스틱 18g 더블 기획,27000,41.18,7.03,69.97,19.06,47.62,30.96,170,예측
A000000248928,선스틱,아누아,[문동주pick/매끈보송] 아누아 제로캐스트 데일리 글로우 피니쉬 선스틱 18g,15500,41.18,7.03,69.97,19.06,47.62,30.96,120,예측
A000000250617,선스틱,셀퓨전씨,[NEW/매끈보송] 셀퓨전씨 에어리 핏 블러 썬 스틱 20g,13500,30.86,16.09,73.92,17.18,35.3,40.07,84,예측
A000000251762,선스틱,비레디,[NEW/기름종이 선스틱] 비레디 임수빈 PICK 아웃런 선스틱,18900,28.69,13.62,68.02,16.25,43.05,40.71,1272,예측
A000000253614,선스틱,니베아,[NEW/글로벌 1위] 니베아 선 유브이 스페셜리스트 실키 유브이 스틱 15g,19800,29.49,17.51,69.23,44.3,36.38,25.55,232,예측
A000000253644,선스틱,닥터자르트,[보송/모공블러] 닥터자르트 에브리 선데이 울트라 쉬어 프라이밍 선스틱 더블 기획,17900,27.23,11.39,58.31,24.95,47.5,29.55,1096,예측
A000000254248,선스틱,프레비츠,[NEW쌩얼선스틱] 프레비츠 에어핏 선스틱 14g,21500,42.12,5.74,66.48,19.31,43.92,30.38,15,예측
A000000254251,선스틱,프레비츠,[NEW톤업보송] 프레비츠 에어핏 선 피니싱 스틱 14g 01 퓨어 바이올렛,21500,44.54,5.38,69.14,16.53,50.02,33.84,19,예측
A000000254255,선스틱,프레비츠,[NEW톤업보송] 프레비츠 에어핏 선 피니싱 스틱 14g 02 클리어 그린,21500,43.17,6.4,69.59,19.12,52.52,32.05,17,예측
A000000254263,선스틱,프레비츠,[NEW톤업보송] 프레비츠 에어핏 선스틱 14g 6종 택1,18500,43.9,5.76,70.03,17.3,46.7,32.37,5382,예측
A000000255159,선스틱,아이오페,(NEW) 아이오페 UV쉴드 선스틱 EX,24000,28.36,12.96,73.35,28.9,49.22,23.18,0,예측
A000000255986,선스틱,플리프,[모공삭제] 플리프 PDRN 포어엑스 선스틱 18.6g,25000,30.12,18.54,71.3,30.23,36.31,25.3,7,예측
A000000256465,선스틱,피지오겔,피지오겔 아쿠아 포맨 오일컷 선스틱 19g 기획 (+로션 30ml),18900,47.85,6.87,76.55,19.97,55.43,34.5,97,예측
A000000257523,선스틱,싸이닉,싸이닉 엔조이 워터프루프 에어핏 선스틱 20g,6720,32.59,11.37,66.94,22.23,41.18,23.86,42,예측
A000000257620,선스틱,빌리프,빌리프 UV프로텍터 아쿠아 밤 쿨링 선 스틱 14g,26400,39.41,10.68,66.13,29.43,44.12,22.18,4,예측
A000000259755,선스틱,테이지,[NEW] 테이지 시카트리 쿨링 선스틱 19g,16000,32.31,13.3,75.2,36.93,30.33,24.53,12,예측
A000000261544,선스틱,라네즈,[NEW] 라네즈 네오 톤업 멀티 스틱(뉴트럴 베이지),22100,40.68,9.02,65.22,20.67,40.18,40.47,2,예측
A000000180141,선스틱,닥터지,[수분선스틱]닥터지 레드 블레미쉬 수딩 업 선스틱 21g,17500,35.02,12.92,73.43,30.59,31.2,32.36,2544,예측
A000000150624,선스틱,차앤박,[진정보송] 차앤박(CNP) 더마 쉴드 선스틱 SPF50+ 18g,17100,30.24,11.57,70.6,25.99,34.18,40.05,1736,예측
A000000170879,선스틱,이즈앤트리,이즈앤트리 히아루론산 에어리 선스틱 22g,26000,38.95,9.98,76.75,21.24,50.44,30.08,34,예측
A000000182998,선스틱,AHC,[워터프루프] AHC 내추럴 퍼펙션 프레쉬 선스틱 14g,19000,36.3,13.22,65.15,22.97,44.62,22.23,7106,예측
A000000183964,선스틱,헤라,헤라 UV프로텍터 액티브 선 밤 10g,32300,35.36,10.93,77.81,18.8,36.03,36.84,114,예측
A000000201644,선스틱,로우퀘스트,로우퀘스트 에키네시아 에어리 선스틱 19g,12500,36.76,9.85,67.41,43.32,32.96,20.56,3047,예측
A000000202327,선스틱,부쉬맨,[용량 UP/씨프렌들리] 부쉬맨 워터프루프 서핑 선스틱 20g,16000,30.16,12.88,70.04,17.98,41.53,41.28,102,예측
A000000202372,선스틱,정샘물,정샘물 선슈얼 아이스 선스틱 16g,21600,35.9,9.89,71.07,22.78,30.31,37.42,16,예측
A000000203079,선스틱,이즈앤트리,"[1+1, 광노화 선케어] 이즈앤트리 어니언 프레쉬 라이트 선 스틱 22g",23000,37.15,9.76,65.47,30.9,39.19,29.9,111,예측
A000000205012,선스틱,아이오페,아이오페 UV쉴드 선스틱 20g,24000,31.27,8.08,67.24,29.78,45.99,35.39,43,예측
A000000205410,선스틱,라로제,라로제 클린 선스틱 SPF 50 PA++++ 18.5g (워터프루프),29000,24.81,14.37,58.64,33.29,48.27,38.25,884,예측
A000000205809,선스틱,AHC,[수분진정] AHC 마스터즈 카밍 워터풀 선스틱 22g,19200,36.86,11.46,70.47,15.74,38.41,41.12,271,예측
A000000206176,선스틱,라타플랑,[피지흡착/쿨링보송] 라타플랑 미나리 시카트러블 진정 노세범 선스틱,25000,42.13,8.09,72.12,23.69,34.09,32.01,82,예측
A000000207372,선스틱,무슈제이,무슈제이 퍼펙트 프루프 선스틱 18.5g,17890,31.25,12.96,68.48,19.17,41.05,38.18,15,예측
A000000224605,선스틱,숨37,숨37 어웨이 벨벳 선스틱 헬리녹스 콜라보 기획,30400,38.48,16.19,69.17,42.82,45.95,18.34,7,예측
A000000225193,선스틱,비긴스 바이 정샘물,[산뜻보송 선스틱] 비긴스 바이 정샘물 블루 캐모마일 히알루론산 에어리 선 스틱 15g,16940,35.74,8.64,69.87,20.43,55.84,25.36,129,예측
A000000226555,선스틱,부쉬맨,[용량 리뉴얼/씨프렌들리]부쉬맨 워터프루프 서핑 선스틱 20g 기획 (+ 데일리 선크림 20ml),18500,29.96,14.72,73.15,23.01,41.7,24.71,130,예측
A000000232887,선스틱,어테이션,어테이션 익모초 쿨링 선스틱 SPF50+ PA++++ 19g,21600,35.53,9.72,69.25,34.28,37.63,32.14,1597,예측
A000000250618,선스틱,셀퓨전씨,[NEW/시원촉촉]셀퓨전씨 워터 핏 쿨링 썬 스틱 20g,13500,36.96,8.18,70.36,20.85,38.06,36.45,203,예측
A000000253705,선스틱,셀퓨전씨,[산뜻보송/조앤프렌즈 콜라보] 셀퓨전씨 스틱 썬스크린 100 19g 1+1 기획,18900,33.61,10.98,68.9,40.21,37.1,28.0,7689,예측
A000000212555,선스프레이_선패치,식물나라,[강력차단] 식물나라 워터프루프/알로에쿨링 선 스프레이 100ml (단품/1+1/트리플),12500,37.44,7.3,64.85,22.85,39.21,43.02,10909,예측
A000000251033,선스프레이_선패치,라운드랩,[8월 올영픽/즉각쿨링] 라운드랩 자작나무 수분 선 스프레이 100ml 1+1 기획,19400,33.83,9.8,72.98,26.99,29.42,32.31,1110,예측
A000000249450,선스프레이_선패치,비오레,[여름필수템]비오레 UV 아쿠아 리치 아쿠아 프로텍트 미스트 60ml,19800,29.44,10.44,60.09,19.69,55.63,34.27,845,예측
A000000224981,선스프레이_선패치,식물나라,[바캉스필수템] 식물나라 워터프루프/알로에쿨링 선 스프레이 100ml (단품/1+1/트리플),12500,37.44,7.3,64.85,22.85,39.21,43.02,17266,예측
A000000229950,선스프레이_선패치,이지듀,[UV투명차단]이지듀 멜라 비 토닝 UV 클리어 선 패치 4회분,24900,29.42,12.69,65.39,39.23,12.77,36.68,14,예측
A000000181334,선스프레이_선패치,닥터아토,닥터아토 쿨링선스프레이150ml,9900,31.66,10.92,63.86,44.63,36.57,26.81,568,예측
A000000263670,선스프레이_선패치,식물나라,식물나라 제주알로에 쿨링 선 스프레이 100ml 트리플 기획,18500,37.44,7.3,64.85,22.85,39.21,43.02,8146,예측
A000000247087,선스프레이_선패치,식물나라,[뿌리는선크림] 식물나라 가벼운 수분 선 미스트 80ml,8800,39.73,9.8,72.31,37.67,31.03,36.83,259,예측
A000000259756,선스프레이_선패치,테이지,[NEW] 테이지 시카트리 쉐이킹 글로우 선픽서 50ml,18400,35.41,10.31,74.33,30.75,41.08,25.44,473,예측
A000000224766,선스프레이_선패치,프란츠,프란츠 네이키드 선쉴드 EGF 2스텝 선패치 (2eaX7sets),24000,44.04,6.49,65.46,28.78,45.46,18.28,26,예측
A000000253099,선스프레이_선패치,싸이닉,싸이닉 엔조이 액티브프루프 프레시핏 선 스프레이 100ml,5870,37.84,9.64,74.39,26.14,44.0,26.27,481,예측
A000000164844,선스프레이_선패치,AHC,[아웃도어/쿨링] AHC 마스터즈 프로 패치 2스텝 4매,14000,37.59,8.74,69.08,20.15,31.11,50.49,951,예측
A000000185395,선스프레이_선패치,오제끄,[단독기획] 오제끄 아웃도어 비타토닝 패치 버디형 3매 (+1매 증정기획),15600,32.83,12.96,68.61,28.09,43.15,12.83,130,예측
A000000187242,선스프레이_선패치,프란츠,프란츠 네이키드 선쉴드 펩타이드 라지 사이즈 2스텝 패치 (2eaX5sets),17900,40.64,10.21,70.25,29.15,53.18,13.62,699,예측
A000000200825,선스프레이_선패치,아넷사,[투명밀착]아넷사 퍼펙트 UV 선스크린 스킨케어 스프레이 NA 60g,17600,31.42,11.8,69.29,30.64,34.68,23.13,467,예측
A000000205025,선스프레이_선패치,AHC,[태민PICK/쿨링진정] AHC 마스터즈 수딩 아웃도어 선스프레이 55ml,15500,28.67,12.33,69.91,47.59,39.43,23.64,1238,예측
A000000208401,선스프레이_선패치,낫포유,[뿌리는 선크림] 낫포유 끈적임제로 선스프레이 비건 선바디미스트 85ml,15900,27.55,22.73,61.72,37.8,30.25,26.72,148,예측
A000000221880,선스프레이_선패치,식물나라,[쿨링진정] 식물나라 제주알로에 쿨링 선 스프레이 100ml (단품/1+1/트리플기획),18500,32.08,12.37,63.34,28.46,30.84,29.09,3974,예측
A000000242528,선스프레이_선패치,오제끄,오제끄 아웃도어 비타토닝 패치 대형 10매 (파우치타입),45000,33.87,14.47,67.65,25.22,41.75,19.76,29,예측
A000000232770,선스프레이_선패치,셀퓨전씨,[뿌리는 선크림/수분케어] 셀퓨전씨 아쿠아티카 썬 스프레이 100ml,19900,40.29,6.64,66.87,29.42,45.91,29.62,100,예측
A000000170779,선스프레이_선패치,레시피,[워터프루프/바디선크림]선몬랩 피토 워터 디펜스 선스프레이 80ml (SPF50+/ PA++++),18000,28.99,18.54,66.24,49.17,31.05,29.01,42,예측
A000000185396,선스프레이_선패치,오제끄,오제끄 아웃도어 비타토닝 패치 이글형 3매,19800,32.83,12.96,68.61,28.09,43.15,12.83,25,예측
A000000203078,선스프레이_선패치,오제끄,오제끄 아웃도어 비타토닝패치 대형 10매 기획 (+2매 증정),48000,32.25,15.14,67.75,28.36,44.87,21.01,117,예측
A000000222911,선스프레이_선패치,셀퓨전씨,[쿨링/리프팅탄력] 셀퓨전씨 쿨링 썬 패치 4회분 (2ea x 4set),10000,33.66,12.2,65.84,28.27,46.92,12.91,249,예측
A000000225073,선쿠션,오휘,[8월올영픽/모공순삭] 오휘 3아워 블러링 선파우더 기획(+교체퍼프 2개 증정) 2 Colors,34800,30.39,22.17,65.85,47.95,43.05,19.89,1466,예측
A000000219928,선쿠션,식물나라,[착붙톤업] 식물나라 뽀얀쌀 생기 톤업 선 쿠션 4종 (단품/리필기획/리필2개입),9800,29.82,8.72,66.93,24.7,42.23,35.94,6874,예측
A000000179295,선쿠션,톤핏선,톤핏선 파데프리 비건 얇착밀착 선쿠션 2종 택1(톤업쿠션/커버쿠션) SPF50+ PA++++,19200,36.58,7.69,69.54,18.18,33.21,36.61,9918,예측
A000000207012,선쿠션,아떼,[8월올영픽/속광톤업] 아떼 톤업 선쿠션 SPF50+ 3colors 기획/단품,25900,40.34,9.68,66.62,35.51,30.62,35.56,2761,예측
A000000245129,선쿠션,체이싱래빗,[리뷰이벤트/파데프리/커버선쿠션]체이싱래빗 올어바웃 글로우 커버 선쿠션 15g(단품/핑거퍼프 증정기획),19800,31.7,11.92,72.13,24.46,30.22,36.97,2274,예측
A000000201312,선쿠션,에이지투웨니스,[리필기획] AGE20S 선 에센스 팩트 무기자차 카밍 기획 (본품+리필),25600,31.67,13.07,67.83,22.81,38.32,28.91,2288,예측
A000000249757,선쿠션,이니스프리,[자외선차단파우더] 이니스프리 데일리 유브이 노세범 선파우더 4g 기획(+퍼프1ea),8800,24.64,22.67,64.61,46.4,36.17,28.39,2562,예측
A000000201172,선쿠션,브링그린,브링그린 티트리 시카 톤업 선쿠션 15g,12000,32.07,13.11,72.56,28.75,28.19,30.37,2780,예측
A000000215422,선쿠션,이지듀,[2025어워즈] 이지듀 기미 앰플 쿠션 15g,39800,34.78,11.07,69.3,27.61,27.77,49.68,3297,예측
A000000162243,선쿠션,라운드랩,[수분쿨링] 라운드랩 자작나무 수분 선쿠션 15g,16910,32.37,11.58,71.86,34.21,31.58,25.36,2727,예측
A000000217679,선쿠션,식물나라,[착붙톤업] 식물나라 뽀얀쌀 생기 톤업 선 쿠션 4종 (화이트/피치/보라/그린),14860,29.82,8.72,66.93,24.7,42.23,35.94,2468,예측
A000000184456,선쿠션,달바,[쿨링자차] 달바 프레쉬 선 쿠션 25g,29400,40.77,8.67,68.31,31.71,32.95,32.13,62,예측
A000000184458,선쿠션,달바,[간편톤업] 달바 톤업 선 쿠션 15g,29400,36.57,9.79,64.5,36.37,30.8,32.05,278,예측
A000000190040,선쿠션,싸이닉,싸이닉 엔조이 올라운드 에어리 선 쿠션 EX 25g,10120,28.88,19.31,70.45,37.4,31.32,22.32,1698,예측
A000000230297,선쿠션,에딧비,[1초톤업/수분밀착] 에딧비 마시멜로 톤업쿠션 (+파우치포함 2COLOR),19500,37.44,10.15,66.74,20.72,37.71,39.22,2537,예측
A000000258110,선쿠션,비플레인,[브러쉬증정] 비플레인 녹두 코튼핏 파우더 팩트 7g 기획 (+브러쉬 1개),17200,35.95,12.95,71.74,43.85,36.84,24.28,137,예측
A000000233801,선쿠션,텐제로,텐제로 퍼펙트 유브이 선쿠션 20g,16900,35.13,10.31,72.55,27.49,42.9,27.88,409,예측
A000000226327,선쿠션,두잉왓,[관하살PICK/1차물량완판] 두잉왓 스킨톤 선파우더 단품/기획,15900,30.2,23.37,64.81,57.81,30.06,20.6,551,예측
A000000250202,선쿠션,식물나라,[매끈블러] 식물나라 멀티 선 파우더 팩트,7840,25.33,31.47,72.5,47.05,32.15,22.19,92,예측
A000000162400,선쿠션,듀이트리,[리뉴얼/밀착커버] 듀이트리 어반쉐이드 커버 앤 핏 선쿠션 14g,15600,35.95,9.37,64.72,22.85,43.71,31.7,937,예측
A000000167182,선쿠션,큐어,김정문알로에 큐어 아쿠아 마일드 쿨링 선쿠션 리필 기획(25g+리필),27900,32.1,15.67,66.22,59.67,32.15,22.14,378,예측
A000000186983,선쿠션,포레스트 서울,포레스트 서울 비건 멀디디펜스 수분 선쿠션 13g,20800,34.68,14.12,75.55,23.18,34.1,33.13,123,예측
A000000200238,선쿠션,마르시끄,[파데프리]마르시끄 세럼 톤업 선쿠션 12g,22800,35.2,12.95,63.32,34.36,34.6,33.56,78,예측
A000000211200,선쿠션,벤튼,[수분 선크림] 벤튼 시카 수분 선쿠션 SPF50+/PA++++ 15g,19200,29.8,14.15,68.92,36.74,32.12,29.58,102,예측
A000000218443,선쿠션,식물나라,식물나라 뽀얀쌀 생기 톤업 선 쿠션 리필 2개입 기획 2종 (01호/02호),23800,31.79,11.28,68.32,21.17,37.82,40.26,6115,예측
A000000226210,선쿠션,토코보,토코보 블러 피니쉬 선 쿠션 SPF50+ PA++++13g 2종 (단품/리필 기획),24000,34.15,14.1,68.32,30.56,38.81,35.35,1402,예측
A000000227256,선쿠션,헤브블루,헤브블루 피톤 스쿠아 히알블루 톤업 선 쿠션 15g,38900,39.49,7.7,72.67,20.7,44.45,34.15,192,예측
A000000228069,선쿠션,이지듀,이지듀 기미 앰플 쿠션 리필 기획 (퍼프 2매 증정),52900,34.78,11.07,69.3,27.61,27.77,49.68,3297,예측
A000000229801,선쿠션,유이크,NEW 유이크 미니 톤업 선쿠션 보라,15000,39.82,13.05,67.84,35.08,30.47,31.13,267,예측
A000000229802,선쿠션,유이크,유이크 미니 톤업 선쿠션 그린,12750,37.84,12.82,67.12,34.76,32.82,33.67,226,예측
A000000231907,선쿠션,이지듀,[뽀송매트] 이지듀 멜라 비 토닝 매트 커버 팩트 19g,39800,37.7,11.99,53.7,32.99,19.98,35.73,105,예측
A000000233165,선쿠션,Te’,Te 풀초록 35 톤업 선쿠션 14g 기획 (본품+리필),32800,26.77,18.99,69.95,53.24,27.57,25.71,19,예측
A000000234000,선쿠션,런드리유,런드리유 모이스처 선쿠션 클리어 25g,25200,27.61,17.89,69.91,33.84,23.26,32.77,2,예측
A000000234419,선쿠션,이지듀,[리필] 이지듀 기미 앰플 쿠션 리필 15g,24900,34.78,11.07,69.3,27.61,27.77,49.68,3499,예측
A000000242552,선쿠션,Te’,[리뉴얼] Te 풀초록 35 톤업 선쿠션 14g,36000,26.7,19.34,71.81,50.79,28.55,27.65,0,예측
A000000250213,선쿠션,AHC,AHC 마스터즈 틴티드 메쉬 선쿠션 15g (쿨베이지/내추럴베이지),15400,37.17,14.09,67.0,34.01,33.02,34.49,436,예측
A000000250223,선쿠션,AHC,AHC 마스터즈 틴티드 메쉬 선쿠션 리필 15g,19000,37.17,14.09,67.0,34.01,33.02,34.49,97,예측
A000000254027,선쿠션,아이레놀,"아이레놀 쌩얼 선쿠션 13g 2종 택 1 (SPF 50+,PA++++)",26800,40.03,7.99,77.66,23.48,41.93,34.37,129,예측
A000000254184,선쿠션,비플레인,[퍼프 총2개입] 비플레인 녹두 코튼핏 파우더 팩트 7g 기획 (+퍼프 1개),17600,35.95,12.95,71.74,43.85,36.84,24.28,108,예측
A000000260452,선쿠션,식물나라,[클리어런스] 식물나라 뽀얀쌀 생기 톤업 선 쿠션 단품 (화이트/보라/그린),8820,31.8,11.91,73.63,23.98,43.33,39.51,5785,예측
A000000183428,선쿠션,롬앤,롬앤 백미 톤업 선 쿠션,14900,35.28,9.29,68.75,21.92,36.95,32.29,36,예측
A000000184388,선쿠션,빌리프,빌리프 해피보 선 메탈 쿠션 15g,23870,33.53,13.14,66.36,31.58,32.18,26.7,15,예측
A000000187473,선쿠션,달바,[간편생기톤업썬] 달바 톤업 선 쿠션 듀오 기획(15g+15g),42000,36.57,9.79,64.5,36.37,30.8,32.05,929,예측
A000000223795,선쿠션,에이지투웨니스,[핑크톤업]AGE20S 글로우 핏 수분광 톤업 선팩트 12.5g (본품+리필),25600,35.46,6.64,67.98,17.08,43.49,38.68,254,예측
A000000242586,선쿠션,오데어,오데어 카밍 아이스 선쿠션 15g 기획 (본품+리필),38250,33.78,14.11,68.21,26.21,48.57,25.78,2,예측
A000000151904,선크림,식물나라,[위클리초특가/황윤제PICK]식물나라 워터프루프 선 크림 100mL,8900,24.0,11.0,57.0,23.23,40.18,29.71,13283,실측
A000000180162,선크림,닥터지,[무기자차] 닥터지 그린 마일드 업 선 플러스 50ml 기획 2종 (50+20/50+50+10) (선크림),20810,24.0,18.0,69.0,42.45,29.29,29.17,26407,실측
A000000232672,선크림,메디힐,[양현종 PICK/미니어처 증정] 메디힐 마데카소사이드 수분 선세럼 흔적 리페어 50+50g 기획,22900,50.0,13.0,88.0,37.7,32.95,31.81,14841,실측
A000000219553,선크림,구달,[1등 선크림/화잘먹] 구달 맑은 어성초 진정 수분 선크림 50ml 1+1 기획,17900,35.0,11.0,73.0,28.89,40.3,33.41,45015,실측
A000000257580,선크림,VT,[톡신마켓특가][1등선크림/끈적임ZERO] VT 피디알엔 에어 클라우드 선스크린 50ml,14900,27.0,16.0,84.0,24.34,41.68,37.77,10959,실측
A000000249802,선크림,비플레인,[8월올영픽/총110ml] 비플레인 녹두 쿨링 수분 선크림 50ml 1+1 기획 (+10ml),22500,24.0,18.0,53.0,26.38,32.32,39.87,7472,실측
A000000223906,선크림,식물나라,[무찌PICK] 식물나라 가벼운 수분 선 젤 60ml (단품/2입/대용량/트래블키트),11800,33.0,10.0,63.0,24.58,33.18,34.88,9232,실측
A000000171650,선크림,라운드랩,[더블/4년연속1등] 라운드랩 자작나무 수분 선크림 50ml 더블 기획,24500,39.0,9.0,74.0,24.91,31.15,34.58,23274,실측
A000000180158,선크림,닥터지,[8월올영픽/보송톤업] 닥터지 브라이트닝 업 선 플러스 50ml 기획 2종 (50+20/50+50+10) (선크림),25600,19.0,25.0,63.0,33.02,27.68,26.62,13529,실측
A000000200614,선크림,달바,[쿨톤보정] 달바 퍼플 톤업 선크림 듀오 기획 (50ml+50ml),35700,58.0,6.0,74.0,21.48,31.37,32.54,10687,실측
A000000261603,선크림,조선미녀,"[NEW/지성파데프리] 조선미녀 데이스크린 틴티드 선크림 40ml (퍼프,미니 증정/단품)",15000,22.0,42.0,84.0,31.26,40.7,28.52,559,실측
A000000186166,선크림,라운드랩,[8월 올영픽/1+1] 라운드랩 자작나무 수분 톤업 선크림 50ml 1+1 기획,23900,31.0,5.0,74.0,26.62,35.02,38.83,12451,실측
A000000223207,선크림,AHC,[이사배PICK]AHC 마스터즈 아쿠아리치 선크림 50ml 1+1 기획,23900,39.0,8.0,69.0,34.53,29.04,31.8,9731,실측
A000000257097,선크림,넘버즈인,[파데프리] 넘버즈인 3번 도자기결 톤업베이지 선크림 50ml 더블기획 2종 (블러/글로우),24000,32.0,22.0,67.0,24.04,40.15,35.75,1092,실측
A000000209372,선크림,프롬리에,[8월올영픽/역대 최대 용량]프롬리에 EGF 워터 화잘먹 선앰플 56ml+30ml 기획/단품,21900,43.0,10.0,75.0,18.65,32.71,39.73,7019,실측
A000000259329,선크림,셀퓨전씨,[8월올영픽/고은언니PICK] 셀퓨전씨 잡티 토닝 썬스크린 35ml 트리플 한정 기획,23900,37.0,10.0,90.0,25.66,39.45,42.23,5274,실측
A000000215559,선크림,스킨1004,[1위선세럼/미니증정] 스킨1004 마다가스카르 센텔라 히알루-시카 워터핏 선세럼 기획(50ml+50ml+15ml),28000,42.0,10.0,80.0,25.06,35.74,34.21,14722,실측
A000000219383,선크림,토리든,[물막선크림] 토리든 다이브인 모이스처 선크림 60ml 1+1 기획,18900,49.0,7.0,76.0,23.89,35.29,32.69,3701,실측
A000000253724,선크림,제로이드,[2입 기획][민감피부 추천 무기자차] 제로이드 데일리 선크림 기획 (50ml+50ml),37900,30.0,12.0,72.0,26.54,47.77,27.1,2375,실측
A000000232725,선크림,달바,[생기톤업/스웨트프루프] 달바 핑크 톤업 선크림 듀오 기획 (50ml+50ml),35700,58.0,4.0,69.0,23.62,31.46,33.1,12308,실측
A000000223423,선크림,메디힐,[산뜻촉촉 선크림] 메디힐 마데카소사이드 수분 선세럼 흔적 리페어 50g,14400,46.0,13.0,83.0,37.7,32.95,31.81,5513,실측
A000000261578,선크림,달바,[8월특가/2개입] 달바 판테놀 리퀴드 선세럼 듀오 기획 (50ml+50ml),32900,63.0,0.0,88.0,36.99,33.47,28.81,255,실측
A000000254726,선크림,셀리맥스,[1+1/TXA/화잘먹] 셀리맥스 트라넥삼산 브라이트닝 잡티 선크림 50ml 더블 기획,22900,31.0,10.0,80.0,19.3,40.56,34.81,1287,실측
A000000200635,선크림,닥터지,[8월올영픽/쿨링수분] 닥터지 레드 블레미쉬 수딩 업 선 50ml 기획 2종 (50+50+10/50+50) (선크림),19900,38.0,10.0,69.0,31.01,40.91,29.39,7992,실측
A000000219094,선크림,에스트라,(50%용량증정) 에스트라 더마UV365 비타C 광채수분 선크림 40ml 기획(+20ml),21300,41.0,6.0,74.0,32.88,30.18,37.33,2086,실측
A000000232053,선크림,체이싱래빗,[리뷰이벤트/파데프리/톤업선크림]체이싱래빗 올어바웃글로우 커버크림 35g기획(단품/ 대왕퍼프),13600,30.0,9.0,63.0,25.71,34.95,32.13,12493,실측
A000000204471,선크림,아누아,[오선우pick/파데프리] 아누아 매트벗글로우 커버 베이지 50ml 2입,29900,25.0,17.0,64.0,38.93,44.07,19.28,6636,실측
A000000184159,선크림,메이크프렘,[뽀송 무기자차] 메이크프렘 유브이 디펜스 미 노세범 선크림 40ml+40ml 기획,20900,16.0,44.0,68.0,41.54,29.43,32.19,5743,실측
A000000188876,선크림,조선미녀,[화잘먹/쌀알춘식이스트레스볼] 조선미녀 맑은쌀 선크림 50ml 2입 기획,24000,45.0,7.0,76.0,34.22,33.54,28.18,4072,실측
A000000242716,선크림,식물나라,[촉촉화잘먹] 식물나라 가벼운 수분 선 젤 60ml (단품/2입/대용량/트래블키트),5800,34.0,12.0,70.0,24.58,33.18,34.88,1950,실측
A000000255386,선크림,달바,[용량UP/총130ml] 달바 핑크 톤업 선크림 65ml + 65ml 대용량 기획세트,41900,47.0,4.0,65.0,23.62,31.46,33.1,5208,실측
A000000184352,선크림,넘버즈인,[8월올영픽/-4도쿨링] 넘버즈인 1번 청초 진정맑은 물막선크림 듀오 기획 (SPF50+PA++++),23900,38.0,12.0,74.0,36.73,36.46,33.49,8764,실측
A000000219051,선크림,비플레인,[촉촉보라톤업/혼합자차] 비플레인 선뮤즈 톤업 앤 코렉팅 선크림 50ml 1+1 기획,23500,35.0,10.0,65.0,33.92,27.7,41.67,2223,실측
A000000219554,선크림,구달,구달 맑은 어성초 진정 무기자차 선크림 50ml 1+1 기획,17900,24.0,20.0,69.0,27.4,35.3,27.06,15873,실측
A000000211309,선크림,코스알엑스,[1+1] 코스알엑스 울트라 라이트 물막 수분 선세럼 50ml 더블기획,19950,47.0,10.0,77.0,32.55,36.36,32.03,3163,실측
A000000169499,선크림,스킨1004,[수분 선크림][누적판매1700만개]스킨1004 마다가스카르 센텔라 히알루-시카 워터핏 선세럼 50ml,17600,44.0,10.0,83.0,25.06,35.74,34.21,10770,실측
A000000221882,선크림,식물나라,[순한무기자차] 식물나라 페이스 앤 바디 저자극 선 크림 150ml,12800,26.0,12.0,62.0,18.41,32.01,39.88,12123,실측
A000000219556,선크림,구달,[핑크톤업] 구달 맑은 어성초 진정 수분 톤업 선크림 50ml 1+1 기획,17900,38.0,7.0,66.0,23.71,46.06,34.96,12027,실측
A000000248226,선크림,아비브,[1+1/파데프리톤업] 아비브 글루타치온좀 CC 선크림 토닝 튜브 50ml 더블 기획,24600,32.0,11.0,67.0,28.39,23.82,44.39,2346,실측
A000000260411,선크림,트로이아르케,트로이아르케 서울 엑토인 톤업 선세럼 50ml,31000,39.0,7.0,90.0,19.5,52.44,31.9,616,실측
A000000249451,선크림,비오레,[올영단독]비오레 UV 아쿠아 리치 워터리 에센스 50g 단품/더블기획추가20g증정,14400,37.0,12.0,67.0,43.83,39.77,21.41,1386,실측
A000000240562,선크림,풀리,[레이PICK/수분코팅] 풀리 쌀 세라 수분 선크림 50ml (단품/기획),17900,56.0,9.0,97.0,20.2,49.89,25.6,6284,실측
A000000227188,선크림,바닐라코,[유기자차/대용량] 바닐라코 UV 디펜스 워터프루프 선크림 100ml,17500,19.0,14.0,71.0,21.33,34.9,37.07,72,실측
A000000247241,선크림,이니스프리,[1+1/추가10ml증정] 이니스프리 데일리 유브이 톤업 노세범 선크림 50ml 더블 기획,18900,17.0,38.0,65.0,38.17,33.94,25.41,1952,실측
A000000209913,선크림,제로이드,[세정이 쉬운 무기자차] 제로이드 이지워시 마일드 선크림 50ml,32000,30.0,10.0,74.0,28.06,35.69,26.46,1464,실측
A000000206827,선크림,에스트라,에스트라 더마UV365 레드진정 톤업 선크림 40ml 기획 (+무기자차 선크림 20ml),21300,35.0,9.0,67.0,31.2,50.26,23.35,2689,실측
A000000225573,선크림,조선미녀,[파데프리/톤업] 조선미녀 데일리 틴티드 선세럼 50ml (기획/단품),14500,36.0,14.0,65.0,28.07,46.4,4.72,4706,실측
A000000248024,선크림,체이싱래빗,[리뷰이벤트/파데프리/톤업선크림] NEW 체이싱래빗 블러 퍼플 커버선크림 기획 35g(+ 팡팡퍼프 증정),13600,30.0,14.0,63.0,19.94,43.94,36.3,4097,실측
A000000200647,선크림,아떼,[8월올영픽/민감피부 안심] 아떼 무기자차 선크림 50ml 기획/단품,23760,32.0,12.0,73.0,29.44,39.75,26.37,6061,실측
A000000225015,선크림,바이오힐보,[화잘먹선] 바이오힐보 프로바이오덤 콜라겐 선크림 2종 (에센스/톤업),18880,57.0,4.0,76.0,24.7,35.3,26.39,5378,실측
A000000259793,선크림,아넷사,[올영단독]아넷사 퍼펙트 UV 선스크린 스킨케어 밀크 60ml 2입 기획,51000,30.01,21.99,64.6,31.54,37.37,26.54,14,예측
A000000224140,선크림,차앤박,[보송핑크톤업] 차앤박 애프터레이 톤업 프로텍션 선 50ml 더블기획,25500,28.0,21.0,72.0,29.28,39.2,23.14,3722,실측
A000000248560,선크림,헤라,헤라 UV프로텍터 SPF50+ PA4+ 톤업 피치 50ml 기획/단품,39950,27.0,2.0,67.0,34.71,34.58,27.52,131,실측
A000000225003,선크림,아떼,[8월올영픽] 아떼 선케어 3종 모음 (선에센스EX/무기자차/톤업선쿠션),23760,40.0,10.0,73.0,31.97,37.75,30.31,8205,실측
A000000202446,선크림,식물나라,[파데프리] 식물나라 뽀얀쌀 생기 톤업 수분 선 크림 100ml 3종 (생기/보라/초록),11800,43.0,7.0,64.0,26.24,46.02,33.43,15194,실측
A000000216895,선크림,조선미녀,[쿨링진정/쌀알춘식이스트레스볼] 조선미녀 맑은쌀 선크림 아쿠아프레쉬 50ml 2입 기획,24000,35.0,16.0,72.0,26.75,31.04,34.94,1082,실측
A000000149135,선크림,라운드랩,[1등썬] 라운드랩 자작나무 수분 선크림 50ml 기획(+크림 20ml),17500,37.0,9.0,72.0,24.91,31.15,34.58,19393,실측
A000000246715,선크림,오브제,[수분 선크림] 오브제 맥스 워터풀 선크림 300ml,31500,64.0,3.0,92.0,28.38,45.57,26.71,140,실측
A000000218862,선크림,달바,[붉은기커버] 달바 그린 톤업 선크림 듀오 기획 (50ml+50ml),35700,47.0,7.0,65.0,25.17,35.46,35.54,2030,실측
A000000232318,선크림,웰라쥬,[화잘먹수분선] 웰라쥬 리얼 히알루로닉 블루 선크림 50ml 1+1 기획,16630,48.0,11.0,76.0,29.83,30.33,34.08,2335,실측
A000000259556,선크림,셀퓨전씨,[수분즉각충전쿨링썬] 셀퓨전씨 아쿠아티카 쿨링 썬스크린 35ml 트리플 기획,21500,32.0,13.0,67.0,28.97,37.01,31.15,2540,실측
A000000232723,선크림,달바,[화잘먹 선케어] 달바 에센스 선크림 듀오 기획 (50ml+50ml),33900,52.0,5.0,71.0,33.86,34.39,32.17,3603,실측
A000000208182,선크림,에스네이처,[1+1/1등 화잘먹 속촉촉수분썬] 에스네이처 아쿠아 365 UV 선크림 40ml 2입,21900,43.0,9.0,76.0,27.59,40.24,30.21,3043,실측
A000000233802,선크림,텐제로,텐제로 알로에 유브이 톤업 바디 선크림 150g,13900,36.0,13.0,96.0,32.18,36.96,32.17,3253,실측
A000000163503,선크림,라운드랩,[저자극/안심자차] 라운드랩 자작나무 무기자차 선크림 50ml 기획 (+클렌저20ml),17500,22.0,22.0,68.0,49.0,28.62,27.77,6334,실측
A000000247242,선크림,이니스프리,[뽀용톤업] 이니스프리 데일리 유브이 톤업 노세범 선크림 50ml 3종 택1,13600,13.0,48.0,60.0,33.21,36.59,30.0,802,실측
A000000219111,선크림,믹순,믹순 콩 선세럼 50ml,26000,44.0,8.0,85.0,23.62,30.81,34.12,295,실측
A000000198739,선크림,셀퓨전씨,[매끈밀착썬/조앤프렌즈 콜라보] 셀퓨전씨 레이저 UV 썬스크린 35ml 더블 기획 (+조앤프렌즈 피규어 선크림 집게),22300,23.0,14.0,65.0,30.29,37.29,33.2,4624,실측
A000000209917,선크림,제로이드,[민감피부 추천 무기자차] 제로이드 데일리 선크림 50ml,28800,23.0,11.0,76.0,26.54,47.77,27.1,1790,실측
A000000259610,선크림,라운드랩,[NEW/속광피팅] 라운드랩 자작나무 수분 톤업 선세럼 50ml 기획(+클렌저 20ml),17500,48.0,3.0,78.0,26.93,42.67,29.49,221,실측
A000000232884,선크림,어테이션,어테이션 익모초 유브이 톤업 선스크린 SPF50+ PA++++ 40ml,15900,41.0,10.0,92.0,33.69,33.83,34.3,6553,실측
A000000217330,선크림,식물나라,[결광톤업] 식물나라 뽀얀쌀 톤업 수분 선크림 100ml 3종 (생기/보라/초록),11800,39.0,8.0,64.0,19.64,50.71,31.95,15194,실측
A000000202359,선크림,메이크프렘,[뽀용톤업/무기자차] 메이크프렘 수딩 핑크 톤업 선크림 40ml+40ml 기획 (+20ml),23500,31.0,11.0,71.0,26.91,33.23,33.53,5560,실측
A000000010462,선크림,라로슈포제,[촉촉물광수분선] 라로슈포제 유비데아 안뗄리오스 멜트인 크림,38000,53.0,5.0,79.0,35.75,45.51,18.19,2007,실측
A000000252919,선크림,라로슈포제,[파데프리] 라로슈포제 유비데아 안뗄리오스 톤업 로지 글로우 30ml 기획 (+멜라B3세럼 3ml*2ea),38000,41.0,6.0,67.0,28.94,34.16,36.75,1320,실측
A000000179116,선크림,닥터자르트,[1+1 올영기획]닥터자르트 에브리선데이 워터프루프 선 밀크 30ml 1+1 기획세트,19900,26.0,10.0,63.0,25.93,30.52,34.98,1686,실측
A000000248305,선크림,라로슈포제,[NEW] 라로슈포제 안뗄리오스 선 플루이드 50ml,37000,21.0,8.0,33.0,37.51,45.88,24.46,567,실측
A000000251852,선크림,메디힐,[NEW] 메디힐 PDRN 수분 선세럼 매끈 톤업 50g,14400,48.0,12.0,83.0,21.86,48.17,26.98,488,실측
A000000260412,선크림,라운드랩,[8월 올영픽/초경량] 라운드랩 자작나무 수분 선세럼 50ml 기획(+클렌저 20ml),16900,71.0,4.0,88.0,31.79,39.8,26.89,72,실측
A000000202548,선크림,달바,[산뜻보송] 달바 퍼플 톤업 선크림 50ml,23800,37.0,9.0,59.0,21.48,31.37,32.54,11087,실측
A000000254406,선크림,체이싱래빗,[리뷰이벤트/파데프리/톤업선크림] 체이싱래빗 올어바웃 글로우 톤업 선 70ml,14400,34.0,11.0,81.0,21.38,33.99,39.73,1257,실측
A000000248280,선크림,아넷사,[아시아No.1선크림] 아넷사 퍼펙트 UV 선스크린 스킨케어 밀크 60ML 기획세트,51000,30.0,17.0,62.0,21.59,44.97,26.77,810,실측
A000000248619,선크림,달바,[밀착커버] 달바 내추럴 커버 베이지 선크림 50ml (라이트/웜),25900,37.0,7.0,56.0,22.37,34.36,28.72,876,실측
A000000181078,선크림,에스트라,에스트라 더마UV365 장벽수분 무기자차 선크림 40ml,21300,26.0,15.0,79.0,27.44,44.92,22.8,3179,실측
A000000235912,선크림,스타라이크,[간편 베이스/잡티커버] 스타라이크 파데프리 톤업 선크림 50ml 단품/기획 (+퍼프 증정),14400,32.0,14.0,89.0,35.03,34.15,29.55,6811,실측
A000000257717,선크림,이즈앤트리,[NEW/워터프루프/페이스&바디] 이즈앤트리 히알루론산 에어리 바디 선크림 150ml,18200,45.0,6.0,93.0,24.78,46.03,27.84,108,실측
A000000247719,선크림,브링그린,[촉촉물먹선] 브링그린 징크테카 파이토 선 젤 50ml 기획,20700,43.0,14.0,72.0,30.82,34.15,33.0,614,실측
A000000230447,선크림,오브제,[노세범 선크림] 오브제 포어 제로 오일 컨트롤 선크림 50ml,17900,25.0,31.0,76.0,28.43,31.44,33.97,461,실측
A000000180506,선크림,아떼,[8월올영픽/화잘먹 수분 선] 아떼 선에센스EX 50ml 기획/단품,23760,41.0,8.0,82.0,29.51,39.49,38.03,6076,실측
A000000258843,선크림,에스쁘아,에스쁘아 워터 스플래쉬 선크림 세라마이드 50ml,16000,52.0,2.0,57.0,32.98,35.23,23.75,58,실측
A000000224658,선크림,조선미녀,[쿨링진정] 조선미녀 아쿠아프레쉬 선크림 50ml+20ml 증정 기획,15000,34.0,17.0,69.0,26.75,31.04,34.94,2866,실측
A000000248772,선크림,아이디얼포맨,[UV차단+스킨케어] 아이디얼포맨 프레시 선 올인원,12500,24.0,21.0,65.0,22.72,32.44,39.57,415,실측
A000000221848,선크림,이니스프리,[1+1/피치톤업] 이니스프리 비타민C 피치 톤업 선크림 50+50ml 1+1기획,23400,30.0,10.0,69.0,26.37,42.08,38.69,3766,실측
A000000249452,선크림,비오레,[여름필수템]비오레 UV 아쿠아 리치 워터리 에센스 익스트림 프로텍션 50g,16000,26.0,19.0,63.0,32.17,50.44,29.15,439,실측
A000000203048,선크림,바이오더마,[키드 선크림]바이오더마 포토덤 페디아트릭스 레 SPF50+ 100ml,38000,47.0,3.0,82.0,26.64,45.54,25.76,233,실측
A000000248065,선크림,구달,[텔레토비 콜라보] 구달 어성초 진정 블레미쉬 커버 선비비 뉴트럴 베이지 50ml 기획(+25ml)(+카라비너),17900,29.0,12.0,70.0,22.88,40.91,26.45,3481,실측
A000000224657,선크림,조선미녀,[화잘먹] 조선미녀 맑은쌀 선크림 50ml+20ml 증정 기획,15000,43.0,7.0,67.0,32.96,37.8,25.9,4149,실측
A000000214257,선크림,키엘,[저자극 진정 자차] 키엘 수분 진정 선크림 60ml,56100,51.0,1.0,62.0,29.66,43.99,22.81,73,실측
A000000257674,선크림,오휘,[8월올영픽/본품용량증정] 오휘 데이쉴드 다크스팟 콜라겐 톤업 선 30ml 기획(+30ml 증정)/50ml 단품,25600,41.0,7.0,81.0,21.2,38.45,35.79,585,실측
A000000170877,선크림,이즈앤트리,[NCT 재민PICK] 이즈앤트리 히아루론산 워터리 선젤 50ml,13700,45.0,6.0,69.0,27.51,43.44,22.17,140,실측
A000000180231,선크림,달바,[온가족썬] 달바 마일드 선크림 듀오 기획 (50ml+50ml),51000,45.0,4.0,72.0,60.25,24.68,24.75,1806,실측
A000000180775,선크림,듀이트리,[꿈돌이 콜라보/파데프리] 듀이트리 어반쉐이드 커버 앤 핏 선 40ml 1+1 기획 (+꿈돌이 퍼프),19200,26.0,18.0,62.0,26.38,38.22,33.06,3135,실측
A000000260324,선크림,달바,[산뜻&투명톤업] 달바 워터풀 블루 톤업 선크림 50ml,23800,33.0,10.0,77.0,28.4,36.21,37.5,30,실측
A000000225264,선크림,연작,[톤업 선베이스] 연작 스킨 퍼펙팅 글로우 프렙 베이스 30ml,31350,37.32,12.06,72.32,30.63,38.77,32.35,153,예측
A000000219488,선크림,라네즈,[화잘먹/수분선] 라네즈 워터뱅크 UV 베리어 선세럼 50ml 기획 (+25ml),22400,38.0,10.0,76.0,25.28,45.98,29.07,1524,실측
A000000259573,선크림,조선미녀,[쿨톤/진정필터]조선미녀 스테이 프레쉬 톤업 선크림 50ml 디럭스 기획 (+10ml*2ea),14000,31.0,16.0,66.0,33.04,34.7,28.19,1237,실측
A000000227070,선크림,유이크,유이크 톤업 선크림 보라 50ml 기획 (+수분선 20ml 증정),21600,30.0,11.0,83.0,22.19,38.67,41.74,2729,실측
A000000154175,선크림,일리윤,일리윤 저자극 이지워시 선크림 150ML,20900,35.0,9.0,75.0,33.46,43.81,26.08,327,실측
A000000210545,선크림,프롬리에,[파데프리]프롬리에 5GF 톤업 선 앰플 비비 60g 4종 택1,28000,28.0,11.0,71.0,24.5,31.59,35.51,709,실측
A000000259753,선크림,테이지,[NEW] 테이지 시카트리 워터 젤리 선세럼 50ml,16000,36.93,14.04,82.0,38.53,36.86,28.6,21,예측
A000000254113,선크림,이니스프리,[1+1/키링증정] 이니스프리 데일리 유브이 수분 장벽 선세럼 50ml 더블 기획 토이 스토리5 에디션,19800,39.0,7.0,73.0,22.69,50.58,29.82,224,실측
A000000187550,선크림,토코보,[수분선크림/화잘먹] 토코보 바이오 워터리 선크림 기획 (50ml+10ml*2ea) SPF50+ PA++++,19500,41.0,10.0,82.0,23.01,35.14,39.83,3537,실측
A000000250129,선크림,AHC,AHC 마스터즈 톤업 선세럼 50ml 더블 기획,26400,41.0,10.0,72.0,25.59,40.3,41.4,883,실측
A000000227174,선크림,딘시,[한정기획] 딘시 프리미엄 비건 톤업 선크림 50ml 기획 (+클렌징폼 40ml 증정),15000,45.0,9.0,66.0,23.7,33.01,39.17,10779,실측
A000000248128,선크림,아누아,[문동주pick/선로션] 아누아 제로캐스트 수분 선크림 50ml 더블 기획,24900,38.0,13.0,89.0,23.91,46.98,37.1,422,실측
A000000153432,선크림,셀퓨전씨,[UV에이징케어/내츄럴커버썬] 셀퓨전씨 어드밴스드 클리어 썬스크린 35ml 더블기획세트,18140,27.0,13.0,61.0,26.81,35.27,40.47,1953,실측
A000000240055,선크림,밈즈,[올영단독] 밈즈 마일드 워터리 썬스크린 50ml 1+1 기획,17900,45.0,8.0,93.0,34.76,28.77,30.91,3882,실측
A000000253396,선크림,오브제,오브제 액티브 스웨트프루프 선크림 50ml,17900,63.0,7.0,99.0,28.2,37.92,29.47,134,실측
A000000254179,선크림,비플레인,[화잘먹/총70ml] 비플레인 녹두 쿨링 수분 선크림 35ml 1+1 기획,17900,23.0,35.0,48.0,26.38,32.32,39.87,60,실측
A000000209219,선크림,아이레놀,"[포니PICK / 3.0 런칭] 아이레놀 쌩얼크림 3종 50ml (SPF 50+,PA++++)",17800,34.0,7.0,76.0,23.75,38.48,37.52,2824,실측
A000000252924,선크림,라로슈포제,[화잘먹수분선] 라로슈포제 안뗄리오스 선 플루이드 50ml 기획 (+Crush 양말),37000,35.0,10.0,50.0,37.51,45.88,24.46,567,실측
A000000210455,선크림,더하르나이,[화잘먹선크림/1+1]더하르나이 무기자차 시카이드 마일드 선케어 50ml+50ml 기획,23800,41.0,11.0,83.0,22.99,30.14,32.83,436,실측
A000000190745,선크림,로벡틴,[끈적임 NO/촉촉수분광] 로벡틴 아쿠아 수딩 선크림 35ml 1+1 기획세트,23100,36.0,10.0,76.0,35.63,21.46,35.97,1310,실측
A000000229592,선크림,프롬리에,[저자극/이지워시]프롬리에 EGF 시카 무기자차 선스크린 60g,23100,37.0,13.0,76.0,37.07,30.47,32.62,601,실측
A000000243703,선크림,아이레놀,"아이레놀 쌩얼크림 50ml 2입 세트 (SPF 50+,PA++++)",34800,30.0,8.0,77.0,28.04,39.8,38.91,3303,실측
A000000203118,선크림,프리메라,프리메라 리페어링 세라캡슐 UV프로텍터 톤업 프라이밍 40ml 더블기획/단품,34000,40.0,5.0,69.0,31.52,45.34,32.22,275,실측
A000000248564,선크림,헤라,헤라 UV프로텍터 SPF50+PA4+ 톤업 라벤더 40ml/50ml 기획/단품,34000,33.51,9.48,56.34,16.11,37.44,26.22,20,예측
A000000167936,선크림,마녀공장,마녀공장 파데프리 선크림 50ml SPF50+ PA++++,16060,21.0,19.0,67.0,34.21,35.51,28.56,1648,실측
A000000228263,선크림,비레디,[1+1/강력방수 선크림] 비레디 스웻프루프 선크림 듀오,33300,33.0,7.0,47.0,22.65,48.45,23.8,43,실측
A000000255058,선크림,유이크,[RIIZE쇼타로PICK]유이크 바이옴 레미디 워터프루프 선크림 50ml,21600,35.0,8.0,92.0,29.0,38.07,36.14,133,실측
A000000225808,선크림,이즈앤트리,[NCT 재민PICK] 이즈앤트리 히알루론산 프레쉬 선 세럼 50ml 기획 (+10ml*2ea),15400,36.0,17.0,69.0,25.78,40.76,29.61,655,실측
A000000182741,선크림,크리니크,크리니크 이븐 베터 다크 스팟 디펜스 SPF50/PA++++ 30ml (2종 중 택 1),32300,44.0,8.0,72.0,25.5,51.59,29.25,114,실측
A000000247909,선크림,메이크프렘,[박지훈PICK/결광밀착] 메이크프렘 PDRN 잡티 톤업 선세럼 50ml 기획 (+20ml),20800,39.0,6.0,80.0,27.08,49.6,32.69,610,실측
A000000250419,선크림,에뛰드,[핑크톤업 / 여주필터] NEW 에뛰드 순정 디렉터 톤업 핑크 선크림 1+1 기획 (50ml x 2ea),20500,22.0,26.0,71.0,34.51,38.58,41.13,827,실측
A000000205011,선크림,아이오페,[화잘먹/기미개선]아이오페 UV쉴드 선프로텍터 50ml 기획(+15ml),30400,45.0,5.0,75.0,20.98,35.14,36.08,1795,실측
A000000204614,선크림,피지오겔,[대용량] 피지오겔 레드수딩 AI 센서티브 UV 썬스크린 80ml 대용량 기획,29900,42.0,4.0,74.0,39.01,46.23,18.06,817,실측
A000000222724,선크림,닥터지,[화잘먹/투명촉촉선] 닥터지 비타 클리어 선세럼 2종 (50ml/30ml+30ml),17910,42.0,9.0,83.0,25.98,23.72,35.82,4346,실측
A000000187674,선크림,넘버즈인,[쿨링진정] 넘버즈인 1번 청초 진정맑은 물막선크림 50ml (SPF50+ PA++++),17900,38.0,19.0,73.0,36.73,36.46,33.49,9091,실측
A000000218297,선크림,라운드랩,[메이크업착붙] 라운드랩 동백 딥 콜라겐 탄력 선세럼 50ml (+7ml),17900,40.0,7.0,64.0,18.97,38.08,41.9,1262,실측
A000000224260,선크림,키엘,키엘 울트라 라이트 데일리 유브이 디펜스 썬 스크린 (30ml/60ml),37400,33.0,0.0,52.0,30.69,40.78,23.48,135,실측
A000000181703,선크림,라운드랩,[생기촉촉] 라운드랩 자작나무 수분 톤업선크림 50ml 기획 (+클렌저 20ml),17500,40.0,7.0,69.0,28.33,38.37,36.27,5697,실측
A000000204629,선크림,설화수,"설화수 상백선플루이드/ 상백선크림, 상백톤업선크림 (기획 50ml)",54000,44.65,7.11,76.57,23.88,38.03,37.44,4,예측
A000000248227,선크림,아비브,[리뉴얼]아비브 선크림 3종 택1 (글루타치온좀/어성초/수분초),25000,47.0,7.0,73.0,27.36,38.88,34.27,1986,실측
A000000224475,선크림,아떼,[24시간 톤보정/예쁜속광] 아떼 비건 릴리프 톤업 선 에센스 50ml 기획 (베이지/핑크),24900,41.0,12.0,71.0,23.02,46.04,38.59,331,실측
A000000254195,선크림,달바,[수분장벽 선크림] 달바 판테놀 리퀴드 선세럼 50ml 기획 (+톤업 2종),23800,54.0,2.0,65.0,36.99,33.47,28.81,247,실측
A000000248281,선크림,아넷사,[톤업] 아넷사 브라이트닝 UV 선스크린 젤 NA 90g,25500,32.71,7.54,63.94,24.35,38.6,27.47,20,예측
A000000140651,선크림,싸이닉,[광노화 선 케어] 싸이닉 엔조이 슈퍼 마일드 선 에센스 더블 기획 (50ml+50ml),11050,39.0,8.0,69.0,26.54,35.28,34.85,10822,실측
A000000251918,선크림,브링그린,[저자극파데프리] 브링그린 징크테카 파이토 BB 선 50mL 기획,15100,31.0,11.0,70.0,25.34,43.3,22.97,244,실측
A000000259637,선크림,더파이에센셜,더파이 선크림 50ml 2종 [나이아신 브라이트 선/피디알엔 리페어 선],15100,35.55,8.08,66.58,19.54,25.7,43.23,16,예측
A000000232051,선크림,싸이닉,싸이닉 엔조이 파데스킵 톤업 선크림 50g,5520,39.0,6.0,59.0,21.5,45.68,33.88,83,실측
A000000165560,선크림,홀리카홀리카,[1+1/보송파데프리] 홀리카홀리카 메이크업 선크림 SPF50+ PA+++ 60ml,15000,10.0,44.0,55.0,26.68,43.47,28.8,836,실측
A000000165563,선크림,홀리카홀리카,[촉촉파데프리] 홀리카홀리카 모이스처 메이크업 선크림 60ml,17000,39.0,9.0,49.0,21.44,53.52,32.08,128,실측
A000000179114,선크림,닥터자르트,[1+1 올영기획] 닥터자르트 에브리선데이 모이스처라이징 선 30ml 1+1 기획세트,14900,45.0,5.0,67.0,33.24,37.17,36.97,2604,실측
A000000211302,선크림,에스네이처,[쿨링진정/화잘먹수분썬] 에스네이처 아쿠아 365 UV 선크림 40ml,14900,42.0,6.0,68.0,27.59,40.24,30.21,373,실측
A000000224039,선크림,하우스오브비,하우스오브비 글루타티온 선 앰플,23000,52.0,3.0,85.0,37.02,36.45,30.76,312,실측
A000000219046,선크림,에뛰드,[수분 진정] 에뛰드 순정 디렉터 수분 선크림 50ml 1+1기획(NEW),22900,48.0,7.0,71.0,24.59,34.18,38.87,1135,실측
A000000257268,선크림,라네즈,[혜림쌤PICK/파데프리] 라네즈 워터뱅크 블루 톤업 선크림 50ml 기획 (+25ml),22400,40.0,7.0,68.0,24.36,49.35,31.21,94,실측
A000000218813,선크림,셀퓨전씨,[수분밀착썬/조앤프렌즈 콜라보] 셀퓨전씨 아쿠아티카 쿨링 썬스크린 35ml 더블 기획 (+10ml+조앤프렌즈 캡 키링),21500,38.0,11.0,70.0,28.97,37.01,31.15,2411,실측
A000000181351,선크림,에스트라,에스트라 더마UV365 레드진정 톤업 선크림 40ml,21300,31.0,13.0,72.0,31.2,50.26,23.35,1283,실측
A000000248777,선크림,듀이트리,[리뉴얼/밀착보송] 듀이트리 어반쉐이드 안티폴루션 톤업 선 50ml 더블 기획,21200,26.0,20.0,64.0,27.83,35.16,36.6,4920,실측
A000000257533,선크림,싸이닉,싸이닉 엔조이 워터프루프 수분 선크림 80ml,5870,10.0,10.0,47.0,25.16,47.19,27.56,30,실측
A000000260414,선크림,해달씨,[괄사증정/화잘먹] 해달씨 딥씨 워터리 선스크린 50ml 단품/기획(+문어괄사 증정),13200,35.0,14.0,85.0,18.73,42.75,33.32,105,실측
A000000201343,선크림,궁중비책,궁중비책 워터풀 선로션 마일드 60g 더블 기획 (+60g),20300,39.0,10.0,80.0,21.95,42.69,27.96,255,실측
A000000204081,선크림,아누아,[오선우pick/파데프리] 아누아 매트벗글로우 커버 베이지 50ml,19500,26.0,16.0,63.0,38.93,44.07,19.28,2601,실측
A000000218008,선크림,구달,[붉은기커버] 구달 어성초 진정 그린 톤업 선크림 50ml 1+1 기획,18900,32.0,10.0,66.0,22.62,38.71,34.46,2287,실측
A000000120975,선크림,로벡틴,[보습장벽/판테놀] 로벡틴 인텐스 모이스처 선크림 50ml (딥 모이스처),18850,52.0,7.0,71.0,29.25,35.43,32.21,371,실측
A000000201270,선크림,듀이트리,[리뉴얼/온가족선크림] 듀이트리 어반쉐이드 쿨 카밍 수분 선 150ml,18480,33.0,10.0,70.0,30.97,36.16,33.83,719,실측
A000000251953,선크림,풀리,[파데프리/보송선크림] 풀리 톤업 선크림 3종 (붉은기/다크닝/노란기),18400,56.0,6.0,92.0,21.99,41.21,31.1,167,실측
A000000112523,선크림,라로슈포제,[투명광채톤업] 라로슈포제 유비데아 안뗄리오스 톤업 라이트 크림 30ml,38000,43.0,4.0,73.0,39.46,44.92,18.46,909,실측
A000000247698,선크림,라로슈포제,[보송선] 라로슈포제 유비데아 안뗄리오스 톤업 클리어 30ml 기획 (+3ml*3),38000,13.0,24.0,65.0,35.87,43.27,28.0,1047,실측
A000000249864,선크림,오우즈너리,오우즈너리 레스트 앤 더 선 50ml,17800,48.0,7.0,88.0,27.17,33.58,44.78,271,실측
A000000257596,선크림,숨37,숨37 마이크로액티브 톤업 선 30ml+30ml 기획,36000,38.37,7.78,73.39,14.81,36.09,42.74,5,예측
A000000262383,선크림,메디큐브,[여배우광채] 메디큐브 콜라겐 글로우 선크림 50ml 더블 기획,35700,0.0,0.0,0.0,23.29,29.77,30.31,180,실측
A000000163930,선크림,코스노리,코스노리 마일드 비건 톤업 선크림 50ml,16800,27.0,18.0,69.0,31.76,40.94,29.68,183,실측
A000000251060,선크림,라로슈포제,[시카장벽선케어] 라로슈포제 시카플라스트 리페어 선크림 40ml 기획 (+2ml*5ea),35000,43.0,5.0,63.0,31.21,30.37,24.31,166,실측
A000000213534,선크림,바디언스,[대용량] 바디언스 퍼펙트 커버 화이트 토닝 톤업 선로션 200ml,34000,30.0,5.0,77.0,24.27,32.54,55.43,166,실측
A000000259024,선크림,에스쁘아,에스쁘아 워터 스플래쉬 선크림 탠글로우 50ml,16000,30.39,15.23,72.61,33.48,34.69,29.36,3,예측
A000000230625,선크림,라운드랩,[민감진정] 라운드랩 소나무 진정 시카 무기자차 선크림 40ml 기획 (+소나무 클렌저 10ml),15900,24.0,23.0,70.0,26.98,38.31,30.58,391,실측
A000000125569,선크림,우르오스,우르오스 플러스 선블럭 SPF50 25ml,15800,31.0,16.0,66.0,34.37,36.75,25.16,124,실측
A000000183056,선크림,포레스트 서울,[청담샵 화잘먹] 포레스트 서울 비건 에센스 수분 선크림 80ml,15800,39.0,9.0,94.0,27.54,40.85,31.38,15060,실측
A000000249726,선크림,식물나라,[파데프리] 식물나라 뽀얀쌀 생기 톤업 커버 선크림 50ml,9800,25.0,17.0,63.0,34.81,35.23,22.77,2926,실측
A000000259638,선크림,더파이에센셜,더파이 피디알엔 리페어 선 50ml,15100,32.36,12.27,69.1,35.1,27.55,32.78,16,예측
A000000252310,선크림,연작,[화잘먹선] 연작 스킨 퍼펙팅 프렙 선 세럼 55ml 기획/단품,31350,48.0,4.0,67.0,25.66,38.84,27.31,79,실측
A000000235913,선크림,스타라이크,[화잘먹/24시간속보습] 스타라이크 PDRN 스킨 핏 수분 선크림 50ml,14400,52.0,8.0,96.0,27.23,45.01,33.8,3358,실측
A000000242876,선크림,아이오페,[파데프리/기미개선]아이오페 UV쉴드 톤업 선 50ml 기획 (+톤업 선 15ml),30400,32.0,9.0,57.0,23.56,45.87,34.82,1121,실측
A000000225284,선크림,딘시,[한정기획] 딘시 프리미엄 비건 톤 업 선크림 50ml 더블기획 (+ 클렌징폼 40ml 증정),30000,42.0,8.0,75.0,23.7,33.01,39.17,5263,실측
A000000213537,선크림,바디언스,[대용량] 바디언스 미라클 릴리프 페이스&바디 카밍 선로션 300ml,28000,42.0,3.0,70.0,30.48,39.22,35.74,89,실측
A000000253334,선크림,닥터지,[포켓몬에디션] 닥터지 그린마일드 업 선 플러스 기획 (40ml+40ml+40ml/50ml+20ml 선크림),27200,28.0,18.0,70.0,42.45,29.29,29.17,11750,실측
A000000257073,선크림,동구밭,[화잘먹선세럼/광노화] 동구밭 다래 수분/진정/미백 캡슐 선앰플50ml,27200,47.0,8.0,92.0,32.04,28.92,35.46,1113,실측
A000000210862,선크림,유이크,유이크 바이옴 레미디 톤업 선크림 50ml,27000,30.0,11.0,73.0,34.47,38.95,37.43,957,실측
A000000225224,선크림,식물나라,[국민선크림] 식물나라 가벼운 수분 선 젤 60ml (단품/2입/대용량/트래블키트),5800,20.0,17.0,62.0,24.58,33.18,34.88,6786,실측
A000000243085,선크림,아로셀,[NEW/쫀광베이스] 아로셀 슈퍼 콜라겐 글로우 세럼 선 비비 40ml,26500,63.0,4.0,85.0,24.42,39.6,37.6,169,실측
A000000223210,선크림,파티온,[단독기획] 파티온 노스카나인 트러블 컴포트 수분 선크림 40ml 2입(더블) 기획,26000,39.0,17.0,83.0,30.93,32.14,32.15,132,실측
A000000228438,선크림,바이오더마,[NEW/ 온라인 단독] 바이오더마 시카비오 크림+ SPF 50+ 40ml 기획 (+센시비오H2O 100ml),25500,35.0,10.0,73.0,25.63,48.32,34.68,491,실측
A000000168920,선크림,디어클레어스,[수분선크림] 클레어스 올 데이 에어리 선스크린 SPF50+ PA++++ 50g,11830,34.0,7.0,79.0,23.52,33.19,39.76,203,실측
A000000209918,선크림,써니콘,[파데프리] 써니콘 밤부 수딩 선비비 40ml SPF50+ PA++++,25200,45.0,9.0,94.0,23.81,33.08,31.93,691,실측
A000000250317,선크림,비디비치,[증정기획] 비디비치 얼티밋 워터리 프레시 수딩 선크림 60ml 기획/단품,24800,44.0,11.0,85.0,18.26,28.95,47.72,102,실측
A000000180854,선크림,스킨푸드,[무기자차/비건] 스킨푸드 베리 진정 선크림 50ml SPF50+ PA++++,24000,18.0,36.0,65.0,42.8,26.39,28.2,527,실측
A000000200233,선크림,라타플랑,[12시간피지감소] 라타플랑 미나리 시카트러블 진정 선크림 1+1 기획 (50ml+50ml),23900,29.0,10.0,83.0,29.61,43.51,31.44,1521,실측
A000000200673,선크림,리얼베리어,[조슈아PICK/1+1] 리얼베리어 세라 수분 장벽 선크림 50ml 1+1 기획,23900,55.0,6.0,83.0,23.97,43.66,34.62,2060,실측
A000000190687,선크림,스킨푸드,[수분물떡선/화잘먹] 스킨푸드 베리 수분 선크림 더블기획,23800,47.0,7.0,73.0,34.51,33.47,37.02,3504,실측
A000000229155,선크림,달바,[광노화선] 달바 비타 안티에이징 선크림 50ml,23800,38.0,6.0,63.0,30.26,42.18,26.72,246,실측
A000000258725,선크림,아넷사,[리뉴얼]아넷사 퍼펙트 UV 선스크린 스킨케어 젤 90g 기획 (+15g*1+구름백),23460,37.72,5.69,55.62,23.97,44.72,22.7,10,예측
A000000224141,선크림,차앤박,[촉촉핑크톤업] 차앤박 애프터레이 워터리 톤업선 50ml 더블기획,22500,58.0,4.0,75.0,25.97,46.46,32.92,876,실측
A000000253632,선크림,바닐라코,[화잘먹/수분촉촉] 바닐라코 에센스 스킨 하이드레이팅 듀 선크림 50ml 1+1 기획,22500,48.0,5.0,80.0,20.64,46.05,38.27,1442,실측
A000000155727,선크림,유리아쥬,[손상개선썬크림] 유리아쥬 배리어덤 시카 리페어 썬크림 40ML (SPF50+),22400,43.0,7.0,77.0,23.52,52.88,25.31,108,실측
A000000207851,선크림,히야 (HYAAH),[수분모공썬/NEW] 히야 퍼펙트 레이어링 선로션 40ml,22400,38.0,13.0,84.0,19.55,42.92,34.89,203,실측
A000000257510,선크림,에이지투웨니스,[심으뜸PICK] AGE20S 멜라디펜스 기미 톤업 에센스 선크림 50ml,22400,42.0,5.0,81.0,26.04,41.98,38.07,201,실측
A000000209244,선크림,유이크,[RIIZE원빈PICK]유이크 바이옴 레미디 수분 선크림 50ML,21600,33.0,12.0,70.0,22.34,40.48,34.9,73,실측
A000000205787,선크림,디어달리아,디어달리아 선 브리즈 에센셜 선세럼,21000,50.0,2.0,84.0,22.48,57.32,32.74,206,실측
A000000257677,선크림,디오프러스,[톤업/톤업치트키] 디오프러스 블루 페더 톤 업 선 스크린 40ml,21000,19.0,12.0,95.0,29.13,40.82,25.3,101,실측
A000000252087,선크림,휩드,[생기톤업] 휩드 피치페어 비건 톤업 캡슐 선크림 50ml,20800,17.0,8.0,75.0,23.88,35.71,31.17,59,실측
A000000179351,선크림,아누아,[오선우pick/리뉴얼] 아누아 어성초 실키 모이스처 선크림 50ml 기획 (+10ml/+15ml증정),19900,40.0,14.0,83.0,16.62,31.42,38.49,1185,실측
A000000250108,선크림,이지듀,[8월 올영픽]이지듀 EGFx 다운타임 썬 35ml,19900,34.0,0.0,79.0,22.45,39.83,25.16,106,실측
A000000011226,선크림,니베아,니베아 선 프로텍트 앤 라이트 필 퍼펙트 선세럼 SPF50+ PA+++,19500,27.0,11.0,68.0,52.7,36.88,21.14,2938,실측
A000000217998,선크림,구달,[탄력광채] 구달 어성초 진정 히알루론 선세럼 50ml + 20ml 기획세트,19500,47.0,7.0,81.0,24.93,40.51,31.14,300,실측
A000000229379,선크림,브루케시아,[홍조보정] 브루케시아 그린 코렉팅 선베이스 45ml,19200,39.0,10.0,90.0,21.78,41.95,32.07,855,실측
A000000229380,선크림,브루케시아,[파데프리] 브루케시아 브리즈핏 톤업 선베이스 45ml,19200,37.0,8.0,92.0,21.98,38.14,32.62,2309,실측
A000000223206,선크림,파티온,[단독기획] 파티온 노스카나인 UV 에이징 베리어 선세럼 40ml 기획(+10ml+수분선10ml),19000,26.0,33.0,75.0,25.93,37.16,33.74,157,실측
A000000223194,선크림,듀이트리,[리뉴얼/화잘먹선] 듀이트리 어반 쉐이드 수분 세럼 선 50ml,18900,42.0,6.0,83.0,19.14,35.54,45.43,421,실측
A000000250489,선크림,에뛰드,에뛰드 피지쏙 무기자차 선크림 50g 1+1 기획,18900,14.0,49.0,77.0,33.46,37.14,22.02,901,실측
A000000248502,선크림,토코보,[NEW/바디선] 토코보 비타 소프트 데일리 선 로션 150ml,18200,19.0,16.0,81.0,31.57,42.71,28.75,43,실측
A000000253211,선크림,비긴스 바이 정샘물,[청담PICK/퍼플톤업] 비긴스 바이 정샘물 히알루론산 퍼플 톤업 선크림 50ml,18000,20.0,9.0,86.0,30.8,36.12,29.0,110,실측
A000000252450,선크림,에스네이처,[1등 톤결보정 톤업썬/파데프리] 에스네이처 아쿠아 365 글로우핏 톤업선 40ml 기획 (+미니8ml),17900,58.0,5.0,84.0,31.1,41.78,31.21,368,실측
A000000215558,선크림,스킨1004,[수분]스킨1004 마다가스카르 센텔라 프로바이오시카 글로우 선 앰플 50ml,17850,56.0,9.0,87.0,24.05,41.51,31.68,132,실측
A000000224826,선크림,셀퓨전씨,[모공PDRN 집중케어썬/조앤프렌즈 콜라보] 셀퓨전씨 레이저 UV 포어 썬 세럼 40ml,17600,36.0,15.0,65.0,19.44,37.9,34.77,437,실측
A000000247862,선크림,셀퓨전씨,[NEW/투명광채] 셀퓨전씨 나이아신 잡티 썬 세럼 40ml,17600,49.0,4.0,86.0,18.97,27.83,52.52,529,실측
A000000165652,선크림,라운드랩,[저자극] 라운드랩 1025 독도 선크림 50ml,17500,24.0,13.0,68.0,24.19,40.06,29.93,550,실측
A000000185636,선크림,토리든,토리든 톤업 선크림 2종 택1(다이브인/밸런스풀),17500,16.0,27.0,65.0,39.6,27.94,30.26,158,실측
A000000205639,선크림,에딧비,[1초톤업/화잘먹베이스/파데프리] 에딧비 선데이 톤업 선세럼 55ml [SPF50+ PA++++],17500,42.0,7.0,74.0,23.89,49.49,33.25,7484,실측
A000000248736,선크림,메디큐브,[여배우선크림/화잘먹 고급광] 메디큐브 콜라겐 글로우 선크림 50ml,17500,47.0,3.0,64.0,23.29,29.77,30.31,180,실측
A000000209919,선크림,써니콘,[수분썬][5초흡수자차]써니콘 밤부 수딩 백탁없는 UV선에센스 50ml (SPF50+ PA++++),16800,49.0,20.0,94.0,30.12,26.14,43.68,50,실측
A000000260413,선크림,해달씨,[괄사증정/파데프리] 해달씨 스킨필터 리커버 톤업 선 50ml 단품/기획(+문어괄사 증정),16500,23.0,13.0,87.0,21.71,38.67,39.67,232,실측
A000000258844,선크림,에스쁘아,에스쁘아 워터 스플래쉬 선크림 퀵 수딩 50ml,16000,38.46,7.75,71.79,25.23,49.66,28.13,4,예측
A000000259530,선크림,에스쁘아,에스쁘아 워터 스플래쉬 선크림 톤업 래스팅 50ml,16000,29.63,17.9,76.46,30.3,33.41,29.09,4,예측
A000000217926,선크림,메디큐브,[생기톤업] 메디큐브 PDRN 핑크 톤업 선크림 50ml,15900,38.0,12.0,62.0,17.93,57.43,34.79,260,실측
A000000227933,선크림,셀리맥스,[TXA/화잘먹] 셀리맥스 트라넥삼산 브라이트닝 잡티 선크림 50ml (단품/50ml+10ml 기획),15900,34.0,10.0,81.0,25.69,33.55,36.05,847,실측
A000000223816,선크림,쏘내추럴,[핑크 톤업 픽스 선크림] 쏘내추럴 올 데이 선 픽서 톤 업 핑크 SPF50+ PA++++50ml,15680,20.0,19.0,71.0,27.82,39.55,31.12,602,실측
A000000207724,선크림,스킨앤랩,[파데프리] 스킨앤랩 포어베리어 틴티드 선 스크린 50ml,15600,16.0,20.0,65.0,33.24,35.47,28.34,196,실측
A000000231353,선크림,땡큐파머,[화해1위] 땡큐파머 선프로젝트 스킨 릴리프 논코메도제닉 선크림 50ml,15600,41.0,16.0,92.0,24.17,45.03,30.48,449,실측
A000000224767,선크림,프란츠,[촉.광.핏. 선크림] 프란츠 네이키드 선쉴드 펩타이드 선크림 50ml,15000,42.0,5.0,81.0,25.81,42.44,35.36,259,실측
A000000248548,선크림,딘시,딘시 프리미엄 비건 블루 톤업 선크림 50ml+20ml 증량기획,15000,39.0,14.0,55.0,22.92,31.46,34.98,4210,실측
A000000206799,선크림,큐어,김정문알로에 큐어 워터 스플래쉬 쿨링 선크림 40ml [쿨링선크림],13900,37.58,11.37,82.52,27.56,37.02,33.9,22,예측
A000000202373,선크림,정샘물,정샘물 선슈얼 액티브 프루프 선 70ml,13400,39.6,7.33,71.98,22.09,35.82,36.55,18,예측
A000000263663,선크림,식물나라,[NEW] 식물나라 선케어&클렌징 트래블 키트(선젤 15ml*2+딥폼 15ml),5800,30.74,11.28,64.93,24.58,33.18,34.88,5,예측
A000000125147,선크림,싸이닉,[광노화 선 케어] 싸이닉 엔조이 슈퍼 마일드 선 에센스 50ml,5520,38.0,9.0,66.0,26.54,35.28,34.85,2849,실측
A000000165615,선크림,애즈이즈투비,[보송밀착/무기자차] 애즈이즈투비 퓨어 미네랄 선크림 50ml,12000,21.0,20.0,84.0,35.74,29.9,35.55,289,실측
A000000153499,선크림,CKD,[파데프리 선크림] CKD 그린프로폴리스 올커버리선 40ml,11900,21.0,16.0,79.0,31.6,44.36,29.83,2182,실측
A000000000040,선크림,케어존,케어존 데일리&패밀리 선크림 80ml (SPF50+/PA+++),13900,32.0,7.0,61.0,24.37,23.99,39.98,752,실측
A000000008363,선크림,싸이닉,싸이닉 엔조이 퍼펙트 썬크림EX SPF50+PA++++ 50ml,5530,23.0,9.0,53.0,26.18,34.33,40.53,403,실측
A000000010461,선크림,라로슈포제,[베이지커버톤업] 라로슈포제 유비데아 안뗄리오스 틴티드 크림,38000,44.0,6.0,74.0,28.02,50.31,21.3,2115,실측
A000000111062,선크림,엠도씨,엠도씨 선샤인 유브이 솔루션 크림 70ml,20000,17.0,6.0,70.0,24.85,47.89,30.68,60,실측
A000000129556,선크림,달바,[수분자차] 달바 에센스 선크림 50ml,34000,45.0,6.0,71.0,33.86,34.39,32.17,984,실측
A000000130251,선크림,나인위시스,나인위시스 썬 모이스처라이저 SPF50+ PA+++,15400,31.0,3.0,89.0,25.3,40.02,40.32,60,실측
A000000139894,선크림,휘게,휘게 프레쉬 비건 톤업 선크림 50ml,21600,24.0,16.0,67.0,32.02,24.42,41.28,513,실측
A000000140033,선크림,닥터올가,[톤업 선크림]닥터올가 프리미엄 선프로텍션 크림 60ml,24700,52.0,4.0,69.0,27.72,33.36,31.09,218,실측
A000000146527,선크림,애즈이즈투비,[화잘먹/유기자차] 애즈이즈투비 그린티 모이스처 선블록 50ml,12000,33.0,14.0,89.0,35.46,28.24,34.56,74,실측
A000000147967,선크림,닥터자르트,닥터자르트 에브리선데이 모이스처라이징 선 30ml,11520,44.0,5.0,67.0,33.24,37.17,36.97,373,실측
A000000149915,선크림,닥터올가,[무기자차]닥터올가 100 선크림 SPF50+ PA+++ 50ml,19200,44.0,3.0,75.0,33.19,41.35,29.09,80,실측
A000000151323,선크림,휘게,[단독기획] 휘게 비건 선크림 더블 기획(35ml+35ml),14900,39.0,8.0,76.0,37.05,29.73,37.99,700,실측
A000000151871,선크림,닥터자르트,닥터자르트 에브리선데이 톤업 선 플루이드 30ml,24000,37.0,4.0,62.0,35.85,37.66,25.38,276,실측
A000000151872,선크림,닥터자르트,닥터자르트 에브리선데이 워터프루프 선 밀크 30ml,12000,26.0,12.0,65.0,25.93,30.52,34.98,204,실측
A000000155647,선크림,롬앤,롬앤 제로 선 클린 (선크림),9900,25.0,17.0,66.0,26.1,45.1,21.71,212,실측
A000000158116,선크림,랩시리즈,랩시리즈 파워 프로텍터 선스크린 SPF50 PA+++ 100ml,92000,22.0,5.0,73.0,24.97,57.07,28.86,38,실측
A000000162204,선크림,닥터올가,[톤업 선크림]닥터올가 프리미엄 썬 프로텍션 크림 60ml 기획(+30ml 증정),30400,50.0,3.0,83.0,27.72,33.36,31.09,419,실측
A000000163581,선크림,CKD,[파데프리 선크림/1+1] CKD 그린프로폴리스 올커버리선크림 1+1 기획(40ml+40ml),26000,20.0,17.0,66.0,31.6,44.36,29.83,2182,실측
A000000165465,선크림,달바,[핑크윤광썬] 달바 핑크 톤업 선크림 50ml,34000,46.0,5.0,64.0,23.62,31.46,33.1,5015,실측
A000000165476,선크림,달바,[민감자차] 달바 마일드 선크림 50ml,23800,34.0,8.0,67.0,60.25,24.68,24.75,295,실측
A000000165479,선크림,라곰,[수분 선크림] 라곰 셀러스 선 젤 플러스 40ml,26000,42.0,9.0,94.0,25.18,31.84,39.82,738,실측
A000000167031,선크림,레이지소사이어티,레이지소사이어티 히노키 선스크린 50ml,14900,35.17,10.69,72.74,46.12,31.71,23.02,18,예측
A000000168260,선크림,닥터디퍼런트,[온가족선크림] 닥터디퍼런트 베리어 밸런스 선크림 40ml,25500,45.0,10.0,78.0,27.39,51.07,17.99,41,실측
A000000169474,선크림,스킨1004,[톤업선크림]스킨1004 마다가스카르 센텔라 톤 브라이트닝 톤업 선스크린 50ml,20000,43.0,8.0,81.0,32.18,31.41,29.32,399,실측
A000000170269,선크림,닥터디퍼런트,[톤업무기자차] 닥터디퍼런트 더블 디펜스 선블록 40ml,24000,24.0,13.0,79.0,31.69,45.28,20.66,127,실측
A000000174056,선크림,미프,미프 UV쉴드 백탁없는 선크림 50ml 기획(50ml*2ea),22000,31.06,14.46,74.13,48.52,32.39,27.7,24,예측
A000000174728,선크림,휘게,[올리브영 단독기획] 휘게 릴리프 선 모이스처라이저 50ml 1+1 기획,18200,42.0,5.0,67.0,23.09,31.32,35.76,300,실측
A000000179126,선크림,토코보,[수분선크림/화잘먹] 토코보 바이오 워터리 선크림 50mL SPF50+ PA++++,18000,37.0,11.0,76.0,23.01,35.14,39.83,1525,실측
A000000180138,선크림,닥터지,닥터지 브라이트닝 업 모이스처 선 50ml,18900,33.0,12.0,67.0,38.08,27.17,26.51,491,실측
A000000180552,선크림,듀이트리,[리뉴얼/판테놀5%] 듀이트리 어반쉐이드 더마판테놀5 수분장벽 선 40ml 1+1(기획/단품),23700,27.0,12.0,78.0,38.32,37.04,17.59,897,실측
A000000180600,선크림,아크네스,[보송/톤업] 아크네스 3초 진정 선크림 50ml 1+1 기획,20900,17.0,18.0,84.0,31.2,34.55,29.12,165,실측
A000000180853,선크림,스킨푸드,[수분물떡선] 스킨푸드 베리 수분 선크림 50ml SPF50+ PA++++,24000,50.0,7.0,69.0,34.51,33.47,37.02,566,실측
A000000180974,선크림,숨37,숨37 마이크로액티브 선 세럼 30ml/50ml 단품/기획,46750,36.0,6.0,80.0,27.84,27.08,46.04,98,실측
A000000182794,선크림,프리메라,프리메라 리페어링 세라캡슐 UV 프로텍터 40ml,34000,45.0,4.0,70.0,22.1,53.27,28.85,371,실측
A000000182899,선크림,싸이닉,싸이닉 엔조이 파데스킵 톤업 선크림 50g 더블 기획,18000,44.0,5.0,60.0,21.5,45.68,33.88,420,실측
A000000183052,선크림,포레스트 서울,포레스트 서울 비건 파데프리 선크림 80ml,15800,27.0,14.0,88.0,25.43,29.19,38.46,146,실측
A000000183287,선크림,비플레인,비플레인 선뮤즈 무기자차 선크림 50ml,19800,38.0,20.0,64.0,25.74,36.99,29.78,56,실측
A000000183552,선크림,비레디,[고수분 쿨링 선케어] 비레디 블루 수분 선크림,19900,29.0,15.0,61.0,28.78,49.06,25.19,168,실측
A000000184156,선크림,성분에디터,[모공끼임제로/수분쿨링]성분에디터 그린토마토 모공 블러링 선크림 50g,19600,25.0,15.0,76.0,36.55,38.53,26.4,96,실측
A000000184387,선크림,빌리프,빌리프 해피보 마일드 선 스크린 50ml,26180,40.45,8.85,75.57,27.65,23.77,21.97,15,예측
A000000184632,선크림,큐어,김정문알로에 큐어 아쿠아 마일드 그린 선 크림 40ml [순둥선크림],13900,39.0,10.0,71.0,40.21,36.61,22.85,182,실측
A000000184778,선크림,마녀공장,마녀공장 파데프리 선크림 모이스처 50ml SPF50+ PA++++,16060,37.0,5.0,66.0,22.1,46.75,36.16,229,실측
A000000185302,선크림,빌리프,빌리프 UV프로텍터 멀티 선 스크린 50ml,30800,32.08,13.02,71.49,46.9,25.95,27.22,22,예측
A000000185303,선크림,빌리프,빌리프 UV프로텍터 톤업 선 스크린 50ml,30800,34.0,4.0,57.0,34.28,27.41,30.45,94,실측
A000000186053,선크림,퓨어멜로우,퓨어멜로우 데일리 톤업 촉촉 선크림 50g,7900,32.0,21.0,70.0,28.76,35.46,29.08,128,실측
A000000186461,선크림,리쥬란,[지속율95.46%/광노화케어_신소재적용] 리쥬란 바이옴 힐러 유스 포뮬러 선크림 50ml,24600,40.0,10.0,60.0,19.05,43.29,38.55,52,실측
A000000187200,선크림,샤이샤이샤이,[광노화선케어] 샤이샤이샤이 인조이 더 선 유브이 프로텍션 크림 SPF50+ PA++++ 50ml,19800,40.0,7.0,78.0,28.67,29.51,39.8,210,실측
A000000187230,선크림,오휘,오휘 미라클 토닝 데일리 선 50ml,39900,51.0,6.0,85.0,22.36,31.57,45.94,99,실측
A000000187262,선크림,스킨앤랩,[촉촉화잘먹] 스킨앤랩 하이베리어 프레쉬 선로션 50ml,14080,51.0,3.0,86.0,19.97,47.53,36.3,82,실측
A000000187809,선크림,오휘,오휘 데이쉴드 퍼펙트 선 블랙 30ml,25600,33.0,9.0,51.0,28.41,44.1,25.76,43,실측
A000000188185,선크림,스킨푸드,[톤업선크림/용량UP] 스킨푸드 토마토 톤 업 선크림 50ml,16000,16.0,31.0,51.0,38.98,24.02,26.27,511,실측
A000000188376,선크림,하멜,[촉촉 비건 선크림] 하멜 비건 릴리프 워터 에센스 선크림 50ml,28000,39.0,9.0,86.0,32.75,24.74,38.45,758,실측
A000000188378,선크림,하멜,[화잘먹썬] 하멜 비건 아쿠아 글로우 선세럼 50ml,16500,41.0,9.0,91.0,36.97,38.82,31.83,251,실측
A000000188724,선크림,조선미녀,[화장착붙] 조선미녀 인삼선세럼 50ml,14700,62.0,6.0,74.0,30.92,25.45,44.67,81,실측
A000000190413,선크림,닥터지,[광노화선크림/UV에이징] 닥터지 블랙스네일 글루타치온 톤업 선 50ml,21900,40.0,4.0,72.0,24.25,35.6,30.92,412,실측
A000000200826,선크림,아넷사,[무기자차] 아넷사 미네랄 UV 선스크린 마일드 젤 90g,24000,27.0,11.0,70.0,61.28,26.37,15.31,79,실측
A000000201148,선크림,바이오더마,바이오더마 포토덤 스팟에이지 SPF50+ 40ml,36000,53.0,5.0,67.0,21.72,33.81,34.4,367,실측
A000000202360,선크림,메이크프렘,[결광톤업 무기자차] 메이크프렘 글로우 베이지 톤업 선크림 40ml+40ml,23500,37.0,8.0,70.0,29.96,36.15,30.24,1038,실측
A000000202426,선크림,에뛰드,[저자극/상앗빛 톤업] 에뛰드 순정 디렉터 톤업 수정 선크림 1+1 기획 (40ml x 2ea),22500,55.0,4.0,70.0,26.95,53.78,28.51,1496,실측
A000000203047,선크림,바이오더마,[리뉴얼]바이오더마 포토덤 아쿠아 플루이드 SPF50+ 40ml,33500,28.0,3.0,53.0,42.0,37.66,30.64,137,실측
A000000203707,선크림,어뮤즈,[몬치치콜라보] 어뮤즈 베이지 톤업 365 비건 선크림,19500,25.0,18.0,65.0,28.01,37.12,32.84,477,실측
A000000204642,선크림,더후,더후 공진향 진해윤 선퀴드 50ml,46800,41.64,6.22,69.13,22.95,33.58,30.0,5,예측
A000000204826,선크림,테라로직,테라로직 마데셀 더마 리페어 B5 톤업 선크림 50ml,21000,28.0,2.0,90.0,21.88,26.28,46.81,92,실측
A000000204879,선크림,토코보,[진정선세럼/저자극] 토코보 시카 카밍 선세럼 50mL SPF50+ PA++++,16800,39.0,12.0,80.0,23.01,35.14,39.83,700,실측
A000000205069,선크림,오휘,오휘 데이쉴드 선퀴드 50ml,36000,42.4,7.31,69.59,34.9,45.22,23.86,9,예측
A000000205615,선크림,로벡틴,[투명광채/화잘먹] 로벡틴 카밍 연꽃수 선크림 35ml 1+1 기획,23100,39.0,8.0,83.0,30.22,31.01,32.8,252,실측
A000000205628,선크림,에딧비,[진정/수분광채] 에딧비 선데이 시카 선세럼 55ml [SPF50+ PA++++],17500,43.0,8.0,79.0,25.67,36.63,37.01,3953,실측
A000000206121,선크림,셀퓨전씨,[톤결맞춤커버/화잘먹선베이스] 셀퓨전씨 톤업 선 베이스 SPF50+/PA++++ 40ml (4 colors),18900,36.0,5.0,73.0,19.88,44.77,36.69,624,실측
A000000206175,선크림,라타플랑,[모공보정/무기자차] 라타플랑 미나리 시카진정 포어리스 선크림,22500,18.0,19.0,82.0,24.64,25.5,38.29,91,실측
A000000206742,선크림,키스,[화잘먹 투명선케어] KEYTH키스 핑크데저트 선세럼50ml SPF50 PA++++,22400,40.0,7.0,58.0,30.48,25.77,33.53,282,실측
A000000206749,선크림,허블룸,허블룸 카밍 데이즈 비건 선스크린 50ml,19600,40.0,6.0,97.0,25.14,35.86,40.55,63,실측
A000000206750,선크림,허블룸,허블룸 데일리 톤업 비건 선스크린 50ml,19600,38.0,13.0,92.0,25.14,35.86,40.55,105,실측
A000000207140,선크림,피지오겔,피지오겔 레드수딩 AI 글로우업 썬스크린 30ml,28000,34.12,13.47,73.39,44.66,39.49,27.55,14,예측
A000000207202,선크림,믹순,믹순 병풀 선크림 50ml,25000,35.63,9.68,68.85,33.11,44.5,28.06,5,예측
A000000207901,선크림,아누아,[오선우pick/리뉴얼] 아누아 어성초 실키 모이스처 선크림 50ml 더블 기획,24500,44.0,6.0,78.0,16.62,31.42,38.49,3841,실측
A000000208192,선크림,아이레시피,[비건 무기자차] 아이레시피 마일드 히알루로닉 모이스트 업 선밀크 50ml,18000,47.0,9.0,86.0,22.37,48.67,29.69,80,실측
A000000208692,선크림,아이오페,[남성 전용 선크림] 아이오페 맨 컴파운드 선스크린 50ml,19600,26.0,13.0,59.0,32.67,44.39,27.58,95,실측
A000000208711,선크림,에끌라두,에끌라두 UV 오일프리 선크림 SPF50+ PA++++ 70g,36000,26.0,14.0,69.0,36.95,31.64,24.95,1082,실측
A000000208714,선크림,에끌라두,에끌라두 UV 톤업 커버 선크림 SPF50+/PA++++ 70g,36000,19.0,6.0,61.0,23.69,28.72,50.15,604,실측
A000000208731,선크림,스콧해미쉬,스콧해미쉬 클래식 골프 선크림 (SPF 50+ PA++++) 40ml,21000,39.27,7.87,75.99,24.99,32.9,36.28,3,예측
A000000208899,선크림,러븀,러븀 대나무 히알루론산 수분 선크림 50ml,18900,43.0,11.0,93.0,35.95,34.32,22.73,306,실측
A000000210163,선크림,피토메르,피토메르 선 베리어 모이스처라이징 프로텍티브 선스크린 50ml 더블 기획,55800,37.62,9.26,69.69,25.11,40.9,34.37,11,예측
A000000210322,선크림,벤튼,[수분 선크림] 벤튼 시카 수분 선세럼 SPF50+/PA++++ 50mL,18900,22.0,17.0,76.0,39.69,38.78,24.83,103,실측
A000000210324,선크림,벤튼,[톤업무기자차] 벤튼 스킨핏 미네랄 선크림 SPF50+/PA++++ 50mL,14200,12.0,31.0,62.0,32.66,29.89,32.81,52,실측
A000000210325,선크림,가히,[맑은피부/내추럴톤업] 가히 워터 홀딩 톤업 선세럼 50ml,36000,48.0,0.0,73.0,22.46,40.44,35.91,33,실측
A000000210326,선크림,가히,[수분자차/촉촉산뜻] 가히 아쿠아 쉴드 선로션 50ml,36000,44.8,5.31,77.62,24.7,37.39,36.01,5,예측
A000000210559,선크림,VT,VT 시카 선 에센스 100ml,27000,37.9,10.42,76.53,30.18,31.85,37.04,10,예측
A000000210660,선크림,설화수,설화수맨 본윤선크림 50ml,36000,38.12,11.11,71.64,24.71,36.33,35.4,9,예측
A000000210758,선크림,스킨1004,[쿨링] 스킨1004 마다가스카르 센텔라 티트리카 수딩 선 밀크 50ml,21000,44.0,12.0,86.0,28.51,33.19,41.06,180,실측
A000000210911,선크림,아이오페,[저자극/이지워시/장벽회복] 아이오페 UV쉴드 선앰플 40ml 기획(+선앰플20ml+레티놀세럼10ml),32000,49.0,6.0,77.0,30.62,36.52,38.59,3027,실측
A000000211132,선크림,비오템,비오템 UV 디펜스 브라이트닝 라이트 밀크 SPF50+ PA++++ 30ml,61200,33.52,9.31,67.99,35.87,45.32,27.64,6,예측
A000000211180,선크림,부쉬맨,[씨프렌들리] 부쉬맨 히알루론산 데일리 선크림 50ml 기획 (+ 20ml),16900,33.0,0.0,69.0,40.42,38.2,23.48,39,실측
A000000211214,선크림,디마르3,디마르3 DX 시타 듀 아쿠아 선세럼 50ml,36400,38.96,11.35,76.87,27.2,35.29,37.07,24,예측
A000000211379,선크림,빌리프,빌리프 UV프로텍터 아쿠아 밤 선 세럼 어드밴스드 50ml,30800,33.09,12.61,70.19,30.61,25.69,37.51,15,예측
A000000213190,선크림,커버서울,커버서울 베스티안 선스크린 SPF50+ PA++++ 50ml,22400,40.0,14.0,96.0,25.33,44.96,26.96,582,실측
A000000214249,선크림,엠도씨,엠도씨 선 스킨 플러스 크림 100ml 단품/기획 2종 택1,37000,17.0,6.0,89.0,24.45,37.2,33.15,427,실측
A000000214255,선크림,키엘,[쿨링자차] 키엘 울트라 라이트 데일리 유브이 디펜스 아쿠아 젤 30ml/60ml,56100,17.0,23.0,74.0,30.12,36.99,26.8,35,실측
A000000214256,선크림,키엘,[저자극 진정 자차] 키엘 수분 진정 선크림 30ml,37400,37.84,9.05,67.68,29.66,43.99,22.81,12,예측
A000000214631,선크림,마몽드,[수분진정] 마몽드 카밍 샷 아줄렌 선크림 35ml,11200,53.0,8.0,66.0,31.47,45.6,21.18,120,실측
A000000216232,선크림,더하르나이,[파데프리 광채]더하르나이 유브이아웃 톤업 선크림 50ml 1+1 기획,23800,14.0,7.0,88.0,30.13,31.97,30.41,200,실측
A000000216855,선크림,베라모어,[화잘먹/광노화] 베라모어 브라이트닝 광채 선세럼 50ml,21000,53.0,9.0,89.0,26.01,41.08,29.44,1875,실측
A000000217191,선크림,포트레,포트레 워터 베일 선크림 50ml,30400,55.0,9.0,95.0,25.04,38.35,30.08,517,실측
A000000217778,선크림,달바,[레드보정썬] 달바 그린 톤업 선크림 50ml,34000,30.0,10.0,71.0,25.17,35.46,35.54,363,실측
A000000217868,선크림,리얼베리어,[파데프리/모공결커버] 리얼베리어 피치 핏 톤업 선크림 50ml,20500,29.0,15.0,81.0,31.85,42.87,28.82,68,실측
A000000218313,선크림,알리,[메이크업UV] 알리 크로노 뷰티 컬러 온 UV 치크 선크림 3종 (핑크/오렌지/하이라이터),14700,36.0,8.0,80.0,37.88,48.33,20.45,368,실측
A000000218465,선크림,에스쁘아,에스쁘아 워터스플래쉬 선크림 톤업 래스팅 50ml,15400,19.0,34.0,51.0,28.01,35.94,29.37,398,실측
A000000218679,선크림,듀이트리,[리뉴얼/파데프리] 듀이트리 어반쉐이드 커버 앤 핏 선 40ml,13200,37.0,14.0,51.0,26.38,38.22,33.06,134,실측
A000000218812,선크림,셀퓨전씨,[맑은톤밀착썬/조앤프렌즈 콜라보] 셀퓨전씨 잡티 토닝 썬스크린 35ml 더블 기획 (+10ml+조앤프렌즈 캡 키링),23900,35.0,9.0,65.0,25.66,39.45,42.23,2753,실측
A000000219265,선크림,코스노리,[화잘먹선세럼] 코스노리 에어리 선세럼 50ml,22400,37.0,10.0,86.0,28.68,47.48,26.73,644,실측
A000000219266,선크림,코스노리,[보송톤업] 코스노리 에어리 톤업 선세럼 50ml,22400,30.0,19.0,77.0,29.2,36.46,28.18,139,실측
A000000219494,선크림,토리든,[톤업선크림/겉보속촉] 토리든 다이브인 퍼플 톤 업 선크림 60ml 증량 기획 (+20ml),17500,23.0,26.0,55.0,26.0,47.49,27.59,488,실측
A000000219495,선크림,토리든,[수분촉촉/화잘먹] 토리든 다이브인 워터리 핏 선세럼 50ml 증량 기획 (+20ml),19900,45.0,10.0,70.0,21.09,53.51,30.12,164,실측
A000000219905,선크림,토리든,[NEW] 토리든 다이브인 모이스처 선크림 60ml,25000,47.2,7.92,77.68,23.89,35.29,32.69,18,예측
A000000221747,선크림,비욘드,비욘드 엔젤아쿠아 올케어 수분 선크림 더블기획 (50ml+50ml),15300,39.0,6.0,69.0,36.53,38.16,26.63,216,실측
A000000222060,선크림,마몽드,[화잘먹 선세럼] 마몽드 플로라 글로우 로즈 틴티드 선세럼 35ml 기획 (+리퀴드 마스크 15ml),22500,39.0,12.0,66.0,18.48,52.24,32.12,166,실측
A000000222347,선크림,아넷사,[안티에이징] 아넷사 데이 세럼 N 30ml,37400,29.05,17.01,56.41,26.42,37.91,26.87,6,예측
A000000222727,선크림,라운드랩,[1+1] 라운드랩 동백 딥 콜라겐 탄력 선세럼 50ml+50ml 세트 기획,33900,46.0,1.0,55.0,18.97,38.08,41.9,1329,실측
A000000223292,선크림,니베아,[NEW] 니베아 선 울트라 센서티브 선 로션 200ml,23800,45.0,4.0,79.0,32.95,53.12,23.89,489,실측
A000000223802,선크림,쏘내추럴,[톤 맞춤 픽스 선크림] 쏘내추럴 올 데이 선 픽서 스킨 핏 베이지 SPF50+ PA++++ 50ml,15680,19.0,6.0,96.0,26.83,32.97,31.86,171,실측
A000000223805,선크림,SNP,[20ml 추가증정] SNP 선크림 2종 50ml+20ml(PDRN 선세럼/글루타치온 선크림),20250,42.0,4.0,82.0,22.9,40.84,26.84,489,실측
A000000223806,선크림,SNP,[파데프리]SNP 글루타치온 나이아신아마이드 UV 필터 토닝 선크림 50ml (+20ml),20250,29.0,13.0,65.0,31.1,24.21,30.92,30,실측
A000000224036,선크림,더샘,[모공밀착 보정]더샘 유브이 퍼펙션 포어리스 톤업 선 크림 50ml 1+1 기획,21000,4.0,36.0,55.0,24.8,35.33,40.72,52,실측
A000000224142,선크림,차앤박,[밀착장벽SUN] 차앤박 애프터레이 배리어 리페어링 선 50ml 더블기획,22500,67.0,1.0,81.0,19.75,35.22,34.02,314,실측
A000000224158,선크림,아도르,아도르 타마누 에어리 선스크린 SPF50+ PA++++ 50ml,24000,38.0,9.0,97.0,18.2,43.11,45.14,117,실측
A000000224163,선크림,싸이닉,싸이닉 UV 엑스퍼트 톤업 선 에센스 50ml,8900,39.0,2.0,69.0,23.43,34.93,30.6,54,실측
A000000224171,선크림,싸이닉,싸이닉 UV 엑스퍼트 리페어 선 에센스SPF50+PA++++ 50ml,8900,55.0,12.0,88.0,21.31,38.48,35.39,42,실측
A000000224418,선크림,바이오힐보,[탄탄선세럼] 바이오힐보 프로바이오덤 3D 리프팅 캡슐 선세럼 50mL,36000,39.0,1.0,62.0,34.35,36.88,29.05,71,실측
A000000224531,선크림,메디큐브,[수분진정/피지케어] 메디큐브 제로 모공 수분 선세럼 50ml,15900,53.0,19.0,65.0,28.06,38.95,38.17,43,실측
A000000224734,선크림,웰라쥬,[화잘먹] 웰라쥬 리얼 히알루로닉 블루 선크림 50ml,16630,49.0,7.0,78.0,29.83,30.33,34.08,1350,실측
A000000224857,선크림,비레디,[강력 방수 선크림] 비레디 스웻프루프 선크림,21800,43.54,8.1,66.12,22.65,48.45,23.8,28,예측
A000000225192,선크림,비긴스 바이 정샘물,[수분광선크림] 비긴스 바이 정샘물 블루 캐모마일 히알루론산 수분 선 크림 50ml,16940,48.0,6.0,86.0,18.84,45.09,33.03,109,실측
A000000225891,선크림,제로시피,제로시피 나노센텔라 선에센스 50ml,30800,52.0,5.0,82.0,32.74,36.05,29.84,283,실측
A000000225901,선크림,트러블레스,트러블레스 오일리스 마일드 워터 에어리 핏 선크림 77ml,28000,36.0,16.0,83.0,35.53,42.53,33.74,510,실측
A000000227068,선크림,유이크,[RIIZE은석PICK]유이크 바이옴 레미디 수분 선크림 50ml 기획 (보라 톤업선 20ml 증정),27000,37.0,9.0,92.0,22.9,37.66,42.63,344,실측
A000000228068,선크림,이지듀,[단독기획] 이지듀 멜라 비 토닝 유브이 선 세럼 40ml 2입 기획,29900,54.0,4.0,82.0,29.93,32.95,38.51,153,실측
A000000228575,선크림,바이오더마,바이오더마 시카비오 크림+ SPF 50+ 40ml,25500,47.0,4.0,74.0,25.63,48.32,34.68,491,실측
A000000229202,선크림,라비오뜨,라비오뜨 스킨 인핸서 콜라겐 톤 업 크림 40ml,16000,58.0,5.0,100.0,29.48,41.95,31.62,163,실측
A000000229321,선크림,온그리디언츠,[겉보속촉 선케어] 온그리디언츠 스킨 베리어 수분 선크림 기획 (50ml+20ml),19900,47.0,6.0,90.0,37.2,26.06,25.05,682,실측
A000000229364,선크림,아누아,[문동주pick/촉촉 선로션] 아누아 제로캐스트 데일리 투명 수분 선크림 50ml,15840,50.0,11.0,93.0,23.91,46.98,37.1,178,실측
A000000229398,선크림,LBB,[수분밀착 선크림]LBB 올 데이 에어 핏 선스크린 선크림 자외선차단제 50ml,29400,37.0,10.0,87.0,29.19,39.94,32.36,280,실측
A000000229437,선크림,코스알엑스,[단독기획] 코스알엑스 울트라 라이트 인비저블 선세럼 50ml 기획 (+15ml),10450,38.0,14.0,72.0,32.55,36.36,32.03,1499,실측
A000000229536,선크림,듀이트리,[리뉴얼/판테놀5%] 듀이트리 어반쉐이드 더마 판테놀5 수분 장벽 선 40ml,16500,28.0,9.0,75.0,38.32,37.04,17.59,32,실측
A000000229619,선크림,제나벨,제나벨 PDRN 듀이 톤업 선스크린 40ml,28000,50.0,8.0,82.0,18.22,49.19,34.7,165,실측
A000000229624,선크림,닥터엘시아,닥터엘시아 아쿠아 글로잉 선스크린 45ml,18750,60.0,9.0,96.0,25.98,43.47,27.31,45,실측
A000000229663,선크림,밈즈,[화잘먹썬] 밈즈 마일드 워터리 썬스크린 50ml,12900,47.0,8.0,93.0,34.76,28.77,30.91,1340,실측
A000000229803,선크림,유이크,유이크 바이옴 레미디 톤업 선크림 그린 50ml,21600,20.0,11.0,89.0,27.73,29.77,36.83,317,실측
A000000229927,선크림,스킨앤랩,[혼합자차/눈시림제로]스킨앤랩 베리어덤 컴포트 선크림50ml,18150,53.0,2.0,81.0,24.03,44.7,26.35,137,실측
A000000230214,선크림,메이크프렘,[대용량] 메이크프렘 히알 워터핏 선크림 100ml,20000,44.0,8.0,82.0,28.77,38.86,32.01,622,실측
A000000230227,선크림,듀댑,듀댑 시카티 카밍 아쿠아 선크림 50ml,23000,50.0,6.0,85.0,20.14,41.31,43.07,151,실측
A000000230229,선크림,듀댑,듀댑 시카티 선크림 50ml 2종 (톤업/아쿠아),23000,43.0,10.0,93.0,20.28,42.38,43.83,500,실측
A000000230503,선크림,달롭,[수분탄력/화잘먹썬] 달롭 리추얼 인비저블 UV 디펜스 50ml,23100,32.0,6.0,93.0,20.22,33.94,35.52,214,실측
A000000230611,선크림,라운드랩,[한겹밀착] 라운드랩 소나무 진정 시카 선크림 40ml,15900,46.0,10.0,74.0,26.04,31.27,34.25,84,실측
A000000230884,선크림,아렌시아,[PDRN 화잘먹 선세럼] 아렌시아 딥 워터 써지 선 세럼 50ml 1+1 기획,21380,53.0,5.0,88.0,23.25,36.36,40.65,44,실측
A000000230919,선크림,듀이트리,[리뉴얼/화잘먹선] 듀이트리 어반 쉐이드 수분 세럼 선 50ml 더블 기획,24000,56.0,6.0,69.0,19.14,35.54,45.43,473,실측
A000000231830,선크림,마녀공장,마녀공장 히알루론 하이드레이팅 선크림 50ml SPF50+ PA++++,26000,41.62,7.67,71.05,18.18,36.04,40.03,20,예측
A000000231940,선크림,유이크,유이크 톤업 선크림 그린 50ml 기획 (+수분선 20ml 증정),27000,29.0,16.0,72.0,21.5,44.37,40.37,444,실측
A000000233007,선크림,오휘,[NEW] 오휘 데이쉴드 퍼펙트 선 50ml 2종 택1,36000,32.39,12.7,69.28,28.96,49.7,33.11,5,예측
A000000233590,선크림,이즈앤트리,[NEW/3색톤업] 이즈앤트리 어니언 뉴페어 퍼플 톤업 선크림 50ml,18000,34.49,10.54,75.8,22.39,29.78,46.33,19,예측
A000000235109,선크림,리얼베리어,[수분장벽/포곤콜라보] 리얼베리어 세라 수분 장벽 선크림 50ml 기획 (+띠부실 랜덤 증정),19500,40.0,6.0,84.0,23.97,43.66,34.62,171,실측
A000000235505,선크림,티르티르,[NEW] 티르티르 에어 핏 히아시스 선크림 50ml,20000,43.47,8.52,75.56,23.52,42.5,36.58,4,예측
A000000235506,선크림,티르티르,[NEW] 티르티르 에어 핏 히아시스 선세럼 50ml,20000,39.19,8.98,76.44,23.06,39.63,41.3,5,예측
A000000236501,선크림,헤라,헤라 UV프로텍터 부스팅 베이스 35ml,49300,41.67,7.16,75.96,24.28,33.8,35.18,0,예측
A000000236530,선크림,닥터바이오,[수분/진정/온가족] 닥터바이오 에코 선 모이스처라이저 100g,18500,38.0,3.0,82.0,41.24,38.09,18.81,73,실측
A000000236979,선크림,달바,[광노화선] 달바 비타 캡슐 안티에이징 선크림 듀오 기획 (50ml+50ml),51000,45.0,3.0,59.0,30.26,42.18,26.72,756,실측
A000000237839,선크림,누메,[청담샵PICK/잡티커버] 누메 파데프리 콜라겐 톤업 선크림 50ml,27200,23.0,6.0,81.0,24.81,38.32,33.42,210,실측
A000000238174,선크림,랑콤,랑콤 UV 엑스퍼트 선크림 6종 택1 (30ml/50ml),48450,26.0,5.0,51.0,27.41,36.04,30.25,267,실측
A000000239955,선크림,키노닉스,[포실톤업] 키노닉스 토마토 로지 톤업 선크림 50g (SPF50+/PA++++),12800,29.0,7.0,95.0,24.13,31.62,34.59,107,실측
A000000239958,선크림,키노닉스,[저자극/데일리] 키노닉스 토마토 그린 에어핏 선크림 50g (SPF50+/PA++++),12800,26.0,11.0,87.0,28.44,40.97,34.76,54,실측
A000000240071,선크림,파파레서피,[비건 쌀 PDRN] 파파레서피 라이스 블레미쉬 딥 모이스트 선 크림 50ml,12400,47.82,7.7,81.25,22.42,39.41,36.39,1,예측
A000000240083,선크림,파파레서피,[올영 단독/비건 쌀 PDRN] 파파레서피 라이스 블레미쉬 딥 모이스트 선크림 50ml 더블기획,22430,48.0,2.0,91.0,22.42,39.41,36.39,44,실측
A000000240101,선크림,오버랩스,오버랩스 엑토인 모이스트 선크림 50ml,21000,52.0,5.0,94.0,31.69,30.98,36.8,662,실측
A000000240459,선크림,톤핏선,[바캉스톤업/청초쌩얼] 톤핏선 비건 청초 톤업선크림 50ml,16800,43.0,8.0,94.0,16.54,31.69,41.79,572,실측
A000000240489,선크림,오브제,오브제 모이스처데일리선크림 50ml,17900,31.0,9.0,75.0,26.96,33.34,27.19,35,실측
A000000242494,선크림,헤라,헤라 UV프로텍터 코렉팅 베이스 35ml 2 Colors (코렉팅/부스팅),49300,39.16,12.96,74.6,29.41,41.49,23.25,13,예측
A000000242582,선크림,오데어,오데어 엔더믹 EGF 앰플 선세럼 45ml,34850,39.0,6.0,89.0,23.63,36.89,35.4,109,실측
A000000242584,선크림,오데어,오데어 올데이 마일드 선크림 50ml,29750,35.95,12.61,80.04,26.83,40.44,28.37,25,예측
A000000242741,선크림,브루케시아,브루케시아 글로우 톤업 선세럼 45ml,19200,55.0,7.0,93.0,23.75,34.46,37.76,424,실측
A000000243812,선크림,아로셀,[눈시림ZERO/기미개선] 아로셀 멜라 TXA 선세럼 40ml,30000,44.0,5.0,82.0,25.37,42.94,39.85,143,실측
A000000244975,선크림,하루하루원더,하루하루원더 블랙라이스 모이스처 에어리핏 데일리 선스크린 50ml,23400,39.0,6.0,86.0,30.44,35.07,37.23,139,실측
A000000245671,선크림,아이레시피,[파데프리] 아이레시피 바이브 업 틴티드 선비비 스타리핑크/오로라블루 40ml,21000,27.0,9.0,83.0,24.77,42.12,36.95,493,실측
A000000246585,선크림,퓨리토 서울,퓨리토서울 데일리 소프트 터치 선크림 SPF50+ PA++++ 60 mL,20800,43.0,13.0,86.0,35.48,43.82,17.93,118,실측
A000000247674,선크림,메이크프렘,[탄력선세럼]메이크프렘 NMN 텐션 업 선세럼 50ml 기획 (+20ml),26000,41.0,4.0,87.0,26.23,33.23,40.25,85,실측
A000000248224,선크림,아비브,[화잘먹/촉촉산뜻] 아비브 수분초 히알루론 선세럼 워터리 튜브 50ml,25000,35.0,4.0,79.0,23.4,44.22,31.41,252,실측
A000000248225,선크림,아비브,[톤업/파데프리] 아비브 글루타치온좀 CC 선크림 토닝 튜브 50ml,25000,33.0,13.0,68.0,28.39,23.82,44.39,1147,실측
A000000248549,선크림,딘시,딘시 프리미엄 비건 워터프루프 선세럼 50ml,15000,38.78,8.4,76.93,25.93,30.52,34.98,2,예측
A000000248590,선크림,헤라,헤라 UV프로텍터 6종 기획/단품,34000,31.0,6.0,63.0,25.98,25.64,35.43,407,실측
A000000248689,선크림,키엘,[8월올영픽/콜라겐 선케어] 키엘 베터 스크린 UV 선 세럼 50ml,56680,36.34,12.9,70.17,43.97,35.36,31.89,7,예측
A000000248778,선크림,듀이트리,[리뉴얼/산뜻보송] 듀이트리 어반쉐이드 안티폴루션 톤업 선 50ml,14400,22.0,13.0,53.0,27.83,35.16,36.6,274,실측
A000000248920,선크림,아누아,[문동주pick/프라이머썬] 아누아 제로캐스트 포어 블러링 매트 프라이머 선젤 50ml,19500,22.0,25.0,84.0,54.18,32.06,18.08,51,실측
A000000249664,선크림,비디비치,[증정기획] 비디비치 얼티밋 워터리 에센셜 선크림 60ml 기획/단품,24800,53.0,7.0,93.0,19.37,45.57,39.44,255,실측
A000000250429,선크림,아넷사,[톤업] 아넷사 브라이트닝 UV 선스크린 젤 NA 90g 기획 (+15g*2ea),22080,36.0,10.0,59.0,24.35,38.6,27.47,39,실측
A000000250450,선크림,바이오더마,[NEW] 바이오더마 포토덤 엑스디펜스 울트라 플루이드 SPF50+ 인비저블 40ml,35000,39.0,12.0,83.0,46.5,37.29,29.96,291,실측
A000000251952,선크림,메노킨,[10ml 추가증정]메노킨 30초 글로우 앤 클리어 젤 선크림 50ml 6종택1,23000,69.0,12.0,95.0,33.48,41.12,32.33,226,실측
A000000252088,선크림,휩드,[쿨링진정] 휩드 머그트리 비건 쿨링 수분 선크림 50ml,20800,20.0,27.0,91.0,19.43,36.39,38.74,44,실측
A000000252287,선크림,에스네이처,[1등 쌩얼천재 톤업썬] 에스네이처 아쿠아 365 글로우 핏 톤업선 40ml,17900,39.0,6.0,86.0,31.1,41.78,31.21,84,실측
A000000252680,선크림,크리니크,[NEW] 크리니크 올케어썬프라이머 SPF 50 PA++++ 30ml,34000,34.04,13.25,71.19,34.87,27.0,30.35,4,예측
A000000253005,선크림,메노킨,메노킨 30초 글로우 앤 클리어 젤 선크림 50ml 모이스트,28000,65.0,12.0,94.0,32.92,28.39,29.89,51,실측
A000000253006,선크림,메노킨,메노킨 30초 글로우 앤 클리어 젤 선크림 50ml 브라이트,28000,83.0,5.0,98.0,29.32,40.28,29.07,40,실측
A000000253026,선크림,메노킨,메노킨 30초 글로우 앤 클리어 젤 선크림 50ml 톤업,28000,56.0,6.0,92.0,25.3,46.03,25.75,36,실측
A000000253210,선크림,비긴스 바이 정샘물,[청담PICK/핑크톤업] 비긴스 바이 정샘물 히알루론산 수분 톤업 선크림 50ml,18000,40.0,3.0,88.0,22.25,49.04,29.78,142,실측
A000000253295,선크림,닥터지,[화잘먹/수분촉촉선] 닥터지 스킨부스트 PDRN 선세럼 50ml +10ml 증정 기획,21500,35.0,14.0,62.0,19.77,38.24,41.1,4277,실측
A000000253514,선크림,리얼베리어,[흔적개선] 리얼베리어 시카 그린 톤업 선크림 50ml,20500,28.35,20.24,74.37,30.27,30.74,29.87,6,예측
A000000253613,선크림,니베아,[NEW/ 글로벌 1위] 니베아 선 프로텍트 앤 모이스춰 선 로션 100ml,17800,29.8,9.75,63.65,31.22,45.0,27.32,24,예측
A000000254022,선크림,식물나라,[NEW/안심자차]식물나라 온가족 이지워시 선 크림 50ml 2입,17800,36.81,12.23,74.04,42.67,48.56,14.69,19,예측
A000000254193,선크림,달바,[수분장벽 선크림/1개입] 달바 판테놀 리퀴드 에센스 선세럼 50ml,23800,32.0,13.0,85.0,36.99,33.47,28.81,72,실측
A000000254525,선크림,아벤느,[온가족/유기자차] 아벤느 선 레 앙팡 250ML,37900,34.0,0.0,82.0,25.85,46.47,28.22,56,실측
A000000254530,선크림,아벤느,[촉촉/유기자차] 아벤느 선 세럼 30ML,31500,50.0,3.0,90.0,33.81,34.92,23.05,40,실측
A000000254533,선크림,아벤느,[투명밀착/유기자차] 아벤느 선 플루이드 50ML,22400,33.0,22.0,80.0,45.24,41.51,29.86,55,실측
A000000254535,선크림,아벤느,[톤업/무기자차] 아벤느 선 미네랄 크림 50ML,22400,19.0,24.0,52.0,30.96,50.4,27.51,42,실측
A000000254577,선크림,듀이트리,[NEW/쿨톤보정] 듀이트리 어반 쉐이드 퍼플 톤업 선 50ml 더블 기획,21200,34.0,8.0,75.0,30.34,48.15,31.75,451,실측
A000000254579,선크림,듀이트리,[NEW/쿨톤보정] 듀이트리 어반 쉐이드 퍼플 톤업 선 50ml,14400,29.67,10.17,73.67,30.34,48.15,31.75,13,예측
A000000254663,선크림,지피덤,[장벽탄력/광노화] 지피덤 셀트리온 EGF 스킨베리어 선크림 40ml,31000,32.0,10.0,97.0,27.93,38.55,26.37,216,실측
A000000254900,선크림,미닉,[무기자차/러닝필수템] 미닉 노세범 블루 캐모마일 수분 선크림 50ml,18900,28.61,21.74,65.97,50.23,28.02,22.7,15,예측
A000000254909,선크림,바닐라코,[NEW/파데프리] 바닐라코 에센스 스킨 톤업 CC 선크림 50ml,17500,32.39,11.38,70.08,23.53,31.22,45.67,25,예측
A000000257053,선크림,온그리디언츠,온그리디언츠 스킨 베리어 래디언트 선크림 50ml,20000,41.4,6.15,75.97,19.21,34.62,38.99,9,예측
A000000257287,선크림,가히,[순둥자차/무기자차] 가히 징크 더마 마일드 선크림 50ml,25200,29.17,12.47,73.13,28.29,37.93,29.71,1,예측
A000000257439,선크림,멜릭서,[파데프리/화잘먹] 멜릭서 비건 에어핏 선크림 50ml (3종 택1),20230,18.0,11.0,82.0,29.31,42.79,28.33,38,실측
A000000257536,선크림,소울,소울 UV 마일드 선크림 35ml,34000,33.93,7.73,70.74,36.57,32.17,35.67,27,예측
A000000257676,선크림,디오프러스,[화잘먹/손상리페어] 디오프러스 유브이 디펜스 피디알엔 선크림 50g,23000,35.0,6.0,97.0,19.68,42.67,35.98,259,실측
A000000257733,선크림,퓨리토 서울,퓨리토 서울 데일리 소프트 터치 선스크린 60ML 더블 기획 (+클렌저 30ml),35100,33.0,33.0,33.0,35.48,43.82,17.93,61,실측
A000000258585,선크림,아넷사,아넷사 브라이트닝 UV 선스크린 스킨케어 젤 NA 40g,14400,32.71,7.54,63.94,24.35,38.6,27.47,4,예측
A000000258594,선크림,이니스프리,[수분선]이니스프리 데일리 유브이 수분 장벽 선세럼 50ml,13300,34.9,10.66,71.91,22.69,50.58,29.82,13,예측
A000000258732,선크림,아넷사,아넷사 퍼펙트 UV 선스크린 스킨케어 젤 NB 40g,14400,37.72,5.69,55.62,23.97,44.72,22.7,6,예측
A000000259097,선크림,마데카솔,마데카 선쉴드 패드 SPF 50+ PA+++ (4매/20매),13210,37.0,8.0,89.0,25.43,48.41,31.38,71,실측
A000000259216,선크림,아넷사,아넷사 멀티 컨트롤 유브이 선스크린 젤 40g,14400,31.26,13.62,71.01,31.57,36.44,30.94,1,예측
A000000259752,선크림,테이지,[NEW] 테이지 시카트리 수딩 데일리 선플루이드 50ml,16000,41.36,8.24,74.12,24.81,34.46,36.09,4,예측
A000000259754,선크림,테이지,[NEW] 테이지 시카트리 투명 선젤 50ml,16000,32.36,9.17,74.86,48.2,31.8,21.02,5,예측
A000000259983,선크림,웰라쥬,웰라쥬 리얼 히알루로닉 톤업 선크림 50ml,16630,40.42,7.39,74.77,21.41,45.81,34.22,4,예측
A000000260247,선크림,홀리카홀리카,[NEW/화잘먹선세럼] 홀리카홀리카 에어비티 선 세럼 3종 택1(무색/레몬/그린),19600,39.0,11.0,83.0,24.01,39.99,27.12,314,실측
A000000260379,선크림,하루하루원더,하루하루원더 블랙라이스 모이스처 에어리핏 데일리 선스크린 50ml 2입 기획,35100,27.4,17.3,73.68,37.63,28.96,26.49,0,예측
A000000261245,선크림,바이오더마,바이오더마 포토덤 엑스디펜스 울트라 플루이드 SPF50+ 인비저블 40ml 더블 기획,42250,0.0,0.0,0.0,46.5,37.29,29.96,291,실측
A000000261680,선크림,톡스앤필,톡스앤필 더마 엑소 워터 쉴드 징크 365 선크림,34000,30.0,10.0,93.0,24.07,42.05,34.73,73,실측
A000000262647,선크림,비오템,[NEW] 비오템X UV 디펜스 자외선 차단제 30ML,29880,34.44,9.48,74.1,31.34,29.69,21.13,1,예측
B000000236066,선크림,차앤맘,차앤맘 피토세린 이지워시 마일드 선크림 60ml,18900,29.45,20.5,74.4,40.83,32.01,20.58,23,예측
A000000206826,선크림,에스트라,[50%용량증정] 에스트라 더마UV365 장벽수분 무기자차 선크림 40ml+20ml,21300,27.0,15.0,70.0,27.44,44.92,22.8,9551,실측
A000000219675,선크림,이즈앤트리,NCT 재민PICK 이즈앤트리 히알루론산 프레쉬 선 세럼 50ml,22000,36.0,6.0,73.0,25.78,40.76,29.61,160,실측
A000000244877,선크림,토리든,[NEW/생기착붙] 토리든 셀메이징 핑크베이지 톤업 선크림 60ml 기획 (+20ml),17500,34.0,14.0,59.0,27.67,35.14,38.95,180,실측
A000000219496,선크림,토리든,[수딩쿨링/1+1] 토리든 다이브인 모이스처 수딩 선스틱 19g 1+1 기획,20900,40.91,8.52,72.16,18.93,37.12,37.77,1251,예측
A000000200817,선크림,아넷사,[강력차단]아넷사 퍼펙트 UV 선스크린 스킨케어 밀크 NA 60ml,31450,30.0,24.0,62.0,21.59,44.97,26.77,212,실측
A000000250767,선크림,넘버즈인,[파데프리] 넘버즈인 3번 도자기결 톤업베이지 선크림 증정 기획 (+클렌징오일 20ml),17900,29.0,18.0,66.0,26.17,45.03,25.22,3115,실측
A000000247874,선크림,셀퓨전씨,[매끈밀착썬]셀퓨전씨 레이저 UV 썬스크린 35ml 기획 (+20ml),16600,22.0,12.0,63.0,30.29,37.29,33.2,8713,실측
A000000191567,선크림,정샘물,[프리미엄선케어] 정샘물 마스터클래스 앰플선 50ml,28800,51.0,7.0,62.0,24.45,56.58,27.74,630,실측
A000000173774,선크림,토리든,[무기자차/단독증량기획] 토리든 다이브인 무기자차 마일드 선크림 60ml 기획 (+20ml 추가 증정),25000,31.0,14.0,68.0,40.45,33.12,23.68,2840,실측
A000000218308,선크림,알리,[메이크업UV] 알리 크로노 뷰티 컬러 튜닝 UV 선크림 3종,25000,10.0,39.0,53.0,39.68,46.38,19.04,159,실측
A000000169506,선크림,스킨1004,[무기자차]스킨1004 마다가스카르 센텔라 에어핏 선크림 라이트 50ml,16150,25.0,18.0,86.0,29.21,28.04,36.67,369,실측
A000000137157,선크림,엠도씨,엠도씨 선샤인 유브이 솔루션 에센스 50ml,18400,28.64,17.85,68.88,46.89,36.88,21.36,5,예측
A000000152314,선크림,SNP,[1+1기획]SNP UV 퍼펙트 에어쿨 선크림 더블 기획 (50ml+50ml),20000,34.0,14.0,70.0,25.0,37.92,39.66,2635,실측
A000000154129,선크림,닥터올가,[무기자차]닥터올가 100 선크림 50ml 기획(+30ml 증정),32000,42.0,5.0,70.0,33.19,41.35,29.09,293,실측
A000000163532,선크림,어바웃미,어바웃미 비 클린 톤업 선 1+1 기획(50ml+50ml),21000,20.0,19.0,67.0,26.94,32.77,39.59,1354,실측
A000000164213,선크림,리쥬란,[UV 프레스티지 케어] 리쥬란힐러 UV 프로텍션 크림 40ml,20900,56.0,3.0,64.0,25.16,34.16,31.25,411,실측
A000000164841,선크림,AHC,[수분 밀착] AHC 세이프온 라이트 선세럼 기획 증량 기획,26000,32.0,15.0,68.0,61.5,31.55,25.05,1594,실측
A000000166295,선크림,식물나라,식물나라 산소수 가벼운 수분 선젤로션 더블기획,25800,31.0,12.0,73.0,30.02,46.68,36.12,23346,실측
A000000168591,선크림,라비오뜨,라비오뜨 유브이 베일 모이스처 선에센스 기획세트(50ml+20ml),26000,59.0,3.0,87.0,34.68,33.96,26.43,38,실측
A000000176900,선크림,무슈제이,무슈제이 하이드로 선 에센스 더블기획(50ml+50ml),22900,14.0,4.0,90.0,31.3,33.15,31.71,676,실측
A000000179353,선크림,에스쁘아,[톤업선크림] 에스쁘아 워터 스플래쉬 선크림 세라마이드 60ml,15400,54.0,4.0,65.0,32.46,45.7,33.93,5363,실측
A000000179852,선크림,토코보,[생기톤업선크림] 토코보 비타 톤업 선크림 50mL SPF50+ PA++++,18750,32.0,9.0,77.0,24.04,44.9,33.53,776,실측
A000000181329,선크림,닥터아토,닥터아토 더마 워터프루프 선 프로텍터 80ml,12950,16.0,3.0,74.0,25.25,31.47,32.23,38,실측
A000000181331,선크림,닥터아토,닥터아토 수분촉촉 데일리 선 프로텍터 50ml,12950,24.0,0.0,70.0,16.17,49.93,32.48,33,실측
A000000182620,선크림,라로슈포제,라로슈포제 유비데아 안뗄리오스 톤업 클리어 30ml,38000,24.0,20.0,79.0,32.38,45.26,29.75,439,실측
A000000183327,선크림,에스쁘아,[수분선크림]에스쁘아 워터 스플래쉬 선크림 프레쉬 시카 60ml SPF50+ PA++++,15400,33.0,15.0,67.0,21.04,33.32,36.91,509,실측
A000000184405,선크림,케어존,케어존 워터핏 수딩 선 플루이드(70ml+31ml),26000,34.87,8.9,70.95,42.57,27.08,22.33,29,예측
A000000188610,선크림,조선미녀,[화잘먹] 조선미녀 맑은쌀 선크림 50ml,15000,40.0,8.0,73.0,32.96,37.8,25.9,1147,실측
A000000191730,선크림,AHC,[파데프리/톤업] AHC 누드 톤업 크림 내추럴 글로우 40ml SPF50+ PA++++,29000,31.0,15.0,62.0,21.92,43.09,29.4,336,실측
A000000200816,선크림,아넷사,[민감피부] 아넷사 퍼펙트 UV 선스크린 마일드 밀크 60ml,29600,21.0,6.0,71.0,37.37,36.09,21.65,78,실측
A000000201273,선크림,듀이트리,[리뉴얼/블루톤업] 듀이트리 어반쉐이드 블루 톤업 선크림 40ml,16800,26.0,13.0,64.0,28.42,38.49,22.38,359,실측
A000000201387,선크림,후시다인,후시다인 더마 트러블 징크 카밍 선크림 50ml 2입 기획,26000,30.0,15.0,80.0,28.31,46.94,22.1,931,실측
A000000202343,선크림,딘시,[딘시] 프리미엄 비건 마일드 모이스트 선크림 SPF50+ PA++++ 50ml,30000,38.0,9.0,93.0,25.01,36.59,30.77,5384,실측
A000000202378,선크림,에스쁘아,[선세럼/NEW] 에스쁘아 워터 스플래쉬 선세럼 50ml SPF50+ PA+++,16250,44.0,17.0,75.0,43.87,41.81,26.18,36,실측
A000000202466,선크림,빌리프,빌리프 슈퍼 드랍스 비타 흔적프루프 선퀴드 50ml,27720,37.73,9.53,70.54,44.94,26.73,35.39,29,예측
A000000203069,선크림,이즈앤트리,[열&광노화 에이징케어] 이즈앤트리 어니언 프레쉬 플루이드 선크림 50ml,15900,23.0,23.0,68.0,24.33,40.64,37.26,104,실측
A000000203342,선크림,에끌라두,에끌라두 UV 밀크 프로틴 선크림 40g 기획 (+수딩젤 40g),33000,26.0,4.0,78.0,35.75,32.07,30.67,118,실측
A000000203343,선크림,에끌라두,에끌라두 UV 콜라겐 5000 선크림 40g 기획 (+수딩젤 40g),33000,37.0,7.0,82.0,26.21,36.82,30.97,126,실측
A000000205630,선크림,에딧비,[무기자차/반톤업] 에딧비 선데이 노세범 선크림 50ml [SPF50+ PA++++],17500,25.0,27.0,76.0,22.63,41.41,39.23,3269,실측
A000000205882,선크림,부쉬맨,[씨프렌들리] 부쉬맨 워터프루프 프로 선크림 50g 기획 (+ 데일리 선크림 20ml),16900,25.0,10.0,60.0,35.89,33.21,26.77,424,실측
A000000206182,선크림,더마비,더마비 에브리데이 선블록 200ml,19000,24.0,5.0,62.0,29.93,32.17,26.68,127,실측
A000000206221,선크림,라로제,라로제 대용량 클린 선크림 SPF 50+ PA++++ 150ml (워터프루프),42000,31.0,9.0,89.0,36.63,23.68,33.67,94,실측
A000000206224,선크림,로우퀘스트,로우퀘스트 베리어 인핸싱 선크림 50ml,12500,30.0,11.0,81.0,25.2,40.14,33.52,683,실측
A000000206848,선크림,뉴라덤,[혼합자차/피부온도-3.5도] 메디톡스 뉴라덤 인텐시브 선크림 50ml,24600,31.71,11.29,65.59,32.89,45.15,30.71,10,예측
A000000207685,선크림,아이레시피,[파데프리 무기자차] 아이레시피 마일드 시카 브라이트닝 업 선크림 50ml,16000,39.0,9.0,91.0,21.66,50.11,26.15,823,실측
A000000207845,선크림,믹순,[단독기획] 믹순 병풀 선크림 50g 기획 (+5ml*2 추가 증정),20000,50.0,4.0,76.0,33.11,44.5,28.06,138,실측
A000000208105,선크림,AHC,[수분] AHC 마스터즈 멜라프로텍트 워터풀 선크림 40ml,13900,39.0,2.0,67.0,22.17,31.45,47.74,135,실측
A000000210013,선크림,조선미녀,[수분진정] 조선미녀 맑은쌀 선크림 아쿠아프레쉬 50ml,15000,41.0,15.0,76.0,26.75,31.04,34.94,311,실측
A000000210604,선크림,아누아,[UV에이징]아누아 복숭아 나이아신 UV 톤업 프로텍션 50ml,19500,45.0,4.0,72.0,34.86,34.01,33.81,163,실측
A000000210838,선크림,Te’,Te 하양 35 지성용 데일리 무기자차 선크림 50g,27000,32.5,19.4,74.03,28.84,36.08,30.93,0,예측
A000000210840,선크림,Te’,Te 하양 35 건성용 데일리 무기자차 선크림 50g,27000,23.51,18.95,71.42,50.67,27.2,24.21,0,예측
A000000210869,선크림,제이준,제이준 히알루론산 하이드레이팅 선크림 50ml,20000,38.11,9.85,69.7,22.03,34.56,37.34,0,예측
A000000211954,선크림,딘시,[딘시] 프리미엄 비건 액티비티 선크림 SPF50+ PA++++ 50ml,30000,48.0,5.0,76.0,25.93,30.52,34.98,120,실측
A000000212238,선크림,비알티씨,BRTC 마일드 선크림 50ml 기획 (+20ml),28000,38.43,9.45,69.27,21.59,41.08,35.22,4,예측
A000000213124,선크림,파이코어,파이코어 디퍼런씨 블루바이옴 리페어 선크림 40ml,26000,39.87,7.11,71.16,22.59,47.95,28.93,21,예측
A000000213284,선크림,오드로이,오드로이 모공축소 톤업 선크림 블리미 필리디 50ml,16070,30.0,12.0,69.0,24.79,41.77,37.52,322,실측
A000000215375,선크림,톤핏선,[촉촉워터핏/이지워시] 톤핏선 비건 수분 선크림 50ml SPF50+ PA++++,16800,46.0,13.0,93.0,33.33,33.88,31.88,316,실측
A000000216666,선크림,제이준,제이준 히알루론산 하이드레이팅 선크림 50ml 1+1 더블기획 (50ml+50ml),20000,38.11,9.85,69.7,22.03,34.56,37.34,6,예측
A000000217289,선크림,라로슈포제,라로슈포제 시카플라스트 리페어 선크림 40ml,35000,53.0,2.0,69.0,31.21,30.37,24.31,807,실측
A000000217909,선크림,닥터자르트,[1+1올영기획]닥터자르트 에브리 선 데이 마일드 선 30ml 1+1 기획세트,14280,20.0,29.0,68.0,36.74,49.31,20.32,164,실측
A000000218301,선크림,알리,[땀.물.마찰에강한UV] 알리 크로노 뷰티 젤 유브이 이엑스피 90g (별의커비에디션/단품),29000,33.0,10.0,74.0,30.42,49.6,23.6,530,실측
A000000218303,선크림,알리,알리 크로노 뷰티 젤 UV EXP 선크림 90g,29000,27.0,17.0,72.0,40.3,48.36,22.58,60,실측
A000000218316,선크림,알리,[메이크업UV] 알리 크로노 뷰티 래스팅 프라이머 유브이 25g,25000,28.83,14.96,70.61,36.02,47.34,24.1,9,예측
A000000218830,선크림,알리,[땀.물.마찰에강한UV] 알리 크로노 뷰티 젤 유브이 EXP 선크림 40g,15000,28.0,6.0,50.0,40.3,48.36,22.58,64,실측
A000000218955,선크림,비플레인,[화잘먹/1+1] 비플레인 녹두 쿨링 수분 선크림 50ml 1+1 기획,22500,26.0,21.0,57.0,26.38,32.32,39.87,3565,실측
A000000219091,선크림,에스트라,에스트라 더마UV365 비타C 광채수분 선크림 40ml,21300,48.0,3.0,85.0,32.88,30.18,37.33,2086,실측
A000000219093,선크림,에뛰드,[무기자/저자극] 에뛰드 순정 디렉터 무기자차 선크림 50ml 1+1기획(NEW),12370,25.0,23.0,59.0,28.98,37.48,25.81,702,실측
A000000219115,선크림,에르쯔틴,에르쯔틴 에어리 토닝 선크림 60ml,26700,36.91,13.05,75.51,32.8,34.24,26.32,13,예측
A000000219136,선크림,에르쯔틴,에르쯔틴 에어리 워터 선크림 60ml,26700,35.7,13.04,80.24,30.67,23.93,38.47,13,예측
A000000219522,선크림,유세린,[NEW] 유세린 선크림 페이스 하이드로 프로텍트 SPF50+ 50ml,24900,31.0,14.0,81.0,23.29,42.9,27.39,209,실측
A000000219989,선크림,토리든,토리든 다이브인 워터리 핏 선세럼 50ml,19900,40.9,7.93,75.84,21.09,53.51,30.12,7,예측
A000000222212,선크림,이니스프리,[피치톤업] 이니스프리 비타민C 피치 톤업 선크림 50ml,23400,35.35,7.93,71.19,26.37,42.08,38.69,5,예측
A000000222684,선크림,유세린,[1+1] 유세린 선 페이스 하이드로 프로텍트 SPF50+ 기획 (50ml+50ml),31500,29.0,10.0,77.0,23.29,42.9,27.39,240,실측
A000000222792,선크림,아누아,[UV에이징]아누아 복숭아 나이아신 UV 톤업 프로텍션 50ml 더블기획,34900,55.0,14.0,73.0,34.86,34.01,33.81,185,실측
A000000223291,선크림,니베아,니베아 선 키즈 센서티브 프로텍트 앤 플레이 로션 200ml,23800,44.0,0.0,73.0,32.24,49.72,26.02,41,실측
A000000223943,선크림,식물나라,식물나라 멀티 선 파우더,9800,27.86,19.71,67.45,54.69,41.18,16.28,372,예측
A000000224245,선크림,라네즈,[화잘먹/수분밀착] 라네즈 워터뱅크 UV 베리어 선세럼 단품 50ml,22400,41.74,8.49,74.51,25.28,45.98,29.07,19,예측
A000000224289,선크림,라로슈포제,[파데프리] 라로슈포제 유비데아 톤업 로지 글로우 30ml,38000,46.0,6.0,72.0,44.29,36.96,18.62,897,실측
A000000224539,선크림,메디큐브,[화잘먹/쿨톤보정] 메디큐브 PDRN 톤업 선크림 50ml+20ml 기획,24000,42.0,6.0,72.0,17.93,57.43,34.79,665,실측
A000000224979,선크림,딘시,딘시 프리미엄 비건 블루 톤 업 선크림 SPF50+ PA++++50ml,30000,42.0,10.0,79.0,22.92,31.46,34.98,4092,실측
A000000225222,선크림,가히,[파데프리] 가히 한겹 톤업 선 스킨 3종 택1,32000,42.48,8.2,75.87,32.54,38.55,29.6,9,예측
A000000225618,선크림,그라운드랩,그라운드랩 내츄럴 라이트 선 톤업 50ml,25000,32.0,17.0,96.0,25.38,49.51,30.62,1035,실측
A000000227191,선크림,데이지크,데이지크 아쿠아 쉘 선크림 50ml,14900,48.0,6.0,87.0,23.64,40.74,34.04,359,실측
A000000227218,선크림,브리올옴므,브리올옴므 데일리 화이트닝 선크림 50ml,14000,57.0,8.0,96.0,27.13,30.8,39.71,93,실측
A000000227322,선크림,미샤,[후니언 공동개발] 미샤 글로우 스킨 틴티드 톤업선 30ml,11200,16.0,23.0,62.0,16.82,48.48,28.58,275,실측
A000000228080,선크림,더후,[NEW] 더후 UV 얼티밋 레드 비타민 선 50ml,58000,42.32,8.16,66.01,16.46,45.81,37.37,4,예측
A000000228893,선크림,닥터자르트,[보송 무기차자] 닥터자르트 에브리 선 데이 마일드 선 30ml,12000,29.71,20.7,68.48,36.74,49.31,20.32,25,예측
A000000229150,선크림,알리,[한정/별의커비콜라보] 알리 크로노 뷰티 커비 에디션 선케어 3종 (젤UV/프라이머UV/컬러튜닝UV),17500,22.0,16.0,70.0,31.27,47.76,26.04,865,실측
A000000229540,선크림,에스테덤,[화잘먹/광채선]에스테덤 포토리버스 선크림 50ml,88000,34.55,11.17,77.67,32.62,37.76,25.11,0,예측
A000000229623,선크림,닥터엘시아,닥터엘시아 그린티 프레쉬 선스크린 45ml,18750,26.0,11.0,83.0,28.29,34.68,38.02,54,실측
A000000229687,선크림,디퍼,[수분선크림] 디퍼 히알루론산 히알큐브 에센스 선크림 50ml,26000,46.0,6.0,89.0,16.48,47.1,32.59,112,실측
A000000231221,선크림,BOHO,보호 하이퍼 디펜스 선스크린 50ml,19900,37.0,10.0,91.0,42.34,33.44,25.12,164,실측
A000000232379,선크림,코이,코이 블룸 글로우 에센스 선크림 30ml,37000,47.0,7.0,83.0,18.99,47.0,41.03,58,실측
A000000232955,선크림,쏘내추럴,쏘내추럴 글로이 선 무스 픽서 75ml,18000,32.74,7.26,68.01,44.35,30.47,24.3,164,예측
A000000233117,선크림,달팡,달팡 인트랄 엔바이론멘탈 라이트 웨이트 쉴드 SPF50 30ml,40500,31.33,12.21,65.76,27.3,50.59,28.48,0,예측
A000000233720,선크림,에필로우,[파데프리/한겹톤업] 에필로우 내추럴 글로우 누드 톤업 선크림 60ml (SPF50+ PA++++),15200,23.0,5.0,89.0,28.42,48.52,33.07,110,실측
A000000236477,선크림,셀퓨전씨,[온라인 단독/촉촉톤업] 셀퓨전씨 잡티 토닝 썬스크린 50ml+20ml 기획,27900,25.0,25.0,75.0,25.66,39.45,42.23,2773,실측
A000000236819,선크림,메디큐브,[화잘먹광채/1+1] 메디큐브 PDRN 핑크 톤업 선크림 50ml 더블기획,21900,41.0,5.0,70.0,17.93,57.43,34.79,1369,실측
A000000237832,선크림,오휘,[NEW] 오휘 데이쉴드 나이아신아마이드 5% 톤업 선 30ml,27200,28.78,15.27,70.57,44.33,30.1,24.96,11,예측
A000000246588,선크림,퓨리토 서울,퓨리토 서울 데일리 소프트 터치 선스크린 60ML 더블 기획 (+선 로션 15ml),39000,28.0,9.0,86.0,35.48,43.82,17.93,58,실측
A000000247181,선크림,닥터지,닥터지 메디 유브이 울트라 선 50ml,8500,26.0,6.0,62.0,32.02,31.79,23.56,143,실측
A000000247857,선크림,셀퓨전씨,[맑은톤밀착썬]셀퓨전씨 잡티 토닝 썬스크린 35ml 기획 (+20ml),17500,33.0,9.0,73.0,25.66,39.45,42.23,4986,실측
A000000247878,선크림,셀퓨전씨,[수분밀착썬]셀퓨전씨 아쿠아티카 쿨링 썬스크린 35ml 기획 (+20ml),16600,32.0,20.0,70.0,28.97,37.01,31.15,4587,실측
A000000248223,선크림,아비브,[저자극/쿨링진정] 아비브 어성초 마일드 선크림 릴리프 튜브 50ml,25000,0.0,22.0,65.0,40.94,37.2,30.99,127,실측
A000000248278,선크림,아넷사,[리뉴얼]아넷사 퍼펙트 UV 선스크린 스킨케어 젤 NB 90g,25500,25.0,0.0,0.0,23.97,44.72,22.7,197,실측
A000000250430,선크림,아넷사,아넷사 퍼펙트 UV 선스크린 스킨케어 밀크 NA 20ml,10800,34.39,15.54,64.89,21.59,44.97,26.77,23,예측
A000000255124,선크림,라운드랩,[1등썬/1+1] 라운드랩 자작나무 수분 선크림 50ml 1+1 기획 (+여행용 20ml),25000,38.0,8.0,72.0,24.91,31.15,34.58,50918,실측
A000000255125,선크림,라운드랩,[1+1] 라운드랩 자작나무 수분 톤업 선크림 50ml 1+1 기획 (+여행용 20ml),24300,40.0,8.0,64.0,26.62,35.02,38.83,14533,실측
A000000256051,선크림,토리든,[NEW/한정기획/수분선] 토리든 다이브인 모이스처 선크림 60ml 1+1 기획 (+셀메이징 톤업 선크림 20ml),19900,47.0,6.0,73.0,23.21,44.38,24.01,684,실측
A000000245794,스킨_토너,폴라초이스,[화잘먹/단독기획] 폴라초이스 바하 리퀴드 엑스폴리언트 118ml 기획 (+바하 리퀴드 30ml),31200,14.0,41.0,43.0,49.0,24.0,26.0,981,실측
A000000189181,스킨_토너,브링그린,[수부지토너]브링그린 티트리 시카 수딩 토너 (500ml/250ml),18900,16.0,31.0,64.0,77.0,22.0,1.0,39108,실측
A000000258833,스킨_토너,에스트라,에스트라 아토베리어365 캡슐토너 300ml 기획 (+수딩크림 30ml+세라-히알 앰플 7ml),22900,48.0,7.0,79.0,26.0,73.0,1.0,939,실측
A000000155253,스킨_토너,아비브,[수분진정] 아비브 어성초 카밍 토너 스킨부스터 더블 기획 (200ml+200ml),27300,25.0,16.0,75.0,73.0,27.0,1.0,15406,실측
A000000258293,스킨_토너,토리든,[NEW] 토리든 다이브인 저분자 히알루론산 토너 300ml 기획 (+100ml),14920,29.0,13.0,75.0,38.0,62.0,1.0,119,실측
A000000248498,스킨_토너,아누아,[단독기획] 아누아 어성초 77 히알루론산 수분 진정 토너 350ml 리필 기획세트 (+350ml 리필팩),26900,26.0,18.0,71.0,66.0,33.0,1.0,1794,실측
A000000229456,스킨_토너,셀라딕스,[쿨링진정] 셀라딕스 트러블 쿨 카밍 131 토너 300ml,16470,23.0,23.0,56.0,70.0,29.0,1.0,177,실측
A000000190395,스킨_토너,넘버즈인,[쿨링진정]넘버즈인 1번 진정 맑게담은 청초토너 300ml 리필기획(+300ml 증정),26000,21.0,26.0,75.0,70.0,30.0,0.0,15182,실측
A000000137180,스킨_토너,라운드랩,[대용량/1등토너] 라운드랩 1025 독도 토너 500ml 기획 (+100ml),27000,24.0,15.0,79.0,56.0,44.0,1.0,12348,실측
A000000258792,스킨_토너,토니모리,[리뉴얼] 토니모리 세라마이드 모찌 토너 500ml 기획 (+100ml + 크림 30ml),14400,41.0,8.0,74.0,23.0,76.0,1.0,304,실측
A000000222849,스킨_토너,파티온,[속건조해결] 파티온 포도당 하이드로 에센스토너 300ml 더블 기획(2개입),23160,57.0,7.0,91.0,15.0,85.0,1.0,11021,실측
A000000116659,스킨_토너,유리아쥬,[수분장벽토너] 유리아쥬 제모스 토너 500ml,29800,55.0,5.0,81.0,20.0,79.0,1.0,2997,실측
A000000188874,스킨_토너,웰라쥬,[8월올영픽][첫수분토너/대용량] 웰라쥬 리얼 히알루로닉 100 토너 300ml 기획 (+화장솜 60매),19600,36.0,10.0,80.0,24.0,76.0,0.0,3383,실측
A000000159921,스킨_토너,라로슈포제,라로슈포제 시카플라스트 로션 B5 판테놀 시카에센스 토너 200ml,37000,39.0,8.0,72.0,47.0,52.0,1.0,3505,실측
A000000213171,스킨_토너,에스네이처,[역대급증정/속촉촉 진정토너] 에스네이처 아쿠아 오아시스 토너 300ml 기획 (+젤크림 30ml),17200,36.0,12.0,76.0,34.0,66.0,1.0,6691,실측
A000000004434,스킨_토너,바이오더마,바이오더마 하이드라비오 토너 250ml,29500,39.0,10.0,77.0,30.0,69.0,1.0,12614,실측
A000000256045,스킨_토너,토리든,[NEW] 토리든 다이브인 저분자 히알루론산 토너 500ml 기획 (+늘어나는 화장솜 60매),29000,35.0,14.0,78.0,33.0,66.0,1.0,1649,실측
A000000188990,스킨_토너,브링그린,[온라인단독/진정SET] 브링그린 티트리 시카 수딩 토너&크림 (세트/기획),18900,16.0,32.0,66.0,76.0,24.0,1.0,38124,실측
A000000198874,스킨_토너,닥터지,[속보습] 닥터지 더모이스처 배리어 D 리퀴드 토너 200ml 기획 (+100ml),22320,53.0,5.0,80.0,25.0,74.0,1.0,1321,실측
A000000225063,스킨_토너,키엘,[8월올영픽/트러블진정] 키엘 칼렌듈라 허벌 꽃잎 토너 125ml/250ml (단품/기획),49380,28.0,14.0,64.0,59.0,38.0,4.0,477,실측
A000000139347,스킨_토너,라로슈포제,라로슈포제 똘러리앙 울트라 로션 200ML,29700,43.0,5.0,78.0,32.0,67.0,1.0,1602,실측
A000000210924,스킨_토너,인터미션,[단독기획]인터미션 레스트업 세럼스킨 290ml,23100,68.0,3.0,80.0,19.0,80.0,1.0,1244,실측
A000000251203,스킨_토너,바이오더마,바이오더마 세비엄 로션 200ml 기획 (+세비엄 젤무쌍 5ml*3) (2604),22900,9.0,53.0,61.0,61.0,37.0,2.0,3704,실측
A000000223627,스킨_토너,디오디너리,[각질쓱싹] 디오디너리 글리코릭 애시드 7% 엑스폴리에이팅 토너 100ml,11300,21.0,26.0,25.0,37.0,24.0,39.0,1803,실측
A000000148285,스킨_토너,마녀공장,[대용량/총500ml] 마녀공장 비피다 바이옴 앰플 토너 400ml+100ml 기획,17500,30.0,10.0,73.0,43.0,54.0,3.0,6528,실측
A000000231891,스킨_토너,아누아,[수지 PICK] 아누아 피디알엔 100 히알루론산 부스터 토너 250ml 기획 (+40ml),16900,39.0,9.0,70.0,36.0,63.0,1.0,2675,실측
A000000189488,스킨_토너,더랩바이블랑두,[속보습루틴] 더랩바이블랑두 저분자 히알루론산 딥 토너 200ml + 50ml 기획,15990,34.0,14.0,78.0,31.0,69.0,0.0,5337,실측
A000000218549,스킨_토너,에스트라,에스트라 에이시카365 수분토너 pH4.5 200ml,23800,31.0,11.0,71.0,58.0,41.0,0.0,1991,실측
A000000254908,스킨_토너,에스트라,[NEW] 에스트라 아토베리어365 캡슐 토너 300ml,22900,46.0,6.0,79.0,28.0,71.0,1.0,706,실측
A000000244993,스킨_토너,제로이드,제로이드 인텐시브 크림 토너 200ml 기획 (+크림 10ml),28800,50.0,3.0,76.0,32.0,68.0,0.0,584,실측
A000000132162,스킨_토너,라운드랩,[1등토너] 라운드랩 1025 독도 토너 200ml 기획 (+50ml),13500,26.0,16.0,78.0,54.0,45.0,1.0,23395,실측
A000000228907,스킨_토너,헤이네이처,[올리브영 단독기획] 헤이네이처 어성초 스킨 모이스처라이저 토너 200ml 기획 (+어성초 마스크 2매),21000,34.0,13.0,70.0,58.0,40.0,1.0,1234,실측
A000000223425,스킨_토너,달바,[미백/잡티케어] 달바 비타 토닝 세럼 토너 180ml,20900,52.0,5.0,67.0,22.0,57.0,21.0,1086,실측
A000000211003,스킨_토너,라네즈,[1등 속보습] 라네즈 크림 스킨 170ml 단품기획 (+50ml),26400,61.0,5.0,77.0,18.0,81.0,0.0,3140,실측
A000000213492,스킨_토너,메디큐브,[흔적미백]메디큐브 PDRN 핑크 시카 수딩 토너 250ml,15000,36.0,11.0,77.0,34.0,47.0,19.0,749,실측
A000000182686,스킨_토너,에스트라,에스트라 테라크네365 하이드로 액티브 토너 200ml,25500,21.0,24.0,68.0,65.0,34.0,1.0,1430,실측
A000000182787,스킨_토너,파티온,[약산성/저자극] 파티온 노스카나인 트러블 클리어 토너 200ml,18400,21.0,25.0,76.0,73.0,25.0,2.0,2634,실측
A000000157178,스킨_토너,라운드랩,[수분생기] 라운드랩 자작나무 수분 토너 1+1 기획 (300ml+300ml),23800,39.0,10.0,78.0,34.0,66.0,1.0,5696,실측
A000000144052,스킨_토너,폴라초이스,폴라초이스 스킨 발란싱 포어-리듀싱 토너 190ml,34400,7.0,44.0,51.0,57.0,34.0,9.0,284,실측
A000000256752,스킨_토너,이즈앤트리,이즈앤트리 초저분자 히아루론산 토너 300ml 리필기획 (+200ml 리필 + 미스트 펌프 + 늘어나는 화장솜),21900,29.0,15.0,68.0,32.0,67.0,1.0,834,실측
A000000223546,스킨_토너,달팡,달팡 인트랄 이너유쓰 레스큐 아이크림 15ml,32370,32.87,15.41,74.51,44.24,69.98,1.56,8,예측
A000000261555,스킨_토너,퍼셀,[NEW] 퍼셀 80억/mL 글루타치온 비타민 부스팅 토너 150ml,19900,30.8,19.07,75.06,48.74,39.98,12.71,4,예측
A000000002839,스킨_토너,바이오더마,바이오더마 센시비오 토너 250ml,29500,27.0,13.0,79.0,64.0,35.0,0.0,3076,실측
A000000182583,스킨_토너,닥터자르트,[한정기획/산뜻수분진정] 닥터자르트 시카페어 인텐시브 수딩 리페어 트리트먼트 로션 기획(150ml+30ml*2ea),29250,22.0,14.0,77.0,72.0,28.0,0.0,731,실측
A000000199153,스킨_토너,라운드랩,[민감진정] 라운드랩 포 맨 소나무 진정 시카 토너 200ml,17600,21.0,31.0,69.0,73.0,26.0,0.0,5325,실측
A000000163493,스킨_토너,라운드랩,[수분진정] 라운드랩 포 맨 자작나무 수분 토너 200ml,17100,27.0,16.0,70.0,47.0,52.0,1.0,2264,실측
A000000143244,스킨_토너,비오템,비오템옴므 아쿠아틱 로션 애프터 쉐이브 200ml,51850,27.0,14.0,59.0,54.0,46.0,0.0,57,실측
A000000224583,스킨_토너,빌리프,"[8월올영픽/쿨링결광토너] 빌리프 아쿠아 밤 프로즌 토너 300ml 기획 (+토너 50ml, 크림 9ml 증정)",24900,38.0,10.0,72.0,47.0,51.0,1.0,869,실측
A000000205340,스킨_토너,유세린,[유분케어토너/1+1] 유세린 더모퓨어 클리니컬 퓨리파잉 토너 200ml 1+1 기획,24700,17.0,42.0,51.0,61.0,36.0,4.0,1126,실측
A000000257653,스킨_토너,오휘,오휘 더 퍼스트 제너츄어 포맨 스킨 리프레셔 150ml,51000,34.57,11.8,63.8,28.13,52.77,8.58,0,예측
A000000201650,스킨_토너,구달,[단독 리필기획] 구달 어성초 히알루론 수딩 토너 350ml 리필 기획 (+350ml 리필),24000,34.0,12.0,72.0,55.0,45.0,0.0,1370,실측
A000000117997,스킨_토너,썸바이미,썸바이미 아하바하파하 30 데이즈 미라클 토너 150ml,15100,10.0,41.0,49.0,77.0,17.0,6.0,374,실측
A000000216574,스킨_토너,썸바이미,썸바이미 아하 바하 파하 30 데이즈 미라클 토너 기획세트 (150ml+30ml),15100,36.0,24.0,54.0,55.0,38.0,7.0,604,실측
A000000146589,스킨_토너,아비브,[수분진정] 아비브 어성초 카밍 토너 스킨부스터 200ml,23000,23.0,17.0,75.0,75.0,25.0,1.0,5464,실측
A000000252696,스킨_토너,아누아,[NEW/리뉴얼] 아누아 어성초 77 히알루론산 수분 진정 토너 350ml,22800,31.0,11.0,73.0,57.0,42.0,1.0,184,실측
A000000206025,스킨_토너,유리아쥬,[온라인몰 단독기획]유리아쥬 제모스 토너 500ml 2입 기획,45600,46.0,11.0,78.0,25.0,75.0,0.0,3591,실측
A000000139348,스킨_토너,라로슈포제,[대용량/속건조토너] 라로슈포제 똘러리앙 울트라 로션 400ML,45000,47.0,4.0,81.0,31.0,68.0,1.0,963,실측
A000000243679,스킨_토너,피지오겔,피지오겔 DMT 에센스 인 토너 200ml (+토너 50ml),21600,56.0,3.0,77.0,24.0,76.0,0.0,903,실측
A000000147360,스킨_토너,땡큐파머,[화해1위/미백토너] 땡큐파머 강화교동쌀 맑음 에센셜토너 200ml,21000,46.0,8.0,93.0,14.0,69.0,17.0,982,실측
A000000214179,스킨_토너,키엘,키엘 울트라 훼이셜 토너 250ml,39950,39.0,7.0,79.0,30.0,68.0,2.0,58,실측
A000000188048,스킨_토너,브링그린,브링그린 대나무 히알루 수분 토너 500mL,18900,34.0,13.0,75.0,39.0,60.0,1.0,4365,실측
A000000255290,스킨_토너,블랑네이처,[쿨링진정/대용량]블랑네이처 9배 고농축 어성초 토너 300ml,38000,46.0,20.0,97.0,22.0,76.0,1.0,4946,실측
A000000154506,스킨_토너,원씽,[트러블완화/진정] 원씽 어성초 추출물 토너 150ml,11500,20.0,23.0,75.0,81.0,18.0,1.0,1409,실측
A000000250711,스킨_토너,넘버즈인,[화잘먹] 넘버즈인 3번 보들보들 퍼스트 결부스팅 토너 200ml 기획 (+50ml),18000,36.0,9.0,71.0,26.0,64.0,10.0,1551,실측
A000000229521,스킨_토너,성분에디터,[모공케어] 성분에디터 그린토마토 NMN 포어 하이드로 수딩 토너 350ml,17900,41.0,15.0,77.0,40.0,56.0,4.0,144,실측
A000000207054,스킨_토너,더랩바이블랑두,[대용량/속보습폭발] 더랩바이블랑두 올리고 히알루론산 딥 토너 500ml 대용량 기획 (+100ml),37000,39.0,12.0,82.0,25.0,74.0,0.0,4552,실측
A000000160562,스킨_토너,크리니크,크리니크 각질케어토너 200ml (피부타입별 선택),36550,22.0,26.0,21.0,66.0,28.0,6.0,828,실측
A000000203171,스킨_토너,식물나라,식물나라 어린녹차 촉촉 진정 토너 500ml,10800,31.0,16.0,71.0,56.0,43.0,1.0,1809,실측
A000000176320,스킨_토너,메이크프렘,메이크프렘 인테카 진정 토너 200ml,15400,18.0,29.0,72.0,77.0,23.0,1.0,1021,실측
A000000208030,스킨_토너,포엘리에,[여드름/진정케어] 포엘리에 옴므 병풀잎수 86.63% 시카 토너 미스트 100ml,14900,24.0,23.0,91.0,45.0,48.0,7.0,88,실측
A000000255384,스킨_토너,더샘,[쿨링화잘먹/버블토너] 더샘 스킨 프렙 쿨링 무스 토너 70ml,14900,31.0,18.0,60.0,48.0,51.0,1.0,884,실측
A000000243855,스킨_토너,폴라초이스,[화잘먹/각질제거부스터]폴라초이스 스킨퍼펙팅 바하 리퀴드 엑스폴리언트 118ml,31200,13.0,34.0,43.0,54.0,24.0,22.0,87,실측
A000000245813,스킨_토너,오브제,[단독구성/보습세트] 오브제 모이스처 프로틴 토너/크림 2종 기획,30800,47.0,16.0,58.0,32.0,68.0,0.0,531,실측
A000000260382,스킨_토너,토리든,[NEW] 토리든 다이브인 저분자 히알루론산 스킨 부스터 200ml,14400,42.75,9.97,78.6,26.79,67.98,2.69,12,예측
A000000171132,스킨_토너,피캄,"[대용량, 피지/진정케어] 피캄 베리어 사이클 락토P 토너 500ml",30100,14.0,28.0,75.0,76.0,22.0,2.0,2458,실측
A000000209908,스킨_토너,제로이드,제로이드 인텐시브 크림 토너 200ml,28800,54.0,4.0,77.0,30.0,70.0,0.0,347,실측
A000000016873,스킨_토너,유리아쥬,[수분장벽토너] 유리아쥬 제모스 토너 250ml,28000,56.0,4.0,77.0,23.0,77.0,1.0,996,실측
A000000248031,스킨_토너,아임프롬,[리뉴얼/쫀쫀광채케어] 아임프롬 라이스 토너 150ml,28000,57.0,5.0,92.0,8.0,87.0,6.0,493,실측
A000000249581,스킨_토너,제로이드,[저자극 각질 케어] 제로이드 핌프로브 토너 200ml,27900,18.0,33.0,72.0,70.0,27.0,3.0,255,실측
A000000257195,스킨_토너,비욘드,[속수분진정/결정돈] 비욘드 엔젤 아쿠아 이온 히알루 10% 수분 진정 토너 350ml,12900,32.0,14.0,81.0,43.0,57.0,0.0,324,실측
A000000224246,스킨_토너,풀리,[레이PICK/보습광채] 풀리 쌀 세라 에센스 토너 250ml,27000,59.0,6.0,91.0,10.0,84.0,7.0,668,실측
A000000199507,스킨_토너,헤브블루,헤브블루 살몬 PDRN 케어링 센텔라 토너 200ml,26800,35.0,11.0,87.0,56.0,43.0,1.0,1819,실측
A000000162058,스킨_토너,라네즈,[고수분]라네즈 워터뱅크 블루히알루로닉 토너(중건성) 160ml,26400,35.0,0.0,52.0,52.0,48.0,0.0,52,실측
A000000222710,스킨_토너,라네즈,[수부지/기름종이 토너] 라네즈 젤 크림 스킨 170ml 기획 (+50ml),26400,29.0,20.0,71.0,34.0,65.0,1.0,280,실측
A000000205391,스킨_토너,피지오겔,피지오겔 시카밸런스 포맨 카밍 토너 200ml,25900,21.0,22.0,58.0,65.0,32.0,3.0,2063,실측
A000000174023,스킨_토너,닥터지,[진정보습] 닥터지 레드 블레미쉬 클리어 모이스처 토너 증정 기획 (토너 300ml+크림30ml),25600,41.0,9.0,75.0,41.0,58.0,1.0,2047,실측
A000000213413,스킨_토너,리얼베리어,[조슈아PICK]리얼베리어 익스트림 에센스 토너 300ml 기획 (+익스트림 크림 25ml),25000,53.0,4.0,74.0,23.0,76.0,1.0,1547,실측
A000000211164,스킨_토너,넘버즈인,[흔적미백] 넘버즈인 5번 글루타치온씨 비타수액 에센셜 토너 200ml 리필 기획(+200ml 리필),24900,44.0,7.0,66.0,22.0,36.0,42.0,2390,실측
A000000169179,스킨_토너,피지오겔,피지오겔 DMT 포맨 에센셜 토너 200ml,24000,33.0,12.0,63.0,38.0,61.0,1.0,205,실측
A000000222697,스킨_토너,스튜디오17,[수분유산균/대용량] 스튜디오17 워터부스트 히알루론 수분토너 300ml,10900,38.0,12.0,83.0,18.0,81.0,1.0,198,실측
A000000199411,스킨_토너,라네즈,[리필/1등 속보습] 라네즈 크림 스킨 170ml 리필,23400,48.0,7.0,76.0,15.0,85.0,0.0,46,실측
A000000235207,스킨_토너,성분에디터,[수분진정/모공케어] 성분에디터 그린토마토 NMN 포어 하이드로 수딩 토너 350g 기획(+120g),23000,16.0,14.0,45.0,61.0,30.0,9.0,188,실측
A000000164211,스킨_토너,피지오겔,피지오겔 레드수딩 시카밸런스 토너 200ml,22400,19.0,30.0,75.0,66.0,33.0,0.0,921,실측
A000000129474,스킨_토너,코스알엑스,코스알엑스 풀핏 프로폴리스 시너지 토너 280ml,22000,53.0,5.0,79.0,17.0,82.0,1.0,3108,실측
A000000153859,스킨_토너,아이소이,[100시간/보습지속] 아이소이 모이스춰닥터 장수진 수분토너 130ml,22000,38.0,10.0,74.0,46.0,53.0,1.0,1275,실측
A000000183751,스킨_토너,한율,[시카보다 4배*강한] 한율 어린쑥 수분진정 토너 150ml,21600,30.0,12.0,69.0,65.0,35.0,0.0,1282,실측
A000000184771,스킨_토너,비욘드,[각질/미백/보습장벽] 비욘드 엔젤아쿠아 보습장벽 토너 500ml 대용량,9810,49.0,4.0,73.0,23.0,75.0,2.0,2541,실측
A000000199405,스킨_토너,마녀공장,[속보습] 마녀공장 판테토인 에센스 토너 200ml,21000,52.0,5.0,80.0,19.0,80.0,1.0,5016,실측
A000000228906,스킨_토너,헤이네이처,[수호 PICK] 헤이네이처 어성초 스킨 모이스처라이저 토너 200ml,21000,30.0,3.0,77.0,60.0,40.0,0.0,429,실측
A000000124507,스킨_토너,클럽맨피노드,클럽맨피노드 오리지날 에프터쉐이브로션 177ml,20000,17.0,16.0,24.0,80.0,19.0,1.0,1707,실측
A000000167841,스킨_토너,클럽맨피노드,클럽맨리저브 데킬라티즈 에프터쉐이브 177ml,20000,38.0,16.0,38.0,64.0,36.0,0.0,55,실측
A000000221424,스킨_토너,마몽드,[대용량/수분광] 마몽드 플로라 글로우 로즈 워터 토너 500ml,20000,33.0,8.0,70.0,40.0,58.0,2.0,428,실측
A000000212250,스킨_토너,오브제,[대용량] 오브제 포어 제로 필링 토너 310ml,19800,25.0,39.0,79.0,44.0,51.0,5.0,885,실측
A000000210050,스킨_토너,아누아,아누아 복숭아 나이아신아마이드 에센스 토너 250mL,19500,46.0,4.0,71.0,27.0,59.0,14.0,298,실측
A000000129444,스킨_토너,이즈앤트리,[대용량] 이즈앤트리 히아루론산 토너 400ml,19300,41.0,10.0,81.0,27.0,72.0,1.0,964,실측
A000000222939,스킨_토너,웰라쥬,[모공결토너] 웰라쥬 하이퍼 펩타이드 스킨부스터 토너 200ml,18240,28.0,3.0,61.0,27.0,59.0,15.0,76,실측
A000000137657,스킨_토너,라네즈,[촉촉스킨] 라네즈옴므 액티브워터 스킨 180ml,18200,27.0,12.0,52.0,40.0,57.0,3.0,570,실측
A000000145833,스킨_토너,플리프,플리프 시카-알로에 앰플 토너 200ml (여드름성피부추천),18000,26.0,23.0,78.0,62.0,36.0,2.0,349,실측
A000000225919,스킨_토너,하루하루원더,하루하루원더 블랙라이스 히알루로닉 토너 150ml 기획(+30ml),17900,47.0,6.0,80.0,21.0,78.0,1.0,3388,실측
A000000161571,스킨_토너,스킨1004,스킨1004 마다가스카르 센텔라 토닝토너 210ml,17850,32.0,17.0,77.0,59.0,37.0,4.0,500,실측
A000000199847,스킨_토너,리얼베리어,리얼베리어 익스트림 에센스 토너 라이트 300ml 기획 (+라이트 크림 25ml),17000,42.0,6.0,75.0,28.0,71.0,0.0,581,실측
A000000208896,스킨_토너,아이디얼포맨,[콜라겐/레티놀]아이디얼 포 맨 퍼펙트 탄력 스킨 200mL,17000,33.0,14.0,63.0,31.0,57.0,12.0,614,실측
A000000223625,스킨_토너,디오디너리,[각질쓱싹] 디오디너리 글리코릭 애시드 7% 엑스폴리에이팅 토너 240ml,16900,27.0,22.0,32.0,37.0,30.0,33.0,5573,실측
A000000160650,스킨_토너,이즈앤트리,이즈앤트리 어니언 뉴페어 에센스 토너 200ml,16100,23.0,17.0,65.0,63.0,31.0,7.0,290,실측
A000000203564,스킨_토너,닥터지,[슬로에이징/영양탄력] 닥터지 블랙스네일 토너 150ml,15600,50.0,7.0,65.0,26.0,60.0,14.0,940,실측
A000000165355,스킨_토너,AHC,AHC 허브솔루션 위치하젤 토너 500ml,15000,18.0,25.0,60.0,60.0,34.0,7.0,944,실측
A000000165366,스킨_토너,AHC,AHC 허브솔루션 레몬 토너 500ml,15000,33.0,17.0,69.0,54.0,38.0,8.0,48,실측
A000000237491,스킨_토너,코스노리,[리뷰이벤트/장벽토너] 코스노리 판테놀 베리어 토너 205ml,15000,39.0,6.0,93.0,30.0,67.0,4.0,851,실측
A000000158322,스킨_토너,원씽,[톤/결개선] 원씽 나이아신아마이드 10% 토너 150ml,14900,22.0,17.0,53.0,28.0,24.0,48.0,498,실측
A000000213097,스킨_토너,조선미녀,[모공/진정케어] 조선미녀 맑은쌀채운 토너 150ml,14400,45.0,15.0,72.0,30.0,59.0,12.0,94,실측
A000000141327,스킨_토너,디오디너리,[각질쓱싹] 디오디너리 랙틱 애시드 10% + HA 30ml,14000,30.0,34.0,31.0,28.0,34.0,38.0,152,실측
A000000141330,스킨_토너,디오디너리,[각질쓱싹] 디오디너리 랙틱 애시드 5% + HA 30ml,12300,18.0,34.0,35.0,49.0,25.0,26.0,186,실측
A000000154540,스킨_토너,원씽,[수분진정/붉은기완화] 원씽 병풀 추출물 토너 150ml,11500,24.0,18.0,75.0,79.0,21.0,1.0,4514,실측
A000000137388,스킨_토너,아크네스,[피지각질타파] 아크네스 포맨 퍼펙트 스킨 200ml,10800,13.0,26.0,59.0,73.0,24.0,3.0,439,실측
A000000150815,스킨_토너,아크네스,[기름종이토너] 아크네스 세범 밸런싱 스킨 200ml,9900,7.0,40.0,61.0,83.0,16.0,1.0,611,실측
A000000121246,스킨_토너,싸이닉,싸이닉 더 심플 카밍 토너 145ml,7900,19.0,20.0,75.0,64.0,35.0,1.0,333,실측
A000000011084,스킨_토너,엠도씨,엠도씨 릴리프 토닉 위드 애프터셰이브 150ml,20000,26.0,13.0,50.0,65.0,34.0,0.0,196,실측
A000000011085,스킨_토너,엠도씨,엠도씨 세붐 스트라이크 토너 150ml,18000,17.0,42.0,64.0,49.0,47.0,4.0,169,실측
A000000016751,스킨_토너,라끄베르,라끄베르 옴므 리차지 애프터쉐이브 185ml,12000,24.0,14.0,50.0,51.0,45.0,4.0,1132,실측
A000000104144,스킨_토너,크리니크,크리니크 안티-블레미쉬 솔루션 클래리파잉 로션 200ml,37400,11.0,50.0,30.0,83.0,13.0,4.0,127,실측
A000000104167,스킨_토너,크리니크,크리니크 각질케어토너 2 200ml,36550,20.0,19.0,30.0,68.0,26.0,6.0,399,실측
A000000104169,스킨_토너,크리니크,크리니크 각질케어토너 3 200ml,36550,9.0,43.0,25.0,71.0,20.0,8.0,254,실측
A000000104970,스킨_토너,크리니크,크리니크 포 맨 워터리 모이스춰 로션 200ml,45900,42.0,6.0,72.0,36.0,61.0,3.0,34,실측
A000000104976,스킨_토너,크리니크,크리니크 포 맨 엑스폴리에이팅 토닉 200ml,39100,14.58,42.31,39.39,82.61,10.69,20.38,23,예측
A000000113008,스킨_토너,셀린저,셀린저 리얼 토너 씨벅톤 200ml,10000,14.0,33.0,70.0,53.0,42.0,5.0,46,실측
A000000113009,스킨_토너,셀린저,셀린저 리얼 토너 카렌듈라 200ml,10000,30.0,21.0,57.0,61.0,38.0,1.0,59,실측
A000000113010,스킨_토너,셀린저,셀린저 리얼 토너 티트리 200ml,10000,19.0,31.0,75.0,64.0,36.0,0.0,96,실측
A000000113011,스킨_토너,셀린저,셀린저 리얼 토너 센텔라아시아티카 200ml,10000,22.0,18.0,75.0,76.0,24.0,0.0,135,실측
A000000113012,스킨_토너,셀린저,셀린저 리얼 토너 200ml 5종 택1,10000,31.0,19.0,87.0,55.0,43.0,2.0,158,실측
A000000113806,스킨_토너,아이소이,[응급진정토닉] 아이소이 아크니 닥터 1st 컨트롤 토닉 90ml,28800,15.0,26.0,66.0,85.0,15.0,0.0,1159,실측
A000000115384,스킨_토너,로벡틴,[응급진정/유수분케어]로벡틴 시카케어 밸런싱 토너 260ml,17500,25.0,15.0,75.0,72.0,27.0,1.0,609,실측
A000000115420,스킨_토너,셀퓨전씨,[각질케어/청정피부] 셀퓨전씨 트리악 pH 컨디션 토너 200ml,13900,13.0,29.0,62.0,79.0,19.0,2.0,511,실측
A000000115910,스킨_토너,시카고,[진정뿌토] 시카고 시카 엑스퍼트 미스트 토너 150ml,16800,28.0,13.0,71.0,67.0,31.0,2.0,192,실측
A000000121269,스킨_토너,싸이닉,싸이닉 더 심플 카밍 토너 145ml,7900,21.0,18.0,78.0,60.0,40.0,1.0,716,실측
A000000124495,스킨_토너,클럽맨피노드,클럽맨리저브 젠트진 에프터쉐이브 177ml,20000,14.0,18.0,23.0,82.0,16.0,1.0,146,실측
A000000124496,스킨_토너,클럽맨피노드,클럽맨리저브 브랜디스파이스 에프터쉐이브 50ml,9000,28.0,3.0,34.0,75.0,22.0,3.0,35,실측
A000000124501,스킨_토너,클럽맨피노드,클럽맨리저브 위스키우즈 에프터쉐이브 50ml,9000,20.0,11.0,30.0,72.0,26.0,1.0,78,실측
A000000124502,스킨_토너,클럽맨피노드,클럽맨리저브 위스키우즈 에프터쉐이브 177ml,20000,19.0,16.0,30.0,77.0,22.0,1.0,553,실측
A000000124503,스킨_토너,클럽맨피노드,클럽맨피노드 오리지날 에프터쉐이브로션 50ml,9000,18.0,16.0,25.0,80.0,18.0,2.0,249,실측
A000000124509,스킨_토너,클럽맨피노드,클럽맨피노드 머스크 에프터쉐이브코롱 177ml,20000,20.0,16.0,36.0,75.0,25.0,0.0,331,실측
A000000124512,스킨_토너,클럽맨피노드,클럽맨피노드 클래식바닐라 에프터쉐이브로션 177ml,20000,24.0,15.0,21.0,84.0,14.0,2.0,55,실측
A000000125507,스킨_토너,라운드랩,[1등토너]라운드랩 1025 독도 토너 200ml,12900,26.0,16.0,81.0,56.0,44.0,0.0,1490,실측
A000000128107,스킨_토너,닥터자르트,닥터자르트 컨트롤에이 티트리먼트 토너 120ml (티트리 약산성 토너),9600,14.0,31.0,53.0,83.0,16.0,1.0,486,실측
A000000129443,스킨_토너,이즈앤트리,이즈앤트리 히아루론산 토너 200ml,11900,44.0,11.0,79.0,26.0,73.0,1.0,1300,실측
A000000130513,스킨_토너,리우젤,리우젤 에프터 쉐이브 스킨 2종,17000,26.0,13.0,53.0,60.0,40.0,0.0,69,실측
A000000136077,스킨_토너,마녀공장,마녀공장 비피다 바이옴 앰플 토너 400ml,17500,30.0,9.0,78.0,43.0,55.0,2.0,2684,실측
A000000137417,스킨_토너,비오템,비오템 옴므 티쀼르 토너 200ml,65450,18.0,58.0,60.0,56.0,38.0,6.0,46,실측
A000000137445,스킨_토너,비오템,비오템 옴므 아쿠아파워 토너 200ml,53550,10.0,21.0,62.0,41.0,55.0,3.0,163,실측
A000000141900,스킨_토너,유세린,[1+1/모공케어] 유세린 더모리페어 솔루션 토너 200ml 더블 기획 (200ml+200ml),26600,26.0,16.0,69.0,55.0,43.0,3.0,1741,실측
A000000143193,스킨_토너,라네즈,[탄력스킨] 라네즈옴므 블루에너지 스킨토너 180ml,21000,33.0,9.0,59.0,28.0,67.0,5.0,382,실측
A000000144551,스킨_토너,하다라보,[속보습장벽토너] 하다라보 고쿠쥰 로션 170mL,17000,48.0,7.0,83.0,18.0,80.0,2.0,2148,실측
A000000146262,스킨_토너,하다라보,[8종히알루론산] 하다라보 고쿠쥰 프리미엄 로션 170mL,14000,64.0,1.0,78.0,10.0,88.0,2.0,198,실측
A000000147002,스킨_토너,리우젤,리우젤 에프터 쉐이브 우드&스파이스 스킨 2종,17000,35.0,10.0,50.0,53.0,48.0,0.0,37,실측
A000000147660,스킨_토너,AHC,AHC 온리 포맨 토너 150ml,25000,30.0,7.0,56.0,38.0,59.0,3.0,339,실측
A000000148252,스킨_토너,라운드랩,[수분생기] 라운드랩 자작나무 수분 토너 300ml,16800,36.0,9.0,79.0,32.0,68.0,0.0,702,실측
A000000149122,스킨_토너,바버501,바버501 애프터 쉐이브 165ml 2종 택1,18900,20.0,15.0,40.0,78.0,21.0,1.0,1263,실측
A000000151356,스킨_토너,셀퓨전씨,[속수분충전/매끈피부결] 셀퓨전씨 약산성 패리어 토너 300ml,17000,25.0,16.0,79.0,55.0,44.0,1.0,355,실측
A000000152514,스킨_토너,라로슈포제,라로슈포제 에빠끌라 K(+) 토너 200ml (지성 피부),33300,11.0,52.0,62.0,72.0,25.0,3.0,469,실측
A000000154375,스킨_토너,클럽맨피노드,클럽맨피노드 오리지날 에프터쉐이브로션 370ml,29000,14.0,21.0,18.0,85.0,14.0,1.0,259,실측
A000000155413,스킨_토너,더말로지카,[뿌리는 쫀쫀거품 토너] 더말로지카 3 in 1 멀티-액티브 토너 50ml (쿨링/진정/수분),17000,30.0,11.0,56.0,30.0,70.0,0.0,32,실측
A000000156040,스킨_토너,스킨푸드,[트러블케어] 스킨푸드 미나리 토너 300ml,24000,10.0,32.0,66.0,83.0,16.0,1.0,323,실측
A000000157294,스킨_토너,유리아쥬,[수분장벽토너] 유리아쥬 제모스 토너 (본품500ml+250ml 추가 증정),39900,59.0,8.0,82.0,18.0,82.0,0.0,1245,실측
A000000157768,스킨_토너,바비브라운,바비 브라운 하이드레이팅 페이스 토닉,84000,32.28,13.4,71.55,31.92,53.79,8.3,9,예측
A000000158930,스킨_토너,빌리프,[보습폭탄] 빌리프 모이스춰라이징 밤 토너 200ml,27720,54.0,5.0,79.0,18.0,80.0,2.0,190,실측
A000000161036,스킨_토너,레이지소사이어티,레이지소사이어티 시카 애프터쉐이브 토너 스프레이 120ml,14900,18.0,26.0,54.0,74.0,25.0,1.0,128,실측
A000000162977,스킨_토너,라빠레뜨 뷰티,[수분진정/각질제거] 라빠레뜨 뷰티 카밍 그린 턴오버 토너 200ml,15400,24.0,16.0,85.0,83.0,17.0,0.0,85,실측
A000000163734,스킨_토너,더마펌,[나띠PICK][민감보습] 더마펌 모이스트 베리어 부스팅 토너 M4 200ml,21000,31.0,10.0,81.0,34.0,64.0,2.0,210,실측
A000000165303,스킨_토너,센텔리안24,센텔리안24 마데카 옴므 수딩 토너 150ml,22900,35.23,11.42,70.12,30.71,45.17,16.21,18,예측
A000000165360,스킨_토너,AHC,AHC 허브솔루션 알로에베라 토너 500ml,15000,31.0,8.0,49.0,57.0,43.0,0.0,66,실측
A000000165364,스킨_토너,AHC,AHC 허브솔루션 로즈 토너 500ml,15000,36.0,4.0,64.0,37.0,60.0,3.0,73,실측
A000000166383,스킨_토너,큐어,[증량기획] 큐어 리알로에 워터 젤리 토너 500ml 기획 (+50ml),17200,24.0,17.0,76.0,61.0,39.0,1.0,803,실측
A000000167276,스킨_토너,피캄,[피지/진정케어] 피캄 베리어 사이클 락토P 토너 200ml,14900,11.0,29.0,79.0,79.0,18.0,2.0,2458,실측
A000000167843,스킨_토너,클럽맨피노드,클럽맨피노드 드래곤 노어 오데토일렛 414ml,25000,17.34,18.9,39.08,66.34,28.12,1.84,28,예측
A000000167845,스킨_토너,클럽맨피노드,클럽맨피노드 스페셜리저브 에프터쉐이브코롱 177ml,20000,16.57,29.91,43.86,70.69,23.63,1.05,24,예측
A000000168269,스킨_토너,미구하라,미구하라 울트라 화이트닝 퍼펙션 스킨 오리진 400ml,31000,58.0,9.0,88.0,12.0,48.0,39.0,31,실측
A000000169683,스킨_토너,차앤박,[쿨링/진정] 차앤박 아쿠아 수딩 토너 200ml 1+1 기획,21600,49.0,9.0,80.0,35.0,65.0,0.0,874,실측
A000000170038,스킨_토너,닥터지,[트러블/피지케어/화장솜 증정] 닥터지 에이클리어 밸런싱 토너 200ml 증정 기획 (+화장솜 70매),27000,15.0,32.0,63.0,74.0,25.0,1.0,586,실측
A000000171755,스킨_토너,닥터하스킨,[수분충전/저자극] 닥터하스킨 미라클아토 하이드로 토너 150ml,17000,41.0,6.0,85.0,43.0,56.0,1.0,146,실측
A000000175354,스킨_토너,닥터자르트,[보습세럼]닥터자르트 세라마이딘 스킨 베리어 세럼 토너 150ml,40000,57.0,5.0,77.0,20.0,80.0,1.0,739,실측
A000000176512,스킨_토너,트러블레스,트러블레스 마일드 클리어 토너 에센스 200ml,15500,15.0,26.0,89.0,79.0,20.0,1.0,1991,실측
A000000176978,스킨_토너,스킨푸드,[당근토너] 스킨푸드 캐롯 카로틴 수딩 토너 300ml,16800,36.0,8.0,78.0,50.0,50.0,0.0,302,실측
A000000177477,스킨_토너,프랭클리,[응급진정] 프랭클리 시카80 히알루론산 보습 토너 260ml,10800,27.0,19.0,69.0,67.0,32.0,1.0,208,실측
A000000178648,스킨_토너,크리니크,크리니크 모이스춰 써지 하이드로 인퓨즈드 로션 200ml,48450,45.0,0.0,65.0,38.0,63.0,0.0,40,실측
A000000179255,스킨_토너,센텔리안24,[진정/속보습] 센텔리안24 마데카 데일리 리페어 토너 단독 기획 (150ml+50ml),20850,54.0,6.0,84.0,23.0,73.0,4.0,552,실측
A000000179544,스킨_토너,비플레인,[트러블완화/수분진정] 비플레인 시카테롤 토너 200ml,24000,24.0,21.0,78.0,78.0,21.0,0.0,652,실측
A000000180024,스킨_토너,라로슈포제,라로슈포제 시카플라스트 B5 스프레이 100ml,26000,43.0,9.0,73.0,51.0,48.0,1.0,841,실측
A000000180913,스킨_토너,나인위시스,[100시간수분지속/대용량] 나인위시스 비건 하이드라 앰플 토너 500ml,18200,46.0,6.0,81.0,28.0,72.0,0.0,430,실측
A000000181475,스킨_토너,메이크프렘,메이크프렘 인테카 진정 토너 200ml 기획(+리필 100ml+크림 31ml),20800,20.0,33.0,72.0,73.0,26.0,1.0,3021,실측
A000000184790,스킨_토너,라운드랩,[민감진정] 라운드랩 소나무 진정 시카 토너 250ml,20700,27.0,20.0,74.0,72.0,28.0,1.0,1301,실측
A000000185156,스킨_토너,라끄베르,라끄베르 옴므 리차지 시카 애프터쉐이브 185ml,12000,23.0,12.0,51.0,59.0,39.0,2.0,257,실측
A000000187241,스킨_토너,빌리프,빌리프 슈퍼 드랍스 비타민C 워터트리트먼트 150ML,34650,27.0,14.0,72.0,9.0,26.0,65.0,115,실측
A000000188598,스킨_토너,조선미녀,조선미녀 붉은 팥 수분 워터 젤 100ml,18000,30.0,20.0,80.0,35.0,60.0,5.0,57,실측
A000000188830,스킨_토너,조선미녀,조선미녀 인삼에센스워터 150ml,18000,58.0,7.0,74.0,25.0,64.0,11.0,106,실측
A000000189404,스킨_토너,디마르3,디마르3 디엑스 시타듀 리엑팅 토너 2.0 150ml,29000,25.0,19.0,68.0,61.0,39.0,0.0,84,실측
A000000189586,스킨_토너,헤라,헤라 하이드로 리플렉팅 토너 170ml,44000,31.0,8.0,69.0,47.0,53.0,0.0,51,실측
A000000191827,스킨_토너,디마르3,디마르3 시그니처 비트 로제 토너 150ml,28900,52.0,4.0,61.0,25.0,64.0,11.0,54,실측
A000000195660,스킨_토너,아이소이,[수분/진정] 아이소이 포맨 아쿠아 수딩 토너 150ml,25000,23.0,6.0,68.0,60.0,40.0,0.0,94,실측
A000000197102,스킨_토너,이즈앤트리,[NCT 재민PICK] 이즈앤트리 초저분자 히아루론산 토너 300ml,14400,28.0,22.0,73.0,33.0,66.0,1.0,752,실측
A000000197660,스킨_토너,닥터멜락신,닥터멜락신 아쿠아 이온 플라즈마 수분 토너 200ml,14900,55.0,7.0,88.0,21.0,77.0,2.0,86,실측
A000000198834,스킨_토너,테라로직,테라로직 마데셀 더마 리페어 B5 토너 280ml,19900,35.0,8.0,80.0,50.0,48.0,3.0,41,실측
A000000199652,스킨_토너,리얼베리어,리얼베리어 익스트림 에센스 토너 300ml,25000,54.0,2.0,72.0,25.0,74.0,1.0,2475,실측
A000000199824,스킨_토너,랩시리즈,랩시리즈 데일리 레스큐 워터로션 200ml 단품/기획 (+60ml 추가증정),62000,31.0,11.0,68.0,43.0,56.0,2.0,847,실측
A000000200039,스킨_토너,넘버즈인,[흔적미백] 넘버즈인 5번 글루타치온씨 비타수액 에센셜 토너 200ml,18000,39.0,8.0,63.0,19.0,30.0,51.0,1757,실측
A000000201363,스킨_토너,아비브,[매끈결] 아비브 부활초 파하 토너 스킨부스터 200ml,16100,51.0,4.0,72.0,26.0,69.0,5.0,359,실측
A000000203170,스킨_토너,식물나라,식물나라 뽀얀쌀 맑은톤 토너 500ml,15800,43.0,7.0,75.0,24.0,61.0,14.0,1918,실측
A000000203207,스킨_토너,바이오힐보,[탄력토너] 바이오힐보 프로바이오덤 3D 리프팅 에센셜 토너 150ml,20000,53.0,3.0,69.0,24.0,63.0,13.0,1301,실측
A000000204623,스킨_토너,설화수,설화수 자음수EX 150ml,64800,50.0,5.0,68.0,20.0,70.0,10.0,135,실측
A000000204639,스킨_토너,더후,더후 로얄레지나 에너지드롭 트리트먼트 75ml,44550,47.94,6.73,63.2,19.74,55.0,21.01,2,예측
A000000204652,스킨_토너,더후,더후 공진향 탄력 밸런싱 토너 150ml,54600,44.69,7.47,72.36,27.34,59.06,9.14,13,예측
A000000205919,스킨_토너,디오디너리,[수분보습] 디오디너리 사카로미세스 퍼멘트 30% 밀키 토너 100ml,20100,35.38,17.41,69.87,42.28,61.46,7.16,24,예측
A000000206418,스킨_토너,더바디샵,더바디샵 티트리 오일 10ML,15200,15.0,29.0,25.0,90.0,10.0,0.0,303,실측
A000000206419,스킨_토너,더바디샵,더바디샵 티트리 오일 20ML,23750,23.0,19.0,29.0,85.0,14.0,1.0,195,실측
A000000206694,스킨_토너,토리든,토리든 다이브인 포맨 저분자 히알루론산 스킨 300ml,16800,34.0,15.0,67.0,35.0,63.0,1.0,279,실측
A000000207006,스킨_토너,파파레서피,파파레서피 블레미쉬 필링 토너 120ml,16200,31.0,21.0,89.0,40.0,46.0,14.0,84,실측
A000000207031,스킨_토너,제나벨,제나벨 PDRN 리쥬비네이팅 토너 300ml,24000,44.0,2.0,77.0,33.0,63.0,4.0,50,실측
A000000208718,스킨_토너,스콧해미쉬,스콧해미쉬 블루 블렌디드 토너 에센스 180ml,55000,50.0,11.0,94.0,17.0,78.0,6.0,79,실측
A000000208986,스킨_토너,우노,[촉촉스킨] 우노 스킨 세럼 워터 200ml,11200,34.27,7.96,66.37,27.67,60.97,4.68,21,예측
A000000209588,스킨_토너,VT,[NEW/기미잡티케어] VT 티엑스토닝 토너 200ml,23000,34.46,8.07,68.17,30.07,39.35,24.91,27,예측
A000000209641,스킨_토너,티엘스,[첫 단계 톤업 케어] 티엘스 레드 오렌지 나이아신아마이드 토너 150ml,19000,32.0,12.0,83.0,27.0,41.0,32.0,66,실측
A000000209712,스킨_토너,더페이스샵,더페이스샵 더젠틀포맨 안티에이징 스킨 145ml,16100,45.36,5.98,65.98,23.26,56.25,13.45,16,예측
A000000210171,스킨_토너,피토메르,피토메르 로제비자쥐 250ml,35140,26.18,17.74,59.23,49.15,58.75,2.47,16,예측
A000000210415,스킨_토너,헤브블루,[증정기획 진정PDRN] 헤브블루 살몬 PDRN 센텔라 토너 200ml 기획 (+연어 크림 20ml),26800,42.0,8.0,82.0,41.0,57.0,3.0,2775,실측
A000000210471,스킨_토너,더샘,더샘 에코 에너지 아쿠아 토너/에멀전 택1,13300,40.15,8.44,74.94,28.8,43.52,5.78,28,예측
A000000210950,스킨_토너,운스트라움,운스트라움 디 오리진 미스트 토너 150ml,18700,25.64,17.54,62.7,61.52,31.72,4.23,9,예측
A000000211218,스킨_토너,믹순,믹순 병풀 토너 300ml,21200,26.0,13.0,97.0,53.0,45.0,3.0,38,실측
A000000211219,스킨_토너,믹순,믹순 콩 토너 300ml,21200,32.98,11.59,74.94,59.05,46.51,0.53,19,예측
A000000211858,스킨_토너,딕셔니스트,[결청소토너] 딕셔니스트 아미노산 토너 250ml *,30000,18.0,24.0,80.0,44.0,50.0,6.0,96,실측
A000000212792,스킨_토너,셀리맥스,[영양/부스팅토너] 셀리맥스 더 리얼 노니 수분 밸런싱 토너 320ml,32000,29.0,7.0,63.0,56.0,41.0,3.0,112,실측
A000000213385,스킨_토너,더마라인,더마라인 디렉소 PDRN 솔루션 액티빙 토너 200ml,38900,55.0,8.0,95.0,16.0,71.0,13.0,38,실측
A000000214034,스킨_토너,바이오던스,바이오던스 퍼스트 시너지 토너 150ml,28000,42.0,0.0,83.0,11.0,89.0,0.0,36,실측
A000000214177,스킨_토너,키엘,키엘 울트라 훼이셜 토너 75ml,17850,0.0,0.0,100.0,0.0,100.0,0.0,58,실측
A000000214203,스킨_토너,케어놀로지,케어놀로지 리블루 부스팅 멀티 토너 150ml,40800,37.63,6.31,74.17,46.57,54.55,1.29,4,예측
A000000214222,스킨_토너,포레스트 서울,포레스트 서울 히알 피톤시카 세럼토너 200ml,15750,54.0,5.0,92.0,23.0,72.0,5.0,125,실측
A000000214672,스킨_토너,비플레인,[1+1/피지케어] 비플레인 녹두 모공 클리어링 라하 토너 265ml 기획 (+265ml 리필팩),24000,18.0,30.0,65.0,60.0,35.0,4.0,1072,실측
A000000214992,스킨_토너,라운드랩,[1등토너/리필] 라운드랩 1025 독도 토너 200ml 리필팩,11310,29.0,16.0,80.0,44.0,55.0,1.0,354,실측
A000000215222,스킨_토너,리쥬란,[각질개선율191%]리쥬란 더마 힐러 모이스처 트리트먼트 토너 150ml,25200,40.0,6.0,81.0,32.0,59.0,9.0,81,실측
A000000216459,스킨_토너,마몽드,[모공부스터] 마몽드 포어 슈링커 바쿠치올 레티놀 토너 200ml,19200,29.0,10.0,60.0,27.0,46.0,27.0,52,실측
A000000216469,스킨_토너,마몽드,[보습장벽] 마몽드 프로바이오틱스 세라마이드 스킨 소프너 200ml,18000,50.0,5.0,81.0,23.0,75.0,2.0,152,실측
A000000219144,스킨_토너,에르쯔틴,에르쯔틴 리제너레이티브 실트 토너 150ml,15700,37.77,9.88,73.04,27.29,41.18,20.64,11,예측
A000000219625,스킨_토너,유리아쥬,[피지각질토너] 유리아쥬 이제악 토너 250ML기획 (+ 화장솜 20매 증정),19900,20.0,41.0,36.0,71.0,26.0,4.0,112,실측
A000000219966,스킨_토너,몰바니,[김재원 PICK/초록진정] 몰바니 아티시카 리프레쉬 카밍 세럼 30ml,17900,39.0,14.0,91.0,54.0,43.0,3.0,1847,실측
A000000219985,스킨_토너,몰바니,[김재원 PICK] 몰바니 율피 엑소좀 모공 타이트닝 토너 150ml,17900,22.0,9.0,59.0,61.0,30.0,9.0,46,실측
A000000221331,스킨_토너,마몽드,[수분광] 마몽드 플로라 글로우 로즈 워터 토너 300ml,16000,32.0,5.0,71.0,34.0,63.0,2.0,128,실측
A000000221744,스킨_토너,아벤느,아벤느 이드랑스 딥모이스트 로션 200ml 기획 (+스킨케어 패드 10매입),25500,54.0,4.0,76.0,27.0,72.0,1.0,588,실측
A000000222250,스킨_토너,이니스프리,[모공속광] 이니스프리 레티놀 그린티 PDRN 스킨부스터 토너 170ml 기획 (+50ml),18000,36.0,7.0,63.0,27.0,59.0,14.0,128,실측
A000000222739,스킨_토너,마몽드,마몽드 맨 리차징 토너 180ml,15200,46.0,0.0,77.0,38.0,62.0,0.0,35,실측
A000000223334,스킨_토너,아벤느,[리뉴얼] 아벤느 핑크 수딩 토너 200ml 기획 (+화장솜),25900,39.0,8.0,78.0,36.0,62.0,2.0,203,실측
A000000224040,스킨_토너,아누아,아누아 라이스 70 글로우 밀키 토너 250ml,19500,63.0,6.0,77.0,17.0,77.0,6.0,35,실측
A000000224385,스킨_토너,스킨푸드,[각질순삭] 스킨푸드 블랙슈가 퍼펙트 토너 2X 포 맨 180ml,20000,33.0,0.0,33.0,67.0,33.0,0.0,64,실측
A000000225066,스킨_토너,키엘,키엘 울트라 훼이셜 토너 (75ml/250ml),17850,32.21,8.98,72.08,31.45,57.07,5.74,28,예측
A000000225492,스킨_토너,랩시리즈,랩시리즈 클리어 LS 세범 인스턴트 매티파잉 에센스 200ml,61000,25.62,20.62,61.13,60.37,34.3,2.06,2,예측
A000000225907,스킨_토너,리엔케이,[NEW] 리엔케이 하이퍼 히알 플럼핑 토너 200ml,17500,34.61,13.73,74.75,43.89,62.36,0.0,10,예측
A000000226099,스킨_토너,이니스프리,이니스프리 그린티 스킨 포맨 150ml,15400,28.0,10.0,82.0,44.0,56.0,0.0,39,실측
A000000227275,스킨_토너,어나더페이스,[매끈물광&피지쓱싹] 어나더페이스 펩타테놀 수분 밸런스 토너 120ml,18750,49.0,9.0,95.0,21.0,77.0,2.0,244,실측
A000000227666,스킨_토너,아비브,아비브 글루타치온좀 잡티 토너 스킨부스터 200ml,23000,45.0,6.0,64.0,45.0,42.0,12.0,33,실측
A000000228333,스킨_토너,토리든,토리든 밸런스풀 시카 각질 토너 250ml,24000,18.0,26.0,52.0,67.0,30.0,3.0,138,실측
A000000228908,스킨_토너,헉슬리,헉슬리 컨디셔닝 에센스 토너 프리쉐이프 200ml,19900,37.97,10.56,75.86,37.21,54.52,6.55,18,예측
A000000229286,스킨_토너,랑콤,랑콤 토닉 꽁포르 토너 200ml/400ml,63750,70.0,0.0,80.0,20.0,77.0,3.0,30,실측
A000000229463,스킨_토너,디퍼,[수분진정/약산성] 디퍼 히알루론산 히알큐브 수분 토너 300ml,18800,47.0,7.0,88.0,21.0,78.0,1.0,412,실측
A000000229470,스킨_토너,정샘물,[결정돈토너] 정샘물 에센셜 물 토너 200ml,23000,57.0,0.0,73.0,19.0,81.0,0.0,37,실측
A000000229487,스킨_토너,아이오페,[NEW] 아이오페 XMD 스템3 클리니컬 리커버리 소프너 130ml,42300,37.91,9.31,72.94,26.17,47.45,14.19,26,예측
A000000229509,스킨_토너,지피덤,[장벽탄력/화잘먹] 지피덤 셀트리온EGF 스킨베리어 크림에센스 밀키토너 150ml,20340,53.0,9.0,87.0,17.0,81.0,2.0,94,실측
A000000229955,스킨_토너,스킨앤랩,[촉촉토너] 스킨앤랩 베리어덤 모이스처 부스팅 토너 300ml,18000,45.82,8.24,79.76,30.15,70.99,0.0,9,예측
A000000230943,스킨_토너,SVR,[미네랄 수분 부스팅 토너] SVR 피지오퓨어 토너 200ml,38000,33.84,15.07,71.59,40.99,59.18,0.83,3,예측
A000000231459,스킨_토너,허블룸,[NEW/뿌리는토너미스트] 허블룸 콤부차 플랜트 바이옴 토너 150ml,19200,34.0,8.0,87.0,53.0,47.0,0.0,53,실측
A000000232188,스킨_토너,피지오겔,피지오겔 DMT 에센스 인 토너 200ml,21600,52.0,6.0,78.0,22.0,77.0,1.0,1990,실측
A000000232996,스킨_토너,빌리프,[NEW] 빌리프 맨올로지 프로텍티브 엑토인 토너 150ml,23100,38.56,9.97,73.3,36.08,56.88,12.15,7,예측
A000000233020,스킨_토너,VT,[광채부스팅] VT 피디알엔 토너 250ml,25000,51.0,6.0,81.0,27.0,71.0,3.0,158,실측
A000000234358,스킨_토너,오브제,오브제 모이스처 프로틴 장벽 토너 200ml,19900,50.0,8.0,94.0,12.0,86.0,2.0,246,실측
A000000238511,스킨_토너,헤라,헤라 옴므 블루 에센스 인 토너 125ML,38400,40.57,7.66,73.79,24.72,64.99,3.94,10,예측
A000000241106,스킨_토너,피캄,[30ml추가증정/피지밸런싱] 피캄 베리어 사이클 토너 200ml 기획 (+30ml),14900,24.0,20.0,61.0,71.0,29.0,0.0,1437,실측
A000000242750,스킨_토너,빌리프,빌리프 프라블럼 솔루션 비건 PHA 클리어링 토너 150ml,23100,39.9,8.78,74.12,37.34,56.45,9.06,14,예측
A000000244661,스킨_토너,키엘,[NEW] 키엘 훼이셜 퓨얼 인비고레이팅 토닉 포 맨 250ml,44100,17.97,26.99,43.94,40.23,37.31,7.12,3,예측
A000000246660,스킨_토너,오브제,[수분 진정토너] 오브제 맥스 수딩 토너 500ml,13900,64.0,9.0,97.0,19.0,80.0,1.0,70,실측
A000000247057,스킨_토너,에스테덤,[대용량]에스테덤 카밍 리하이드레이팅 로션 맥스 400ml,34300,76.0,3.0,76.0,15.0,85.0,0.0,33,실측
A000000247112,스킨_토너,스킨앤랩,[NEW/잡티토닝] 스킨앤랩 글루타치온 앰플 토너 200ml,25000,51.0,5.0,89.0,11.0,56.0,33.0,1112,실측
A000000248574,스킨_토너,설화수,[NEW/미백] 설화수 자정수 150ml,82800,40.11,11.27,70.83,23.72,47.89,27.86,2,예측
A000000248586,스킨_토너,폴라초이스,[화잘먹/단독기획]폴라초이스 스킨 퍼펙팅 바하 리퀴드 엑스폴리언트 118ml 더블 기획,54600,17.68,36.47,54.73,53.15,26.85,19.24,15,예측
A000000248974,스킨_토너,rdrd,[NEW] rdrd 레드 애플 락토 진정 팝핑 토너 95g,21900,39.0,10.0,82.0,49.0,50.0,1.0,1040,실측
A000000248981,스킨_토너,rdrd,[NEW] rdrd 핑크 애플 락토 장벽 팝핑 토너 95g,22400,44.0,0.0,83.0,47.0,53.0,0.0,36,실측
A000000248983,스킨_토너,rdrd,[NEW] rdrd 그린 애플 락토 리밸런싱 팝핑 토너 95g,22400,17.0,32.0,72.0,68.0,28.0,4.0,53,실측
A000000248985,스킨_토너,rdrd,[NEW] rdrd 골드 애플 락토 흔적 팝핑 토너 95g,22400,42.0,13.0,82.0,36.0,44.0,20.0,45,실측
A000000249480,스킨_토너,글로우,글로우 레몬 비타민 토너 300ml,30400,54.0,6.0,89.0,13.0,73.0,14.0,140,실측
A000000250143,스킨_토너,라로슈포제,[각질유분케어] 라로슈포제 에빠끌라 K(+) 토너 200ml 기획(+에빠끌라 폼 50ml),33300,14.0,41.0,55.0,71.0,25.0,4.0,605,실측
A000000250226,스킨_토너,세포랩,[화잘먹부스팅템] 세포랩 바이오제닉 에센스 블렌디드 포뮬라 50% 30ml,12000,41.0,21.0,69.0,24.0,72.0,3.0,2851,실측
A000000251806,스킨_토너,가쉬,[미백/잡티케어] 가쉬 타겟티드 브라이트닝 겔 미스트 100ml,27500,66.0,6.0,95.0,5.0,74.0,22.0,65,실측
A000000251814,스킨_토너,가쉬,[진정/흔적케어] 가쉬 타겟티드 블레미쉬 겔 미스트 100ml,27500,46.0,12.0,93.0,37.0,56.0,7.0,59,실측
A000000251819,스킨_토너,가쉬,[모공결/피지케어] 가쉬 타겟티드 포어 겔 미스트 100ml,27500,49.0,20.0,95.0,12.0,80.0,8.0,132,실측
A000000252666,스킨_토너,크리니크,크리니크 각질케어토너 1.0 200ml,36550,21.2,39.18,62.35,65.4,30.28,2.29,0,예측
A000000252670,스킨_토너,크리니크,크리니크 이븐 베터 브라이트닝 에센스 로션 175ml,61200,22.23,18.24,61.03,51.33,29.12,8.21,0,예측
A000000252722,스킨_토너,식물나라,[NEW] 식물나라 어린녹차 촉촉 진정 젤 크림 100ml,10800,34.48,13.01,73.47,38.04,64.29,0.13,19,예측
A000000254392,스킨_토너,리얼베리어,[NEW/버블수분] 리얼베리어 워터리 히알 버블 토너 140ml,24000,46.0,10.0,92.0,22.0,78.0,0.0,376,실측
A000000255442,스킨_토너,스킨1004,스킨1004 마다가스카르 센텔라 히알루-테카 글래스 스킨 밀크 210ml,32000,36.29,9.26,74.68,32.99,52.17,14.41,1,예측
A000000257084,스킨_토너,그라펜,[모공픽서/각질개선] 그라펜 포어올킬 미스트토너 120ml(호박스 공동개발),22000,49.0,17.0,94.0,17.0,80.0,3.0,35,실측
A000000257541,스킨_토너,마녀공장,[스킨부스터/화잘먹토너] 마녀공장 글루타치온 7 다크스팟 토너 200ml,23000,40.04,10.03,73.39,33.64,35.69,25.97,19,예측
A000000257591,스킨_토너,원씽,[단독기획] 원씽 병풀추출물 150ml 더블 기획 (+병풀 수딩 마스크 2매),28000,27.0,16.0,80.0,70.0,29.0,0.0,5343,실측
A000000257657,스킨_토너,오휘,오휘 마이스터 포맨 하이드라 스킨 150ml,46750,36.59,11.9,73.77,35.03,60.2,0.16,0,예측
A000000257660,스킨_토너,오휘,오휘 마이스터 포맨 프레쉬 스킨 150ml,46750,19.48,24.94,49.82,59.04,48.42,3.05,1,예측
A000000258894,스킨_토너,더랩바이블랑두,더랩바이블랑두 올리고 히알루론산 딥 토너 100ml,8900,38.51,12.76,76.41,30.41,69.64,0.47,13,예측
A000000260338,스킨_토너,페이보릿,페이보릿 매일 크림 토너 160ml,31500,44.63,7.91,77.73,23.3,63.98,1.57,20,예측
A000000261635,스킨_토너,로벡틴,[아티스트PICK/화잘먹 토너] 로벡틴 블루 히알루론산 프렙 부스트 토너 120ml,17400,41.47,10.71,72.3,22.96,68.31,7.55,15,예측
A000000255328,스킨_토너,아누아,[한정기획] 아누아 어성초 77 히알루론산 수분 진정 토너 350ml 더블기획 (+어성초 크림 20ml),27500,26.0,18.0,75.0,60.0,38.0,1.0,1978,실측
A000000144122,스킨_토너,애즈이즈투비,[속수분UP] 애즈이즈투비 히아루로닉 에센셜 토너 200ml,11000,54.0,5.0,80.0,24.0,75.0,1.0,83,실측
A000000116658,스킨_토너,유리아쥬,[빠른진정토너] 유리아쥬 배리어덤 시카 토너 250ml,19900,32.0,19.0,76.0,61.0,38.0,1.0,954,실측
A000000118247,스킨_토너,엠브리올리스,엠브리올리스 오 드 보떼 로자멜리스 200ml,32000,17.74,22.8,57.58,63.77,32.96,1.68,25,예측
A000000124493,스킨_토너,클럽맨피노드,클럽맨리저브 젠트진 에프터쉐이브 50ml,9000,17.0,17.0,23.0,85.0,15.0,0.0,80,실측
A000000124499,스킨_토너,클럽맨피노드,클럽맨리저브 브랜디스파이스 에프터쉐이브 177ml,20000,20.0,16.0,24.0,76.0,24.0,0.0,46,실측
A000000124508,스킨_토너,클럽맨피노드,클럽맨피노드 머스크 에프터쉐이브코롱 50ml,9000,19.0,11.0,29.0,79.0,21.0,0.0,64,실측
A000000124511,스킨_토너,클럽맨피노드,클럽맨피노드 클래식바닐라 에프터쉐이브로션 50ml,9000,18.11,20.14,31.55,75.24,21.56,0.0,25,예측
A000000128323,스킨_토너,닥터자르트,닥터자르트 컨트롤에이 티트리먼트 토너 200ml (티트리 약산성 토너),13200,7.0,35.0,44.0,90.0,9.0,1.0,158,실측
A000000151890,스킨_토너,생블랑쉬,생블랑쉬 퓨어토너 300ml,32000,73.0,2.0,73.0,14.0,86.0,0.0,44,실측
A000000154177,스킨_토너,닥터지,[진정/각질제거/대용량] 닥터지 레드 블레미쉬 클리어 수딩 토너 500ml,29900,23.0,16.0,74.0,62.0,37.0,1.0,4385,실측
A000000158369,스킨_토너,에스네이처,[역대급증정/화해1위 3관왕] 에스네이처 아쿠아 오아시스 토너 300ml,17200,28.0,10.0,77.0,40.0,60.0,0.0,3160,실측
A000000158921,스킨_토너,빌리프,빌리프 스트레스 슈터 시카 수딩 토너 200ml,29260,34.0,8.0,68.0,64.0,35.0,1.0,92,실측
A000000159291,스킨_토너,마몽드,마몽드 레티놀 앰플 토너 250ml,17500,39.0,8.0,60.0,23.0,47.0,30.0,643,실측
A000000159466,스킨_토너,닥터브로너스,닥터브로너스 로즈 발란싱 스킨 소프트너 240ml,23000,50.0,3.0,88.0,22.0,75.0,3.0,31,실측
A000000161314,스킨_토너,유세린,[모공케어] 유세린 더머토클린 클래리파잉 토너 200ml,19600,29.0,14.0,76.0,52.0,46.0,2.0,1590,실측
A000000169999,스킨_토너,달팡,달팡 인트랄 데일리 미셀러 토너 200ml,26440,44.0,10.0,73.0,40.0,57.0,3.0,63,실측
A000000170418,스킨_토너,비오템,비오템 비오수르스 중복합성 토너 400ml,67150,36.0,6.0,90.0,12.0,88.0,0.0,50,실측
A000000170638,스킨_토너,에센허브,에센허브 티트리 90 카밍 토너 320ml,19950,13.0,26.0,63.0,80.0,19.0,2.0,126,실측
A000000173994,스킨_토너,글로오아시스,글로오아시스 프로바이오틱스 플러스 애프리콧 오일 밀크듀 밸런싱 토너 120ml,39000,43.0,16.0,91.0,18.0,80.0,1.0,137,실측
A000000174370,스킨_토너,바이오더마,바이오더마 하이드라비오 토너 500ml,28300,37.0,12.0,76.0,28.0,71.0,1.0,11730,실측
A000000177757,스킨_토너,넘버즈인,[수딩진정] 넘버즈인 1번 진정 맑게담은 청초토너 300ml 기획 (+1번 패드 10매 증정),26000,18.0,23.0,78.0,79.0,20.0,1.0,7484,실측
A000000178075,스킨_토너,헤라,헤라 옴므 파워부스팅 토너 150ML,52000,50.0,9.0,80.0,11.0,89.0,0.0,44,실측
A000000178514,스킨_토너,코스톡,코스톡 타임리스 에센스스킨 200ml,33000,41.0,6.0,94.0,22.0,69.0,10.0,771,실측
A000000178990,스킨_토너,비마이셀프,비마이셀프 C2 워터플럼핑 토너 200ml,23900,38.75,9.19,73.58,43.52,56.74,0.89,5,예측
A000000181193,스킨_토너,닥터자르트,[강력진정/산뜻보습] 닥터자르트 시카페어 인텐시브 수딩 리페어 트리트먼트 로션 150ml,39000,31.0,26.0,92.0,63.0,37.0,0.0,93,실측
A000000182486,스킨_토너,에스테덤,[대용량] 에스테덤 하이드라 로션 맥스 400ml,49000,55.0,7.0,81.0,17.0,80.0,3.0,215,실측
A000000184965,스킨_토너,피캄,[피지/진정케어] 피캄 베리어 사이클 락토P 토너200ml 기획(+화장솜 증정),12900,21.0,24.0,67.0,75.0,23.0,2.0,3503,실측
A000000187652,스킨_토너,헤라,헤라 옴므 에센스인스킨 125ML,36800,27.0,18.0,61.0,22.0,78.0,0.0,81,실측
A000000191894,스킨_토너,후시다인,후시다인 더마 트러블 밸런싱 토너 150ml,25000,47.0,15.0,92.0,45.0,53.0,1.0,363,실측
A000000199669,스킨_토너,슬로소피,슬로소피 뉴티놀 토너 150ml,38000,33.26,13.17,76.19,43.87,50.47,4.15,22,예측
A000000200229,스킨_토너,케어존,케어존 리큐어 노르데나우 시카 토너 490ml,18000,16.0,17.0,63.0,57.0,42.0,1.0,249,실측
A000000206409,스킨_토너,더바디샵,더바디샵 티트리 스킨 클리어링 토너 250ML,26600,17.66,25.53,47.9,55.17,36.91,8.77,5,예측
A000000206424,스킨_토너,더바디샵,더바디샵 티트리 래피드 액션 젤 15ML,17100,14.6,27.8,48.72,48.04,45.7,8.86,17,예측
A000000210550,스킨_토너,폴라초이스,[바르는각질제거제]폴라초이스 스킨퍼펙팅 바하 리퀴드 118ml 기획,31200,12.0,43.0,37.0,58.0,22.0,20.0,1621,실측
A000000212908,스킨_토너,비플레인,[각질쓱삭/피지케어] 비플레인 녹두 모공 클리어링 라하 토너 265ml,12000,12.0,28.0,61.0,72.0,24.0,4.0,641,실측
A000000213407,스킨_토너,반코르,반코르 닥터 세라마이드 토너 150ml,17850,51.0,4.0,85.0,14.0,81.0,5.0,81,실측
A000000214254,스킨_토너,키엘,키엘 울트라 훼이셜 오일-프리 토너 250ml,39950,36.74,13.99,76.8,42.79,62.78,0.92,20,예측
A000000214753,스킨_토너,올리고더미,올리고더미 카렌듈라 토닝로션 500ml,35600,32.45,12.34,71.11,33.76,36.27,21.36,8,예측
A000000217325,스킨_토너,달팡,달팡 인트랄 데일리 트리트먼트 로션 150ml (온),48380,28.08,18.34,64.64,51.83,66.1,4.57,1,예측
A000000217777,스킨_토너,닥터디퍼런트,닥터디퍼런트 스케일링 토너 (지성용) 300ml (AD),25600,5.0,71.0,52.0,71.0,16.0,14.0,58,실측
A000000218716,스킨_토너,눅스,[저자극 로즈 토너+미니오일증정]눅스 베리로즈 리프레쉬 토너 200ml 기획,33000,29.0,16.0,66.0,32.0,65.0,3.0,62,실측
A000000223783,스킨_토너,닥터지,[증정 기획] 닥터지 레드 블레미쉬 포 맨 멀티 수딩 토너 200ml 보습 기획세트 (+올인원크림 30ml),24800,25.0,18.0,66.0,50.0,50.0,0.0,601,실측
A000000227223,스킨_토너,브리올옴므,브리올옴므 퍼펙트 화이트닝 토너 120ml*,24000,35.57,10.8,70.33,28.0,41.89,6.94,14,예측
A000000228073,스킨_토너,아이디얼포맨,아이디얼포맨 파워쿨링 애프터 쉐이브 2종 세트,24000,35.61,14.84,68.71,38.02,39.6,8.92,482,예측
A000000228953,스킨_토너,토리든,[NEW]토리든 밸런스풀 포맨 시카 클리어링 스킨 300ml,17600,16.0,22.0,50.0,76.0,23.0,1.0,328,실측
A000000229723,스킨_토너,LBB,[뿌리는 진정토너]LBB 모이스처라이징 프라임 토너 100ml,33300,86.0,0.0,100.0,29.0,71.0,0.0,34,실측
A000000229965,스킨_토너,플로디카,플로디카 리웨이크 모이스트 트리트먼트 150ml,15500,42.0,3.0,89.0,12.0,86.0,1.0,74,실측
A000000231074,스킨_토너,성분에디터,[포켓몬 에디션/모공케어] 성분에디터 그린토마토 NMN 포어 하이드로 수딩 토너 350g 기획 (+120g)*,21500,26.0,15.0,73.0,47.0,48.0,5.0,285,실측
A000000233002,스킨_토너,미닉,[민감지성피부/유분케어] 미닉 노세범 블루 캐모마일 수분 쿨링 토너 200ml,18500,34.78,12.08,76.4,39.21,48.29,3.37,3,예측
A000000233187,스킨_토너,헤브블루,[한정기획/진정PDRN] 헤브블루 살몬 케어링 센텔라 토너 200ml 기획 (+센텔라앰플13ml+버블디스펜서) *,26800,38.0,8.0,75.0,46.0,53.0,1.0,3085,실측
A000000243074,스킨_토너,라네즈,[속보습/화잘먹] 라네즈 크림스킨 170ml 기획,26400,59.0,4.0,76.0,17.0,82.0,1.0,24690,실측
A000000243621,스킨_토너,아누아,아누아 어성초 77 히알루론 수분 진정 토너 250ml 더블 기획,37500,26.0,18.0,72.0,61.0,38.0,1.0,814,실측
A000000245459,스킨_토너,바이오더마,바이오더마 하이드라비오 토너 500ml 기획 (+거품 용기),28300,39.0,10.0,76.0,28.0,71.0,1.0,8180,실측
A000000246774,스킨_토너,라운드랩,[더블기획/1등토너] 라운드랩 1025 독도 토너 300ml 더블 기획 (+말랑키링),28000,32.0,13.0,78.0,37.0,62.0,1.0,10725,실측
A000000251196,스킨_토너,바이오더마,바이오더마 세비엄 로션 200ml (2604),22900,18.45,44.38,63.77,62.27,35.72,1.35,4,예측
A000000252322,스킨_토너,닥터지,[NEW/미니어처증정] 닥터지 레드 블레미쉬 10-시카 캡슐 수딩 토너 300ml 기획 (+100ml),22500,29.0,10.0,71.0,51.0,48.0,1.0,276,실측
A000000255246,스킨_토너,라운드랩,[미스트형/1등토너] 라운드랩 1025 독도 토너 300ml 1+1 기획 (+늘어나는 스킨패드 30매),25900,33.0,14.0,77.0,40.0,59.0,1.0,13146,실측
A000000255602,스킨_토너,헤라,[NEW] 헤라 옴므 블랙 인텐스 리차징 토너 125ml,56000,39.44,7.05,66.93,35.64,55.06,8.1,0,예측
A000000256079,스킨_토너,rdrd,[NEW/단독기획] rdrd 레드 애플 락토 진정 팝핑 토너 95g 응급진정 KIT 기획,22400,44.0,8.0,92.0,45.0,54.0,1.0,1681,실측
A000000258292,스킨_토너,토리든,토리든 다이브인 저분자 히알루론산 토너 300ml,15700,35.21,13.04,78.49,37.67,62.49,0.97,6,예측
A000000261442,스킨_토너,블랑네이처,블랑네이처 9배 고농축 어성초 토너 300ml 기획 (+30ml),21900,0.0,0.0,0.0,0.0,0.0,0.0,4946,실측
A000000261666,스킨_토너,닥터지,[증정 기획] 닥터지 레드 블레미쉬 포 맨 멀티 수딩 토너 200ml 보습 기획 (+탄력 올인원30ml),24800,0.0,67.0,67.0,67.0,33.0,0.0,252,실측
A000000171581,스킨케어세트,우르오스,"[남성 선물 추천] 우르오스 2종 세트 택1(지복합성, 중건성)",33500,31.98,15.23,69.16,34.29,59.84,0.0,1274,예측
A000000203250,스킨케어세트,바이오힐보,[기프트추천] 바이오힐보 프로바이오덤 3D리프팅 스킨케어 2종세트 (토너150ml+에멀전150ml),36880,48.06,6.26,68.42,20.13,56.14,19.49,3716,예측
A000000183868,스킨케어세트,아이오페,[남성선물 추천]아이오페 맨 2종세트(에센스145ml+에멀젼 120ml+3종미니어처 증정,54600,41.48,8.24,70.83,29.61,51.04,12.56,1253,예측
A000000183741,스킨케어세트,한율,[선물세트] 한율 어린쑥 수분진정 2종세트 (토너150ml+플루이드125ml),44900,31.66,14.83,70.26,49.16,52.52,7.05,1687,예측
A000000199156,스킨케어세트,라운드랩,[번들모공] 라운드랩 포 맨 소나무 토너/로션 2종 기획(+진정 클렌저 40ml 증정),30300,26.52,16.42,71.41,62.13,26.7,2.11,5378,예측
A000000179227,스킨케어세트,피지오겔,피지오겔 DMT포맨 증정 기획세트 2종 한정기획 (플루이드 or 크림),29900,47.99,6.78,76.46,26.98,74.55,0.98,4252,예측
A000000187675,스킨케어세트,라운드랩,[박재훈PICK] 라운드랩 포맨 자작나무 토너/로션 2종기획 (쉐이빙 폼40ml or 토너300ml+미니세트),29300,27.91,16.67,69.45,53.66,32.23,0.0,7851,예측
A000000137179,스킨케어세트,라운드랩,[저자극/세트] 라운드랩 1025 독도 토너/로션 2종 기획 (200ml+200ml),26000,31.82,13.85,72.03,49.5,48.61,5.83,3296,예측
A000000207115,스킨케어세트,토리든,토리든 다이브인 포맨 저분자 히알루론산 스킨/젤로션 2종 기획(+스킨30ml+젤로션20ml),29600,32.2,12.78,78.7,41.77,52.28,0.0,2035,예측
A000000204635,스킨케어세트,설화수,설화수 탄력/윤조 3종 기획,193500,39.99,7.82,71.53,34.84,56.1,9.82,619,예측
A000000231763,스킨케어세트,설화수,[NEW] 설화수 자음 2종/트라이얼 기획,76500,37.12,8.06,70.82,30.77,45.88,8.07,89,예측
A000000143189,스킨케어세트,라네즈,[탄력세트] 라네즈옴므 블루에너지 2종 기획 (+미니어처 25ml 2종),40300,39.73,9.67,66.43,27.26,56.7,8.62,1634,예측
A000000243501,스킨케어세트,온그리디언츠,[속광 진정 2종] 온그리디언츠 스킨 베리어 2종 세트 (카밍 소프너 250ml + 카밍 로션 이엑스 80ml),17500,34.39,11.68,78.77,48.59,53.39,6.2,557,예측
A000000230868,스킨케어세트,아이디얼포맨,[남자선물추천] 아이디얼포맨 퍼펙트 탄력 스킨&로션 2종 세트,26800,36.37,8.93,67.71,33.56,39.13,11.68,1088,예측
A000000190132,스킨케어세트,닥터지,[증정기획/선물세트] 닥터지 블랙스네일 옴므 프레스티지 3종 세트 (토너150ml+에멀전150ml+클렌징폼70ml),32300,45.62,5.81,75.6,21.59,56.84,21.39,487,예측
A000000149992,스킨케어세트,마녀공장,[토너&로션] 마녀공장 비피다 바이옴 앰플 토너 300ml + 비피다 앰플 로션 300ml 2종 세트,29900,41.17,9.63,76.27,35.18,66.36,0.0,1013,예측
A000000223780,스킨케어세트,닥터지,[선물세트/수분진정] 닥터지 레드 블레미쉬 포 맨 토너/진정올인원 2종 기획 (+미니어처 2종),42000,34.87,12.75,67.79,41.44,30.48,8.33,7759,예측
A000000259712,스킨케어세트,하다라보,하다라보 고쿠쥰 로션&밀크 세트 (로션 170ml+밀크 140ml+디스펜서+화장솜 20매),18900,36.83,12.91,75.95,27.98,75.6,0.0,2636,예측
A000000173489,스킨케어세트,AHC,[올리브영 단독] AHC 온리포맨 스킨케어 2종 기프트 세트,25000,38.36,12.1,70.14,29.87,63.42,8.73,1154,예측
A000000235083,스킨케어세트,숨37,숨37 타임 에너지 모이스트 기초 2종 기획,36000,27.84,19.06,66.47,35.77,57.68,6.93,44,예측
A000000188898,스킨케어세트,한율,[선물세트] 한율 빨간쌀 보습탄력 2종세트 (에센스150ml+에멀젼125ml),72000,40.36,8.44,73.22,25.93,56.98,15.45,937,예측
A000000006570,스킨케어세트,우르오스,우르오스 지복합성 2종 기획,33500,29.99,14.24,70.02,37.93,66.76,2.15,627,예측
A000000216255,스킨케어세트,오브제,[단독기획/5중모공케어] 오브제 포어 제로 토너/로션 2종 기획,30800,29.66,13.58,72.84,57.33,53.71,1.27,1396,예측
A000000228951,스킨케어세트,토리든,토리든 밸런스풀 포맨 시카 클리어링 스킨/로션 2종 기획 (+스킨30ml+로션20ml),29900,33.21,11.37,75.69,45.89,38.64,7.41,329,예측
A000000257406,스킨케어세트,이지듀,[진정+리페어+색소침착3종케어] 이지듀 EGFx 다운타임 3종 키트 (세럼 40ml+크림60ml+오인트겔5ml),48800,43.9,7.23,77.91,31.06,66.53,6.42,1536,예측
A000000231522,스킨케어세트,눅스,[화잘먹오일프렙]눅스 윌 프로디쥬스 미니오일 기프트 2종 기획,14280,44.73,6.18,75.54,21.63,61.54,1.61,931,예측
A000000232992,스킨케어세트,닥터지,[선물세트/광채탄력] 닥터지 블랙스네일 레티놀 3종 기프트세트 (크림 50ml + 앰플 50ml + 마스크팩 1매),43000,48.03,4.9,72.61,24.39,67.21,9.03,580,예측
A000000147466,스킨케어세트,플리프,플리프 시카-알로에 앰플토너 200ml+카밍 올인원 200ml,34800,30.47,14.6,74.3,62.88,28.58,11.19,71,예측
A000000249719,스킨케어세트,오브제,[기프트패키지] 오브제 모공기초 2종 기획 (포어제로 올인원+무드체인지 레드립밤),33900,33.71,10.61,67.09,20.93,36.19,30.1,13031,예측
A000000260527,스킨케어세트,디오디너리,[단독/트러블케어] 디오디너리 타겟 앤 트리트 세트 (나이아신아마이드 세럼 15ml+ 트러블 스팟 트리트먼트 5g),15800,22.89,21.26,66.9,55.36,28.57,11.42,16,예측
A000000210481,스킨케어세트,더샘,[여행용키트 증정기획] 더샘 미네랄 옴므 블랙 이엑스 2종 세트,32200,40.75,8.58,74.01,36.48,49.21,6.09,28,예측
A000000204590,스킨케어세트,피지오겔,[한정기획] 피지오겔 시카밸런스 포맨 2종 (+플루이드 100ml or 크림 70ml),31900,21.9,22.01,70.91,70.56,32.34,0.26,2792,예측
A000000237967,스킨케어세트,이니스프리,이니스프리 그린티 스킨&로션 포맨 2종 세트,30800,33.79,8.81,64.59,31.75,50.97,5.32,113,예측
A000000224735,스킨케어세트,아이디플라코스메틱,[모공교정] 아이디플라코스메틱 엑소브이 프로리프팅 세트(리프팅 앰플 5ml + MTS 롤러) *,27800,36.81,8.61,72.69,18.93,46.56,26.56,194,예측
A000000151892,스킨케어세트,하다라보,하다라보 고쿠쥰 프리미엄 로션&밀크 기획,21420,39.41,10.07,79.07,30.58,75.2,1.83,758,예측
A000000200326,스킨케어세트,디오디너리,"[유수분SET] 디오디너리 스킨 서포트 세트 (나이아신아마이드 30ml, 히알루로닉 애시드 30ml)",18300,36.91,12.91,69.78,37.82,59.33,8.34,474,예측
A000000131740,스킨케어세트,싸이닉,싸이닉 더 심플 스킨케어 2종 기획 (토너145mlx2+로션145ml),15800,31.7,13.73,76.24,45.85,45.99,2.4,1466,예측
A000000011073,스킨케어세트,엠도씨,엠도씨 릴리프 세트,42000,37.53,7.43,66.43,36.63,66.96,6.83,339,예측
A000000016750,스킨케어세트,라끄베르,라끄베르 옴므 리차지 2종세트 (애프터쉐이브185ml+에멀전180ml+미니어처 2종 증정),21000,33.59,13.83,64.88,36.91,50.98,3.64,1459,예측
A000000143198,스킨케어세트,라네즈,[촉촉세트] 라네즈옴므 액티브 워터 2종 기획 (+미니어처 3종),34450,39.68,8.74,70.82,31.72,53.28,7.68,1013,예측
A000000144910,스킨케어세트,하다라보,하다라보 고쿠쥰로션&밀크 2종,30000,36.83,12.91,75.95,27.98,75.6,0.0,2633,예측
A000000152013,스킨케어세트,라끄베르,[애프터쉐이브 본품증정]라끄베르 옴므 리차지 3종세트 (애프터쉐이브185ml*2ea+에멀전180ml),21000,33.59,13.83,64.88,36.91,50.98,3.64,672,예측
A000000165624,스킨케어세트,닥터지,[선물세트/탄력]닥터지 로얄 블랙스네일 스페셜 세트 (에센스165ml+크림50ml+아이크림10ml+마스크팩1ea),48000,45.19,8.37,65.19,23.64,57.73,12.07,544,예측
A000000173302,스킨케어세트,닥터디퍼런트,[여행용스킨케어] 닥터디퍼런트 베스트 트라이얼 키트,8910,39.74,8.41,66.25,28.24,32.73,12.52,651,예측
A000000185155,스킨케어세트,라끄베르,라끄베르 옴므 리차지 시카 2종세트 (애프터쉐이브185ml+에멀전180m+미니어처 2종 증정),21000,42.57,4.76,67.26,18.21,48.84,26.61,320,예측
A000000189598,스킨케어세트,오휘,[보습선물세트] 오휘 미라클 모이스처 핑크베리어 2종 SET,61200,47.57,4.34,68.87,13.22,59.5,4.53,129,예측
A000000195970,스킨케어세트,라운드랩,[박재훈PICK] 라운드랩 포 맨 자작나무 토너/크림 2종기획 (토너 300ml+미니세트 or 쉐이빙 폼 40ml),30300,24.96,16.92,70.46,52.84,37.4,0.4,2991,예측
A000000199169,스킨케어세트,라운드랩,[집중진정] 라운드랩 포 맨 소나무 토너/크림 2종 기획(+진정 클렌저 40ml 증정),30800,28.71,15.2,70.67,65.37,26.44,2.11,2391,예측
A000000204641,스킨케어세트,더후,더후 로얄레지나 2종 세트(세럼 30ml+크림 50ml),173000,46.15,5.53,64.13,28.26,57.49,14.35,2,예측
A000000204678,스킨케어세트,이자녹스,이자녹스 에이지포커스 프라임 스페셜 세트(스킨100ml+에멀전100ml),57600,46.62,5.19,74.45,21.7,55.34,31.32,56,예측
A000000204722,스킨케어세트,설화수,[지함보 기획/추가 증정 2종] 설화수 윤조 3종 기획,206100,41.74,7.99,69.59,34.1,58.41,8.65,163,예측
A000000204808,스킨케어세트,숨37,숨37 퍼멘타리프트 기초 스페셜 기획(토너 150ml+에멀전130ml),113600,37.42,10.44,69.2,29.41,64.5,16.1,22,예측
A000000204809,스킨케어세트,숨37,숨37 타임 에너지 브라이트 기초 2종 기획,36000,38.63,10.78,69.69,32.26,59.3,15.9,70,예측
A000000205873,스킨케어세트,피지오겔,피지오겔 포맨 기획 4종 (DMT 플루이드/DMT크림/시카 플루이드/시카 크림),29900,47.99,6.78,76.46,26.98,74.55,0.98,7647,예측
A000000208443,스킨케어세트,더후,더후 공진향 탄력 2종 기획세트 (토너 150ml+에멀전 110ml),120900,44.81,6.06,72.87,21.41,54.22,24.94,233,예측
A000000208732,스킨케어세트,스콧해미쉬,[1등 선물] 스콧해미쉬 블루 블렌디드 토너&로션 에센스 스페셜 기프트,69900,37.35,10.96,70.31,46.52,50.57,7.03,87,예측
A000000209715,스킨케어세트,더페이스샵,더페이스샵 더젠틀포맨 안티에이징 2종 세트(스킨145ml+로션135ml+스킨32ml+로션32ml),32200,44.37,6.63,68.23,17.66,60.39,19.49,25,예측
A000000209732,스킨케어세트,더페이스샵,더페이스샵 더 블랙밤 스페셜 세트(스킨140ml+로션130ml+스킨32ml+로션32ml),36400,49.8,2.97,70.73,15.83,57.38,16.37,10,예측
A000000210294,스킨케어세트,AHC,[리프팅/선물세트]AHC 프리미어 앰플 인 아이크림 기프트 세트 40ml*4ea,124000,46.25,6.54,73.96,17.83,60.3,12.04,402,예측
A000000210474,스킨케어세트,더샘,[올인원 증정기획] 더샘 에코 에너지 스킨케어 2종 세트,27300,46.26,6.31,75.01,29.58,66.91,6.79,28,예측
A000000210478,스킨케어세트,더샘,[여행용 키트 증정기획] 더샘 클래식 옴므 스페셜 2종 세트,44800,48.13,6.14,73.46,20.81,67.64,8.87,11,예측
A000000210646,스킨케어세트,설화수,설화수맨 기초 2종 기획,112500,46.15,6.71,69.19,28.62,47.13,30.79,105,예측
A000000222681,스킨케어세트,톰,[D-1 스페셜 케어] 톰 원데이 에스테틱 글레이즈드 프로그램,35900,32.4,16.14,73.8,36.64,69.34,4.01,201,예측
A000000222742,스킨케어세트,마몽드,마몽드 맨 리차징 토너&로션 2종 세트,31200,32.49,9.64,58.75,38.49,51.93,6.99,36,예측
A000000229493,스킨케어세트,아이오페,[선물추천] 아이오페 XMD 스템3 2종 세트 (소프너 130ml + 에멀전 130ml),85500,40.5,9.31,72.61,26.89,48.9,11.51,61,예측
A000000229580,스킨케어세트,헤라,헤라 옴므 블랙 액티브 세트 2종(토너 125ml+에멀전 110ml),92800,42.55,6.48,72.99,14.99,52.88,30.37,33,예측
A000000238516,스킨케어세트,헤라,헤라 옴므 블루 2종 세트,76800,38.45,8.14,76.41,28.56,65.93,4.17,34,예측
A000000241736,스킨케어세트,우노,[올인원듀오] 우노 스킨케어 듀오 기획(스킨 200ml+ 로션 180ml),30600,43.19,7.89,70.56,21.31,61.32,7.88,31,예측
A000000242004,스킨케어세트,바이오던스,[리미티드 에디션] 바이오던스 홀리데이 글로우 리추얼 키트(콜라겐 세럼 30ml+콜라겐 크림 50ml+콜라겐마스크2매),40420,40.65,7.13,70.6,25.14,55.52,18.95,15,예측
A000000245689,스킨케어세트,오휘,[NEW] [탄력선물세트] 오휘 에이지 리커버리 3종 세트,127500,47.54,3.85,67.85,14.74,58.09,32.26,28,예측
A000000248583,스킨케어세트,설화수,[NEW/미백] 설화수 자정 브라이트닝 케어 2종 기획,171000,42.03,3.97,70.11,21.54,36.83,33.38,5,예측
A000000249715,스킨케어세트,오브제,[기프트패키지] 오브제 보습기초 2종 기획 (프로틴 올인원+무드체인지 레드립밤),33900,32.01,10.48,69.56,23.88,43.77,32.33,13085,예측
A000000251031,스킨케어세트,믹순,[광채/선물추천] 믹순 콩 탄력보습 기프트세트 (콩 크림 50ml+콩 에센스 50ml),59500,36.65,10.3,78.11,30.51,66.55,4.28,0,예측
A000000253543,스킨케어세트,바이오힐보,[콜라겐3STEP|기프트] 바이오힐보 프로바이오덤 콜라겐 리모델링 스킨케어 3종 세트,93000,42.54,7.39,72.64,23.88,53.73,18.01,15,예측
A000000255605,스킨케어세트,헤라,[NEW] 헤라 옴므 블랙 인텐스 2종 기획,112000,43.81,5.13,74.36,24.02,50.77,14.33,2,예측
A000000259471,스킨케어세트,눅스,눅스 베스트셀러 기프트 2종 기획 (드라이 오일 30ml+레브드미엘 스틱레브르4g)(온)(2604),29700,42.61,6.69,74.85,19.68,59.95,4.32,0,예측
A000000260545,스킨케어세트,라네즈,라네즈 워터뱅크 블루히알루로닉 기초 2종 세트 (중건성),51750,32.13,14.98,68.38,52.63,47.47,13.37,0,예측
B000000249171,스킨케어세트,설화수,[업체배송] 설화수 자정 브라이트닝 케어 2종 기획 (윤조에센스8ml+자정수25ml+자정유액25ml+자정앰플세럼7ml),171000,42.03,3.97,70.11,21.54,36.83,33.38,1,예측
B000000249185,스킨케어세트,설화수,[업체배송]설화수 자정기미코렉터 30ml 기획(순행클렌징폼50ml+에센스8ml+자정앰플세럼7ml+자정기미코렉터30ml),135000,41.52,7.53,75.64,22.57,50.99,13.79,5,예측
B000000249215,스킨케어세트,설화수,[업체배송][NEW/미백] 설화수 자정앰플세럼 30ml 기획 (자정수40ml+자정앰플세럼7ml+자정기미코렉터3ml),135000,36.56,5.92,67.32,22.11,45.81,29.02,1,예측
A000000214250,스킨케어세트,피토메르,피토메르 올리고포스 세럼 이드라땅 어드밴스드 30ml 세트 (+로제비자쥐 50ml+이드라 오리지널 멜팅크림 30ml),98320,46.64,4.22,72.08,19.02,52.15,29.7,34,예측
A000000011080,스킨케어세트,엠도씨,엠도씨 세붐 스트라이크 세트,38000,31.77,16.17,62.21,53.48,36.32,7.27,225,예측
A000000014896,스킨케어세트,엠도씨,엠도씨 화이트닝 톤업 기획,38400,37.55,6.83,67.51,34.23,37.03,29.08,200,예측
A000000017045,스킨케어세트,보닌,보닌 더스타일 스탠다드 2종 기획,55000,34.65,8.33,67.61,35.13,58.46,9.28,42,예측
A000000176843,스킨케어세트,보닌,보닌 더 캐릭터 블랙 시그니처 2종 기획,33000,40.17,6.58,74.2,17.41,52.53,26.04,15,예측
A000000182724,스킨케어세트,케어존,케어존 아큐어 클래리파잉 2종 기획(토너+에멀전+3종키트 증정),52000,23.37,25.24,60.0,53.62,39.18,7.06,326,예측
A000000198347,스킨케어세트,아이소이,[개기름All케어] 아이소이 포맨 아크니 닥터 올인원 듀오(진정 올인원100ml+15ml+아쿠아수딩토너 150ml),37690,38.01,9.14,72.46,42.09,40.33,5.05,757,예측
A000000208075,스킨케어세트,더후,[선물추천] 더후 공진향 탄력 트라이얼 기획세트,52000,44.82,6.42,65.57,22.84,49.42,30.22,219,예측
A000000209710,스킨케어세트,더페이스샵,더페이스샵 더프레시 포맨 수분 2종 세트(토너180ml+에멀젼170ml+토너32ml+에멀젼32ml),26600,26.51,14.93,64.17,38.95,54.29,1.39,6,예측
A000000209723,스킨케어세트,더페이스샵,더페이스샵 네오클래식 옴므 블랙 에센셜 세트(토너130ml+에멀젼110ml+토너30ml+에멀젼30ml),36400,43.02,6.82,72.72,18.38,60.13,26.74,6,예측
A000000214851,스킨케어세트,바버,[입문자용 패키지]바버 앰플 컨센트레이트 화이트 컬렉션 (2mlx7병),42000,45.25,4.91,70.84,34.34,51.41,14.37,3,예측
A000000215591,스킨케어세트,오딧세이,오딧세이 챕터5xMMY 생츄어리 2종세트(토너 140ml+모이스처라이저 110ml),82000,40.52,4.94,66.79,18.96,44.7,36.96,140,예측
A000000221557,스킨케어세트,하다라보,[세트/기획] 하다라보 고쿠쥰 2종 세트 (로션 170mL+밀크140mL+세안밴드),14910,36.83,12.91,75.95,27.98,75.6,0.0,3641,예측
B000000248712,스킨케어세트,설화수,[업체배송] 설화수 탄력 3종 기획 (자음수150ml+자음유액125ml+탄력크림50ml),193500,40.65,8.26,70.21,34.06,58.93,10.04,9,예측
B000000248715,스킨케어세트,설화수,[업체배송][윤빛광채] 설화수 윤조 3종 기획 (윤조에센스60ml+자음수150ml+자음유액125ml),206100,38.41,8.92,67.67,31.15,49.89,13.25,6,예측
A000000223414,시트팩,메디힐,[15년 연속 1위] 메디힐 에센셜 마스크팩 10/10+1매 기획 7종 골라담기,10000,37.0,10.0,70.0,53.0,42.0,5.0,474384,실측
A000000231836,시트팩,아누아,[수지pick/단독기획] 아누아 데일리케어 마스크팩 5매 기획 8종(+1매 or +2매 추가 증정),9500,43.0,10.0,70.0,43.0,50.0,7.0,31009,실측
A000000217620,시트팩,메디힐,[15년연속 1위] 메디힐 에센셜 마스크팩 1매 고기능 7종 골라담기,1000,39.0,9.0,66.0,48.0,43.0,9.0,519785,실측
A000000239102,시트팩,메디힐,[8+1매 단독기획] 메디힐 하이퍼 겔마스크 4종 (콜라겐/PDRN/마데카소사이드/히알루론산),25200,53.0,10.0,89.0,14.0,75.0,11.0,49290,실측
A000000248829,시트팩,이옴,[8월올영픽/최예나PICK] 이옴 트러블 패치 마스크 3매,13900,23.0,29.0,64.0,59.0,33.0,8.0,6391,실측
A000000259232,시트팩,바이오던스,[7+1] 바이오던스 리얼 딥 마스크 7+1매 기획 (콜라겐/세라놀) (+퍼글러 헤어 고정 시트),29900,45.0,7.0,84.0,27.0,62.0,11.0,8611,실측
A000000240465,시트팩,바노바기,[예보링마켓특가]바노바기 비타 제닉 젤리 마스크 10매 7종 택 1,12500,48.0,8.0,85.0,26.0,59.0,15.0,18201,실측
A000000205979,시트팩,넘버즈인,[8월올영픽/10매] 넘버즈인 마스크팩 10매 기획 2종 중 택 1 (1번/4번),17300,38.0,12.0,60.0,41.0,42.0,17.0,154156,실측
A000000249535,시트팩,노프랍,[수분진정/5+1매] 노프랍 하이드로겔 마스크팩 5+1매 기획 3종 (콜라겐/수분/모공),14160,33.0,11.0,73.0,41.0,48.0,11.0,6178,실측
A000000259699,시트팩,프리메라,[8월올영픽/쿨링붓기완화] 프리메라 3C히알루론산 메가-샷 겔마스크 1매/4+1매 (기획/단품),3490,37.0,5.0,73.0,54.0,45.0,1.0,167,실측
A000000240462,시트팩,셀리맥스,[잡티미백/TXA] 셀리맥스 트라넥삼산 브라이트닝 크림 랩핑 마스크 5매 기획 (+1매),23400,43.0,5.0,76.0,16.0,50.0,33.0,2553,실측
A000000257740,시트팩,토리든,[NEW] 토리든 다이브인 저분자 히알루론산 마스크 20매,28500,33.0,0.0,64.0,42.0,58.0,0.0,509,실측
A000000206850,시트팩,넘버즈인,"[10매] 넘버즈인 마스크팩 10매 기획 3종 중 택 1 (2번,3번,5번)",17900,27.0,22.0,57.0,78.0,20.0,2.0,44994,실측
A000000255607,시트팩,셀퓨전씨,[핑구 콜라보] 셀퓨전씨 포스트 알파 퍼스트 쿨링 마스크 5+3매 기획,10600,31.0,19.0,55.0,71.0,28.0,1.0,51911,실측
A000000254427,시트팩,프롬리에,[100만장 돌파/단독기획] 프롬리에 EGF 피지팩 하이퍼 액티브 모공 피지 마스크 4+1 증정,19900,15.0,40.0,43.0,58.0,23.0,19.0,3853,실측
A000000212579,시트팩,하우스오브비,[올영 1위 마스크팩 / 300만장 돌파]하우스오브비 페이스필름 4매 (글루타치온/피디알엔),28800,52.0,7.0,82.0,11.0,62.0,27.0,6788,실측
A000000259786,시트팩,디어소녀,[100만장완판/5분겔팩] 디어소녀 수분폭발 젤리찰떡팩 10매,9900,44.0,7.0,80.0,24.0,74.0,2.0,2593,실측
A000000248965,시트팩,프리메라,[8월올영픽] 프리메라 메가-샷 겔마스크 3종 모음 (3C히알루론산/비타티놀/PDRN),3490,42.0,6.0,65.0,31.0,45.0,24.0,8235,실측
A000000160901,시트팩,넘버즈인,[1매] 넘버즈인 1번~5번 마스크팩 5종 중 택 1,2000,41.0,11.0,61.0,43.0,42.0,16.0,154155,실측
A000000253919,시트팩,쥬베룩,쥬베룩 PDLLA 콜라겐 부스팅 마스크 4매,33400,52.0,5.0,78.0,14.0,63.0,23.0,773,실측
A000000229375,시트팩,메디힐,"[피지흡착/모공쿨링] 메디힐 바이오 세컨덤 마스크 1매 3종 (마데카소사이드, PDRN, 히알루론산)",2500,33.0,15.0,62.0,54.0,43.0,3.0,29481,실측
A000000166626,시트팩,넘버즈인,[5매] 넘버즈인 1번~5번 마스크팩 5매 기획 5종 중 택 1,9500,43.0,14.0,37.0,48.0,35.0,17.0,58777,실측
A000000188024,시트팩,아비브,[10매/5종] 아비브 껌딱지 시트 마스크 스티커 10매 (어성초/수분초/마데카소사이드/콜라겐밀크/비타),20000,34.0,11.0,74.0,61.0,35.0,3.0,80124,실측
A000000120688,시트팩,아비브,[1매/5종] 아비브 약산성 pH 시트 마스크 핏 1매 (어성초/부활초/아쿠아/글루타치온좀/허니),2400,33.0,13.0,71.0,70.0,28.0,2.0,64827,실측
A000000188270,시트팩,아비브,[6매/단독기획] 아비브 껌딱지 시트 마스크 스티커 5매 (+1매 증정기획)(어성초/밀크/마데카),10000,30.0,12.0,71.0,73.0,26.0,0.0,90945,실측
A000000185112,시트팩,브링그린,브링그린 프레시 마스크 1매/10매 (히알루 수분/티트리 진정/글루타치온 톤업/알로에 수딩),8000,28.0,16.0,66.0,63.0,32.0,5.0,86313,실측
A000000229694,시트팩,메디힐,[초밀착 세럼팩] 메디힐 랩핑 세럼 마스크 1매 6종,1800,37.0,11.0,68.0,52.0,39.0,9.0,32480,실측
A000000211187,시트팩,듀이트리,[1일1팩/밀착진정] 듀이트리 AC 딥 진정 마스크 10매 (열감/흔적),13300,27.0,17.0,69.0,79.0,20.0,1.0,6478,실측
A000000212350,시트팩,메디힐,[앰플한병팩] 메디힐 하이퍼 마스크 1매 겔마스크 4종 (콜라겐/PDRN/마데카소사이드/히알루론산),3300,44.0,8.0,69.0,30.0,56.0,13.0,23358,실측
A000000244392,시트팩,러븀,[단독기획] 러븀 겔 마스크 4매 (어린시카/유자/PDRN/그린시트러스),14000,33.0,15.0,71.0,60.0,34.0,5.0,1053,실측
A000000184496,시트팩,아비브,[1매/3종] 아비브 콜라겐 겔 마스크 1매 (어성초/수분초/부활초),3000,35.0,12.0,70.0,61.0,37.0,2.0,17396,실측
A000000184348,시트팩,바이오던스,[원조겔팩] 바이오던스 리얼 딥 마스크 16매 (콜라겐/세라놀),68000,51.0,5.0,73.0,23.0,60.0,17.0,4788,실측
A000000243440,시트팩,리쥬란,[올리브영 단독런칭]리쥬란 힐러 스킨 프로텍션 마스크 10매 기획(+1매),32900,48.0,3.0,68.0,28.0,60.0,11.0,9246,실측
A000000226508,시트팩,바이오힐보,[1등마스크|콜라겐&탄력] 바이오힐보 프로바이오덤 마스크팩 대용량 기획 3종,15880,47.0,5.0,66.0,26.0,54.0,20.0,14931,실측
A000000115199,시트팩,셀퓨전씨,[급속쿨링/열감케어] 셀퓨전씨 포스트 알파 쿨링 마스크 5P(퍼스트 쿨링/시카 쿨링/비타 쿨링),7500,27.0,19.0,52.0,76.0,23.0,1.0,44648,실측
A000000250107,시트팩,이지듀,[레올영픽/8월 올영픽]이지듀 EGFx 다운타임 오인트 마스크 4매,21900,57.0,2.0,79.0,47.0,50.0,2.0,226,실측
A000000257739,시트팩,토리든,[단독기획] 토리든 마스크 시트 5+1매 3종 (수분/진정/브라이트닝) (AD),8550,37.0,15.0,71.0,52.0,42.0,6.0,255,실측
A000000206378,시트팩,파티온,[트러블진정] 파티온 노스카나인 트러블 세럼 마스크팩 기획(4+1),8000,26.0,18.0,71.0,78.0,22.0,1.0,7635,실측
A000000208753,시트팩,듀이트리,[밀착진정] 듀이트리 AC 딥 진정 마스크 1매 (열감/흔적),1430,28.0,18.0,66.0,79.0,20.0,1.0,64850,실측
A000000211128,시트팩,아누아,[수지pick]아누아 데일리케어 마스크팩 8종(1매),1600,39.0,10.0,67.0,50.0,41.0,10.0,31009,실측
A000000208231,시트팩,메디힐,[15년연속 1위/4매] 메디힐 에센셜 마스크팩 고기능 7종 골라담기,4000,36.0,12.0,71.0,58.0,37.0,5.0,80031,실측
A000000229695,시트팩,메디힐,[장도연 PICK/초밀착 세럼팩] 메디힐 랩핑 세럼 마스크 10매 6종,18000,34.0,11.0,72.0,51.0,40.0,9.0,41783,실측
A000000181343,시트팩,바이오던스,"[원조겔팩] 바이오던스 리얼 딥 마스크 4매 (PDRN, 콜라겐, 세라놀, 비타, 씨켈프)",18900,32.0,18.0,64.0,45.0,41.0,14.0,7590,실측
A000000239107,시트팩,하우스오브비,[1위마스크팩/300만장판매]하우스오브비 글루타치온 페이스필름 8매,56000,46.0,5.0,76.0,14.0,51.0,34.0,6574,실측
A000000199484,시트팩,메디힐,[12억장돌파] 메디힐 더 NMF 앰플 마스크 오리지널 10매,15000,50.0,5.0,67.0,33.0,65.0,2.0,7545,실측
A000000188019,시트팩,아비브,[1매/5종] 아비브 껌딱지 시트 마스크 스티커 1매 (어성초/수분초/마데카소사이드/콜라겐밀크/비타),4000,42.0,10.0,73.0,58.0,39.0,3.0,75432,실측
A000000229774,시트팩,구달,[잡티톤업/미백] 구달 청귤 비타C 잡티케어 세럼마스크 알파 9매 기획 (+1매),15900,45.0,5.0,69.0,24.0,36.0,40.0,6135,실측
A000000260523,시트팩,리쥬덱스,[전문 드레싱 관리_거즈 마스크]리쥬덱스 더마 리페어링 드레싱 마스크 5매,16500,52.0,4.0,81.0,45.0,53.0,2.0,177,실측
A000000229895,시트팩,더마픽스,[퀵-밀착 특허 콜라겐] 더마픽스 페이턴트 퍼포먼스 리얼콜라겐 5매 (3종 택1),20900,36.0,13.0,60.0,42.0,30.0,28.0,9285,실측
A000000144859,시트팩,라운드랩,[고밀착/수분진정] 라운드랩 1025 독도 수분 워터겔 마스크 10매,19000,42.0,9.0,72.0,37.0,61.0,2.0,16119,실측
A000000204388,시트팩,바이오힐보,[콜라겐|광채탄력] 바이오힐보 프로바이오덤 콜라겐 리모델링 세럼 겔 마스크 (1매/다매입),21880,40.0,6.0,65.0,29.0,47.0,24.0,6344,실측
A000000229376,시트팩,메디힐,"[피지흡착/10매] 메디힐 바이오 세컨덤 마스크 3종 (마데카소사이드, PDRN, 히알루론산)",25000,30.0,15.0,62.0,52.0,44.0,5.0,16904,실측
A000000260530,시트팩,비플레인,[8월올영픽/붓기쏙] 비플레인 녹두 쿨링 앤 슬림 페이스 마스크 5매,7500,30.0,14.0,57.0,70.0,30.0,0.0,202,실측
A000000242956,시트팩,메디큐브,[홈케어겔팩/4매] 메디큐브 겔 마스크 4매 (PDRN 핑크 콜라겐/코직 애씨드 터메릭),17500,41.0,7.0,67.0,27.0,51.0,22.0,3512,실측
A000000221807,시트팩,바이오던스,"[3시간팩] 바이오던스 리얼 딥 마스크 7매 (씨켈프, 비타)",29900,39.0,9.0,66.0,34.0,50.0,16.0,11166,실측
A000000253571,시트팩,아로셀,[NEW/콜라겐 함량 80배 UP] 아로셀 슈퍼 콜라겐 마스크 2.0 ECM Active 6+2매 기획,42500,49.0,2.0,77.0,17.0,65.0,18.0,83,실측
A000000222767,시트팩,아누아,[쿨링진정] 아누아 8 히알루론산 카테킨 쿨 슬림 마스크 10매입,15000,33.0,14.0,68.0,63.0,37.0,0.0,527,실측
A000000011596,시트팩,메디힐,메디힐 W.H.P 미백수분 블랙 마스크 EX 10매,15000,35.0,7.0,68.0,28.0,46.0,26.0,2403,실측
A000000213119,시트팩,VT,VT 리들샷 2스텝 마스크팩 10매 2종 택1 (100/300),15000,34.0,8.0,35.0,32.0,45.0,23.0,367,실측
A000000111673,시트팩,듀이트리,[대용량] 듀이트리 픽앤퀵 뽑아쓰는 마스크 30매입 (화장발/카밍풀/모이스처풀/모닝붓기/비타라이트업),13800,35.0,10.0,62.0,35.0,64.0,1.0,13445,실측
A000000207475,시트팩,닥터자르트,[워터젤리/수분장벽] 닥터자르트 더마스크 하이드라 솔루션 프로 (1매) 2종 택1,2900,46.0,8.0,69.0,39.0,60.0,1.0,1836,실측
A000000234213,시트팩,유세린,[1등진정장벽] 유세린 울트라센시티브 리페어 마스크팩 10매,26900,45.0,7.0,71.0,50.0,48.0,3.0,6512,실측
A000000252256,시트팩,아로셀,[리뉴얼/쫀광효과UP] 아로셀 슈퍼 콜라겐 마스크 2.0 ECM Active 3+1매 기획,21800,52.0,5.0,83.0,17.0,66.0,17.0,887,실측
A000000180801,시트팩,스킨푸드,스킨푸드 캐롯 카로틴 마스크시트 7매(+3매 기획),12000,41.0,10.0,73.0,46.0,52.0,1.0,5943,실측
A000000131775,시트팩,닥터지,[쿨링 마스크/5매] 닥터지 레드블레미쉬 쿨 마스크 5매 3종 (수딩/흔적/탄력),10000,27.0,16.0,72.0,75.0,24.0,1.0,995,실측
A000000231294,시트팩,프리메라,[탄력광채] 프리메라 비타티놀 세럼 메가-샷 겔마스크 7+2매/4+1매/1매 (기획/단품),28000,37.0,6.0,62.0,23.0,35.0,42.0,6778,실측
A000000243330,시트팩,리쥬란,[9중 모공지표 개선] 리쥬란 더마 힐러 포어 타이트닝 겔 마스크 5매,29900,29.0,7.0,66.0,39.0,37.0,24.0,1125,실측
A000000236606,시트팩,브링그린,브링그린 징크테카 트러블 세럼 수딩 마스크 1매/ 3+1 기획,1500,26.0,22.0,65.0,78.0,21.0,0.0,2079,실측
A000000217523,시트팩,메디큐브,[탄력광채] 메디큐브 PDRN 겔 마스크팩 4매,17500,47.0,3.0,65.0,27.0,53.0,20.0,1008,실측
A000000250485,시트팩,에스트라,에스트라 에이시카365 수딩 리페어 마스크 pH4.5 5매입,20000,33.0,9.0,73.0,70.0,29.0,1.0,1090,실측
A000000244707,시트팩,메디큐브,[NEW/5+1매 단독기획] 메디큐브 PDRN 핑크 펩타이드 앰플 마스크 5매 기획 (+1매),8700,36.0,3.0,64.0,33.0,49.0,18.0,573,실측
A000000259224,시트팩,바이오던스,[퍼글러 스티커 증정] 바이오던스 리쥬비네이팅 캐비어 PDRN 리얼 딥 마스크 4매 기획 (+3D 입체 스티커),18900,47.0,7.0,77.0,22.0,66.0,12.0,1635,실측
A000000262133,시트팩,브링그린,[NEW]브링그린 데일리 비건 프레시 마스크 1매,1800,36.0,8.0,73.0,50.0,37.0,14.0,131,실측
A000000255523,시트팩,빌리프,[8월올영픽/쿨링속수분] 빌리프 아쿠아 밤 판테놀 이지에프 수딩 배리어 겔 마스크 3+1매 기획/1매,14400,51.0,9.0,94.0,32.0,67.0,1.0,622,실측
A000000246261,시트팩,토리든,[NEW] 토리든 밸런스풀 시카 컨트롤 마스크 10매,15000,22.0,9.0,58.0,78.0,22.0,0.0,99,실측
A000000197743,시트팩,스킨푸드,[5분 마스크팩] 스킨푸드 데일리 마스크 30매 6종,18900,34.0,10.0,68.0,44.0,49.0,7.0,1694,실측
A000000234081,시트팩,아이오페,[기미잡티 토닝]아이오페 멀티 비타민 10% 얼티밋 토닝 겔 마스크 4매 기획 (+1매),18500,39.0,5.0,62.0,21.0,31.0,48.0,1921,실측
A000000189195,시트팩,더샘,더샘 내추럴 마스크팩 1매 (알로에/레몬/녹차/허니/석류 5종 택 1),1200,39.0,8.0,67.0,43.0,48.0,9.0,12691,실측
A000000257125,시트팩,리쥬란,[리쥬란 NO1_앰플 1병을 1장에]리쥬란 듀얼 이펙트 앰플 인 마스크 퍼밍 앤 래디언스 5매,28000,59.0,4.0,79.0,16.0,68.0,16.0,477,실측
A000000190970,시트팩,에스네이처,[수분광콜라겐팩/화해1위] 에스네이처 수퍼 아쿠아겔 오아시스 앰플 마스크 10매,15000,43.0,7.0,80.0,27.0,72.0,1.0,9010,실측
A000000209520,시트팩,메디힐,[15년 연속 1위] 메디힐 마데카소사이드 에센셜 마스크 10+1매 기획,10000,29.0,12.0,69.0,65.0,32.0,3.0,50513,실측
A000000213463,시트팩,아이디플라코스메틱,아이디플라코스메틱 페이스핏 플라스터 마스크 기획 (4+1),12900,27.0,15.0,50.0,29.0,33.0,37.0,932,실측
A000000202438,시트팩,VT,[모공/밀착] VT 리들샷 2스텝 마스크 1매 5종 택1 (50/100/300/700/1000),3000,35.0,10.0,35.0,36.0,40.0,24.0,7993,실측
A000000114176,시트팩,셀퓨전씨,[급속쿨링/열감케어] 셀퓨전씨 포스트 알파 쿨링 마스크 1P (퍼스트 쿨링/시카 쿨링/비타 쿨링),3000,27.0,19.0,51.0,77.0,22.0,1.0,21523,실측
A000000259632,시트팩,프롬리에,[100만돌파/8매한정기획] 프롬리에 EGF 피지팩 하이퍼 액티브 모공 피지 마스크 4입 더블기획,35800,20.0,43.0,69.0,47.0,33.0,21.0,2017,실측
A000000181345,시트팩,바이오던스,[NEW/1매] 바이오던스 리얼 딥 마스크 5종 택1,4800,36.0,13.0,65.0,47.0,44.0,9.0,11338,실측
A000000147572,시트팩,리얼베리어,리얼베리어 마스크 3종 택1(장벽/수분/쿨링),1500,72.0,5.0,84.0,14.0,85.0,1.0,25294,실측
A000000214359,시트팩,메디앤서,[광채탄력]메디앤서 비타 콜라겐 나노샷 마스크 5매,16500,33.0,10.0,62.0,25.0,30.0,45.0,1177,실측
A000000253920,시트팩,쥬베룩,쥬베룩 PDLLA 콜라겐 부스팅 마스크 1매/4매,9300,59.0,3.0,82.0,10.0,73.0,17.0,773,실측
A000000215338,시트팩,메디앤서,[광채탄력/대용량]메디앤서 비타 콜라겐 나노샷 마스크 10매,31000,33.0,8.0,68.0,20.0,34.0,46.0,910,실측
A000000175069,시트팩,CKD,[곽민경PICK/단독기획] CKD 겔마스크 4+1매 (모공탄력/기미잡티) 2종,17900,24.0,4.0,66.0,33.0,27.0,41.0,20315,실측
A000000175419,시트팩,리쥬란,[c-PDRN 수분이불시트] 리쥬란 더마힐러 모이스처 트리트먼트 마스크팩 5매,22400,47.0,3.0,68.0,36.0,55.0,9.0,1081,실측
A000000259787,시트팩,디어소녀,[100만장완판/5분겔팩] 디어소녀 수분폭발 젤리찰떡팩 1매,1000,46.0,5.0,68.0,31.0,64.0,5.0,2652,실측
A000000130487,시트팩,닥터지,[영양/탄력] 닥터지 로얄 블랙스네일 크림마스크 1매,2500,56.0,4.0,69.0,18.0,67.0,16.0,6145,실측
A000000185111,시트팩,브링그린,브링그린 프레시 마스크 1매 (히알루 수분/티트리 진정/글루타치온 톤업/알로에 수딩),1800,26.0,12.0,72.0,67.0,27.0,6.0,86313,실측
A000000222818,시트팩,파넬,[NEW / 세럼한통듬뿍]파넬 시카마누 세럼 마스크 10매,14900,33.0,14.0,70.0,76.0,23.0,1.0,296,실측
A000000246259,시트팩,토리든,[NEW] 토리든 밸런스풀 시카 컨트롤 마스크 1매,1500,30.0,14.0,66.0,74.0,25.0,1.0,2347,실측
A000000207716,시트팩,더샘,[1+1]더샘 내추럴 마스크팩 1매 (병풀/오이/쌀/아보카도/티트리 5종 택 1),1200,39.0,10.0,67.0,49.0,48.0,3.0,4234,실측
A000000210971,시트팩,성분에디터,[리얼콜라겐][4매/4종] 성분에디터 딥 콜라겐 마스크 4매 (탄력/미백/진정/수분),17100,38.0,7.0,74.0,26.0,50.0,24.0,859,실측
A000000244322,시트팩,에스네이처,[4매입/240시간 속수분+모공리프팅] 에스네이처 아쿠아 스쿠알란 수분크림 랩핑마스크 4매입,24000,50.0,5.0,79.0,15.0,82.0,2.0,4338,실측
A000000216067,시트팩,닥터지,[4+1/속광탄력] 닥터지 블랙스네일 레티놀 링클 마스크 4+1 증정 기획,11000,52.0,3.0,62.0,25.0,52.0,23.0,2289,실측
A000000132034,시트팩,페이스인페이스,페이스인페이스 아쿠아 샤워룩 하이드로겔 마스크,2100,51.0,8.0,76.0,29.0,70.0,1.0,2042,실측
A000000225572,시트팩,라운드랩,[즉각수분/밀착케어] 라운드랩 자작나무 수분 더블 겔 마스크 1매,1500,47.0,8.0,72.0,36.0,63.0,1.0,6537,실측
A000000212566,시트팩,하우스오브비,하우스오브비 글루타치온 페이스필름 1매,8500,50.0,4.0,70.0,19.0,53.0,28.0,6786,실측
A000000203908,시트팩,유세린,[1등마스크팩] 유세린 울트라센시티브 리페어 진정 마스크팩 5매,15900,42.0,7.0,70.0,48.0,50.0,2.0,5426,실측
A000000248135,시트팩,다자연,다자연 어성초 마스크 13매 (온),12000,30.49,15.72,68.74,70.43,39.36,1.56,29,예측
A000000190389,시트팩,한율,"[초밀착젤리랩핑시트] 한율 랩핑 마스크 4매 (+1매 증정기획)(어린쑥,달빛유자,빨간쌀)",9600,40.0,9.0,71.0,47.0,39.0,14.0,5985,실측
A000000147573,시트팩,리얼베리어,[조슈아PICK] 리얼베리어 마스크 10매 3종 택1(장벽/수분/쿨링),15000,57.0,3.0,72.0,26.0,73.0,1.0,25294,실측
A000000165704,시트팩,라운드랩,[긴급진정] 라운드랩 소나무 진정 시카 마스크 10매,15000,29.0,11.0,73.0,72.0,28.0,0.0,23196,실측
A000000140820,시트팩,차앤박,[긴급진정]차앤박(CNP) 퀵수딩 S.O.S 마스크 트리플 기획 (본품1매x3+1매 증정),6500,28.0,15.0,65.0,65.0,34.0,1.0,2280,실측
A000000261775,시트팩,아리얼,아리얼 엑스퍼트 펩타이드 콜라겐 겔 마스크 4매입 3종 택 1,20000,54.0,4.0,94.0,10.0,70.0,21.0,102,실측
A000000234085,시트팩,아이오페,[레티놀+콜라겐]아이오페 레티놀 세럼 인 겔마스크 4매 기획 (+1매),19800,38.0,7.0,54.0,25.0,34.0,41.0,3928,실측
A000000240151,시트팩,로벡틴,[850만장 판매 돌파] 로벡틴 1등 닥터마스크 1매 3종 택1,1350,33.0,15.0,65.0,64.0,33.0,3.0,48836,실측
A000000199483,시트팩,메디힐,[12억장돌파] 메디힐 더 NMF 앰플 마스크 오리지널 1매,1500,49.0,5.0,65.0,34.0,64.0,2.0,11806,실측
A000000247565,시트팩,프리메라,[붓기완화] 프리메라 워터리 에이치씨 디퍼프 메가-샷 겔마스크 7+2매/4+1매/1매 (기획/단품),19300,33.0,10.0,68.0,53.0,44.0,2.0,576,실측
A000000165308,시트팩,달바,[촘촘수분팩] 달바 너리싱 트리트먼트 마스크 5매,13750,55.0,5.0,73.0,21.0,70.0,9.0,9699,실측
A000000229199,시트팩,바이오힐보,[열감진정] 바이오힐보 판테셀 리페어 시카좀 앰플 마스크 1매/5+1매기획,2000,56.0,8.0,77.0,48.0,51.0,1.0,2278,실측
A000000165703,시트팩,라운드랩,[긴급진정] 라운드랩 소나무 진정 시카 마스크 1매,1500,33.0,14.0,70.0,74.0,25.0,0.0,23196,실측
A000000176074,시트팩,닥터지,[탄력] 닥터지 로얄 블랙스네일 앰플 마스크 30g 5매,10000,57.0,2.0,70.0,25.0,65.0,10.0,162,실측
A000000170566,시트팩,메디힐,메디힐 모공톡스 탄산 버블 시트 1매,1500,25.0,18.0,44.0,52.0,34.0,14.0,12706,실측
A000000141940,시트팩,다자연,[1일1팩]다자연 어성초 마스크 1매,1000,27.0,17.0,63.0,75.0,24.0,1.0,16311,실측
A000000233497,시트팩,웰더마,"[탄력광채수분진정] 웰더마 겔마스크팩 4매, 4종 택1 (콜라겐/시카/레티놀/PDRN)",16900,48.0,7.0,91.0,20.0,69.0,11.0,6372,실측
A000000208565,시트팩,프리메이,[마다가스카르 병풀/수분진정] 프리메이 리얼 바이옴 시카 카밍 데일리 마스크 30매,12000,25.0,12.0,69.0,62.0,37.0,2.0,197,실측
A000000189098,시트팩,제이준,[영양수분] 제이준 인텐시브 샤이닝 영양강화 마스크 10매,11910,47.65,5.23,72.36,25.68,67.45,5.73,26,예측
A000000225642,시트팩,바이오힐보,[리프팅|입체탄력] 바이오힐보 프로바이오덤 3D 리프팅 크림 마스크 (1매/다매입),15880,66.0,2.0,77.0,16.0,69.0,15.0,2631,실측
A000000228589,시트팩,아이오페,[수분/진정] 아이오페 바이오 컨디셔닝 에센스 하이드로 인핸싱 마스크 5매 기획,11250,43.0,3.0,64.0,36.0,53.0,11.0,180,실측
A000000211398,시트팩,웰라쥬,[5+1] 웰라쥬 리얼 히알루로닉 블루 앰플 마스크 5+1매 기획,8550,51.0,8.0,77.0,26.0,74.0,1.0,8090,실측
A000000159111,시트팩,메디힐,메디힐 콜라겐 임팩트인 타이트닝 마스크 1매,1500,39.0,5.0,61.0,29.0,45.0,25.0,5920,실측
A000000168530,시트팩,에스네이처,[초밀착 수분진정팩/화해1위] 에스네이처 수퍼 아쿠아겔 오아시스 앰플 마스크 1매,1700,49.0,7.0,75.0,31.0,68.0,1.0,7979,실측
A000000232710,시트팩,어나더페이스,[1등 착붙3시간팩] 어나더페이스 하이드로겔 마스크팩 4매입 2종 및 기획 택1,16800,46.0,5.0,92.0,18.0,64.0,17.0,20763,실측
A000000238278,시트팩,아비브,아비브 약산성 pH시트 마스크 부활초 핏 20매,48000,75.0,0.0,92.0,25.0,75.0,0.0,5915,실측
A000000224372,시트팩,더마픽스,[올리브영 1위] 더마픽스 페이턴트 콜라겐 마스크팩 2매 (3종 택1),13000,33.0,7.0,76.0,38.0,38.0,24.0,9108,실측
A000000225574,시트팩,라운드랩,[수분더블/밀착케어] 라운드랩 자작나무 수분 더블 겔 마스크 10매,14500,41.0,13.0,81.0,33.0,66.0,1.0,6537,실측
A000000141918,시트팩,바이비드,바이비드 인앤아웃 페이셜 마스크 5매 기획(+1매),22050,16.0,33.0,37.0,55.0,31.0,14.0,297,실측
A000000165359,시트팩,로벡틴,[모공순삭/피지쓱싹] 로벡틴 닥터마스크 포어 5매,6300,26.0,19.0,64.0,51.0,40.0,10.0,17132,실측
A000000126848,시트팩,닥터지,[쿨링 마스크/1매] 닥터지 레드블레미쉬 쿨 마스크 1매 3종 (수딩/흔적/탄력),2000,35.0,14.0,69.0,70.0,29.0,1.0,23492,실측
A000000130882,시트팩,로벡틴,[응급진정/흔적케어] 로벡틴 닥터마스크 시카 1매,2000,29.0,15.0,64.0,77.0,23.0,1.0,21639,실측
A000000131252,시트팩,닥터지,[영양/탄력] 닥터지 로얄블랙 스네일크림 마스크 16g 5매기획,12500,51.0,4.0,69.0,18.0,65.0,18.0,892,실측
A000000254665,시트팩,넘버즈인,[탄력붓기] 넘버즈인 9번 NAD 바이오 리프팅 풀페이스팩 4매 기획 (+땡김이원단),12500,53.0,7.0,57.0,23.0,51.0,26.0,113,실측
A000000241482,시트팩,프롬메디,[화해1위] 프롬메디 겔 마스크 기획 4매 3종 (아줄렌/TXA/콜라겐),19500,30.0,15.0,71.0,68.0,29.0,3.0,601,실측
A000000174462,시트팩,CKD,[붙이는저분자콜라겐] CKD 레티노콜라겐 저분자300 모공탄력 마스크 단품 / 기획,3900,38.0,8.0,65.0,26.0,42.0,32.0,20315,실측
A000000235453,시트팩,메디앤서,[실타래팩]메디앤서 레티노이드 리프트실 마스크 4매,19200,54.0,6.0,88.0,9.0,64.0,28.0,766,실측
A000000257124,시트팩,리쥬란,[리쥬란 NO1_앰플 1병을 1장에]리쥬란 듀얼 이펙트 앰플 인 마스크 퍼밍 앤 래디언스 1매,4300,50.0,2.0,64.0,22.0,58.0,20.0,477,실측
A000000120938,시트팩,아비브,[10매/5종] 아비브 약산성 pH 시트 마스크 핏 10매 (어성초/부활초/아쿠아/글루타치온좀/허니),40000,30.0,13.0,73.0,71.0,28.0,1.0,6578,실측
A000000244019,시트팩,프롬메디,[화해1위/트러블진정] 프롬메디 아줄렌 시카 카밍 마스크 (1매/4매),4800,27.0,16.0,52.0,76.0,22.0,2.0,589,실측
A000000215979,시트팩,아로셀,[숨쉬는에어홀/시카겔] 아로셀 시카 리페어 판테놀 마스크 1매/4매/7매,3600,35.0,13.0,74.0,62.0,35.0,3.0,1617,실측
A000000210207,시트팩,토리든,토리든 셀메이징 저분자 콜라겐 탄력 겔마스크 상/하 4매,18000,46.0,3.0,71.0,14.0,57.0,29.0,70,실측
A000000227427,시트팩,비플레인,[중하안부 집중공략] 비플레인 녹두 쿨링 앤 슬림 페이스 마스크 10매,18000,45.0,8.0,76.0,45.0,54.0,1.0,80,실측
A000000259955,시트팩,VT,[광채폭발 화잘먹팩] VT 피디알엔 에센스 시트 마스크 1매,1600,43.0,11.0,69.0,26.0,64.0,10.0,152,실측
A000000192775,시트팩,프리메이,[대나무 비건시트/진정쿨링] 프리메이 그린 하트리프 앰플 마스크 1매,900,43.0,9.0,73.0,55.0,45.0,1.0,2342,실측
A000000250614,시트팩,셀퓨전씨,[NEW]셀퓨전씨 포스트 알파 쿨링 겔 마스크 1매 2종(쿨링 펩타이드/시카 쿨링 프로틴),3800,24.0,17.0,59.0,71.0,26.0,3.0,137,실측
A000000144168,시트팩,마녀공장,마녀공장 비피다 바이옴 앰플 마스크 1매,1500,42.0,6.0,66.0,37.0,55.0,8.0,2686,실측
A000000145166,시트팩,더마토리,더마토리 프로 앰플 마스크 1매 4종 택1 (수분/탄력/미백/진정),1000,44.0,7.0,67.0,35.0,53.0,12.0,9851,실측
A000000257194,시트팩,리터니티,[모공요철]리터니티 율무 PDRN 겔 마스크 3매입,16800,35.0,8.0,92.0,21.0,62.0,17.0,77,실측
A000000231523,시트팩,넘버즈인,"넘버즈인 마스크팩 20매 한정기획(1번 수딩 거즈팩, 3번 결세럼팩)",35000,49.0,9.0,70.0,37.0,55.0,8.0,154963,실측
A000000188154,시트팩,닥터지,[탄력/리프팅] 닥터지 블랙스네일 리프팅 마스크 5매,7500,43.0,5.0,59.0,32.0,46.0,22.0,194,실측
A000000164987,시트팩,로벡틴,[모공순삭/피지쓱싹] 로벡틴 닥터마스크 포어 1매,1350,26.0,19.0,61.0,52.0,38.0,10.0,15229,실측
A000000225591,시트팩,닥터지,[NEW/즉각수분쿨링]닥터지 레드 블레미쉬 히알 시카 쿨링 겔 마스크 5매 기획(4+1매 증정),16000,32.0,18.0,73.0,72.0,27.0,1.0,1876,실측
A000000244711,시트팩,라네즈,[속당김제로] 라네즈 크림 스킨 겔링 마스크 5+1매 기획,16000,67.0,3.0,78.0,10.0,89.0,1.0,244,실측
A000000139809,시트팩,코스알엑스,코스알엑스 하이드리움 트리플 히알루로닉 워터 웨이브 시트 마스크,1800,45.0,10.0,69.0,35.0,64.0,1.0,1841,실측
A000000229772,시트팩,구달,[잡티톤업/미백] 구달 청귤 비타C 잡티케어 세럼 마스크 알파 1매,1800,36.0,9.0,60.0,28.0,30.0,41.0,6135,실측
A000000136127,시트팩,셀리맥스,[속보습/속광] 셀리맥스 더 리얼 노니 에너지 앰플 마스크 1매입,4000,50.0,7.0,74.0,43.0,55.0,2.0,4237,실측
A000000229775,시트팩,구달,[잡티톤업] 구달 청귤 비타C 잡티케어 세럼 마스크 알파 5매 기획 (+1매),15000,36.0,8.0,60.0,27.0,31.0,42.0,6135,실측
A000000244705,시트팩,메디큐브,[총10매] 메디큐브 PDRN 핑크 펩타이드 앰플 마스크 10매,15000,59.0,2.0,74.0,23.0,68.0,9.0,573,실측
A000000255859,시트팩,토리든,[1등마스크] 토리든 시트 마스크 10매 4종(수분/진정/브라이트닝/모공),30000,43.0,13.0,70.0,50.0,50.0,0.0,16246,실측
A000000223797,시트팩,구달,[비타캡슐/잡티이별/3단 겔시트] 구달 겔 마스크 5매 기획 2종 택1(청귤/어성초),14900,35.0,8.0,68.0,39.0,36.0,25.0,2339,실측
A000000233883,시트팩,바이오힐보,[유리알광채|랩핑필름] 바이오힐보 NAD 프리즈셀 글로우 필름 마스크 1매/5+1매기획,2000,58.0,5.0,75.0,21.0,64.0,15.0,1829,실측
A000000197840,시트팩,아임프롬,[리뉴얼] 아임프롬 머그워트 시트 마스크 1매,1570,45.0,5.0,70.0,48.0,50.0,2.0,164,실측
A000000232356,시트팩,센텔리안24,[청담샵템] 센텔리안24 마데카랩 겔 마스크 5매(히알 워터풀 수분/PDRN 스킨 탄력),30000,45.0,7.0,81.0,27.0,59.0,14.0,2926,실측
A000000235473,시트팩,어나더페이스,어나더페이스 펩타테놀 수분 밸런스 겔 마스크 6+2매 기획,30000,52.0,7.0,90.0,19.0,79.0,2.0,13431,실측
A000000246267,시트팩,토리든,[대용량] 토리든 밸런스풀 시카 컨트롤 마스크 20매,30000,35.0,16.0,74.0,74.0,25.0,1.0,69,실측
A000000252726,시트팩,메디큐브,[탄력광채] 메디큐브 PDRN 핑크 콜라겐 겔 마스크팩 7매,29900,45.18,4.98,67.85,26.71,59.79,19.79,26,예측
A000000209891,시트팩,웰라쥬,[수분광밀착팩/5매] 웰라쥬 리얼 히알루로닉 블루 앰플 마스크 5매,8550,49.0,6.0,75.0,27.0,73.0,1.0,8090,실측
A000000249961,시트팩,하우스오브비,[NEW/파리의금손 Pick]하우스오브비 PDRN 페이스 필름 4매입,28800,57.0,7.0,93.0,10.0,79.0,11.0,1253,실측
A000000228222,시트팩,넘버즈인,넘버즈인 2번 로즈 PDRN 콜라겐 랩핑 오버나잇 필름팩 4매,13500,51.0,5.0,71.0,28.0,55.0,17.0,104,실측
A000000227257,시트팩,하우스오브비,하우스오브비 글루타치온 슬리핑 넥필름 5매,28000,35.0,2.0,59.0,24.0,45.0,31.0,51,실측
A000000241123,시트팩,프롬리에,[100만장 판매 피지팩]프롬리에 EGF 피지팩 하이퍼 액티브 모공 피지 마스크 4매,28000,14.0,40.0,40.0,64.0,20.0,17.0,2130,실측
A000000128566,시트팩,바세린,바세린 오리지널 보습 시트마스크 10매,12500,66.0,2.0,76.0,13.0,85.0,2.0,189,실측
A000000223707,시트팩,닥터지,[즉각수분쿨링] 닥터지 레드 블레미쉬 히알 시카 쿨링 겔 마스크 1매,4000,31.0,16.0,72.0,70.0,29.0,1.0,1455,실측
A000000216361,시트팩,피지오겔,[비타민마스크팩] 피지오겔 데일리뮨 앰플 마스크팩 3+1매,12000,45.0,4.0,64.0,24.0,43.0,33.0,2367,실측
A000000111738,시트팩,아이소이,[대용량/10매] 아이소이 에센셜 마스크팩 10매 기획 2종(잡티/진정) 중 택1,25000,30.0,10.0,66.0,51.0,21.0,28.0,18611,실측
A000000238647,시트팩,풀리,[쌀겨수/광채탄력] 풀리 쌀 세라 하이드로겔 마스크 4매,25000,54.0,7.0,90.0,13.0,79.0,8.0,195,실측
A000000230885,시트팩,아로셀,[9가지모공개선] 아로셀 보툴케어 모공 마스크 3+1매 기획,24300,40.0,10.0,70.0,24.0,52.0,23.0,2705,실측
A000000226141,시트팩,센텔리안24,[청담샵템] 센텔리안24 마데카랩 히알 워터풀/PDRN 글로우 겔 마스크팩 1매,6000,49.0,10.0,72.0,40.0,57.0,2.0,2926,실측
A000000214360,시트팩,메디앤서,메디앤서 포어 콜라겐 나노샷 마스크 1매,3300,38.0,9.0,62.0,48.0,44.0,8.0,406,실측
A000000249453,시트팩,제이엠솔루션,제이엠솔루션 꿀광 로얄 프로폴리스 마스크 플러스 10매,10000,41.13,12.71,62.6,36.43,58.22,10.36,8,예측
A000000015244,시트팩,메디힐,메디힐 W.H.P 미백수분 블랙 마스크 EX 1매,3000,38.0,7.0,63.0,32.0,44.0,24.0,12306,실측
A000000222213,시트팩,이니스프리,이니스프리 비타민C 세럼 겔 마스크 1매,2880,38.0,9.0,63.0,22.0,31.0,47.0,735,실측
A000000174156,시트팩,더마토리,[모공탄력/화잘먹/밀착밴드핏] 더마토리 레티날덤 밴드 마스크 1매,4000,43.0,7.0,68.0,24.0,45.0,32.0,7196,실측
A000000233141,시트팩,메디힐,[초밀착 세럼팩/4매] 메디힐 랩핑 세럼 마스크 6종,7200,36.0,12.0,72.0,55.0,40.0,5.0,1223,실측
A000000244413,시트팩,프리메라,[톤업광채] 프리메라 PDRN-나이아10 세럼 메가-샷 겔마스크 7+2매/4+1매/1매 (기획/단품),20400,40.0,6.0,69.0,23.0,43.0,34.0,1272,실측
A000000185175,시트팩,아비브,[4매/3종] 아비브 콜라겐 겔 마스크 4매 (어성초/수분초/부활초),20000,43.0,7.0,69.0,41.0,54.0,5.0,28520,실측
A000000186552,시트팩,메디힐,메디힐 NMF 누드겔 마스크 10매 수분 부스팅 하이드로겔,20000,42.0,6.0,71.0,39.0,58.0,3.0,233,실측
A000000261632,시트팩,셀리맥스,셀리맥스 더 비타 A 레티날 샷 타이트닝 투스텝 겔 마스크 4매,20000,40.89,8.55,80.47,41.65,46.62,15.69,15,예측
A000000242860,시트팩,아이오페,[화잘먹/모공개선] 아이오페 레티놀 세럼 인 겔 마스크 4매,19800,42.0,5.0,59.0,26.0,41.0,33.0,2685,실측
A000000199082,시트팩,프리메이,[대나무 비건시트/흔적진정] 프리메이 올리브 시카 카밍 앰플 마스크 10매,8910,33.0,8.0,82.0,64.0,34.0,3.0,5700,실측
A000000199083,시트팩,프리메이,[대나무 비건시트/진정쿨링] 프리메이 그린 하트리프 앰플 마스크 10매,8910,43.0,9.0,67.0,63.0,38.0,0.0,2430,실측
A000000231827,시트팩,아누아,[탄력케어] 아누아 콜라겐 마스크 4매 3종(어성초/복숭아/라이스),19200,49.0,9.0,60.0,42.0,46.0,13.0,103,실측
A000000242498,시트팩,바이오던스,[캐비어XPDRN] 바이오던스 리쥬비네이팅 캐비어 PDRN 리얼 딥 마스크 4매,18900,43.0,5.0,72.0,24.0,59.0,17.0,1570,실측
A000000178216,시트팩,러븀,[탄력리프팅 겔팩] 러븀 슬로우 에이징 피토 콜라겐 겔 마스크 5매,18800,40.0,5.0,68.0,25.0,51.0,25.0,995,실측
A000000190392,시트팩,한율,"[초밀착젤리랩핑시트] 한율 어린쑥 수분진정 랩핑 마스크 1매(어린쑥,달빛유자,빨간쌀)",2400,40.0,10.0,73.0,59.0,38.0,3.0,2286,실측
A000000217547,시트팩,CKD,[기미잡티/비타민팩] CKD 비타씨테카 기미잡티샷 마스크 4매 기획 (+1매),17900,35.0,5.0,53.0,21.0,29.0,50.0,10325,실측
A000000213724,시트팩,바이오던스,바이오던스 래디언트 비타 나이아신아마이드 리얼 딥 마스크 1매,4800,42.0,9.0,62.0,19.0,34.0,46.0,190,실측
A000000117485,시트팩,듀이셀,듀이셀 마스크팩 1매,8000,45.0,4.0,64.0,24.0,58.0,19.0,4266,실측
A000000144613,시트팩,VT,VT 시카 데일리 수딩 마스크,17600,30.0,18.0,63.0,66.0,31.0,3.0,296,실측
A000000170549,시트팩,메디힐,메디힐 대나무/닥나무 4D 마스크 1매 2종 택1,1500,40.0,6.0,61.0,39.0,49.0,12.0,9668,실측
A000000222674,시트팩,스킨푸드,스킨푸드 마스크시트 1매 6종 중 택1,1500,40.0,13.0,71.0,54.0,44.0,1.0,4780,실측
A000000213469,시트팩,아이디플라코스메틱,아이디플라코스메틱 페이스핏 마이너스 밴드 V3 4매,16800,32.0,6.0,45.0,37.0,37.0,26.0,133,실측
A000000225373,시트팩,어나더페이스,[반쪽모공팩] 어나더페이스 펩타테놀 수분 밸런스 하이드로겔 마스크팩 4매,16800,44.0,7.0,95.0,22.0,69.0,9.0,12602,실측
A000000178597,시트팩,더마토리,[1매] 더마토리 밀착 밴드 마스크 3종 택1 (징크/레티날/히알샷),2000,39.0,12.0,73.0,62.0,35.0,3.0,19225,실측
A000000213572,시트팩,메디앤서,[모공쿨링]메디앤서 포어 콜라겐 나노샷 마스크 5매,16500,35.0,15.0,70.0,39.0,42.0,19.0,273,실측
A000000257646,시트팩,브리스킨,[리뉴얼] 브리스킨 리얼 핏 세컨드스킨 마스크 5매입,16250,31.0,17.0,48.0,55.0,41.0,3.0,4814,실측
A000000192777,시트팩,프리메이,[대나무 비건시트/피부광채] 프리메이 옐로우 비타민 앰플 마스크 1매,900,44.0,4.0,75.0,21.0,55.0,24.0,1867,실측
A000000206863,시트팩,파티온,[트러블진정] 파티온 노스카나인 트러블 세럼 마스크팩 1매,1900,34.0,15.0,70.0,71.0,29.0,1.0,3818,실측
A000000148981,시트팩,스킨푸드,스킨푸드 수비드 마스크시트 1매 10종 중 택1,880,46.0,7.0,70.0,38.0,57.0,5.0,8586,실측
A000000206206,시트팩,아로셀,[1매/쫀광탄력] 아로셀 하이드로겔 마스크 3종 택1 (콜라겐/모공케어/기미토닝),6900,38.0,6.0,75.0,20.0,57.0,22.0,1865,실측
A000000150232,시트팩,코스알엑스,코스알엑스 퓨어핏 시카 카밍 트루 시트 마스크 10매입,16000,22.0,17.0,71.0,81.0,18.0,1.0,1879,실측
A000000257738,시트팩,토리든,토리든 마스크 시트 1매 4종 택 1(수분/진정/브라이트닝/모공)(AD),3000,42.0,10.0,70.0,45.0,53.0,2.0,1620,실측
A000000149577,시트팩,메디힐,메디힐 티트리 임팩트인 밸런싱 마스크 10매,15000,24.0,23.0,71.0,79.0,20.0,1.0,1064,실측
A000000170550,시트팩,메디힐,메디힐 대나무 숯 4D 블랙 마스크 탄력영양 10매,15000,39.0,5.0,62.0,34.0,45.0,21.0,10043,실측
A000000170567,시트팩,메디힐,메디힐 모공톡스 탄산 버블 시트 10매,15000,20.0,18.0,43.0,54.0,29.0,17.0,546,실측
A000000213433,시트팩,토리든,토리든 셀메이징 비타C 브라이트닝 마스크 10매,15000,29.0,6.0,53.0,38.0,24.0,37.0,86,실측
A000000245742,시트팩,스킨푸드,[5+2매/망곰 콜라보] 스킨푸드 캐롯 카로틴 마스크시트 5매 기획 (+2매) (+망곰 헤어 고정시트),15000,41.0,8.0,71.0,44.0,55.0,1.0,12971,실측
A000000255593,시트팩,스킨푸드,[단독기획] 스킨푸드 캐롯 카로틴 마스크시트 5매 기획 (+3매),15000,37.0,7.0,70.0,50.0,49.0,2.0,12969,실측
A000000226694,시트팩,리얼베리어,[광속수분/스킨핏] 리얼베리어 워터리 히알 세럼 마스크 1매/10매,1500,59.0,8.0,86.0,29.0,71.0,0.0,215,실측
A000000203895,시트팩,유세린,[진정장벽] 유세린 울트라센시티브 리페어 진정 마스크팩 1매,3500,42.0,7.0,68.0,50.0,48.0,2.0,5426,실측
A000000204164,시트팩,프리메이,프리메이 비건 앰플 마스크 1매 5종 택 1,900,47.0,6.0,72.0,39.0,55.0,6.0,17113,실측
A000000130885,시트팩,로벡틴,[응급진정/흔적케어] 로벡틴 닥터마스크 시카 5매,10000,25.0,15.0,68.0,81.0,18.0,1.0,24153,실측
A000000204570,시트팩,메디힐,메디힐 더 NMF 앰플 마스크 오리지널 2+2매 기획,5900,44.0,5.0,64.0,35.0,63.0,2.0,11481,실측
A000000202588,시트팩,구달,[즉각쿨링/열감케어] 구달 어성초 히알루론 수딩 젤리 마스크 1매,2000,44.0,10.0,72.0,58.0,42.0,0.0,7539,실측
A000000172855,시트팩,더랩바이블랑두,[즉각수분/1일1팩] 더랩바이블랑두 올리고 히알루론산 워터리 스킨 마스크 1매,1800,46.0,7.0,71.0,34.0,66.0,0.0,3736,실측
A000000237329,시트팩,아이소이,[콜라보/한정기획] 아이소이 모이스춰 닥터 장수진 수분 마스크 3+1매 기획 (+스티커 증정),12000,35.0,10.0,70.0,39.0,58.0,2.0,84,실측
A000000224369,시트팩,닥터자르트,닥터자르트 브라이타민 브라이트닝 플럼핑 마스크 1매,4900,44.0,0.0,61.0,18.0,30.0,52.0,61,실측
A000000209123,시트팩,메디큐브,[탄력속광] 메디큐브 PDRN 핑크 콜라겐 겔 마스크팩 1매,4800,42.0,8.0,65.0,27.0,49.0,24.0,1989,실측
A000000234083,시트팩,아이오페,[톤업/광채/화잘먹]아이오페 멀티 비타민 10% 얼티밋 토닝 겔 마스크 1매,4690,44.0,5.0,62.0,21.0,35.0,44.0,1921,실측
A000000244703,시트팩,메디큐브,[NEW/붙이는앰플] 메디큐브 PDRN 핑크 펩타이드 앰플 마스크 1매,1500,50.0,4.0,68.0,28.0,57.0,15.0,573,실측
A000000222819,시트팩,파넬,[NEW / 세럼한통듬뿍]파넬 시카마누 세럼 마스크 1매,1490,33.0,13.0,66.0,71.0,29.0,0.0,816,실측
A000000214720,시트팩,닥터지,[속광탄력/리프팅] 닥터지 블랙스네일 레티놀 링클 마스크 1매,2500,60.0,4.0,71.0,20.0,61.0,19.0,1468,실측
A000000254709,시트팩,닥터자르트,[1시간팩] 닥터자르트 하이드로 퍼밍 마스크 1매입,4500,38.0,3.0,79.0,20.0,60.0,20.0,340,실측
A000000236600,시트팩,바이오힐보,[모공고민|겔링화시트] 바이오힐보 프로바이오덤 콜라겐 리모델링 세럼 마스크 [1매/5+1매],10000,72.0,3.0,84.0,13.0,74.0,13.0,1125,실측
A000000141920,시트팩,바이비드,바이비드 인앤아웃 페이셜 마스크 1매,3920,16.0,28.0,35.0,55.0,28.0,17.0,511,실측
A000000236610,시트팩,브링그린,[수분진정] 브링그린 징크테카 트러블 세럼 수딩 마스크 3+1 기획,9000,23.0,23.0,65.0,81.0,19.0,1.0,4890,실측
A000000145553,시트팩,비플레인,비플레인 시카풀 카밍 마스크 1매,3500,39.0,15.0,78.0,68.0,32.0,0.0,517,실측
A000000254664,시트팩,넘버즈인,[탄력붓기] 넘버즈인 9번 NAD 바이오 리프팅 풀페이스팩 1매,3500,56.0,7.0,68.0,22.0,49.0,29.0,142,실측
A000000216504,시트팩,마몽드,[강력진정] 마몽드 카밍 샷 아줄렌 앰플 마스크팩 1매,1750,51.0,10.0,75.0,46.0,53.0,2.0,759,실측
A000000250264,시트팩,하우스오브비,[NEW/파리의금손 Pick]하우스오브비 PDRN 페이스 필름 1매,8500,60.0,5.0,71.0,19.0,64.0,17.0,1295,실측
A000000202589,시트팩,구달,[즉각쿨링/열감케어] 구달 어성초 히알루론 수딩 젤리 마스크 4매 기획,8000,35.0,11.0,70.0,65.0,34.0,1.0,1532,실측
A000000209890,시트팩,웰라쥬,[수분광밀착팩/1매] 웰라쥬 리얼 히알루로닉 블루 앰플 마스크 1매,3000,49.0,9.0,72.0,30.0,69.0,1.0,8090,실측
A000000231360,시트팩,노프랍,[1매/앰플 37g 용량] 노프랍 하이드로겔 마스크팩 3종,2900,42.0,5.0,64.0,41.0,52.0,7.0,489,실측
A000000236605,시트팩,아로셀,[비타민4천샷/고중량] 아로셀 멜라 TXA 마스크 1매 43g,6900,38.0,1.0,77.0,11.0,61.0,28.0,1538,실측
A000000240164,시트팩,로벡틴,[850만장 판매 돌파] 로벡틴 1등 닥터마스크 5매입 3종 택1,6300,35.0,26.0,75.0,55.0,40.0,4.0,5410,실측
A000000192778,시트팩,프리메이,[대나무 비건시트/흔적진정] 프리메이 올리브 시카 카밍 앰플 마스크 1매,900,39.0,10.0,78.0,55.0,44.0,2.0,5223,실측
A000000213575,시트팩,메디앤서,메디앤서 비타 콜라겐 나노샷 마스크 1매,6000,39.0,9.0,65.0,21.0,28.0,51.0,2842,실측
A000000140606,시트팩,시루콧토,시루콧토 브라이트 솔루션 마스크팩,2000,75.0,2.0,88.0,9.0,75.0,16.0,955,실측
A000000141867,시트팩,라운드랩,[고밀착/수분진정] 라운드랩 1025 독도 수분 워터겔 마스크 1매,2000,48.0,7.0,75.0,35.0,64.0,1.0,16119,실측
A000000218907,시트팩,아렌시아,[붙이는 세럼팩] 아렌시아 홀리 히솝 마스크팩 1매,2000,66.0,6.0,83.0,23.0,73.0,4.0,683,실측
A000000171718,시트팩,리쥬란,[피부특화 DNA성분/국내유일 특허] 리쥬란 힐러 스킨 프로텍션 마스크 1매,5600,50.0,4.0,63.0,28.0,61.0,11.0,7679,실측
A000000229197,시트팩,달바,[4세대발효콜라겐] 달바 비타 하이드로겔 마스크 1매입,5500,47.0,5.0,68.0,24.0,45.0,30.0,2845,실측
A000000249579,시트팩,이옴,이옴 판테옴 리페어 크림마스크 1매,5500,27.0,0.0,33.0,12.0,30.0,58.0,33,실측
A000000231896,시트팩,샤이샤이샤이,샤이샤이샤이 알로에 PDRN 쿨링 겔 마스크 1매,1800,35.0,12.0,71.0,72.0,28.0,0.0,142,실측
A000000221697,시트팩,아이오페,[모공탄력/화잘먹] 아이오페 레티놀 세럼 인 겔 마스크 1매,5000,46.0,6.0,58.0,22.0,41.0,37.0,2747,실측
A000000234229,시트팩,구달,[비타캡슐/잡티이별/3단 겔시트] 구달 겔 마스크 1매 2종 택1 (청귤/어성초),3000,40.0,8.0,65.0,29.0,36.0,35.0,3029,실측
A000000258319,시트팩,센텔리안24,센텔리안24 마데카 멜라 캡처 토닝 앰플 마스크 (리뉴얼 2605),5000,91.0,1.0,94.0,5.0,87.0,7.0,1965,실측
A000000242501,시트팩,바이오던스,[고영양/장벽] 바이오던스 리쥬비네이팅 캐비어 PDRN 리얼 딥 마스크 1매,4800,50.0,7.0,66.0,27.0,63.0,11.0,1570,실측
A000000240476,시트팩,바노바기,[올영단독/안소희 PICK] 바노바기 비타 제닉 젤리 마스크 1매 7종 택 1,1500,29.0,15.0,62.0,45.0,42.0,13.0,165,실측
A000000245633,시트팩,브링그린,[NEW] 브링그린 블루빈 B5-PDRN 마일드 로션 마스크 3+1매 기획,4500,63.0,1.0,70.0,29.0,71.0,0.0,73,실측
A000000223693,시트팩,파티온,[수분보습] 파티온 포도당 하이드로 마스크 1매,1200,50.0,8.0,73.0,33.0,66.0,1.0,1170,실측
A000000149902,시트팩,피지오겔,피지오겔 DMT 크림 마스크,4000,59.0,4.0,71.0,26.0,73.0,2.0,1085,실측
A000000149903,시트팩,피지오겔,피지오겔 레드수딩 AI 릴리프 마스크,4000,45.0,8.0,76.0,54.0,45.0,1.0,1472,실측
A000000226143,시트팩,센텔리안24,[청담샵템] 센텔리안24 마데카랩 PDRN 스킨 타이트닝 글로우 겔 마스크팩 1매,3500,42.0,8.0,68.0,34.0,52.0,14.0,736,실측
A000000149101,시트팩,아리얼,[데일리루틴/집중영양] 아리얼 세븐데이즈 마스크 카렌듈라 P 1매,900,40.0,5.0,64.0,41.0,56.0,3.0,2083,실측
A000000106577,시트팩,브리스킨,[리뉴얼] 브리스킨 리얼 핏 세컨드스킨 마스크1매입,3250,49.0,6.0,73.0,27.0,69.0,4.0,7204,실측
A000000165302,시트팩,달바,[수분잠금] 달바 너리싱 트리트먼트 마스크 1매,2750,52.0,4.0,68.0,26.0,67.0,7.0,8957,실측
A000000192502,시트팩,메디힐,[탄력리프팅/1매] 메디힐 레티놀 콜라겐 윤곽 마스크 2종 (앰플/크림),2000,51.0,5.0,69.0,23.0,55.0,22.0,9885,실측
A000000239657,시트팩,바이오힐보,[실프팅탄력|랩핑필름] 바이오힐보 프로바이오덤 3D리프팅 바이오톡실 PLGA 필름 마스크 1매/5+1매기획,2000,59.0,4.0,76.0,19.0,64.0,17.0,1017,실측
A000000139810,시트팩,코스알엑스,코스알엑스 퓨어핏 시카 카밍 트루 시트 마스크,1800,27.0,16.0,69.0,77.0,22.0,0.0,16500,실측
A000000216512,시트팩,마몽드,마몽드 앰플 마스크팩 1매 (4종),1750,47.0,12.0,70.0,36.0,56.0,8.0,668,실측
A000000139830,시트팩,얼트루,아임쏘리포마이스킨 pH5.5 수딩 젤리마스크,1500,37.0,8.0,63.0,48.0,49.0,3.0,376,실측
A000000139831,시트팩,얼트루,아임쏘리포마이스킨 리바이탈라이징 젤리마스크,1500,46.0,7.0,66.0,34.0,63.0,2.0,788,실측
A000000149106,시트팩,아리얼,[데일리루틴/말끔정화] 아리얼 세븐데이즈 마스크 티트리 M 1매,900,27.0,17.0,62.0,72.0,27.0,1.0,4297,실측
A000000166501,시트팩,제이준,[수분충전] 제이준 히알루론산 하이드레이팅 마스크 1매,900,60.0,4.0,76.0,24.0,76.0,1.0,1966,실측
A000000192776,시트팩,프리메이,[대나무 비건시트/탄력개선] 프리메이 핑크 콜라겐 앰플 마스크 1매,900,49.0,5.0,79.0,22.0,63.0,15.0,3715,실측
A000000119642,시트팩,바세린,바세린 오리지널 영양 시트마스크 10매,12500,48.0,3.0,65.0,34.0,58.0,8.0,79,실측
A000000119644,시트팩,바세린,바세린 오리지널 수분 시트마스크 10매,25000,43.0,7.0,58.0,35.0,62.0,3.0,118,실측
A000000122757,시트팩,제이엠솔루션,제이엠솔루션 윤광 플라워 퍼밍 마스크 로즈 10매,10000,43.0,7.0,68.0,19.0,73.0,8.0,128,실측
A000000128585,시트팩,듀이셀,듀이셀 리프팅 마스크 1P,5900,34.0,6.0,53.0,20.0,30.0,51.0,1526,실측
A000000130887,시트팩,로벡틴,[수분충전/오돌토돌 결케어] 로벡틴 닥터마스크 아쿠아 1매,1600,47.0,8.0,71.0,34.0,65.0,1.0,5621,실측
A000000130889,시트팩,로벡틴,[수분충전/오돌토돌 결케어] 로벡틴 닥터마스크 아쿠아 5매,7800,44.0,13.0,78.0,29.0,70.0,1.0,6501,실측
A000000132048,시트팩,듀이트리,[1+1/화잘먹팩] 듀이트리 픽앤퀵 뽑아쓰는 화장발 마스크 더블 기획 (30매+30매),27600,35.0,11.0,69.0,36.0,63.0,1.0,1905,실측
A000000135426,시트팩,더멀매트릭스,더멀매트릭스 페이셜 더멀케어 마스크,9000,39.0,10.0,66.0,29.0,57.0,14.0,1124,실측
A000000139796,시트팩,미구하라,미구하라 2스텝 화이트닝 마스크 팩,2800,43.0,4.0,58.0,18.0,39.0,43.0,1409,실측
A000000139799,시트팩,미구하라,미구하라 2스텝 아쿠아 밸런스 마스크 팩,2800,52.0,5.0,65.0,27.0,72.0,1.0,877,실측
A000000139829,시트팩,얼트루,아임쏘리포마이스킨 pH5.5 모이스처 젤리마스크,3000,50.0,8.0,73.0,33.0,66.0,0.0,443,실측
A000000139832,시트팩,얼트루,아임쏘리포마이스킨 리얼 쑥 진정마스크,2000,58.0,8.0,81.0,48.0,52.0,0.0,1152,실측
A000000139835,시트팩,얼트루,아임쏘리포마이스킨 마스크팩 5종 택 1,3000,39.0,10.0,69.0,58.0,40.0,1.0,2878,실측
A000000143949,시트팩,얼트루,얼트루 아임쏘리포마이스킨 릴렉싱 젤리마스크 10매,15000,36.0,11.0,73.0,62.0,37.0,1.0,533,실측
A000000144152,시트팩,마녀공장,마녀공장 갈락 나이아신 에센스 투명광채 마스크 1매,3000,38.0,7.0,65.0,29.0,41.0,30.0,3153,실측
A000000145282,시트팩,닥터디퍼런트,[수분/진정] 닥터디퍼런트 카밍 앤 모이스처 마스크(1매/5매),20000,50.0,5.0,75.0,37.0,59.0,4.0,180,실측
A000000145283,시트팩,닥터디퍼런트,[수분/진정] 닥터디퍼런트 카밍 앤 모이스처 마스크 5매,20000,28.0,5.0,75.0,57.0,42.0,1.0,180,실측
A000000145552,시트팩,비플레인,비플레인 시카풀 카밍 마스크 10매,21600,32.0,20.0,87.0,70.0,30.0,0.0,682,실측
A000000145635,시트팩,AHC,AHC 마이크로 로즈마리 착붙 마스크 시트 33ml 10매,20000,29.0,8.0,71.0,58.0,40.0,2.0,58,실측
A000000145640,시트팩,AHC,AHC 마이크로 레드 콜라겐 착붙 마스크 시트 33ml 10매,20000,40.0,1.0,52.0,33.0,43.0,23.0,329,실측
A000000145641,시트팩,AHC,AHC 마이크로 비타민 착붙 마스크 시트 33ml 10매,20000,40.0,2.0,64.0,33.0,39.0,28.0,87,실측
A000000145643,시트팩,AHC,AHC 마이크로 퓨어 워터 착붙 마스크 시트 33ml 10매,20000,45.0,2.0,70.0,27.0,72.0,1.0,177,실측
A000000145898,시트팩,얼트루,얼트루 아임쏘리포마이스킨 리바이탈라이징 젤리마스크 (본품4매+1매 추가 증정),12000,45.0,5.0,65.0,35.0,64.0,1.0,1305,실측
A000000145901,시트팩,얼트루,얼트루 아임쏘리포마이스킨 리얼 쑥 진정마스크 기획 (본품4매+1매 추가 증정),16000,23.0,19.0,52.0,83.0,17.0,0.0,1425,실측
A000000146832,시트팩,더멀매트릭스,더멀매트릭스 에피더멀 디톡시파잉 마스크,5000,42.0,11.0,56.0,43.0,44.0,13.0,263,실측
A000000148072,시트팩,페이스인페이스,FIF 병풀 센서티브 앰플마스크 10P,16000,30.0,20.0,84.0,67.0,32.0,1.0,185,실측
A000000148644,시트팩,코스알엑스,코스알엑스 풀핏 프로폴리스 너리싱 마그넷 시트마스크 1매,4000,51.0,4.0,67.0,27.0,70.0,3.0,4644,실측
A000000149108,시트팩,아리얼,[데일리루틴/집중수분] 아리얼 세븐데이즈 마스크 알로에 H 1매,1500,40.0,8.0,65.0,56.0,44.0,1.0,7007,실측
A000000149110,시트팩,아리얼,[데일리루틴/맑은안색] 아리얼 세븐데이즈 마스크 로터스 N 1매,900,44.0,5.0,68.0,34.0,55.0,11.0,967,실측
A000000149111,시트팩,아리얼,[데일리루틴/브라이트닝] 아리얼 세븐데이즈 마스크 레몬 C 1매,1500,37.0,8.0,63.0,29.0,40.0,31.0,1625,실측
A000000149113,시트팩,아리얼,[데일리루틴/산뜻모공] 아리얼 세븐데이즈 마스크 녹차 S 1매,900,34.0,14.0,65.0,57.0,41.0,2.0,1957,실측
A000000149179,시트팩,메디힐,메디힐 티트리 임팩트인 밸런싱 마스크 1매,1500,27.0,17.0,65.0,77.0,22.0,1.0,25209,실측
A000000150208,시트팩,코스알엑스,코스알엑스 에이씨 컬렉션 블레미쉬 케어 시트 마스크,1800,31.0,16.0,65.0,64.0,31.0,5.0,638,실측
A000000151587,시트팩,아리얼,[데일리루틴/말끔정화] 아리얼 세븐데이즈 마스크 티트리 M 10매+5매 기획,15000,28.0,15.0,66.0,83.0,17.0,0.0,4513,실측
A000000151588,시트팩,아리얼,[데일리루틴/집중수분] 아리얼 세븐데이즈 마스크 알로에 H 10매+5매 기획,12750,33.0,10.0,67.0,56.0,42.0,1.0,7253,실측
A000000151589,시트팩,아리얼,[데일리루틴/집중영양] 아리얼 세븐데이즈 마스크 카렌듈라 P 10매+5매 기획,15000,34.0,4.0,67.0,41.0,56.0,3.0,2204,실측
A000000151590,시트팩,아리얼,[데일리루틴/브라이트닝] 아리얼 세븐데이즈 마스크 레몬 C 10매+5매 기획,12750,20.0,4.0,48.0,44.0,25.0,31.0,1782,실측
A000000152161,시트팩,미구하라,미구하라 빅3스텝 화이트닝 마스크팩 오리진 1매,3500,50.0,2.0,71.0,19.0,52.0,29.0,434,실측
A000000153142,시트팩,아리얼,[데일리루틴/산뜻모공] 아리얼 세븐데이즈 마스크 녹차 S 10매+5매 기획,15000,23.0,24.0,67.0,65.0,30.0,5.0,2036,실측
A000000153146,시트팩,아리얼,[데일리루틴/맑은안색] 아리얼 세븐데이즈 마스크 로터스 N 10매+5매 기획,12750,41.0,0.0,71.0,24.0,50.0,26.0,34,실측
A000000153322,시트팩,닥터자르트,닥터자르트 더마스크 포어레미디 퓨리파잉 머드 마스크 1매,8000,23.0,29.0,50.0,57.0,25.0,18.0,352,실측
A000000153544,시트팩,닥터자르트,[파하머드팩] 닥터자르트 더마스크 포어레미디 퓨리파잉 머드 마스크 5매,16000,17.0,26.0,47.0,64.0,23.0,13.0,837,실측
A000000154339,시트팩,닥터디퍼런트,[시카진정/보습] 닥터디퍼런트 더마 릴렉싱 마스크(1매/5매),2800,44.0,5.0,79.0,61.0,38.0,1.0,368,실측
A000000154568,시트팩,제이엠솔루션,제이엠솔루션 릴리프 핏 어성초 마스크 1매,1200,38.0,10.0,71.0,54.0,44.0,2.0,219,실측
A000000154569,시트팩,제이엠솔루션,제이엠솔루션 릴리프 약산성 약쑥 마스크 10매,10500,33.0,14.0,84.0,63.0,34.0,3.0,425,실측
A000000154571,시트팩,제이엠솔루션,제이엠솔루션 릴리프 핏 어성초 마스크 10매,10500,35.0,13.0,84.0,64.0,35.0,1.0,219,실측
A000000154753,시트팩,닥터디퍼런트,닥터디퍼런트 더마 릴렉싱 마스크 5매,12000,38.0,3.0,79.0,59.0,40.0,1.0,368,실측
A000000159122,시트팩,메디힐,메디힐 콜라겐 임팩트인 타이트닝 마스크 10매,15000,39.0,5.0,70.0,18.0,48.0,34.0,322,실측
A000000160144,시트팩,코스알엑스,코스알엑스 밸런시움 컴포트 세라마이드 소프트 크림 시트 마스크,4000,65.0,2.0,80.0,21.0,77.0,2.0,424,실측
A000000162261,시트팩,수이스킨,수이스킨 편안한 진정초 시트 마스크 5매입,6000,25.0,11.0,55.0,74.0,26.0,0.0,480,실측
A000000162630,시트팩,아나시스,[브이라인/리프팅 패치] 아나시스 벨라컨투어 듀얼리프트마스크 5매,17800,34.0,5.0,49.0,28.0,23.0,50.0,80,실측
A000000164216,시트팩,리쥬란,[이중턱케어_탄력콜라겐] 리쥬란 힐러 퍼펙트 힐링 V 타이터 4매,36400,42.0,3.0,65.0,28.0,42.0,30.0,650,실측
A000000166218,시트팩,메디테라피,[탄력 리프팅] 메디테라피 링클핏 마스크 7매입,18800,53.0,0.0,43.0,20.0,53.0,27.0,30,실측
A000000167310,시트팩,차앤박,[초밀착 / 2-Step 마스크] 차앤박(CNP) 마스크팩 1매 (3종 중 택1),5000,54.0,3.0,68.0,26.0,64.0,10.0,5340,실측
A000000167873,시트팩,파티온,[진정] 파티온 리얼핏 어성초 카밍 마스크 1매,3000,29.0,17.0,71.0,71.0,29.0,0.0,1256,실측
A000000168692,시트팩,믹순,믹순 비피다 마스크팩 1매입,3400,38.0,4.0,71.0,45.0,51.0,4.0,312,실측
A000000168693,시트팩,믹순,믹순 병풀 마스크팩 1매입,3400,39.0,7.0,69.0,66.0,34.0,0.0,352,실측
A000000169247,시트팩,메디힐,메디힐 NMF 누드겔 마스크 1매 수분 부스팅 하이드로겔,4000,48.0,8.0,71.0,35.0,62.0,3.0,11979,실측
A000000169512,시트팩,리쥬란,[오리지널 c-PDRN /국내유일 특허] 리쥬란 힐러 스킨 프로텍션 마스크 5매,28000,45.0,4.0,64.0,31.0,57.0,12.0,7679,실측
A000000170555,시트팩,메디힐,메디힐 닥나무 4D 화이트 마스크 생기영양 10매,30000,37.0,6.0,58.0,32.0,40.0,27.0,4544,실측
A000000173452,시트팩,차앤박,[긴급진정] 차앤박(CNP) 퀵수딩 S.O.S 마스크 1매,5000,39.0,13.0,69.0,58.0,42.0,1.0,7896,실측
A000000173947,시트팩,제이준,[수분충전] 제이준 히알루론산 하이드레이팅 마스크 10매,8900,42.0,2.0,59.0,36.0,63.0,1.0,88,실측
A000000173966,시트팩,제이준,[영양보습] 제이준 인텐시브 블루밍 원스텝 벚꽃 마스크 1매,750,49.0,4.0,73.0,24.0,74.0,3.0,2591,실측
A000000174612,시트팩,메디필,[모공/탄력] 메디필 레드락토 콜라겐 포어 리프팅 마스크 1매,2100,45.0,9.0,72.0,22.0,55.0,23.0,740,실측
A000000174615,시트팩,메디필,[모공/탄력] 메디필 레드락토 콜라겐 포어 리프팅 마스크 10매,21000,40.0,4.0,65.0,30.0,50.0,21.0,846,실측
A000000175207,시트팩,리쥬란,[리쥬란 독자소재_저자극 안심성분]리쥬란 더마힐러 모이스처 트리트먼트 마스크팩 1매,4480,48.0,3.0,70.0,36.0,58.0,6.0,1432,실측
A000000177653,시트팩,닥터자르트,[보습마스크팩/탄탄장벽] 닥터자르트 세라마이딘 스킨 베리어 모이스처라이징 마스크 1매,8000,51.0,4.0,68.0,30.0,68.0,3.0,860,실측
A000000178751,시트팩,스킨푸드,스킨푸드 캐롯 카로틴 마스크시트 1매,1500,41.0,9.0,71.0,51.0,47.0,1.0,5518,실측
A000000181032,시트팩,더랩바이블랑두,[즉각수분/1일1팩] 더랩바이블랑두 올리고 히알루론산 워터리 스킨 마스크 10매,30000,57.0,7.0,78.0,27.0,72.0,1.0,3947,실측
A000000185278,시트팩,이즈앤트리,이즈앤트리 초저분자 히아루론산 마스크 10매,19500,26.0,15.0,59.0,37.0,61.0,2.0,46,실측
A000000185283,시트팩,이즈앤트리,이즈앤트리 머그워트 카밍 거즈 마스크 10매,19500,21.0,27.0,82.0,58.0,42.0,0.0,385,실측
A000000186177,시트팩,스킨푸드,[10매기획] 스킨푸드 수비드 마스크시트 10매 10종 중 택 1,8800,38.0,9.0,82.0,26.0,65.0,9.0,169,실측
A000000188372,시트팩,브리스킨,브리스킨 부활초 엑소펩타이드 콜라겐 마스크 1매,7000,49.0,2.0,75.0,33.0,61.0,5.0,60,실측
A000000188373,시트팩,브리스킨,브리스킨 엑소펩타이드 콜라겐 마스크 5매(부활초/어성초),35000,33.0,5.0,64.0,38.0,49.0,12.0,194,실측
A000000188375,시트팩,브리스킨,브리스킨 어성초 엑소펩타이드 콜라겐 마스크 1매,7000,41.0,7.0,70.0,57.0,41.0,2.0,53,실측
A000000188551,시트팩,리쥬란,[이중턱케어/탄력콜라겐/워터 프루프 시트] 리쥬란 힐러 퍼펙트 힐링 V 타이터 1매,9300,40.0,7.0,57.0,31.0,39.0,30.0,923,실측
A000000188832,시트팩,조선미녀,조선미녀 병풀 진정 마스크 10매,25000,34.4,9.52,69.4,35.66,33.06,17.69,21,예측
A000000189091,시트팩,제이준,[수분광채] 제이준 블랙 물광 탄력 마스크 1매,3000,50.0,3.0,72.0,21.0,68.0,11.0,114,실측
A000000189094,시트팩,제이준,[수분광채] 제이준 블랙 물광 탄력 마스크 10매,11910,26.0,3.0,60.0,40.0,54.0,6.0,35,실측
A000000189097,시트팩,제이준,[영양수분] 제이준 인텐시브 샤이닝 영양강화 마스크 1매,1200,60.0,3.0,78.0,16.0,72.0,12.0,145,실측
A000000189100,시트팩,제이준,[영양탄력] 제이준 콜라겐 스킨 핏 탄력 강화 마스크팩 1매,1530,63.0,2.0,75.0,18.0,63.0,20.0,534,실측
A000000189101,시트팩,제이준,[영양탄력] 제이준 콜라겐 스킨 핏 탄력 강화 마스크팩 10매,12900,44.0,6.0,63.0,23.0,61.0,17.0,132,실측
A000000189710,시트팩,더마토리,[모공탄력/화잘먹/밀착밴드핏] 더마토리 레티날덤 밴드 마스크 4+1매 증정기획,9900,32.0,9.0,59.0,28.0,36.0,37.0,9230,실측
A000000189872,시트팩,닥터자르트,[강력진정/탄탄보습] 닥터자르트 시카페어 인텐시브 수딩 리페어 세럼 마스크 1매,8000,29.0,16.0,64.0,72.0,25.0,3.0,824,실측
A000000190390,시트팩,한율,[초밀착젤리랩핑시트] 한율 빨간쌀 보습탄력 랩핑 마스크 4매 (+1매 증정기획),9600,57.0,5.0,69.0,24.0,69.0,6.0,556,실측
A000000190391,시트팩,한율,[초밀착젤리랩핑시트] 한율 달빛유자 브라이트닝 랩핑 마스크 4매 (+1매 증정기획),9600,42.0,6.0,69.0,19.0,38.0,43.0,1266,실측
A000000190393,시트팩,한율,[초밀착젤리랩핑시트] 한율 빨간쌀 보습탄력 랩핑 마스크 1매,2400,52.0,3.0,69.0,23.0,71.0,7.0,429,실측
A000000190394,시트팩,한율,[초밀착젤리랩핑시트] 한율 달빛유자 브라이트닝 랩핑 마스크 1매,2400,49.0,6.0,73.0,17.0,40.0,43.0,801,실측
A000000190746,시트팩,SNP,[30매/뽑아쓰는팩]SNP 골드 콜라겐 데일리 마스크 30매,17500,41.0,6.0,72.0,24.0,62.0,15.0,518,실측
A000000191150,시트팩,CKD,[대용량] CKD 레티노콜라겐 저분자 300 모공탄력 마스크 10매,50000,39.0,6.0,72.0,21.0,45.0,34.0,20315,실측
A000000191410,시트팩,더마토리,[탄력/광채] 더마토리 레티날 콜라겐/글루타치온 겔 마스크 1매 2종 택1 (콜라겐/글루타치온),5500,31.0,9.0,64.0,22.0,32.0,46.0,1275,실측
A000000192295,시트팩,토리든,토리든 셀메이징 저분자 콜라겐 탄력 겔마스크 (얼굴&목) 1매,6000,48.0,4.0,67.0,25.0,56.0,19.0,294,실측
A000000192500,시트팩,메디힐,[탄력리프팅] 메디힐 레티놀 콜라겐 크림 윤곽 마스크 고보습 1매,2000,53.0,6.0,71.0,20.0,58.0,23.0,2246,실측
A000000192503,시트팩,메디힐,[탄력리프팅/4매] 메디힐 레티놀 콜라겐 윤곽 마스크 2종 (앰플/크림),16000,41.0,5.0,65.0,22.0,47.0,30.0,14215,실측
A000000195479,시트팩,토리든,[NEW] 토리든 셀메이징 저분자 콜라겐 탄력 겔마스크 (얼굴 집중케어) 1매,6000,43.0,7.0,69.0,24.0,45.0,30.0,1438,실측
A000000197841,시트팩,아임프롬,[열감진정] 아임프롬 머그워트 시트 마스크 5매,12250,32.9,12.04,70.06,52.31,43.2,0.0,27,예측
A000000199084,시트팩,프리메이,[대나무 비건시트/피부광채] 프리메이 옐로우 비타민 앰플 마스크 10매,8910,47.0,8.0,63.0,25.0,51.0,24.0,1998,실측
A000000199386,시트팩,바이오던스,[올영단독] 바이오던스 하이드로 세라놀 리얼 딥 마스크 1매,4800,51.0,7.0,68.0,31.0,67.0,2.0,2201,실측
A000000200536,시트팩,프란츠,프란츠 제트플러스 듀얼 마스크 시스템 2매 (온),19800,45.42,7.83,74.05,26.05,64.45,16.98,13,예측
A000000202272,시트팩,피캄,[3중 거즈 밀착케어] 피캄 언더포어 마스크팩 5매,11000,32.17,19.59,64.85,42.72,36.85,4.79,10,예측
A000000202906,시트팩,CKD,[붙이는고순도비타민C] CKD 비타씨테카 기미잡티샷 마스크 3종 택1,17900,39.0,8.0,67.0,18.0,35.0,48.0,9300,실측
A000000203658,시트팩,닥터지,[5매/비타민마스크] 닥터지 퓨어 비타민 마스크 5매 (탄력/비타민/수분보습),9000,69.0,2.0,79.0,21.0,50.0,29.0,42,실측
A000000203661,시트팩,닥터지,[NEW/미백] 닥터지 퓨어 비타민 C 브라이트닝 마스크 5매,9000,32.91,13.7,66.05,52.29,32.28,10.29,28,예측
A000000204166,시트팩,프리메이,프리메이 비건 앰플 마스크 10매 5종 택 1,8910,49.0,3.0,74.0,35.0,56.0,9.0,14259,실측
A000000204625,시트팩,설화수,[윤빛광채] 설화수 윤조마스크 5매,54000,43.06,8.11,66.16,32.41,56.55,8.71,22,예측
A000000205223,시트팩,더멀매트릭스,더멀매트릭스 페이셜 더멀케어 마스크 4매,36000,51.0,7.0,69.0,21.0,70.0,8.0,62,실측
A000000206208,시트팩,아로셀,[붙이는 스킨부스터] 아로셀 보툴케어 그래핀 마스크 5매,25000,48.0,6.0,70.0,20.0,64.0,16.0,126,실측
A000000206209,시트팩,아로셀,[10분 완성팩] 아로셀 보툴케어 그래핀 마스크 2종 택1,5000,46.0,7.0,72.0,24.0,57.0,19.0,123,실측
A000000206325,시트팩,아로셀,아로셀 보툴케어 마스크 EX 1매,7500,39.0,5.0,76.0,21.0,63.0,16.0,2923,실측
A000000206833,시트팩,더마픽스,더마픽스 슬로우 에이징 리프트업 마스크팩 1매,3200,44.0,5.0,53.0,29.0,39.0,32.0,487,실측
A000000206834,시트팩,더마픽스,더마픽스 슬로우 에이징 리프트업 마스크팩 4매 (+1매 증정기획),15600,48.0,3.0,76.0,13.0,59.0,29.0,63,실측
A000000207030,시트팩,제나벨,제나벨 PDRN 리쥬비네이팅 마스크팩 5매,16000,44.0,1.0,70.0,35.0,55.0,10.0,178,실측
A000000207034,시트팩,에르쯔틴,에르쯔틴 리제너레이티브 실트 마스크 5매,19500,47.0,7.0,88.0,15.0,68.0,17.0,1047,실측
A000000208566,시트팩,프리메이,[8중 히알루론/깊은보습] 프리메이 블루 모이스춰 앰플 마스크 1매,900,50.0,3.0,69.0,33.0,66.0,1.0,543,실측
A000000208567,시트팩,프리메이,[8중 히알루론/깊은보습] 프리메이 블루 모이스춰 앰플 마스크 10매,8910,58.0,0.0,70.0,31.0,69.0,0.0,614,실측
A000000209157,시트팩,메디힐,[모공부스팅] 메디힐 스피큘 모공 탄력 시스템 마스크 1매 2종 (스피큘 1000/3000),3900,29.0,13.0,36.0,34.0,35.0,32.0,3729,실측
A000000209159,시트팩,메디힐,[모공부스팅/4매] 메디힐 스피큘 모공 탄력 시스템 마스크 (스피큘 1000/3000),20000,67.0,3.0,66.0,18.0,65.0,17.0,1008,실측
A000000209231,시트팩,라운드랩,[미백/잡티케어] 라운드랩 비타 나이아신 잡티 세럼 마스크 1매 (온),2000,70.0,2.0,86.0,8.0,59.0,33.0,1098,실측
A000000209233,시트팩,라운드랩,[미백/잡티케어] 라운드랩 비타 나이아신 잡티 세럼 마스크 10매 (온),20000,55.63,3.48,73.76,14.4,36.88,27.83,27,예측
A000000209844,시트팩,더마토리,[시카진정] 더마토리 시카 징크덤 밴드 마스크 4매(+1매 증정기획),16000,31.0,13.0,73.0,69.0,29.0,2.0,1496,실측
A000000210168,시트팩,피토메르,피토메르 올리고포스 이드라땅 마스크 1매,7270,57.0,0.0,62.0,22.0,76.0,3.0,37,실측
A000000210169,시트팩,피토메르,피토메르 올리고포스 이드라땅 마스크 4매 기획,26600,40.94,8.32,66.44,41.25,43.65,16.34,18,예측
A000000211149,시트팩,라운드랩,[속광탄력/콜라겐팩] 라운드랩 동백 딥 콜라겐 탄력 겔 마스크 1매,3600,46.0,7.0,67.0,27.0,47.0,26.0,1714,실측
A000000211151,시트팩,라운드랩,[속광탄력/콜라겐팩] 라운드랩 동백 딥 콜라겐 탄력 겔 마스크 4매 (온),14400,35.0,8.0,70.0,24.0,45.0,31.0,1714,실측
A000000211365,시트팩,VT,[집중케어] VT 리들샷 100 2스텝 마스크 4매 (+1매 증정기획),10200,34.0,7.0,35.0,34.0,42.0,24.0,9613,실측
A000000212351,시트팩,메디힐,[겔마스크/4매] 메디힐 하이퍼 마스크 4종 (콜라겐/PDRN/히알루론산/마데카소사이드),13200,44.0,6.0,70.0,27.0,55.0,18.0,23358,실측
A000000212513,시트팩,라로슈포제,라로슈포제 시카플라스트 B5 PRO 멀티-액션 리페어 마스크 1매,8000,52.0,5.0,71.0,45.0,53.0,2.0,107,실측
A000000213091,시트팩,VT,[탄력광채] VT 피디알엔 하이드로겔 마스크 1매,4000,49.0,7.0,65.0,33.0,58.0,9.0,1253,실측
A000000213505,시트팩,아이디플라코스메틱,아이디플라코스메틱 더마스틱 브라이트닝핏 마스크 5매 (온),8900,42.64,9.21,72.59,44.88,39.54,20.25,29,예측
A000000213506,시트팩,아이디플라코스메틱,아이디플라코스메틱 더마스틱 워터핏 마스크 5매 (온),8900,45.9,8.55,72.37,40.53,60.19,0.0,24,예측
A000000213509,시트팩,아이디플라코스메틱,아이디플라코스메틱 더마스틱 카밍핏 마스크 5매 (온) *,8900,26.0,0.0,26.0,79.0,21.0,0.0,43,실측
A000000213570,시트팩,메디앤서,[광채탄력]메디앤서 비타 콜라겐 나노샷 마스크 5매 2종 택 1,16500,35.0,11.0,72.0,29.0,40.0,31.0,1142,실측
A000000213721,시트팩,바이오던스,바이오던스 리프레싱 씨 켈프 리얼 딥 마스크 1매,5000,32.0,16.0,67.0,72.0,26.0,1.0,509,실측
A000000214186,시트팩,온그리디언츠,[광채피부팩] 온그리디언츠 스킨 베리어 카밍 마스크팩 5매(+1매 증정기획),20000,66.0,3.0,86.0,13.0,85.0,2.0,485,실측
A000000214196,시트팩,온그리디언츠,[광채피부팩] 온그리디언츠 스킨 베리어 카밍 마스크팩 1매 (온),4000,62.0,5.0,75.0,24.0,75.0,1.0,485,실측
A000000214319,시트팩,아이디플라코스메틱,아이디플라코스메틱 리얼애프터케어 마스크 5매,12900,42.82,11.61,71.66,45.66,51.96,1.79,27,예측
A000000214895,시트팩,메디힐,[겔마스크/10매] 메디힐 하이퍼 마스크 4종 (콜라겐/PDRN/히알루론산/마데카소사이드),33000,37.0,8.0,68.0,30.0,53.0,17.0,24391,실측
A000000215340,시트팩,메디앤서,[모공즉각개선/자극진정]메디앤서 콜라겐 나노샷 마스크 10매 포어/카밍 택 1,31000,30.0,16.0,73.0,52.0,40.0,9.0,353,실측
A000000216318,시트팩,VT,[탄력광채] VT 피디알엔 하이드로겔 마스크 4매,15000,49.0,7.0,83.0,22.0,68.0,10.0,1818,실측
A000000216353,시트팩,더랩바이블랑두,[데일리진정/1일1팩] 더랩바이블랑두 그린 플라보노이드 2.0 마스크 1매,3000,28.0,14.0,71.0,68.0,31.0,1.0,935,실측
A000000216354,시트팩,더랩바이블랑두,[데일리진정/1일1팩] 더랩바이블랑두 그린 플라보노이드 2.0 마스크 10매,17000,18.0,13.0,65.0,80.0,20.0,0.0,40,실측
A000000216363,시트팩,피지오겔,[한정기획] 피지오겔 사이언수티컬즈 디멜라나이저 토닝 앰플 세럼 마스크 3+1매,12000,42.0,4.0,61.0,25.0,34.0,41.0,734,실측
A000000216503,시트팩,마몽드,[보습장벽] 마몽드 프로바이오틱스 세라마이드 앰플 마스크팩 1매,1750,66.0,4.0,77.0,19.0,77.0,4.0,167,실측
A000000216505,시트팩,마몽드,[수분미백] 마몽드 플로라 글로우 로즈 앰플 마스크팩 1매,1750,62.0,5.0,74.0,21.0,71.0,8.0,477,실측
A000000216506,시트팩,마몽드,[탄력광채] 마몽드 에이지 컨트롤 카멜리아 앰플 마스크팩 1매,1750,74.0,3.0,84.0,13.0,82.0,5.0,223,실측
A000000216960,시트팩,톰,[건식마스크]톰 스마트 베일 글로우 실러 마스크 6매,99000,47.0,8.0,78.0,19.0,69.0,11.0,36,실측
A000000218909,시트팩,아렌시아,[붙이는 세럼팩] 아렌시아 홀리 히솝 마스크팩 4매 (+1매 증정),9600,46.0,6.0,75.0,30.0,52.0,18.0,648,실측
A000000219427,시트팩,스킨푸드,스킨푸드 감자 마데카소사이드 마스크시트 기획 7매 (+3매 증정),21000,34.0,13.0,71.0,63.0,34.0,4.0,569,실측
A000000219852,시트팩,메디앤서,[진정수분]메디앤서 카밍 콜라겐 나노샷 마스크 1매,3300,46.0,9.0,75.0,53.0,41.0,6.0,259,실측
A000000219854,시트팩,메디앤서,[진정수분]메디앤서 카밍 콜라겐 나노샷 마스크 5매,16500,41.0,8.0,75.0,54.0,39.0,7.0,131,실측
A000000219856,시트팩,메디앤서,[진정수분]메디앤서 카밍 콜라겐 나노샷 마스크 10매,31000,32.0,10.0,73.0,47.0,38.0,16.0,338,실측
A000000221951,시트팩,리얼베리어,리얼베리어 레티니올 모공 타이트닝 세럼 겔 마스크 30g,4000,63.0,3.0,77.0,10.0,64.0,26.0,108,실측
A000000222676,시트팩,스킨푸드,[NEW] 스킨푸드 블루 캐모마일 히알루로닉 마스크시트 10매,30000,25.0,25.0,71.0,62.0,38.0,0.0,52,실측
A000000224546,시트팩,베이스킨,[모공탄력] 베이스킨 로즈 워터 콜라겐 마스크 5매,17900,49.0,6.0,89.0,12.0,63.0,25.0,227,실측
A000000224864,시트팩,오휘,오휘 프라임 어드밴서 디에이징 PDRN 콜라겐 겔프팅 마스크 (1매/4매 택1),7650,54.0,2.0,66.0,24.0,43.0,34.0,91,실측
A000000225052,시트팩,아이다,[단독기획/미백광채]아이다 글루타치온 브라이트닝 앰플 마스크 4매 기획 (+수분앰플 4g) *,28800,29.0,0.0,75.0,29.0,17.0,54.0,49,실측
A000000225376,시트팩,어나더페이스,[반쪽모공팩] 어나더페이스 펩타테놀 수분 밸런스 하이드로겔 마스크팩 1매,4500,20.0,2.0,96.0,42.0,49.0,9.0,12602,실측
A000000225569,시트팩,코스알엑스,코스알엑스 겔 마스크팩 3매입 3종 중 택 1 (스네일/펩타이드/알파-알부틴),12750,50.0,5.0,84.0,15.0,60.0,26.0,865,실측
A000000226806,시트팩,파파레서피,파파레서피 블레미쉬 딥 브라이트닝 크림 마스크 10매,20000,63.0,4.0,93.0,14.0,74.0,13.0,71,실측
A000000226861,시트팩,오가나셀,오가나셀 바이오 액티옴 비타 토닝 하이드로겔 마스크 5매,68000,51.62,6.36,68.51,34.19,70.8,4.66,0,예측
A000000227179,시트팩,닥터엘시아,닥터엘시아 젤리씰 듀이 마스크 4매,13500,41.29,8.54,72.42,42.26,60.69,0.8,10,예측
A000000227184,시트팩,닥터엘시아,닥터엘시아 쿠션 베일 카밍 마스크 4매,16200,43.58,12.5,70.72,48.33,56.84,1.22,13,예측
A000000227194,시트팩,닥터엘시아,닥터엘시아 아쿠아 블루 하이드레이션 마스크 4매,13500,45.85,6.66,68.37,28.97,46.91,12.15,10,예측
A000000227196,시트팩,닥터엘시아,닥터엘시아 비타 글로우 마스크 4매,13500,37.61,9.21,71.14,41.6,42.21,10.55,6,예측
A000000227253,시트팩,헤브블루,헤브블루 팥 포어 펩타민 하이드로 콜라겐 마스크 팩 4매,35600,34.0,6.0,79.0,37.0,45.0,18.0,121,실측
A000000227267,시트팩,라운드랩,[브이라인/탄력케어] 라운드랩 동백 딥 콜라겐 브이 리프팅 겔 마스크 1매,5300,26.0,0.0,44.0,38.0,38.0,23.0,39,실측
A000000227268,시트팩,라운드랩,[브이라인/탄력케어] 라운드랩 동백 딥 콜라겐 브이 리프팅 겔 마스크 4매,21000,40.62,7.96,60.09,17.48,40.68,26.27,8,예측
A000000228221,시트팩,넘버즈인,넘버즈인 2번 로즈 PDRN 콜라겐 랩핑 오버나잇 필름팩 1매,3500,50.0,9.0,73.0,21.0,53.0,26.0,215,실측
A000000228270,시트팩,리엔케이,[NEW] 리엔케이 하이퍼 히알 플럼핑 마스크 1매,1750,47.0,9.0,80.0,37.0,60.0,3.0,71,실측
A000000228458,시트팩,차앤박,차앤박(CNP) 그리너리 카밍 앰플 마스크 5매입 (진정수분),21000,28.0,0.0,44.0,72.0,28.0,0.0,129,실측
A000000228799,시트팩,달바,[4세대발효콜라겐] 달바 비타 하이드로겔 마스크 4매입,28000,42.0,4.0,71.0,24.0,44.0,33.0,2845,실측
A000000229313,시트팩,웰더마,[단독패키지] 웰더마 사파이어 콜라겐 임팩트 겔마스크팩 4매 콜라겐수 85%,16900,46.0,8.0,92.0,17.0,66.0,17.0,1317,실측
A000000229314,시트팩,웰더마,[단독패키지] 웰더마 시카 리페어 겔마스크팩 4매 병풀잎수 86%,16900,24.0,10.0,84.0,80.0,17.0,3.0,227,실측
A000000229315,시트팩,웰더마,[단독패키지] 웰더마 레티놀 콜라겐 리프팅 리스토어 겔마스크팩 4매,16900,35.0,6.0,88.0,12.0,41.0,47.0,313,실측
A000000229316,시트팩,웰더마,[단독패키지] 웰더마 PDRN 엑소좀 하이드로 겔마스크팩 4매 피디알엔,16900,34.0,7.0,87.0,22.0,56.0,22.0,268,실측
A000000229635,시트팩,아비브,아비브 글로우 콜라겐 마스크 글루타치온 필름 4매 (온),24000,44.0,6.0,70.0,34.0,38.0,28.0,50,실측
A000000230448,시트팩,더마픽스,[올리브영 1위] 더마픽스 퍼펙트 퍼포먼스 콜라겐 1+1기획 (3종 1택),13000,33.0,7.0,55.0,41.0,34.0,25.0,14389,실측
A000000230843,시트팩,듀이트리,[콜라겐팩/1일1팩] 듀이트리 AC 딥 콜라겐 겔 마스크 1매 (모공/흔적),3750,22.0,15.0,61.0,61.0,22.0,17.0,272,실측
A000000230846,시트팩,듀이트리,[콜라겐팩/쫀쫀] 듀이트리 AC 딥 콜라겐 겔 마스크 4매 (모공/흔적),14400,23.0,15.0,56.0,65.0,29.0,6.0,272,실측
A000000231077,시트팩,성분에디터,[포켓몬 에디션/콜라겐수면팩] 성분에디터 딥 콜라겐 파워부스팅 마스크 5+1매 (+포켓몬 키링 증정),25900,32.0,4.0,56.0,42.0,40.0,18.0,769,실측
A000000231906,시트팩,이지듀,이지듀 멜라 비 토닝 앰플 글로우 겔 마스크 30g 4매,50000,47.0,7.0,81.0,9.0,30.0,61.0,74,실측
A000000232415,시트팩,아크네스,[쿨링진정] 아크네스 리얼 아이시 수딩 마스크 1매,2000,46.0,14.0,66.0,53.0,47.0,0.0,457,실측
A000000232416,시트팩,아크네스,[쿨링진정] 아크네스 리얼 아이시 수딩 마스크 10매,10000,16.0,22.0,60.0,85.0,15.0,0.0,99,실측
A000000232421,시트팩,스킨푸드,스킨푸드 블루 캐모마일 히알루로닉 하이드로겔 마스크 1매 (온),3300,43.53,8.07,74.23,25.81,59.94,7.12,22,예측
A000000232422,시트팩,스킨푸드,스킨푸드 블루 캐모마일 히알루로닉 하이드로겔 마스크 5매 (온),25000,43.53,8.07,74.23,25.81,59.94,7.12,10,예측
A000000232430,시트팩,더마토리,[열감쿨링/모공쫀쫀/펩타이드] 더마토리 살리시닉 포어타이트닝 랩핑 겔 마스크 1매,3000,29.0,11.0,59.0,54.0,25.0,21.0,87,실측
A000000232701,시트팩,어나더페이스,[기미잡티/광채모공팩] 어나더페이스 나이아치온 하이드로겔 마스크팩 4매,16800,38.0,4.0,95.0,14.0,51.0,35.0,2200,실측
A000000232702,시트팩,아누아,[탄력케어] 아누아 콜라겐 마스크 1매 3종(어성초/복숭아/라이스),4800,53.0,10.0,76.0,32.0,55.0,14.0,209,실측
A000000232705,시트팩,어나더페이스,[기미잡티/광채모공팩] 어나더페이스 나이아치온 하이드로겔 마스크팩 1매,4500,32.0,0.0,49.0,39.0,32.0,29.0,2200,실측
A000000232926,시트팩,휩드,휩드 비건 스퀴즈 마스크 5+1매 기획 2종 택1 (머그트리/무화버터),15000,54.0,8.0,82.0,40.0,59.0,1.0,220,실측
A000000232929,시트팩,휩드,휩드 비건 스퀴즈 마스크 1매 (머그트리/무화버터),1800,40.0,12.0,69.0,44.0,55.0,1.0,272,실측
A000000233221,시트팩,코스알엑스,코스알엑스 겔 마스크팩 1매입 3종 중 택 1 (스네일/펩타이드/알파-알부틴),4800,49.0,3.0,65.0,31.0,53.0,16.0,313,실측
A000000235583,시트팩,마몽드,[화잘먹 볼륨광] 마몽드 로즈 PHA 하이드로겔 마스크 3+1매 기획,16200,37.0,5.0,72.0,20.0,66.0,14.0,592,실측
A000000236844,시트팩,유이크,[RIIZE성찬PICK]유이크 바이옴 레미디 포어리셋 PDRN 카밍 마스크 시트 5매,15000,43.0,8.0,69.0,41.0,54.0,5.0,96,실측
A000000237421,시트팩,약손명가,약손명가 작은얼굴관리 밀크엑소좀 석고마스크팩 5매 (온),24800,30.47,20.09,63.12,47.4,41.12,9.8,25,예측
A000000238323,시트팩,지피덤,[장벽탄력][긴급진정] 지피덤 셀트리온EGF 스킨베리어 드레싱 마스크팩 4매,13210,45.0,5.0,67.0,53.0,42.0,5.0,77,실측
A000000238404,시트팩,닥터자르트,닥터자르트 프리쥬비네이션 마스크 1매,10000,48.0,3.0,68.0,10.0,53.0,37.0,60,실측
A000000240460,시트팩,바노바기,[화잘먹팩] 바노바기 스킨부스터 마스크 5매 4종 택 1,6900,36.0,10.0,93.0,21.0,60.0,19.0,378,실측
A000000240768,시트팩,토리든,[NEW] 토리든 셀메이징 저분자 콜라겐 모공 탄력 마스크 10매,15000,44.16,6.22,72.64,30.84,52.94,7.65,17,예측
A000000241052,시트팩,디퍼,[속광/두유팩] 디퍼 소이큐브 엑소리페어 두유 겔 마스크 1매,5000,46.47,4.69,77.88,30.18,53.44,13.37,24,예측
A000000241056,시트팩,디퍼,[속광/두유팩] 디퍼 소이큐브 엑소리페어 두유 겔 마스크 4매,16900,63.0,5.0,98.0,15.0,61.0,24.0,43,실측
A000000241166,시트팩,프롬메디,[박하선pick/톤업수면팩] 프롬메디 TXA 나이아신아마이드 브라이트닝 마스크 (1매/4매),4800,52.0,1.0,73.0,26.0,57.0,17.0,125,실측
A000000242532,시트팩,바이오던스,[리미티드 에디션] 바이오던스 홀리데이 마스크 컬렉션 (콜라겐 4매+세라놀 4매+씨켈프 4매+비타 4매),68000,54.0,2.0,76.0,37.0,57.0,6.0,54,실측
A000000244067,시트팩,니들리,[1등 마스크 / 에센스 한병팩] 니들리 레티핏 콜라겐 겔 마스크 4매,14400,56.0,5.0,90.0,11.0,71.0,17.0,675,실측
A000000244160,시트팩,프렉탈,프렉탈 안티 링클 캐시미어 랩핑 마스크 포 넥 3매,15000,42.83,5.33,71.87,26.43,38.6,24.15,13,예측
A000000244165,시트팩,니들리,니들리 레티핏 겔/히아라이트 카밍 마스크 1매 2종 택 1,3800,50.0,3.0,57.0,20.0,53.0,27.0,30,실측
A000000244323,시트팩,에스네이처,[수분+모공리프팅/묻어남제로] 에스네이처 아쿠아 스쿠알란 수분크림 랩핑 마스크 1매,6000,51.0,7.0,76.0,19.0,78.0,3.0,4338,실측
A000000244349,시트팩,톡스앤필,톡스앤필 앵글 컷 리프팅 패치 1매입/5매입,42000,43.0,5.0,83.0,12.0,41.0,47.0,1212,실측
A000000244375,시트팩,듀이셀,[리뉴얼] 듀이셀 프라이빗케어 마스크 5매 기획 (+1매),33000,43.0,7.0,65.0,26.0,54.0,19.0,5294,실측
A000000244376,시트팩,듀이셀,[리뉴얼] 듀이셀 리프팅 마스크 4매 기획 (+1매),39000,42.0,7.0,67.0,20.0,40.0,40.0,1798,실측
A000000244582,시트팩,닥터엘시아,닥터엘시아 345 릴리프 크림 마스크 4매,13500,40.0,4.0,78.0,50.0,50.0,1.0,115,실측
A000000244799,시트팩,라네즈,[속당김제로] 라네즈 크림 스킨 겔링 마스크 1매,3200,62.0,1.0,72.0,12.0,78.0,10.0,92,실측
A000000244829,시트팩,아이소이,[망곰 콜라보] 아이소이 모이스춰 닥터 장수진 수분마스크 3매 기획(+1매 +조각 스티커),12000,38.0,11.0,63.0,43.0,56.0,0.0,2440,실측
A000000246263,시트팩,토리든,[코르티스PICK] 토리든 밸런스풀 시카 컨트롤 마스크 5매 기획 (+1매),15000,28.0,16.0,70.0,74.0,25.0,1.0,818,실측
A000000246583,시트팩,LBB,LBB 크리스탈 톤업 젤리 마스크 4매,19200,43.11,7.68,70.32,35.7,62.83,6.21,19,예측
A000000246893,시트팩,프롬메디,[1위 콜라겐팩/저속노화] 프롬메디 콜라겐 멜팅 마스크 (1매/4매),4800,11.0,0.0,44.0,56.0,33.0,11.0,238,실측
A000000247716,시트팩,브링그린,[NEW] 브링그린 블루빈 B5-PDRN 마일드 로션 마스크 1매/ 3+1 기획,3000,56.0,3.0,71.0,27.0,72.0,1.0,334,실측
A000000248054,시트팩,피캄,[박지현 PICK/모공탄력] 피캄 레티놀 콜라겐 오버나이트 마스크 4매,17900,30.0,9.0,64.0,30.0,45.0,24.0,33,실측
A000000248103,시트팩,로벡틴,[비타콜라겐 4천샷] 로벡틴 비타 더블 캡슐 겔 마스크 3매,3500,46.0,8.0,69.0,28.0,38.0,34.0,100,실측
A000000248115,시트팩,로벡틴,[비타콜라겐 4천샷] 로벡틴 비타 더블 캡슐 겔 마스크 1매,3500,44.0,8.0,83.0,8.0,46.0,46.0,52,실측
A000000248751,시트팩,피캄,"[고순도 PDRN,카페인/피부볼륨,20층 속보습,치밀도 개선]피캄 PDRN 카페인 오버나이트 마스크 4매",16250,43.0,7.0,79.0,25.0,69.0,6.0,67,실측
A000000249143,시트팩,비원츠,[미백잡티/수분진정] 비원츠 하이드로겔 젤리 마스크팩 1매 2종 (딥토닝 글루타치온/시카 콜라겐),3500,56.0,0.0,68.0,36.0,48.0,16.0,75,실측
A000000249149,시트팩,비원츠,[수분진정/미백잡티] 비원츠 하이드로겔 젤리 마스크팩 4매 2종 (시카 콜라겐/딥토닝 글루타치온),10000,39.0,9.0,79.0,39.0,39.0,22.0,988,실측
A000000250230,시트팩,세포랩,세포랩 바이오제닉 리바이브 마스크 4매,35910,38.35,13.45,72.1,42.57,50.91,6.18,11,예측
A000000250613,시트팩,셀퓨전씨,[NEW/붓기완화] 셀퓨전씨 포스트 알파 쿨링 겔 마스크 5매 2종(쿨링 펩타이드/시카 쿨링 프로틴),19000,30.0,8.0,56.0,72.0,28.0,0.0,87,실측
A000000252011,시트팩,아이소이,[복합콜라겐/탄력] 아이소이 인텐시브 리프팅 겔 마스크 1매,3900,44.0,0.0,53.0,11.0,50.0,39.0,36,실측
A000000252016,시트팩,아이소이,[로즈PDRN/광채] 아이소이 브라이트닝 겔 마스크 1매,3900,42.0,6.0,44.0,17.0,42.0,42.0,36,실측
A000000253568,시트팩,아로셀,[NEW/리뉴얼] 아로셀 슈퍼 콜라겐 마스크 2.0 ECM Active 1매,6900,55.0,0.0,80.0,14.0,65.0,20.0,49,실측
A000000254070,시트팩,VT,[포켓몬 에디션] VT 피디알엔 하이드로겔 마스크 4매 기획 (+포켓몬 스티커),24000,56.0,7.0,78.0,27.0,65.0,8.0,2133,실측
A000000254079,시트팩,AHC,[윈터 PICK] AHC 프로샷 포어이레이저 스피큘 세럼인 겔 마스크 28g,5000,40.4,7.72,66.33,29.55,52.4,20.71,20,예측
A000000254080,시트팩,AHC,[윈터 PICK] AHC 프로샷 포어 이레이저 스피큘 세럼인 겔 마스크 28g (5개입),19500,40.4,7.72,66.33,29.55,52.4,20.71,7,예측
A000000254395,시트팩,아로셀,[비타캡슐4천샷/기미잡티토닝] 아로셀 멜라 TXA 마스크 3+1매 기획,24000,65.0,4.0,80.0,8.0,53.0,39.0,483,실측
A000000254396,시트팩,아로셀,[비타캡슐4천샷/고중량] 아로셀 멜라 TXA 마스크 1매 43g,8000,50.0,25.0,75.0,25.0,50.0,25.0,102,실측
A000000254710,시트팩,닥터자르트,[워터젤리/수분장벽] 닥터자르트 더마스크 하이드라 솔루션 프로 (5매) 2종 택1,24000,37.0,5.0,53.0,56.0,44.0,0.0,1418,실측
A000000256618,시트팩,믹순,[가성비겔마스크/고밀착고농축] 믹순 PDRN 겔 마스크 비타민C (5매 / 1매),4000,48.0,5.0,81.0,11.0,38.0,51.0,243,실측
A000000256619,시트팩,믹순,"[가성비겔마스크/고밀착고농축] 믹순 PDRN 겔 마스크 5매 2종 택1 (히알레배, 비타민)",20000,52.0,6.0,86.0,17.0,67.0,16.0,402,실측
A000000256760,시트팩,에가,에가 NMN UV 지우개 겔 마스크팩 넥 패치 1매,7000,28.0,10.0,77.0,13.0,54.0,33.0,39,실측
A000000256761,시트팩,에가,에가 NMN UV 지우개 겔 마스크팩 넥 패치 4매,28000,41.0,18.0,92.0,22.0,60.0,18.0,158,실측
A000000258542,시트팩,믹순,[가성비겔마스크/고밀착고농축] 믹순 PDRN 겔 마스크 히알레배 (5매 / 1매),4000,52.0,9.0,84.0,21.0,75.0,4.0,253,실측
A000000259957,시트팩,VT,[10일완성/화잘먹팩] VT 피디알엔 에센스 시트 마스크 10매,15000,44.7,6.2,73.76,30.0,51.86,7.57,29,예측
A000000260534,시트팩,리쥬덱스,[전문 드레싱 관리_거즈 마스크]리쥬덱스 더마 리페어링 드레싱 마스크 1매,3900,63.0,6.0,81.0,25.0,69.0,6.0,177,실측
A000000260970,시트팩,달바,[미백광채] 달바 비타 토닝 미스트 세럼 앤 나이아신아마이드 5퍼센트 마스크 4매입,13200,44.05,7.77,67.91,31.51,61.73,4.38,9,예측
A000000261631,시트팩,셀리맥스,셀리맥스 더 비타 A 레티날 샷 타이트닝 투스텝 겔 마스크 1매,5300,40.89,8.55,80.47,41.65,46.62,15.69,4,예측
A000000262139,시트팩,브링그린,[NEW]브링그린 데일리 비건 프레시 마스크 10매,16000,33.42,11.71,70.48,62.38,41.74,2.09,0,예측
A000000255842,시트팩,토리든,[NEW/1등수분마스크] 토리든 다이브인 저분자 히알루론산 마스크 10매 기획 (+다이브인 1매+밸런스풀 1매),15000,47.0,7.0,75.0,32.0,67.0,1.0,16204,실측
A000000227019,시트팩,아비브,아비브 약산성 pH시트 마스크 어성초 핏 20매,48000,63.0,8.0,76.0,37.0,63.0,0.0,64879,실측
A000000013134,시트팩,쌍빠,쌍빠 어반 익스프레스 마스크 기획(1+1),3000,42.0,6.0,64.0,29.0,61.0,10.0,9342,실측
A000000114090,시트팩,듀이셀,듀이셀 프라이빗 케어 마스크팩 5매,33000,44.0,4.0,65.0,23.0,59.0,18.0,4945,실측
A000000123128,시트팩,쌍빠,쌍빠 어반 익스프레스 하이드로겔 마스크 10P,40000,37.0,5.0,70.0,27.0,61.0,12.0,204,실측
A000000125501,시트팩,마이뷰티다이어리,마이뷰티다이어리 흑진주마스크 8매입,14400,30.0,9.0,67.0,26.0,63.0,11.0,559,실측
A000000128054,시트팩,쌍빠,쌍빠 어딕트 비노래디언스 마스크 기획(1+1),3000,44.0,4.0,62.0,26.0,56.0,18.0,693,실측
A000000128586,시트팩,듀이셀,듀이셀 리프팅 마스크 4P,19500,33.0,8.0,52.0,19.0,28.0,53.0,1672,실측
A000000132035,시트팩,페이스인페이스,페이스인페이스 아쿠아 샤워룩 하이드로겔 마스크 10매입,30000,39.0,13.0,77.0,27.0,72.0,2.0,412,실측
A000000140306,시트팩,셀리맥스,[수분/진정] 셀리맥스 더 리얼 시카 카밍 앰플 마스크 1매입,1500,28.0,13.0,66.0,75.0,24.0,1.0,3523,실측
A000000141148,시트팩,미구하라,미구하라 빅3스텝 화이트닝 마스크팩 오리진 10매,50000,47.0,4.0,64.0,13.0,37.0,51.0,229,실측
A000000145634,시트팩,AHC,AHC 마이크로 로즈마리 착붙 마스크 시트 1매,3000,29.0,7.0,62.0,62.0,38.0,0.0,446,실측
A000000145637,시트팩,AHC,AHC 마이크로 레드 착붙 콜라겐 마스크 시트 1매,3000,40.0,4.0,65.0,25.0,56.0,19.0,248,실측
A000000148073,시트팩,페이스인페이스,FIF 저분자 히알루론 앰플마스크 10P,40000,60.0,7.0,87.0,12.0,85.0,3.0,125,실측
A000000148074,시트팩,페이스인페이스,FIF 티트리 아크페어 앰플마스크 10P,40000,10.0,23.0,74.0,88.0,12.0,0.0,67,실측
A000000149114,시트팩,아리얼,[데일리루틴/집중보습] 아리얼 세븐데이즈 마스크 대나무 B 1매,1500,40.0,10.0,65.0,47.0,52.0,1.0,907,실측
A000000150937,시트팩,센텔리안24,[잡티마스크] 센텔리안24 마데카 멜라 캡처 앰플 마스크팩 1매,5000,59.0,3.0,70.0,17.0,53.0,30.0,1759,실측
A000000153144,시트팩,아리얼,[데일리루틴/집중보습] 아리얼 세븐데이즈 마스크 대나무 B 10매+5매 기획,12750,36.0,7.0,68.0,45.0,55.0,0.0,963,실측
A000000160365,시트팩,가히,[밀착시트/탱글수분] 가히 수분 가득 퍼펙팅 마스크 1매입,4000,50.0,5.0,66.0,21.0,65.0,14.0,830,실측
A000000161099,시트팩,수이스킨,수이스킨 편안한 진정초 시트 마스크 1매,1200,39.0,11.0,73.0,64.0,36.0,1.0,427,실측
A000000161553,시트팩,메이크프렘,메이크프렘 컴포트미 모스카밍 비건 마스크 1매,1500,30.0,14.0,72.0,67.0,32.0,1.0,926,실측
A000000162311,시트팩,아크네스,아크네스 퍼펙트 솔루션 수딩 마스크 1매,3000,30.0,15.0,65.0,67.0,32.0,0.0,2385,실측
A000000162313,시트팩,아크네스,아크네스 퍼펙트 솔루션 수딩 마스크 10매 기획,30000,22.0,16.0,72.0,78.0,22.0,1.0,2705,실측
A000000162626,시트팩,아나시스,[콜라겐] 아나시스 벨라컨투어 4D 펌 마스크팩 5매 (+퍼밍크림 7g 증정),18500,42.85,7.85,65.97,29.82,43.0,15.92,0,예측
A000000162655,시트팩,알리원,알리원 수딩 콤부차 빈티지 마스크 5매입,25000,31.93,14.07,70.0,58.75,35.42,5.5,13,예측
A000000162656,시트팩,알리원,알리원 트리플 머쉬룸 빈티지 마스크 5매입,25000,34.31,10.45,70.68,51.32,44.5,2.87,21,예측
A000000170194,시트팩,큐어,김정문알로에 큐어 피토그린 앰플 마스크 1매,1500,50.0,6.0,75.0,48.0,52.0,1.0,998,실측
A000000173741,시트팩,닥터지,[탄력] 닥터지 로얄 블랙스네일 앰플 마스크 1매,4000,56.0,2.0,73.0,18.0,68.0,14.0,2994,실측
A000000174042,시트팩,뉴트리스톰,뉴트리스톰 97.8 영양폭풍 스킨케어 마스크팩 7매,35000,38.0,5.0,90.0,15.0,80.0,5.0,40,실측
A000000178598,시트팩,더마토리,더마토리 아쿠아 히알덤 밴드 마스크 1매(수분장벽),2000,67.0,4.0,84.0,19.0,81.0,0.0,5954,실측
A000000181379,시트팩,에필로우,에필로우 시트 마스크 5매 [결가드닝/속건조 다도/진정 마음챙김] 3종 중 택1,15000,53.0,8.0,86.0,44.0,52.0,4.0,517,실측
A000000182623,시트팩,AHC,AHC 순면 마스크 트리플 히아루로닉 25ml 10매입,12900,52.0,0.0,81.0,9.0,89.0,2.0,54,실측
A000000188491,시트팩,제로앱솔루,[모공청소팩] 안티톡스 스파클린 마스크 포어필 8매,28000,17.0,24.0,51.0,48.0,38.0,14.0,649,실측
A000000188494,시트팩,제로앱솔루,[모공청소팩] 안티톡스 스파클린 마스크 포어필 1매,3500,30.0,21.0,46.0,46.0,35.0,19.0,184,실측
A000000190604,시트팩,야다,야다 데일리 그린 마스크 선인장 5매,12500,31.0,0.0,90.0,34.0,62.0,3.0,53,실측
A000000190606,시트팩,야다,야다 데일리 그린 마스크 선인장 10매,25000,38.0,13.0,92.0,50.0,46.0,4.0,53,실측
A000000191580,시트팩,비플레인,비플레인 캐모마일 인텐스 보습 마스크 1매,1900,74.0,1.0,84.0,18.0,81.0,1.0,134,실측
A000000192010,시트팩,수아이레,수아이레 멜라토닌 솔루션 마스크 5매,30000,50.0,2.0,85.0,51.0,48.0,1.0,97,실측
A000000199099,시트팩,프리메이,[대나무 비건시트/탄력개선] 프리메이 핑크 콜라겐 앰플 마스크 10매,8910,58.0,3.0,75.0,19.0,65.0,16.0,3888,실측
A000000199226,시트팩,어글리러블리,어글리러블리 수분 진정 포테이토 마스크 1매,3000,45.0,7.0,72.0,44.0,55.0,1.0,161,실측
A000000199227,시트팩,어글리러블리,어글리러블리 영양 보습 만다린 마스크 1매,3000,56.0,3.0,74.0,24.0,68.0,8.0,134,실측
A000000200551,시트팩,프란츠,프란츠 제트플러스 브라이트닝 듀얼 마스크 시스템 2매,19800,43.7,8.66,65.76,31.65,54.24,13.69,7,예측
A000000201692,시트팩,마몽드,[하이드로겔 마스크] 마몽드 플로라 글로우 로즈 마블팩 1매,4200,44.0,15.0,69.0,21.0,58.0,21.0,71,실측
A000000205023,시트팩,테라로직,테라로직 피토세라 탄력 리프팅 마스크 4+1 기획,20000,44.96,7.33,72.92,30.0,55.87,10.7,24,예측
A000000206856,시트팩,뉴라덤,[탄력엑소좀+코팅시트] 메디톡스 뉴라덤 리페어 리프팅 크림 마스크팩 1매/5매,6800,50.0,5.0,79.0,18.0,53.0,30.0,179,실측
A000000206860,시트팩,뉴라덤,[2주 기미/잡티 삭제] 메디톡스 뉴라덤 하이드로 브라이트닝 마스크팩 1매/5매 (하이드로겔),6800,48.0,7.0,84.0,13.0,56.0,31.0,183,실측
A000000206864,시트팩,뉴라덤,[SOS 응급진정] 메디톡스 뉴라덤 딥 카밍 마스크팩 1매/5매,5800,37.0,7.0,67.0,72.0,24.0,4.0,59,실측
A000000207033,시트팩,에르쯔틴,에르쯔틴 리제너레이티브 실트 마스크 1매,3000,52.0,7.0,84.0,17.0,68.0,15.0,1047,실측
A000000208202,시트팩,아이다,아이다 프로폴리스 바이옴 마스크 카밍에너지 1매 *,4500,47.0,16.0,65.0,55.0,35.0,9.0,640,실측
A000000208424,시트팩,에필로우,에필로우 시트 마스크 10매 [결가드닝/속건조 다도/진정 마음챙김] 3종 중 택1,30000,30.0,10.0,50.0,60.0,40.0,0.0,30,실측
A000000213090,시트팩,VT,VT 컬러리들샷 2스텝 하이드로겔마스크 1매입(콜라겐/비타/하이드롭/레티에이/프로시카),3000,44.0,7.0,54.0,43.0,45.0,13.0,910,실측
A000000217011,시트팩,스킨푸드,[NEW] 스킨푸드 샤인머스캣 시카 마스크 10매,15000,35.06,10.5,71.98,42.29,49.04,7.67,23,예측
A000000224510,시트팩,아이오페,[레티놀+콜라겐/모공탄력/5+1매] 아이오페 레티놀 세럼 인 겔 마스크 5+1매 한정 기획,26250,35.0,7.0,54.0,22.0,32.0,46.0,2292,실측
A000000228537,시트팩,차앤박,차앤박(CNP) 그리너리 카밍 앰플 마스크 1매입 (진정수분),5000,65.0,4.0,83.0,40.0,59.0,0.0,524,실측
A000000229468,시트팩,정샘물,[브이라인탄력] 정샘물 에센셜 물 브이 리프팅 마스크 5매,21250,40.17,10.79,63.56,16.24,51.35,31.91,24,예측
A000000229634,시트팩,아비브,아비브 글로우 콜라겐 마스크 글루타치온 필름 1매 (온),3600,42.0,2.0,64.0,24.0,45.0,31.0,139,실측
A000000231024,시트팩,식물나라,[NEW] 식물나라 마스크팩 1매 (어린녹차/뽀얀쌀),800,37.0,7.0,62.0,51.0,39.0,10.0,489,실측
A000000234266,시트팩,에필로우,에필로우 결 가드닝 시트 마스크 10매,30000,34.22,15.7,65.86,63.27,41.68,0.0,0,예측
A000000235424,시트팩,콤마나인,콤마나인 포어 타이트 페이셜 클레이 팩 1매,7000,27.5,23.51,60.89,53.26,33.32,5.16,22,예측
A000000235427,시트팩,콤마나인,콤마나인 포어 타이트 페이셜 클레이 팩 4매,19900,27.0,31.0,58.0,32.0,35.0,33.0,283,실측
A000000235582,시트팩,마몽드,[화잘먹 볼륨광] 마몽드 로즈 PHA 하이드로겔 마스크 1매,5400,61.0,2.0,55.0,16.0,65.0,20.0,51,실측
A000000239139,시트팩,토리든,[2025 어워즈 1위] 토리든 다이브인 저분자 히알루론산 마스크 12매 어워즈 한정기획 (+밸런스풀 1매),15000,51.0,7.0,74.0,29.0,70.0,2.0,19138,실측
A000000239688,시트팩,CKD,CKD 레티노콜라겐 저분자 300 모공탄력 마스크 5매 어워즈 한정기획 (2025) (+콜라겐 2매),21000,34.0,9.0,65.0,27.0,41.0,31.0,21031,실측
A000000242070,시트팩,아이디얼포맨,[BIG SIZE] 아이디얼 포 맨 퍼펙트 빅 페이스 마스크 1매/5매,900,39.0,9.0,71.0,34.0,63.0,3.0,129,실측
A000000242078,시트팩,마미케어,[고순도비타민/미백] 마미케어 오쏘타민 비타민씨 앰플 마스크 1매*,3000,36.0,5.0,49.0,13.0,36.0,51.0,39,실측
A000000242079,시트팩,마미케어,[고순도비타민/미백] 마미케어 오쏘타민 비타민씨 앰플 마스크 7매입,20900,40.0,8.0,80.0,12.0,40.0,48.0,83,실측
A000000244218,시트팩,프렉탈,프렉탈 안티 링클 캐시미어 랩핑 마스크 포 넥 7매,34000,42.83,5.33,71.87,26.43,38.6,24.15,0,예측
A000000246282,시트팩,아로셀,[비타4천샷] 아로셀 멜라 트라넥스 마스크 3+1매 기획,21500,51.0,7.0,79.0,10.0,48.0,42.0,524,실측
A000000249348,시트팩,바이오던스,[7+1매] 바이오던스 리프레싱 씨 켈프 리얼 딥 마스크 7+1매 기획,29900,37.0,11.0,67.0,44.0,48.0,9.0,46893,실측
A000000254504,시트팩,제이엠솔루션,제이엠솔루션 청광 마린진주 딥 모이스처 마스크 플러스 10매,10000,42.34,4.73,71.94,20.44,50.49,20.28,0,예측
A000000254666,시트팩,에스트라,에스트라 에이시카365 수딩리페어마스크pH4.5 1매,3600,45.0,6.0,71.0,56.0,42.0,2.0,97,실측
A000000255073,시트팩,라운드랩,[총5매/수분쿨링] 라운드랩 자작나무 수분 더블 겔 마스크 4매 기획 (+1매),6000,40.0,12.0,75.0,35.0,64.0,1.0,7130,실측
A000000258291,에센스_세럼_엠플,토리든,[NEW/1등수분세럼] 토리든 다이브인 저분자 히알루론산 세럼 50ml 리필 기획(+리필 50ml),25650,39.0,12.0,76.0,29.0,69.0,2.0,5303,실측
A000000261742,에센스_세럼_엠플,메디힐,[업그레이드 수분흔적세럼/1+1] 메디힐 마데카소사이드 더마 세럼 50+50mL 기획,24900,36.0,13.0,84.0,52.0,44.0,4.0,951,실측
A000000258877,에센스_세럼_엠플,이니스프리,[크림10ml추가/1+1] 이니스프리 레티놀 시카 모공 흔적 앰플 30ml 리필기획(+30ml 리필),27700,24.0,15.0,64.0,33.0,23.0,44.0,3420,실측
A000000261423,에센스_세럼_엠플,웰라쥬,[8월올영픽] 웰라쥬 리얼 히알루로닉 블루 100 앰플 100ml 기획 (+60ml 리필+수딩크림 30ml),29900,32.0,15.0,78.0,27.0,72.0,1.0,18615,실측
A000000260600,에센스_세럼_엠플,셀라딕스,[리뷰이벤트/트러블1등] 셀라딕스 세범 리밸런싱 RX 131 앰플 30ml 기획 (+미니언즈 키링) (미니언즈 콜라보),25400,17.0,28.0,69.0,73.0,22.0,5.0,215,실측
A000000200646,에센스_세럼_엠플,브링그린,[8월올영픽/3일진정세럼]브링그린 징크테카 트러블 세럼 대용량 기획,27900,20.0,31.0,67.0,82.0,17.0,1.0,22883,실측
A000000219609,에센스_세럼_엠플,파티온,[대용량] 파티온 노스카나인 트러블 세럼 50ml 리필 기획(+리필40ml+크림10ml),32210,31.0,18.0,83.0,67.0,32.0,1.0,76532,실측
A000000158615,에센스_세럼_엠플,디오디너리,[트러블모공] 디오디너리 나이아신아마이드 10% + 징크 1% 60ml,15700,16.0,30.0,35.0,41.0,19.0,40.0,12899,실측
A000000230206,에센스_세럼_엠플,이니스프리,[1+1] 이니스프리 비타민C 캡슐 세럼 30ml 더블 기획,27700,30.0,11.0,69.0,18.0,22.0,61.0,16484,실측
A000000226201,에센스_세럼_엠플,아누아,[단독기획] 아누아 TXA 나이아신 흔적 세럼 30ml 2입,26900,49.0,11.0,69.0,21.0,45.0,34.0,5610,실측
A000000222698,에센스_세럼_엠플,아누아,[수지세럼] 아누아 피디알엔 히알루론산 캡슐 100 세럼 30mL 기획 (+30mL 리필팩),27500,53.0,7.0,78.0,24.0,73.0,4.0,13040,실측
A000000255620,에센스_세럼_엠플,메디큐브,[1등미백앰플]메디큐브 PDRN 핑크 펩타이드 앰플 30ml 리필기획(+리필팩50ml+거울키링),24400,42.0,6.0,66.0,29.0,48.0,22.0,26081,실측
A000000254661,에센스_세럼_엠플,아렌시아,[30ml+30ml / 강력토닝케어] 아렌시아 비타민 C 부스터 샷 30ml 더블기획,27900,33.0,6.0,53.0,25.0,27.0,48.0,945,실측
A000000250199,에센스_세럼_엠플,셀리맥스,[단독기획/모공탄력] 셀리맥스 더 비타 A 레티날 샷 타이트닝 부스터 15ml 기획(+3ml),23100,30.0,10.0,41.0,21.0,24.0,55.0,2700,실측
A000000254065,에센스_세럼_엠플,VT,[포켓몬 에디션] VT 피디알엔 에센스 100 30ml 더블 기획 (+포켓몬 장바구니 키링),47250,46.0,6.0,64.0,28.0,56.0,16.0,7654,실측
A000000224494,에센스_세럼_엠플,셀라딕스,[조유리 PICK/트러블1등] 셀라딕스 트러블 세범 리밸런싱 131 앰플 30ml,25400,28.0,22.0,73.0,64.0,34.0,3.0,5421,실측
A000000231822,에센스_세럼_엠플,넘버즈인,[8월올영픽/24시간파우더] 넘버즈인 1번 판토텐산 스킨케어100 블러파우더 기획 (+퍼프 1개),13500,17.0,38.0,78.0,64.0,25.0,11.0,15799,실측
A000000189837,에센스_세럼_엠플,넘버즈인,[흔적미백] 넘버즈인 5번 글루타치온C 흔적 앰플 30ml+30ml 듀오기획,29400,35.0,8.0,61.0,23.0,25.0,52.0,20430,실측
A000000245091,에센스_세럼_엠플,에스트라,에스트라 아토베리어365 세라-히알 속수분 앰플 30ml+30ml 리필 기획,31500,45.0,6.0,77.0,29.0,70.0,1.0,7325,실측
A000000184060,에센스_세럼_엠플,아이오페,[1등레티놀] 아이오페 레티놀 슈퍼 바운스 세럼 30ml 기획 (+세럼 10ml+바이오에센스48ml),42500,30.0,9.0,60.0,21.0,27.0,53.0,15422,실측
A000000225217,에센스_세럼_엠플,더마팩토리,더마팩토리 나이아신아마이드 20% 세럼 30ml,6000,22.0,22.0,44.0,34.0,22.0,45.0,14102,실측
A000000187712,에센스_세럼_엠플,브링그린,[8월올영픽/3일진정세럼]브링그린 징크테카 트러블 세럼 대용량 기획,27900,16.0,25.0,65.0,87.0,12.0,2.0,2902,실측
A000000229790,에센스_세럼_엠플,구달,[잡티이별] 구달 청귤 비타C 잡티케어 세럼 알파 50ml 기획 (+35ml 미니어처),28900,32.0,7.0,68.0,22.0,28.0,50.0,6545,실측
A000000255242,에센스_세럼_엠플,라운드랩,[최초트리플/집중진정] 라운드랩 소나무 진정 시카 앰플 30ml 트리플 기획,26900,40.0,16.0,91.0,54.0,46.0,0.0,13734,실측
A000000222837,에센스_세럼_엠플,에스트라,에스트라 아토베리어365 하이드로에센스 200ml (+크림 10ml+앰플 10ml),23500,45.0,6.0,78.0,26.0,74.0,1.0,13933,실측
A000000243677,에센스_세럼_엠플,피지오겔,[재구매율1위] 피지오겔 데일리뮨 앰플 20ml+20ml 기획,54000,43.0,6.0,59.0,20.0,36.0,44.0,9823,실측
A000000258649,에센스_세럼_엠플,성분에디터,[곰돌이푸콜라보] 성분에디터 그린토마토 NMN 포어 리프팅 앰플 40ml 더블 기획 (+히퍼 랜덤 1종),19500,25.0,12.0,72.0,42.0,37.0,21.0,3659,실측
A000000188065,에센스_세럼_엠플,디오디너리,[단독/대용량] 디오디너리 나이아신아마이드 10% + 징크 1% 120ml,28900,16.0,26.0,33.0,39.0,20.0,41.0,28067,실측
A000000207225,에센스_세럼_엠플,넘버즈인,[8월올영픽/트러블진정세럼] 넘버즈인 1번 판토텐산 액티브업 수딩세럼 50ml 리필기획 (50ml+50ml),23500,22.0,27.0,74.0,57.0,42.0,1.0,16229,실측
A000000254058,에센스_세럼_엠플,VT,[포켓몬 에디션]VT 리들샷100 에센스 50ml기획 (리들샷300 1ml+PDRN에센스1.5ml+포켓몬아크릴포스트잇),22400,23.0,14.0,25.0,34.0,28.0,38.0,51222,실측
A000000258297,에센스_세럼_엠플,토리든,[NEW] 토리든 다이브인 저분자 히알루론산 세럼 50ml 기획 (+멀티 패드 10매),16500,36.0,9.0,72.0,33.0,66.0,0.0,5303,실측
A000000248500,에센스_세럼_엠플,아누아,[박희선 PICK/단독기획] 아누아 어성초 77 B3 징크 트러블 세럼 30ml 더블 기획,27500,40.0,15.0,73.0,54.0,44.0,2.0,523,실측
A000000255701,에센스_세럼_엠플,디어클레어스,[코난 콜라보/진정1등] 클레어스 블루 유스 액티베이팅 드롭 50ml 한정기획 (+명탐정 코난 키링 랜덤 증정),36800,17.0,32.0,75.0,80.0,18.0,3.0,3563,실측
A000000259605,에센스_세럼_엠플,메디큐브,[대용량리필] 메디큐브 제로 모공 원데이 펩타이드 세럼 30ml 리필기획 (+리필팩 50ml),24600,18.0,24.0,58.0,48.0,26.0,26.0,385,실측
A000000259069,에센스_세럼_엠플,아벤느,[미피 파우치 증정] 아벤느 이드랑스 수분 에센스 인 로션 200ml 기획 (+100ml*2 + 미피 파우치),33900,38.0,6.0,69.0,31.0,68.0,1.0,2913,실측
A000000259697,에센스_세럼_엠플,프리메라,[8월올영픽/쿨링붓기케어] 프리메라 3C히알루론산 하이드레이션 써지 세럼 25g 기획/단품,18000,46.0,10.0,78.0,31.0,69.0,1.0,147,실측
A000000250773,에센스_세럼_엠플,넘버즈인,[화잘먹] 넘버즈인 3번 보들보들 모공결 세럼 30ml 더블 기획,26900,32.0,11.0,64.0,24.0,55.0,21.0,6727,실측
A000000231884,에센스_세럼_엠플,웰라쥬,[속건조필수템] 웰라쥬 리얼 히알루로닉 블루 100 앰플 100ml 기획 (+원데이키트2ea),24000,39.0,13.0,76.0,24.0,76.0,0.0,11268,실측
A000000252982,에센스_세럼_엠플,닥터지,[1+1/수분진정] 닥터지 레드 블레미쉬 클리어 히알 시카 수딩 세럼 50ml 리필 기획 (+50ml 리필),26000,31.0,20.0,82.0,61.0,39.0,1.0,5261,실측
A000000261321,에센스_세럼_엠플,차앤박,[이리유마켓특가][NEW/토닝세럼]차앤박 더마앤서 브라이트닝 부스터 TXA-PDRN 앰플 30ml,23500,39.0,7.0,67.0,15.0,34.0,50.0,208,실측
A000000222839,에센스_세럼_엠플,에스트라,에스트라 에이시카365 흔적진정세럼 pH4.5 40ml 기획 (+세럼 20ml+크림 1ml),28500,28.0,12.0,69.0,74.0,24.0,1.0,3785,실측
A000000219548,에센스_세럼_엠플,아비브,아비브 어성초 테카 캡슐 세럼 카밍드롭 50+20ml 기획,21280,27.0,18.0,75.0,76.0,23.0,1.0,10774,실측
A000000214258,에센스_세럼_엠플,키엘,[7년 연속 1위/속탄력 안티에이징 케어] 키엘 클리어리 코렉티브 다크 스팟 솔루션 30ml,84150,43.0,4.0,64.0,32.0,34.0,34.0,53,실측
A000000242720,에센스_세럼_엠플,차앤박,[보습광채/화잘먹앰플] 차앤박 프로폴리스 에너지 액티브 앰플 30ml 2입 기획 (+15ml),28900,56.0,3.0,71.0,24.0,73.0,3.0,12712,실측
A000000235050,에센스_세럼_엠플,코스알엑스,[리뉴얼] 코스알엑스 어드밴스드 더 비타민C 23 세럼 20g 2입,39000,36.0,8.0,43.0,16.0,29.0,55.0,1038,실측
A000000232212,에센스_세럼_엠플,VT,[1등모공에센스] VT 리들샷 100 에센스 30ml 더블 기획(+피디알엔 에센스 100 1.5ml*3ea),22000,34.0,12.0,37.0,26.0,39.0,34.0,51367,실측
A000000183707,에센스_세럼_엠플,리쥬란,[한정수량/오리지널 c-PDRN] 리쥬란 힐러 턴오버 앰플 듀얼 이펙트 30ml 기획(+7ml),49900,46.0,4.0,67.0,22.0,49.0,28.0,3560,실측
A000000219717,에센스_세럼_엠플,파티온,[트러블1등/단독기획] 파티온 노스카나인 트러블 세럼 50ml 기획(+15ml+마스크 1매),27900,35.0,17.0,88.0,60.0,39.0,1.0,88036,실측
A000000251229,에센스_세럼_엠플,바이오더마,바이오더마 하이드라비오 에센스로션 200ml 기획 (+스트레치 화장솜),28100,41.0,9.0,69.0,24.0,75.0,1.0,9501,실측
A000000254723,에센스_세럼_엠플,아이오페,아이오페 레티놀 레티젝션 세럼 30ml 기획 (+15ml),49900,31.0,7.0,35.0,28.0,17.0,55.0,2595,실측
A000000208860,에센스_세럼_엠플,퍼셀,[증정기획/장벽강화세럼] 퍼셀 20억/mL 픽셀바이옴 유산균 원액 20ml 기획 (+7ml),25200,29.0,14.0,73.0,64.0,31.0,5.0,13732,실측
A000000233390,에센스_세럼_엠플,바이오힐보,[모공고민] 바이오힐보 프로바이오덤 콜라겐 리모델링 세럼 30ml 더블기획,27880,39.0,6.0,66.0,26.0,46.0,28.0,3298,실측
A000000156315,에센스_세럼_엠플,바이오더마,[온라인 단독기획]바이오더마 하이드라비오 세럼 더블기획(40ml+40ml),46400,41.0,10.0,83.0,22.0,77.0,1.0,7331,실측
A000000203971,에센스_세럼_엠플,셀리맥스,[속보습/속광/진정] 셀리맥스 더 리얼 노니 에너지 앰플 80ml 기획(+10ml),33000,35.0,8.0,75.0,52.0,47.0,1.0,16545,실측
A000000231293,에센스_세럼_엠플,프리메라,[탄력광채] 프리메라 비타티놀 바운시 리프트 세럼 25g 기획/단품,32500,33.0,7.0,57.0,19.0,26.0,55.0,5340,실측
A000000255719,에센스_세럼_엠플,동아제약,[단독기획] 동아제약 색소침착 프로 액제 30ml 기획(+크림제5ml),24300,33.0,11.0,81.0,27.0,33.0,39.0,1903,실측
A000000258676,에센스_세럼_엠플,성분에디터,[곰돌이푸콜라보] 성분에디터 실크펩타이드 EGF 하트핏 볼륨 리프팅 앰플 40ml 더블기획 (+파우치 증정),22500,46.0,7.0,69.0,26.0,41.0,34.0,3329,실측
A000000254722,에센스_세럼_엠플,아이오페,아이오페 레티놀 슈퍼 바운스 세럼 30ml 기획 (+15ml),42500,19.0,6.0,40.0,36.0,12.0,52.0,10396,실측
A000000214675,에센스_세럼_엠플,디어클레어스,[EGF최대함량/1등진정앰플] 클레어스 블루 유스 액티베이팅 드롭 50ml,36800,15.0,28.0,78.0,81.0,14.0,5.0,4423,실측
A000000243435,에센스_세럼_엠플,메디큐브,[연어PDRN/미백천재앰플] 메디큐브 PDRN 핑크 펩타이드 앰플 30ml 기획(앰플10ml+수분크림 10ml),19900,41.0,7.0,64.0,29.0,44.0,28.0,24483,실측
A000000230854,에센스_세럼_엠플,리덴스,[나이아신아마이드] 리덴스 톤앤스팟 코렉터 앰플 30ml 더블기획,22900,42.0,7.0,87.0,14.0,43.0,43.0,7209,실측
A000000259221,에센스_세럼_엠플,바이오던스,[60ml 대용량/화잘먹 세럼] 바이오던스 포어 퍼펙팅 콜라겐 펩타이드 세럼 30ml 리필기획(+퍼글러 인형 키링),27900,43.0,5.0,74.0,25.0,59.0,16.0,2522,실측
A000000258878,에센스_세럼_엠플,코스알엑스,[가나디 콜라보] 코스알엑스 더 6 펩타이드 화잘먹 세럼 150ml 더블 기획 (+피규어 굿즈),30590,35.0,10.0,71.0,29.0,68.0,3.0,10664,실측
A000000189171,에센스_세럼_엠플,폴라초이스,[모공컨트롤샷]폴라초이스 10% 나이아신아마이드 부스터 앰플 20ml 기획(+각질제거제 30ml 증정),61600,27.0,17.0,46.0,32.0,25.0,44.0,765,실측
A000000260574,에센스_세럼_엠플,에스네이처,[역대급증정/1등 화잘먹 물먹세럼] 에스네이처 아쿠아 스쿠알란 세럼 50ml 기획 (+수분크림 10ml),14160,44.0,7.0,86.0,25.0,74.0,1.0,15401,실측
A000000166013,에센스_세럼_엠플,라로슈포제,[모공결데일리앰플] 라로슈포제 에빠끌라 울트라 컨센트레이티드 세럼 30ml,51000,20.0,26.0,69.0,57.0,32.0,11.0,850,실측
A000000231894,에센스_세럼_엠플,아누아,[수지세럼] 아누아 피디알엔 히알루론산 캡슐 100 세럼 30mL 기획세트 (+크림 30ml),22500,45.0,7.0,70.0,29.0,66.0,4.0,16931,실측
A000000259488,에센스_세럼_엠플,파넬,[1등 진정세럼/대용량] 파넬 시카마누 92세럼 50ml 더블기획 (총 100ml),32900,31.0,7.0,94.0,74.0,23.0,2.0,17051,실측
A000000159468,에센스_세럼_엠플,닥터디퍼런트,[잡티톤업/비타민C세럼] 닥터디퍼런트 CEQ 안티옥시던트 세럼 15ml,35700,41.0,8.0,62.0,13.0,31.0,56.0,2629,실측
A000000232213,에센스_세럼_엠플,VT,[애니pick/물먹광채] VT 피디알엔 에센스 100 30ml 더블 기획 (+리들샷 100 10ml),38900,50.0,6.0,73.0,19.0,64.0,17.0,29055,실측
A000000211372,에센스_세럼_엠플,코스알엑스,[속보습]코스알엑스 더 6 펩타이드 스킨 부스터 세럼 더블기획,30590,37.0,9.0,74.0,27.0,68.0,5.0,11668,실측
A000000248589,에센스_세럼_엠플,톤28,[화잘먹] 톤28 해남404 글로우 크림앤세럼 50ml,23500,46.0,7.0,91.0,18.0,74.0,8.0,4618,실측
A000000233771,에센스_세럼_엠플,한율,[우즈PICK][1+1] 한율 어린쑥 속수분 쑥히알 세럼 40ml 리필 기획 (+40ml 리필),25500,14.0,41.0,76.0,31.0,68.0,1.0,5276,실측
A000000261744,에센스_세럼_엠플,메디힐,[업그레이드 모공탄력세럼] 메디힐 PDRN 더마 세럼 50+50mL 기획,24900,39.02,10.18,71.18,34.46,51.27,23.82,18,예측
A000000149966,에센스_세럼_엠플,디오디너리,[중강도] 디오디너리 레티놀 0.5% 인 스쿠알란 30ml,14200,35.0,13.0,32.0,22.0,28.0,50.0,2784,실측
A000000213618,에센스_세럼_엠플,메디힐,[장도연 PICK/1+1] 메디힐 비타민씨 브라이트닝 세럼 40+40ml 더블 기획,22900,32.0,8.0,60.0,22.0,27.0,51.0,3124,실측
A000000218587,에센스_세럼_엠플,닥터자르트,[한정기획/강력진정세럼] 닥터자르트 시카페어 인텐시브 수딩 리페어 세럼 30ml 1+1 기획,29900,27.0,15.0,81.0,74.0,25.0,1.0,2028,실측
A000000242719,에센스_세럼_엠플,차앤박,[탄력콜라겐UP/1+1] 차앤박 더마앤서 액티브 부스트 PDRN 앰플 30ml 더블기획,25900,43.0,6.0,73.0,27.0,58.0,15.0,13722,실측
A000000237409,에센스_세럼_엠플,바이오던스,[1+1한정기획] 바이오던스 포어 퍼펙팅 콜라겐 펩타이드 세럼 30ml 더블 기획,29800,38.0,9.0,74.0,21.0,53.0,26.0,4879,실측
A000000141333,에센스_세럼_엠플,디오디너리,[노화케어] 디오디너리 매트릭실 10% + HA,16600,35.0,9.0,55.0,21.0,35.0,44.0,1420,실측
A000000256049,에센스_세럼_엠플,토리든,[코르티스PICK] 토리든 밸런스풀 시카 컨트롤 세럼 50ml 더블기획 (+20ml),22610,25.0,16.0,66.0,75.0,24.0,1.0,771,실측
A000000229445,에센스_세럼_엠플,디어클레어스,[1등진정앰플/단독기획] 클레어스 EGF 블루드롭 50ml 기획 (10ml+진정크림 3g+흔적크림 3g),41420,13.0,35.0,79.0,83.0,14.0,3.0,5101,실측
A000000211052,에센스_세럼_엠플,아누아,[단독기획] 아누아 복숭아 70 나이아신아마이드 세럼 30ml 2입,25000,42.0,9.0,73.0,19.0,44.0,37.0,6564,실측
A000000250225,에센스_세럼_엠플,세포랩,[화잘먹부스팅템] 세포랩 바이오제닉 에센스 블렌디드 포뮬라 50% (100ml /30ml),36800,36.0,6.0,89.0,31.0,63.0,6.0,2884,실측
A000000184133,에센스_세럼_엠플,에스트라,[트러블세럼] 에스트라 테라크네365 액티브 세럼 30ml,35700,15.0,32.0,65.0,76.0,19.0,5.0,1067,실측
A000000180436,에센스_세럼_엠플,닥터지,[트러블/대용량] 닥터지 에이클리어 스팟 포 페이스 세럼 80ml,29000,19.0,26.0,54.0,81.0,17.0,2.0,3040,실측
A000000225602,에센스_세럼_엠플,차앤박,[1+1/유리알속광] 차앤박 프로폴리스 에너지 액티브 앰플 30ml 더블기획(2개입),28900,9.0,1.0,93.0,60.0,21.0,20.0,5996,실측
A000000255227,에센스_세럼_엠플,바이오더마,바이오더마 하이드라비오 에센스로션 200ml 2입 기획 (+미스트펌프 증정),59000,37.0,10.0,71.0,30.0,69.0,1.0,10038,실측
A000000255684,에센스_세럼_엠플,메디큐브,[모공탄력]메디큐브 제로 모공 원데이 펩타이드 세럼 한교동 리필기획 (본품+리필팩50ml+한교동 거울키링),24600,23.0,19.0,59.0,43.0,34.0,23.0,720,실측
A000000238406,에센스_세럼_엠플,믹순,[품절대란/수부지 화잘먹 세럼] 믹순 히알레배 포어 버블 세럼 70ml,9900,38.0,15.0,80.0,19.0,80.0,2.0,12231,실측
A000000257200,에센스_세럼_엠플,비욘드,[유분잡는수분/화잘먹] 비욘드 엔젤 아쿠아 이온 히알루 10% 수분 가득 진정 앰플 50ml 1+1 기획,19800,33.0,13.0,89.0,30.0,69.0,2.0,340,실측
A000000248402,에센스_세럼_엠플,아누아,[박희선Pick] 아누아 어성초 77 B3 징크 트러블 세럼 30ml,19500,23.0,24.0,65.0,73.0,21.0,5.0,342,실측
A000000190691,에센스_세럼_엠플,스킨푸드,[속보습+피부장벽+트러블케어] 스킨푸드 로열허니 프로폴리스 인리치 에센스 리필기획(50ml+50ml),22400,58.0,4.0,77.0,18.0,80.0,1.0,8628,실측
A000000259297,에센스_세럼_엠플,아비브,아비브 히알루로닉 붐 세럼 워터드롭 50ml 더블 기획,26400,31.0,19.0,79.0,33.0,67.0,0.0,357,실측
A000000219108,에센스_세럼_엠플,나인위시스,[수쫀광/화잘먹 위시앰플] 나인위시스 하이드라 수분 앰플 나노 플러스 50ml 리필 기획 (+50ml 리필),21900,47.0,9.0,85.0,18.0,81.0,1.0,11341,실측
A000000225243,에센스_세럼_엠플,닥터지,[모공케어/피부결] 닥터지 바쿠치올 포어젯 세럼 30ml 기획 (+포어젯 스피큘 패드 2매 증정),18910,35.0,10.0,64.0,30.0,45.0,25.0,1898,실측
A000000236434,에센스_세럼_엠플,랑콤,랑콤 클라리피끄 더블 트리트먼트 에센스 150ml,160650,24.88,18.72,67.4,43.34,35.66,10.65,2,예측
A000000232438,에센스_세럼_엠플,아비브,아비브 글루타치온좀 잡티 세럼 비타 드롭 50ml 더블 기획,29800,31.0,12.0,64.0,26.0,23.0,50.0,5594,실측
A000000235338,에센스_세럼_엠플,디마프,[원조버블세럼] 디마프 히어로 마이 퍼스트 세럼 a.k.a 만능기초 155ml,28900,53.0,5.0,87.0,12.0,86.0,2.0,1406,실측
A000000222797,에센스_세럼_엠플,코스알엑스,[흔적케어] 코스알엑스 더 알파 - 알부틴 세럼 50ml (펩타이드세럼 30ml증정),19500,29.0,13.0,69.0,31.0,29.0,39.0,4330,실측
A000000260585,에센스_세럼_엠플,제로이드,[8월 올영픽] 제로이드 핌프로브 카밍 앰플 30ml 기획 (+크림 10ml),27900,17.0,50.0,67.0,67.0,17.0,17.0,260,실측
A000000204366,에센스_세럼_엠플,숨37,[피부장벽강화] 숨37 시크릿 에센스 기획 (30ml/45ml/50ml/80ml 기획),25600,41.0,6.0,80.0,21.0,65.0,14.0,2466,실측
A000000249421,에센스_세럼_엠플,마몽드,[화해1등/100ml대용량] 마몽드 카밍샷 아줄렌 흔적수분앰플 50ml 더블기획,27800,29.0,17.0,75.0,56.0,37.0,6.0,6647,실측
A000000188004,에센스_세럼_엠플,에스네이처,[1등 화잘먹물먹세럼] 에스네이처 아쿠아 스쿠알란 세럼 50ml 기획(+50ml 리필+수분크림 10ml),35000,37.0,12.0,79.0,26.0,72.0,1.0,13606,실측
A000000232547,에센스_세럼_엠플,더마라인,[리뉴얼] 더마라인 디렉소 PDRN 솔루션 살몬 앰플 35ml,35000,39.0,13.0,83.0,13.0,65.0,22.0,155,실측
A000000202462,에센스_세럼_엠플,빌리프,[겉속보습] 빌리프 슈퍼드랍스 멀티7 히알루론 더블보습 세럼 30ml 단품/기획 (+30ml 리필 증정),26180,45.0,10.0,80.0,21.0,79.0,1.0,2636,실측
A000000255430,에센스_세럼_엠플,스킨1004,[대용량]스킨1004 마다가스카르 센텔라 앰플 100ml,26000,31.0,18.0,84.0,56.0,44.0,1.0,10627,실측
A000000257709,에센스_세럼_엠플,달바,[26년 신형/소용량] 달바 비타 캡슐 세럼 나이아신아마이드 5퍼센트 50ml,25900,51.0,3.0,67.0,24.0,54.0,22.0,63,실측
A000000161581,에센스_세럼_엠플,스킨1004,[누적판매 1700만]스킨1004 마다가스카르 센텔라 앰플 55ml,15300,32.0,16.0,78.0,56.0,42.0,2.0,9911,실측
A000000149970,에센스_세럼_엠플,디오디너리,[고강도] 디오디너리 레티놀 1% 인 스쿠알란 30ml,15000,33.0,14.0,28.0,22.0,24.0,54.0,2187,실측
A000000206547,에센스_세럼_엠플,한율,[반쪽모공/리필기획] 한율 보들은행잎 모공핏 세럼 기획 40ml 기획,31200,22.0,22.0,39.0,30.0,29.0,41.0,3631,실측
A000000254209,에센스_세럼_엠플,레이어랩,[기미잡티세럼] 레이어랩 기미흔적 클리어 세럼 30ml,30900,40.0,8.0,87.0,11.0,36.0,53.0,1107,실측
A000000197362,에센스_세럼_엠플,라운드랩,[속수분앰플] 라운드랩 자작나무 수분 앰플 50ml 기획 (+크림 20ml),19600,33.0,18.0,81.0,30.0,69.0,1.0,3136,실측
A000000189054,에센스_세럼_엠플,에스트라,에스트라 리제덤365 모공탄력 캡슐세럼 30ml,40800,31.0,10.0,72.0,26.0,39.0,35.0,3537,실측
A000000232961,에센스_세럼_엠플,나노레시피,나노레시피 디-판테놀 75% 앰플 33g,9800,42.0,5.0,65.0,35.0,62.0,3.0,295,실측
A000000233882,에센스_세럼_엠플,바이오힐보,[광채세럼] 바이오힐보 NAD 프리즈셀 글로우 파워 세럼 30ml [단품/기획],29200,37.0,7.0,70.0,22.0,51.0,27.0,729,실측
A000000226524,에센스_세럼_엠플,셀인샷,[흔적/착색/미백] 셀인샷 트라넥 글루타샷 세럼 50ml,39000,33.0,9.0,69.0,13.0,30.0,58.0,558,실측
A000000219274,에센스_세럼_엠플,유세린,[리뉴얼] 유세린 하이알루론 부스팅 에센스 100ml,38900,42.0,6.0,69.0,25.0,66.0,9.0,1241,실측
A000000144177,에센스_세럼_엠플,미샤,미샤 비타씨플러스 잡티씨 탄력 앰플 40ml,18620,34.0,7.0,58.0,16.0,25.0,58.0,6405,실측
A000000255834,에센스_세럼_엠플,라로슈포제,라로슈포제 히알루 B5 수분탄력 세럼 30ml 기획 (+10ml+히알루크림 3ml),59000,61.0,3.0,66.0,25.0,73.0,2.0,420,실측
A000000190700,에센스_세럼_엠플,로벡틴,[역대급 이벤트/SNS대란템] 로벡틴 히알루론산 에센스 180ml 리필기획(+리필 120ml),22400,51.0,8.0,79.0,20.0,79.0,1.0,3094,실측
A000000207544,에센스_세럼_엠플,파티온,[트러블흔적/단독기획] 파티온 노스카나인 트러블 흔적 앰플 30ml 기획 (+트러블 세럼 15ml),28400,25.0,16.0,69.0,70.0,20.0,10.0,5422,실측
A000000254543,에센스_세럼_엠플,닥터엘시아,닥터엘시아 345 릴리프 세럼 30ml,15500,40.0,8.0,83.0,44.0,54.0,1.0,545,실측
A000000254332,에센스_세럼_엠플,쥬베룩,쥬베룩 PDLLA 리파이닝 퍼스트 에센스 150ml(단품/기획),36300,57.0,2.0,95.0,8.0,86.0,6.0,420,실측
A000000231779,에센스_세럼_엠플,라로슈포제,[본품 50%용량 추가 증정] 라로슈포제 시카플라스트 리페어 에센스 30ml 기획 (+7.5ml*2ea),55000,42.0,7.0,67.0,55.0,43.0,3.0,889,실측
A000000237634,에센스_세럼_엠플,프리메라,[8월올영픽] 프리메라 세럼 3종 기획 모음 (3C히알루론산/비타티놀/PDRN),18000,39.0,11.0,79.0,25.0,65.0,11.0,6890,실측
A000000240128,에센스_세럼_엠플,비플레인,[트러블케어/리필기획] 비플레인 시카테롤 앰플 30ml 리필기획 (+리필 31ml),20500,28.0,17.0,70.0,74.0,25.0,0.0,7490,실측
A000000255686,에센스_세럼_엠플,메디큐브,[청담샵화잘먹] 메디큐브 PDRN 핑크 콜라겐 버블 세럼 95ml 기획(+젤리브러쉬),25300,53.0,4.0,70.0,19.0,72.0,8.0,801,실측
A000000138710,에센스_세럼_엠플,웰라쥬,[8월올영픽/중요한날하루전] 웰라쥬 원데이키트 캡슐 앰플 7개입 4종 택1 (PDRN/히알/시카/토닝),18900,51.0,8.0,78.0,22.0,77.0,2.0,22018,실측
A000000251222,에센스_세럼_엠플,바이오더마,바이오더마 세비엄 세럼 30ml 기획 (+센시비오 H2O 5ml*2) (2604),33900,12.0,46.0,65.0,66.0,24.0,10.0,495,실측
A000000180890,에센스_세럼_엠플,코스알엑스,[트러블피지완화] 코스알엑스 더 나이아신아마이드 15 세럼 20ml,19500,20.0,22.0,44.0,43.0,20.0,37.0,1410,실측
A000000260346,에센스_세럼_엠플,리쥬덱스,"[흔적 리페어_c-PDRN 10,000 PPM]리쥬덱스 더마 리페어링 솔루션 앰플 10mLx2EA",32300,54.0,6.0,84.0,44.0,50.0,6.0,206,실측
A000000184064,에센스_세럼_엠플,넘버즈인,[파격한정구성] 넘버즈인 5번 글루타치온C 흔적 앰플 30ml 기획(+패드 6매 증정),18500,31.0,9.0,58.0,22.0,20.0,58.0,8396,실측
A000000200310,에센스_세럼_엠플,토리든,토리든 셀메이징 비타C 브라이트닝 앰플 30ml,18200,23.0,10.0,66.0,16.0,18.0,66.0,531,실측
A000000204071,에센스_세럼_엠플,코스알엑스,[속보습] 코스알엑스 더 6 펩타이드 스킨 부스터 세럼 150ml 기획 (+30mL),23000,39.0,9.0,76.0,24.0,70.0,6.0,9557,실측
A000000259164,에센스_세럼_엠플,라운드랩,[잡티청소] 라운드랩 비타 나이아신 잡티 세럼 30ml 기획 (+1.5mlx3매),17900,32.0,18.0,61.0,29.0,21.0,50.0,3434,실측
A000000159280,에센스_세럼_엠플,차앤박,차앤박(CNP) 프로폴리스 트리트먼트 앰플 에센스 기획(150ml+50ml),30400,62.0,6.0,73.0,18.0,75.0,7.0,1807,실측
A000000169035,에센스_세럼_엠플,믹순,[올리브영 단독기획] 믹순 콩 에센스 50ml 기획 (+병풀 에센스 20ml),29700,36.0,13.0,70.0,33.0,62.0,5.0,5878,실측
A000000235051,에센스_세럼_엠플,코스알엑스,코스알엑스 어드밴스드 더 비타민C 23 세럼 20g,21200,32.0,11.0,27.0,18.0,19.0,63.0,542,실측
A000000232910,에센스_세럼_엠플,이니스프리,[쫀득속광] 이니스프리 레티놀 그린티 PDRN 앰플 25ml 기획,28800,28.0,9.0,55.0,24.0,29.0,47.0,6852,실측
A000000254719,에센스_세럼_엠플,아이오페,아이오페 비타민C 엑스퍼트 25% 항산화 토닝 앰플 23ml 기획 (+ 크림 6g) (2026),44000,19.0,6.0,13.0,28.0,13.0,59.0,546,실측
A000000232030,에센스_세럼_엠플,아렌시아,[잡티흔적토닝/20g증정기획] 아렌시아 젤리 세럼 홀리 히솝 30 50g(+20g),28600,48.0,7.0,75.0,28.0,53.0,19.0,3658,실측
A000000258832,에센스_세럼_엠플,피지오겔,[붉은기진압] 피지오겔 레드수딩 로자테카 레드니스 리듀싱 세럼 30ml 기획(+15ml),28000,35.0,13.0,79.0,75.0,24.0,2.0,454,실측
A000000233328,에센스_세럼_엠플,닥터지,[속광탄력] 닥터지 블랙스네일 레티놀 앰플 50ml 증정 기획 (+마스크팩 1매),19900,52.0,4.0,70.0,18.0,58.0,24.0,1338,실측
A000000199784,에센스_세럼_엠플,차앤박,[10분진정앰플] 차앤박 뮤제너 피토 수딩 앰플 35ml 1+1 기획,26900,32.0,12.0,76.0,67.0,32.0,1.0,1223,실측
A000000250346,에센스_세럼_엠플,아이오페,[파워물광] 아이오페 XMD 스템3 클리니컬 리커버리 세럼 23ml 기획 (+세럼 15ml+크림 5ml),39900,45.0,5.0,73.0,23.0,62.0,15.0,1831,실측
A000000246431,에센스_세럼_엠플,닥터자르트,[NEW단독기획/화잘먹세럼] 닥터자르트 세라마이딘 스킨 베리어 모이스쳐 리커버리 세럼 30ml 기획 (+크림15ml),25900,67.0,4.0,82.0,16.0,82.0,3.0,821,실측
A000000218340,에센스_세럼_엠플,프리메라,프리메라 오가니언스 워터리 에센스 250ml+150ml 리필기획/단품,25500,36.0,9.0,81.0,50.0,47.0,3.0,2017,실측
A000000249473,에센스_세럼_엠플,센텔리안24,[기미잡티/대용량] 센텔리안24 엑스퍼트 마데카 멜라 캡처 앰플 맥스 30ml 더블 기획,39000,37.0,4.0,67.0,33.0,43.0,24.0,2085,실측
A000000178748,에센스_세럼_엠플,디어클레어스,[EGF 진정앰플] 클레어스 유스 액티베이팅 EGF 블루 드롭 20ml,24900,17.0,27.0,80.0,70.0,17.0,13.0,2240,실측
A000000243681,에센스_세럼_엠플,피지오겔,피지오겔 레드수딩 AI 리페어 에센스 200ml 기획(+로션 50ml),24900,40.0,6.0,75.0,41.0,59.0,0.0,1068,실측
A000000239791,에센스_세럼_엠플,리터니티,[쫀쫀모공/NEW] 리터니티 율무 모공 앰플 40ml,37900,32.0,12.0,88.0,22.0,56.0,23.0,512,실측
A000000251276,에센스_세럼_엠플,아벤느,[거울키링 증정] 아벤느 이드랑스 수분 에센스-인-로션 200ml 2입 기획,37900,45.0,6.0,78.0,25.0,74.0,1.0,2941,실측
A000000258743,에센스_세럼_엠플,더마토리,[양의지PICK/담곰이 에디션] 더마토리 히알샷 베리어 앰플 비5 50ml 리필기획 (+50ml 리필 + 지갑 파우치),24500,42.0,16.0,74.0,23.0,76.0,1.0,6292,실측
A000000254712,에센스_세럼_엠플,아이오페,아이오페 피디알엔 카페인 샷 30ml 기획 (+5ml*3ea),37500,43.0,14.0,71.0,14.0,71.0,14.0,2355,실측
A000000224552,에센스_세럼_엠플,로벡틴,[3일 잡티흔적케어 / 비타민C앰플] 로벡틴 비타 다크 스팟 세럼 30ml 기획 (+5ml),17900,37.0,10.0,84.0,13.0,34.0,53.0,3061,실측
A000000184941,에센스_세럼_엠플,이즈앤트리,[NCT 재민PICK] 이즈앤트리 초저분자 히아루론산 세럼 50ml,13900,34.0,18.0,78.0,24.0,75.0,1.0,1444,실측
A000000166628,에센스_세럼_엠플,아이소이,[응급진정세럼] 아이소이 아크니닥터 1st 컨트롤 세럼 40ml 기획(+응급진정패드4매),24000,20.0,23.0,64.0,84.0,15.0,1.0,2636,실측
A000000154264,에센스_세럼_엠플,앰플엔,[녹는실앰플] 앰플엔 펩타이드샷 2X 모공탄력앰플 100ml,23900,49.0,6.0,84.0,12.0,56.0,33.0,1639,실측
A000000231062,에센스_세럼_엠플,메디테라피,[피부결/흔적개선] 메디테라피 레티날 스킨 부스터 세럼 150ml,23900,32.0,10.0,68.0,33.0,38.0,29.0,285,실측
A000000242744,에센스_세럼_엠플,키엘,키엘 아이리스 엑스트렉트 엑티베이팅 트리트먼트 에센스 200ml,75000,32.43,16.81,57.41,42.39,46.75,15.7,4,예측
A000000255624,에센스_세럼_엠플,코스알엑스,[결광]코스알엑스 더 블루 펩타이드 바쿠치올 플럼프 글로우 세럼 50ml,23800,48.0,5.0,84.0,18.0,63.0,20.0,604,실측
A000000254757,에센스_세럼_엠플,쥬베룩,쥬베룩 PDLLA 리파이닝 퍼스트 에센스 150ml (+프로텍팅 크림 5ml) (2604),36300,50.0,4.0,85.0,17.0,72.0,12.0,420,실측
A000000204647,에센스_세럼_엠플,더후,[김지원 PICK] 더후 비첩 자생 에센스 디스커버리 세트,73500,52.0,4.0,80.0,10.0,54.0,36.0,454,실측
A000000170689,에센스_세럼_엠플,유세린,[미백잡티] 유세린 이븐래디언스 듀오 앰플 30ml,35900,35.0,9.0,69.0,22.0,29.0,50.0,1753,실측
A000000261743,에센스_세럼_엠플,메디힐,[업그레이드 수분흔적세럼] 메디힐 마데카소사이드 더마 세럼 50mL,16900,38.0,17.0,87.0,32.0,63.0,5.0,76,실측
A000000228256,에센스_세럼_엠플,더마팩토리,더마팩토리 리얼베라 모공세럼 30ml,7600,18.0,20.0,52.0,47.0,27.0,26.0,299,실측
A000000229094,에센스_세럼_엠플,퍼셀,[증정기획/장벽결광] 퍼셀 픽셀바이옴 글로우 배리어 유산균 세럼 50ml 기획 (+15ml),23000,45.0,6.0,63.0,31.0,59.0,10.0,2905,실측
A000000219389,에센스_세럼_엠플,마몽드,[화해1등/흔적진정] 마몽드 카밍 샷 아줄렌 흔적 수분앰플 50ml 기획,20400,28.0,18.0,68.0,58.0,34.0,8.0,5131,실측
A000000258469,에센스_세럼_엠플,헤브블루,[8월올영픽/레오제이공동개발]헤브블루 살몬 케어링 센텔라 버블 토너-센스 95ml 기획(+센텔라 크림 20ml*2ea),22800,49.0,7.0,79.0,24.0,75.0,2.0,381,실측
A000000200604,에센스_세럼_엠플,라로슈포제,[피지각질케어] 라로슈포제 에빠끌라 듀오+M 트러블 에센스 40ml,35000,13.0,38.0,49.0,76.0,19.0,5.0,1027,실측
A000000243084,에센스_세럼_엠플,리쥬란,[모공 c-PDRN ] 리쥬란 더마 힐러 포어 타이트닝 앰플 30ml [한정기획(+토너패드2매X6)/단품]_올영픽,34900,28.0,11.0,59.0,36.0,35.0,29.0,2427,실측
A000000250253,에센스_세럼_엠플,아이소이,[대용량/흔적리셋] 아이소이 브라이트닝 카밍 스팟 세럼 35ml 리필 기획(+35ml),22500,30.0,15.0,68.0,55.0,34.0,11.0,6563,실측
A000000249803,에센스_세럼_엠플,비플레인,[총100ml 대용량] 비플레인 녹두 모공 타이트업 세럼 50ml 1+1 기획,34000,21.0,20.0,67.0,56.0,29.0,15.0,9468,실측
A000000201658,에센스_세럼_엠플,비플레인,[모공입문세럼/1+1] 비플레인 녹두 모공 타이트업 세럼 30ml 1+1 기획,21900,21.0,21.0,67.0,55.0,30.0,16.0,6130,실측
A000000249153,에센스_세럼_엠플,이즈앤트리,[NCT 재민PICK] 이즈앤트리 어니언 뉴페어 앰플 플러스 50ml 기획 (+겔크림 플러스 20ml),15900,30.0,16.0,73.0,54.0,33.0,13.0,1168,실측
A000000257096,에센스_세럼_엠플,넘버즈인,넘버즈인 3번 보들보들 모공결 세럼 30ml,15900,37.0,10.0,57.0,28.0,52.0,20.0,175,실측
A000000200353,에센스_세럼_엠플,오어스,[여름철속수분 / 시카진정] 오어스 히알루론시카 7초 세럼 인 앰플 105ml 기획(+15ml),21600,47.0,10.0,87.0,21.0,78.0,1.0,5787,실측
A000000203925,에센스_세럼_엠플,라로슈포제,[기미잡티광채세럼] 라로슈포제 멜라B3 세럼 30ml,68000,23.0,6.0,53.0,31.0,26.0,42.0,348,실측
A000000210867,에센스_세럼_엠플,에스트라,[수분앰플] 에스트라 아토베리어365 세라-히알 속수분 앰플 30ml,33000,45.0,7.0,83.0,22.0,78.0,1.0,2673,실측
A000000217326,에센스_세럼_엠플,에스트라,(50%용량증정) 에스트라 아토베리어365 세라-히알 속수분 앰플 30ml 기획 (+15ml),33000,49.0,8.0,78.0,24.0,75.0,1.0,6332,실측
A000000251899,에센스_세럼_엠플,디오디너리,[노화케어] 디오디너리 보르피린 92% + Pal-아이소류신 1% 15ml,32600,34.23,13.24,70.31,34.68,38.08,17.98,12,예측
A000000217422,에센스_세럼_엠플,퍼셀,[잡티톤업/글루타치온] 퍼셀 880억/mL 글루타치온 플렉서블 리포좀 톤업앰플 20ml 기획 (+7ml),20900,33.0,8.0,66.0,18.0,25.0,57.0,4544,실측
A000000214850,에센스_세럼_엠플,바버,[속건조개선] 바버 앰플 컨센트레이트 하이드라 플러스 2ml*7ea,32000,32.49,16.55,73.67,33.69,63.37,1.08,16,예측
A000000233086,에센스_세럼_엠플,더랩바이블랑두,[대용량/화잘먹세럼] 더랩바이블랑두 올리고 히알루론산 딥 글로우 세럼 85ml 기획 (+15ml),19900,34.0,13.0,75.0,25.0,74.0,1.0,739,실측
A000000252606,에센스_세럼_엠플,메디큐브,[리뉴얼/NEW] 메디큐브 제로 모공 원데이 펩타이드 세럼 30ml,19900,24.0,20.0,68.0,37.0,40.0,24.0,248,실측
A000000258824,에센스_세럼_엠플,일소,[짱구 콜라보] 일소 펩타이드 3엑스 모공톡스 탄력 앰플 30ml 기획 (+맥세이프 카드지갑),19900,19.0,16.0,59.0,47.0,34.0,19.0,433,실측
A000000156871,에센스_세럼_엠플,아이소이,[응급스팟] 아이소이 아크니닥터 1st 스피디 스팟14ml 기획 (+응급진정패드4매),19800,15.0,28.0,52.0,91.0,9.0,1.0,9113,실측
A000000203792,에센스_세럼_엠플,도미나스,[기미잡티 개선] 도미나스 앳클리닉 트라넥삼산 스팟 샷 기미잡티 앰플 30ML,30400,34.0,7.0,79.0,18.0,34.0,48.0,603,실측
A000000103391,에센스_세럼_엠플,코스알엑스,[보습광채] 코스알엑스 어드벤스드 스네일 96 뮤신 파워 에센스 100ml,19660,50.0,6.0,85.0,19.0,76.0,5.0,2463,실측
A000000200313,에센스_세럼_엠플,디오디너리,[수분보습] 디오디너리 히알루로닉 애시드 2% + B5 30ml,14200,44.0,9.0,67.0,22.0,74.0,4.0,805,실측
A000000190738,에센스_세럼_엠플,센텔리안24,[잡티앰플/대용량]센텔리안24 엑스퍼트 마데카 멜라 캡처 앰플 맥스 45ml,29900,45.0,1.0,68.0,20.0,47.0,33.0,346,실측
A000000253401,에센스_세럼_엠플,레이어랩,[6.9배 속보습 진정세럼] 레이어랩 니오좀 판테놀 5% 세럼 30ml 기획 (+1.5ml*5ea),29900,47.0,6.0,86.0,39.0,53.0,8.0,3492,실측
A000000219714,에센스_세럼_엠플,파티온,[단독기획/대용량] 파티온 노스카나인 트러블 모공탄력 세럼 50ml 기획(+5ml+크림 5ml),29800,25.0,13.0,65.0,48.0,35.0,17.0,4999,실측
A000000177475,에센스_세럼_엠플,프랭클리,[모공임상] 프랭클리 모공축소 클로저 세럼 30ml 앰플,10900,34.0,12.0,72.0,30.0,54.0,16.0,8511,실측
A000000258445,에센스_세럼_엠플,퍼셀,[대용량/장벽강화세럼] 퍼셀 20억/mL 픽셀바이옴 원액 55ml,59000,22.0,22.0,80.0,74.0,20.0,7.0,2319,실측
A000000224329,에센스_세럼_엠플,닥터지,"[쿨링수분진정] 닥터지 레드 블레미쉬 클리어 히알 시카 수딩 세럼 50ml 2종(20ml 증정기획, 단품]",19000,27.0,17.0,73.0,64.0,35.0,1.0,4762,실측
A000000249582,에센스_세럼_엠플,제로이드,[붉은기 진정 앰플] 제로이드 핌프로브 카밍 앰플 30ml,27900,15.0,26.0,71.0,78.0,21.0,1.0,254,실측
A000000255786,에센스_세럼_엠플,믹순,[올리브영 한정기획] 믹순 히알레배 포어 버블 세럼 70ml 기획 (+늘어나는 쫀득솜 35매),9900,30.0,17.0,68.0,25.0,74.0,1.0,14278,실측
A000000209746,에센스_세럼_엠플,제로이드,제로이드 인텐시브 하이드레이팅 앰플 30ml,27000,54.0,5.0,78.0,25.0,74.0,1.0,1356,실측
A000000244411,에센스_세럼_엠플,프리메라,[나이아신아마이드10%] 프리메라 PDRN-나이아10 토닝 글로우 세럼 30g 기획/단품,26900,36.0,7.0,66.0,20.0,37.0,43.0,1298,실측
A000000225178,에센스_세럼_엠플,아벤느,아벤느 비타민 액티브 VACg 세럼 30ml 기획 (+비타민 Cg 액티브 크림 2ml*3) *광채 *항산화,55000,35.0,7.0,76.0,17.0,34.0,48.0,258,실측
A000000255418,에센스_세럼_엠플,포들,[NEW] 포들 밤 펩타이드 모공 타이트닝 버블 세럼 70ml,26400,55.0,8.0,98.0,7.0,83.0,10.0,419,실측
A000000253578,에센스_세럼_엠플,에이프릴스킨,[트러블진정/쿨링수분/화잘먹] 에이스 머그워트 센텔라 카밍 앰플,26000,15.0,30.0,77.0,84.0,15.0,1.0,115,실측
A000000229490,에센스_세럼_엠플,아이오페,[PDRN물광플럼핑] 아이오페 XMD 스템3 클리니컬 리커버리 세럼 30ml 기획 (+세럼5ml+크림5ml,53550,48.0,5.0,81.0,14.0,66.0,19.0,1545,실측
A000000224235,에센스_세럼_엠플,센텔리안24,[1등 모공세럼] 센텔리안24 마데카 분말 티트리 에이씨 6g 더블기획,25900,20.0,27.0,84.0,78.0,19.0,3.0,3677,실측
A000000244899,에센스_세럼_엠플,메디큐브,[10초물광/연어PDRN] 메디큐브 PDRN 핑크 콜라겐 버블 세럼 95ml,25300,50.0,5.0,66.0,20.0,67.0,13.0,496,실측
A000000174028,에센스_세럼_엠플,디오디너리,[노화케어] 디오디너리 멀티-펩타이드 + HA 세럼 60ml,51300,38.0,13.0,61.0,19.0,39.0,42.0,124,실측
A000000217292,에센스_세럼_엠플,라로슈포제,라로슈포제 순수 비타민 C12 세럼 30ml,51300,25.0,11.0,48.0,21.0,20.0,59.0,388,실측
A000000243477,에센스_세럼_엠플,아렌시아,[잡티 브레이크 / 강력토닝] 아렌시아 비타민 C 부스터 샷 30ml,24800,53.0,9.0,92.0,7.0,66.0,27.0,466,실측
A000000233009,에센스_세럼_엠플,숨37,[피부장벽강화] 숨37 시크릿 에센스 50ml+50ml 리필 기획,51200,41.0,13.0,73.0,38.0,54.0,9.0,2466,실측
A000000240991,에센스_세럼_엠플,어나더페이스,어나더페이스 펩타테놀10 베리어 세럼 40ml 리필기획세트 (+40ml리필),24750,54.0,6.0,92.0,15.0,81.0,4.0,8375,실측
A000000202469,에센스_세럼_엠플,더마토리,[쾌속수분/리필기획] 더마토리 히알샷 베리어 B5 앰플 50ml 리필기획(+50ml 리필),24500,40.0,12.0,78.0,22.0,77.0,1.0,6663,실측
A000000225216,에센스_세럼_엠플,더마팩토리,더마팩토리 PDRN 4% 앰플 30ml,11400,40.0,7.0,65.0,25.0,49.0,26.0,1233,실측
A000000191663,에센스_세럼_엠플,디오디너리,[진정] 디오디너리 수딩 앤 배리어 서포트 세럼 30ml,24400,30.0,5.0,51.0,52.0,41.0,6.0,63,실측
A000000128529,에센스_세럼_엠플,닥터자르트,닥터자르트 컨트롤에이 티트리먼트 수딩 스팟 15ml 단품/기획(+면봉증정),24000,13.0,29.0,33.0,93.0,7.0,1.0,11288,실측
A000000233336,에센스_세럼_엠플,션리,[즉각쿨링/SOS진정세럼] 션리 다시마 그리너리 세럼35ml,24000,43.0,9.0,94.0,37.0,61.0,3.0,5678,실측
A000000223489,에센스_세럼_엠플,설화수,[윤빛광채] 설화수 윤조에센스 기획(30ml/60ml),49500,53.0,2.0,76.0,23.0,67.0,10.0,847,실측
A000000251318,에센스_세럼_엠플,샤이샤이샤이,[화잘먹/속광부스터] 샤이샤이샤이 리페어 밀키 우레아 글로우 버블 세럼 110ml 기획 (+ 밀키크림 15ml),23500,66.0,3.0,69.0,14.0,82.0,4.0,2244,실측
A000000198832,에센스_세럼_엠플,테라로직,테라로직 피토세라 프로 안티옥시던트 10X 탄력앰플 50ml,48000,35.0,4.0,77.0,11.0,35.0,54.0,206,실측
A000000202923,에센스_세럼_엠플,VT,[모공집중] VT 레티-에이 리들샷 100 에센스 50ml,48000,33.0,11.0,34.0,36.0,32.0,32.0,185,실측
A000000211479,에센스_세럼_엠플,아비브,[화잘먹세럼] 아비브 부활초 비피다 세럼 퍼밍 드롭 50ml 더블 기획,48000,42.0,7.0,75.0,26.0,67.0,7.0,6577,실측
A000000141313,에센스_세럼_엠플,디오디너리,[노화케어] 디오디너리 아지렐린 솔루션 10% 30ml,14700,31.0,15.0,66.0,13.0,20.0,66.0,269,실측
A000000141323,에센스_세럼_엠플,디오디너리,[브라이트닝] 디오디너리 아스코빌 글루코사이드 솔루션 12% 30ml,22500,32.0,9.0,59.0,14.0,24.0,61.0,186,실측
A000000254656,에센스_세럼_엠플,아렌시아,[30ml+30ml / 집중탄력케어] 아렌시아 레틴알 부스터 샷 30ml 더블기획,46500,32.0,2.0,49.0,33.0,26.0,40.0,84,실측
A000000229789,에센스_세럼_엠플,구달,[잡티미백] 구달 청귤 비타C 잡티케어 세럼 알파 30ml 기획 (+20ml),22400,34.0,8.0,70.0,22.0,29.0,49.0,6545,실측
A000000247185,에센스_세럼_엠플,듀이트리,[시카PDRN/장벽앰플] 듀이트리 AC 딥 장벽 진정 보습 앰플 60ml,22400,38.0,8.0,70.0,45.0,54.0,0.0,207,실측
A000000228253,에센스_세럼_엠플,더마팩토리,더마팩토리 EGF 앰플 30ml,46000,52.0,7.0,75.0,20.0,54.0,26.0,136,실측
A000000229480,에센스_세럼_엠플,VT,[4천만돌파/모공] VT 리들샷 100 에센스50ml 기획 (+리들샷300 1ml*3개+PDRN에센스1.5ml*3ea),22000,31.0,13.0,33.0,27.0,37.0,36.0,51435,실측
A000000256092,에센스_세럼_엠플,마녀공장,[잡티세럼/추가증정기획] 마녀공장 글루타치온 7 다크스팟 세럼 기획,21900,43.0,3.0,70.0,10.0,23.0,67.0,1451,실측
A000000180409,에센스_세럼_엠플,리쥬란,[리쥬란 독자소재_강력진정PDRx] 리쥬란 더마 힐러 모이스처 트리트먼트 앰플 30ml [기획(+마스크1매)/단품],45000,41.0,8.0,72.0,42.0,49.0,10.0,1314,실측
A000000229523,에센스_세럼_엠플,성분에디터,[잡티미백케어] 성분에디터 머루포도 비타씨 다크 스팟 앰플 40ml,13860,31.0,12.0,69.0,31.0,30.0,39.0,698,실측
A000000231799,에센스_세럼_엠플,엑시스와이,[잡티컷세럼/미백] 엑시스와이 잡티케어 글로우 세럼 50ml,21500,33.0,10.0,81.0,28.0,39.0,33.0,1340,실측
A000000219106,에센스_세럼_엠플,나인위시스,[수쫀광/화잘먹 위시앰플] 나인위시스 하이드라 수분 앰플 나노 플러스 50ml,13600,43.0,11.0,76.0,25.0,75.0,0.0,1828,실측
A000000216520,에센스_세럼_엠플,리쥬란,[오리지널 c-PDRN/한정기획]리쥬란 힐러 턴오버 앰플 듀얼 이펙트 10ml 더블 한정기획 (+8ml),43900,40.0,4.0,82.0,19.0,47.0,34.0,13416,실측
A000000229204,에센스_세럼_엠플,리쥬란,[c-PDRN 브라이트닝/수량한정]리쥬란 힐러 트리플 래디언스 앰플 10ml 더블 기획(+5ml+1ml*3),43900,43.0,5.0,72.0,27.0,47.0,27.0,383,실측
A000000209830,에센스_세럼_엠플,VT,[리들샷 꿀조합] VT 티엑스토닝 에센스 1000샷 30ml 기획 (+15ml)/단품,20900,39.0,9.0,60.0,23.0,33.0,44.0,732,실측
A000000235179,에센스_세럼_엠플,성분에디터,[물광리프팅] 성분에디터 실크펩타이드 EGF 하트핏 볼륨 리프팅 앰플 40ml 더블기획,43000,50.0,4.0,69.0,20.0,47.0,33.0,3144,실측
A000000005336,에센스_세럼_엠플,바이오더마,바이오더마 하이드라비오 세럼 40ml,42000,38.0,12.0,79.0,23.0,76.0,1.0,7089,실측
A000000256388,에센스_세럼_엠플,아벤느,[모공앰플] 아벤느 히알루론 액티브 B3 안티에이징 세럼 30ml 기획 (+괄사+크림 2ml*2),41600,33.0,3.0,61.0,47.0,33.0,19.0,36,실측
A000000137017,에센스_세럼_엠플,마녀공장,마녀공장 비피다 바이옴 콤플렉스 앰플 30ml,19900,36.0,8.0,72.0,34.0,53.0,13.0,851,실측
A000000202437,에센스_세럼_엠플,VT,[수분광채] VT 피디알엔 에센스 100 30ml,19900,48.0,6.0,71.0,22.0,58.0,20.0,2030,실측
A000000180408,에센스_세럼_엠플,리쥬란,[리쥬란 퍼스트에센스]리쥬란 더마 힐러 트리트먼트 에센스 70g [기획(+턴오버앰플 5ml)/단품],40000,45.0,5.0,73.0,32.0,57.0,11.0,619,실측
A000000223326,에센스_세럼_엠플,아벤느,[수분세럼]아벤느 이드랑스 부스트 세럼 30ml 기획 (+에센스인로션25ml+클렌징젤15ml+시칼파트블레미쉬크림2ml),39900,45.0,7.0,69.0,25.0,69.0,5.0,501,실측
A000000223335,에센스_세럼_엠플,아벤느,[장벽앰플] 아벤느 시칼파트+ 인텐스 세럼 30ml 기획 (+에센스인로션25ml+클렌징젤15ml+블레미쉬크림2ml),39900,34.0,10.0,77.0,65.0,34.0,2.0,773,실측
A000000180410,에센스_세럼_엠플,앰플엔,[재구매1위] 앰플엔 세라마이드샷 화잘먹 보습장벽앰플 100ml기획(+10ml),18900,58.0,4.0,80.0,19.0,79.0,2.0,17214,실측
A000000189769,에센스_세럼_엠플,메디필,[한정특가/모공플럼핑] 메디필 히알루론산 레이어 물톡스 앰플 더블 기획 30ml+30ml,18900,44.0,10.0,86.0,19.0,78.0,3.0,8581,실측
A000000229520,에센스_세럼_엠플,성분에디터,[물광리프팅/녹는실리프팅앰플] 성분에디터 실크펩타이드 EGF 하트핏 볼륨 리프팅 앰플 40ml,18900,46.0,7.0,73.0,15.0,38.0,47.0,1169,실측
A000000219751,에센스_세럼_엠플,라운드랩,[집중진정] 라운드랩 소나무 진정 시카 앰플 30ml 기획 (+토너 20ml),18000,28.0,18.0,77.0,76.0,24.0,1.0,21395,실측
A000000162783,에센스_세럼_엠플,원씽,[수분진정/젤세럼] 원씽 병풀 수분 세럼 80ml,17900,34.0,12.0,76.0,63.0,36.0,1.0,192,실측
A000000186833,에센스_세럼_엠플,오휘,오휘 미라클 토닝 글로우 세럼 (20ml/50ml 택 1),37050,58.0,0.0,78.0,6.0,47.0,47.0,97,실측
A000000199281,에센스_세럼_엠플,유세린,[6주모공세럼] 유세린 하이알루론 3X 컨센트레이트 5ml*6,36900,46.0,4.0,68.0,18.0,43.0,39.0,1092,실측
A000000225072,에센스_세럼_엠플,메디힐,[1+1] 메디힐 콜라겐 탄력 볼륨 세럼 40+40mL 기획,36900,47.0,5.0,68.0,19.0,51.0,30.0,1744,실측
A000000261847,에센스_세럼_엠플,브링그린,[NEW/집중케어]브링그린 징크테카 트러블 스팟젤 15ml,7900,14.0,34.0,65.0,93.0,7.0,0.0,86,실측
A000000184772,에센스_세럼_엠플,닥터자르트,[워터젤리/수분에센스]닥터자르트 바이탈 하이드라 솔루션 하이드로 플럼프 트리트먼트 에센스 150ml,36000,42.0,7.0,78.0,24.0,75.0,1.0,784,실측
A000000235178,에센스_세럼_엠플,성분에디터,[1등모공앰플] 성분에디터 그린토마토 NMN 포어 리프팅 앰플 40ml 더블기획,36000,26.0,12.0,67.0,42.0,40.0,18.0,3377,실측
A000000198835,에센스_세럼_엠플,테라로직,[모공탄력]테라로직 레티놀 안티링클3D 모공 앰플 30ml,35900,31.0,9.0,75.0,18.0,31.0,51.0,421,실측
A000000261746,에센스_세럼_엠플,메디힐,[업그레이드 수분진정세럼] 메디힐 티트리 더마 세럼 50mL,16900,31.92,14.34,76.6,55.11,46.1,0.35,13,예측
A000000255708,에센스_세럼_엠플,풀리,[동안광채] 풀리 쌀 PDRN 광채 세럼 50ml,35000,60.0,6.0,97.0,5.0,94.0,2.0,62,실측
A000000183516,에센스_세럼_엠플,라로슈포제,라로슈포제 에빠끌라 AI 15ml,16200,21.0,24.0,52.0,77.0,19.0,5.0,860,실측
A000000188947,에센스_세럼_엠플,한율,한율 빨간쌀 에센스 150ml(+40ml)기획,34000,50.0,4.0,83.0,15.0,81.0,4.0,2222,실측
A000000230765,에센스_세럼_엠플,유세린,[30초진정/장벽케어] 유세린 울트라센시티브 리페어 세럼 30ml,32900,49.0,6.0,82.0,45.0,53.0,2.0,300,실측
A000000232047,에센스_세럼_엠플,유세린,[진정장벽] 유세린 울트라센시티브 리페어 세럼 30ml 기획 (+장벽루틴 3종 증정),32900,41.0,12.0,74.0,45.0,53.0,2.0,537,실측
A000000209487,에센스_세럼_엠플,믹순,믹순 두유 세럼 50ml,32300,36.0,10.0,82.0,14.0,80.0,6.0,123,실측
A000000231453,에센스_세럼_엠플,주미소,[트러블진정]주미소 디판테놀 베리어 장벽세럼 70ml(+크림20ml),32000,32.0,28.0,83.0,56.0,41.0,2.0,162,실측
A000000186655,에센스_세럼_엠플,더랩바이블랑두,[수분부스터] 더랩바이블랑두 올리고 히알루론산 부스팅 앰플 30ml 리필 기획,31500,45.0,6.0,79.0,22.0,77.0,1.0,844,실측
A000000224104,에센스_세럼_엠플,메디힐,메디힐 콜라겐 탄력 볼륨 세럼 40ml,14600,48.0,8.0,67.0,21.0,48.0,32.0,361,실측
A000000227409,에센스_세럼_엠플,디오디너리,[브라이트닝] 디오디너리 알파 알부틴 2% + HA 60ml,30800,37.0,7.0,63.0,7.0,30.0,63.0,30,실측
A000000210928,에센스_세럼_엠플,더페이스샵,[잡티톤업]더페이스샵 올티밋 비타민 고함량 멀티 비타 10% 세럼 30ml,14400,47.0,7.0,75.0,13.0,49.0,38.0,3117,실측
A000000252249,에센스_세럼_엠플,구달,[흔적조준세럼/트라넥6%] 구달 청귤 비타C E TXA 세럼 15ml,8900,37.0,6.0,58.0,18.0,30.0,52.0,113,실측
A000000214629,에센스_세럼_엠플,앰플엔,앰플엔 히알루론샷 수분 앰플 100ml,29900,56.0,13.0,84.0,22.0,78.0,0.0,79,실측
A000000246194,에센스_세럼_엠플,레이어랩,[6.9배 속보습 진정세럼] 레이어랩 니오좀 판테놀 5% 세럼 30ml,29900,55.0,5.0,89.0,30.0,64.0,6.0,2822,실측
A000000239651,에센스_세럼_엠플,바이오힐보,[녹는실|실프팅] 바이오힐보 프로바이오덤 3D 리프팅 바이오톡실 PLGA 세럼 30ml,29200,45.0,5.0,61.0,23.0,42.0,36.0,200,실측
A000000189544,에센스_세럼_엠플,VT,[매끈결에센스] VT 리들샷 300 에센스 50ml,29000,23.0,14.0,18.0,36.0,27.0,37.0,6301,실측
A000000223183,에센스_세럼_엠플,스튜디오17,[수분광/수분충전] 스튜디오17 워터부스트 히알루론 수분세럼 80ml,13500,43.0,11.0,82.0,18.0,81.0,1.0,1334,실측
A000000226471,에센스_세럼_엠플,아렌시아,[화잘먹/모공탄력] 아렌시아 젤리세럼 레드 스무디 세럼 30 50g 기획 (+20g),28600,48.0,7.0,69.0,26.0,57.0,17.0,680,실측
A000000235580,에센스_세럼_엠플,아리얼,[NEW] 더 에센셜 바이 아리얼 히알루로닉 13 세럼 60ml,5900,52.0,9.0,91.0,14.0,85.0,1.0,4705,실측
A000000236552,에센스_세럼_엠플,닥터지,[진정수분/대용량] 닥터지 레드블레미쉬 클리어 수딩 액티브 에센스 80ml,28000,30.0,13.0,78.0,70.0,29.0,1.0,114,실측
A000000247092,에센스_세럼_엠플,구달,[흔적조준세럼/트라넥6%] 구달 청귤 비타C E TXA 세럼 30ml 기획 (+TXA 미스트 50ml),28000,46.0,6.0,84.0,13.0,50.0,37.0,3549,실측
A000000248051,에센스_세럼_엠플,마녀공장,[잡티세럼] 마녀공장 글루타치온 7 다크스팟 세럼 30ml,28000,32.0,9.0,78.0,19.0,31.0,50.0,1421,실측
A000000189713,에센스_세럼_엠플,파넬,[1등 진정세럼] 파넬 시카마누 92세럼 더블기획(30ml+30ml),27900,32.0,13.0,73.0,74.0,25.0,1.0,13412,실측
A000000231970,에센스_세럼_엠플,라운드랩,[집중진정] 라운드랩 소나무 진정 시카 앰플 30ml 리필팩,12900,27.0,10.0,68.0,74.0,24.0,2.0,62,실측
A000000158309,에센스_세럼_엠플,믹순,믹순 순디 병풀 에센스 100ml,27200,35.0,10.0,76.0,67.0,32.0,1.0,1274,실측
A000000158312,에센스_세럼_엠플,믹순,믹순 비피다 발효 에센스 100ml,27200,31.0,10.0,85.0,31.0,61.0,8.0,162,실측
A000000230367,에센스_세럼_엠플,클리어디어,[광채탄력] 클리어디어 뮤신 콜라겐 볼류밍 크림 앰플 4ml 2개입,27000,56.0,5.0,82.0,11.0,58.0,32.0,618,실측
A000000218993,에센스_세럼_엠플,셀로라바이,[모공쫀쫀] 셀로라바이 포텐션 모공 리무버 세럼 30ml,26900,20.0,15.0,80.0,41.0,49.0,10.0,59,실측
A000000258047,에센스_세럼_엠플,넘버즈인,[탄력광채] 넘버즈인 9번 나드 바이오 리프팅 원액 에센스 50ml,26900,38.37,15.5,69.88,30.3,34.86,32.83,22,예측
A000000218586,에센스_세럼_엠플,더마토리,[쾌속수분/온라인 단독]더마토리 히알샷 베리어 앰플 비5 100ml 대용량 기획(100ml+10ml),26600,33.0,12.0,77.0,25.0,75.0,0.0,7280,실측
A000000198339,에센스_세럼_엠플,바이오힐보,[쫀쫀탄력|속보습] 바이오힐 보 프로바이오덤 3D 리프팅 앰플 30ml [단품/증정기획],26200,52.0,2.0,68.0,20.0,51.0,29.0,1407,실측
A000000257373,에센스_세럼_엠플,더마젼시,[트러블OUT세럼] 더마젼시 제로카 81 세럼 30ml 더블기획,26140,26.0,21.0,91.0,63.0,35.0,2.0,1138,실측
A000000203907,에센스_세럼_엠플,차앤박,차앤박(CNP) 프로폴리스 액티브 앰플 더블기획(15ml+15ml),26000,59.0,5.0,74.0,21.0,74.0,5.0,5076,실측
A000000203963,에센스_세럼_엠플,더하르나이,[화잘먹앰플/1+1단독기획]더하르나이 앰플세럼 50ml 리필기획(본품+리필),25600,34.0,8.0,72.0,43.0,56.0,2.0,783,실측
A000000247097,에센스_세럼_엠플,닥터엘시아,[화잘먹버블세럼] 닥터엘시아 ABC 글로우 휩드 세럼 100ml,25200,33.0,10.0,78.0,25.0,68.0,7.0,136,실측
A000000200328,에센스_세럼_엠플,디오디너리,[수분보습] 디오디너리 히알루로닉 애시드 2% + B5 60ml,25000,45.0,10.0,65.0,24.0,72.0,4.0,573,실측
A000000231545,에센스_세럼_엠플,비긴스 바이 정샘물,[7일잡티샷/아이돌광채세럼] 비긴스 바이 정샘물 나이아신아마이드10 흔적세럼 리필기획,24900,21.0,7.0,83.0,34.0,32.0,33.0,4080,실측
A000000221942,에센스_세럼_엠플,닥터엘시아,[잡티미백] 닥터엘시아 비타민C 부스팅 세럼 30ml,24500,38.0,9.0,59.0,33.0,32.0,35.0,78,실측
A000000241358,에센스_세럼_엠플,라씨엘르,[레오제이 셀렉션] 라씨엘르 신선초 진정에이징 워터 세럼 30ml,24500,39.0,13.0,93.0,63.0,34.0,4.0,56,실측
A000000199977,에센스_세럼_엠플,VT,[모공케어] VT 마일드 리들샷 50 에센스 50ml,24300,18.0,14.0,23.0,37.0,22.0,42.0,443,실측
A000000225592,에센스_세럼_엠플,구달,[주름개선] 구달 청귤 비타C 나이아신아마이드 10 흔적 앰플 30ml,24000,29.0,9.0,57.0,24.0,33.0,42.0,219,실측
A000000228580,에센스_세럼_엠플,바이오던스,[모공/광채] 바이오던스 포어 퍼펙팅 콜라겐 펩타이드 세럼 30ml 기획 (+10ml),23900,38.0,8.0,73.0,20.0,52.0,28.0,1843,실측
A000000255843,에센스_세럼_엠플,파티온,[NEW/수분회복]파티온 포도당 하이드로 액티브 세럼 70ml 기획(+리필40ml),23660,61.0,13.0,82.0,32.0,68.0,0.0,56,실측
A000000237831,에센스_세럼_엠플,샤이샤이샤이,[속광부스터] 샤이샤이샤이 리페어 밀키 우레아 글로우 버블 세럼 110ml,23500,64.0,4.0,89.0,7.0,88.0,4.0,1884,실측
A000000245095,에센스_세럼_엠플,에스트라,에스트라 아토베리어365 하이드로 에센스 200ml 기획(+클렌징밀크 30ml),23500,47.0,5.0,78.0,29.0,71.0,0.0,6026,실측
A000000224488,에센스_세럼_엠플,바이오힐보,[흔적진정] 바이오힐 보 판테셀 리페어 시카좀 앰플 30ml,23000,26.0,10.0,67.0,67.0,31.0,2.0,426,실측
A000000249735,에센스_세럼_엠플,동국제약,[데일리기미톤업] 동국제약 멜라-셋 기미 토닝 크리미 에센스 100ml,22700,34.0,5.0,62.0,33.0,27.0,41.0,101,실측
A000000261542,에센스_세럼_엠플,동국제약,동국제약 멜라-셋 기미 토닝 크리미 에센스 100ml 기획 (+크림 10ml+패치 2매) (2608),22700,50.0,0.0,67.0,0.0,17.0,83.0,107,실측
A000000254644,에센스_세럼_엠플,닥터지,[NEW/흔적토닝] 닥터지 비타 클리어 글루타샷 10+ 흔적 세럼 30ml,22610,41.35,10.26,72.46,28.98,32.4,37.2,15,예측
A000000227093,에센스_세럼_엠플,VT,[광채픽싱] VT 피디알엔 글로우 앰플 미스트 100ml,22400,60.0,6.0,89.0,11.0,83.0,6.0,899,실측
A000000261437,에센스_세럼_엠플,주미소,주미소 나이아신아마이드 10% 세럼 40ml,22400,0.0,100.0,100.0,0.0,0.0,100.0,61,실측
A000000261440,에센스_세럼_엠플,주미소,주미소 나이아신아마이드 20% 세럼 40ml,22400,0.0,100.0,100.0,50.0,0.0,50.0,150,실측
A000000259981,에센스_세럼_엠플,샤이샤이샤이,[NEW/색소침착] 샤이샤이샤이 카페인 샷 비타 씨 버블 세럼 110ml,22330,35.15,11.93,72.79,25.88,48.64,21.28,4,예측
A000000216511,에센스_세럼_엠플,넘버즈인,[대용량+크림증정] 넘버즈인 1번 판토텐산 수딩세럼 80ml 기획 (+크림 15ml),22000,22.0,28.0,75.0,57.0,42.0,1.0,19329,실측
A000000218948,에센스_세럼_엠플,셀리맥스,[TXA] 셀리맥스 트라넥삼산 브라이트닝 잡티 세럼 30ml 기획 (+10ml),22000,42.0,9.0,87.0,13.0,46.0,41.0,3643,실측
A000000254337,에센스_세럼_엠플,메이크프렘,[박지훈PICK/쫀광탄력] 메이크프렘 NMN 퍼밍 엑스퍼트 앰플 50ml 기획 (+20ml),21900,48.0,4.0,79.0,15.0,53.0,32.0,3266,실측
A000000153893,에센스_세럼_엠플,아이소이,[속보습/100시간] 아이소이 모이스춰닥터 장수진 수분앰플 40ml,21600,31.0,13.0,80.0,48.0,51.0,1.0,760,실측
A000000256153,에센스_세럼_엠플,오어스,"[부루부루도그 콜라보] 오어스 히알루론시카 7초 세럼 인 앰플 105ml 기획 (+애착베개키링,치크팩2p)",21600,45.0,8.0,88.0,19.0,80.0,0.0,6137,실측
A000000208708,에센스_세럼_엠플,아누아,아누아 TXA 나이아신 흔적 세럼 30ml,21500,31.0,20.0,64.0,27.0,27.0,46.0,1407,실측
A000000231832,에센스_세럼_엠플,한율,[우즈PICK][유분잡는수분] 한율 쑥히알 세럼 40ml 기획(+7ml),21500,18.0,37.0,76.0,32.0,67.0,1.0,2727,실측
A000000197985,에센스_세럼_엠플,썸바이미,썸바이미 레티놀 인텐스 리엑티베이팅 세럼 30ml,21400,38.02,10.05,72.49,27.79,40.86,27.45,6,예측
A000000224093,에센스_세럼_엠플,아이오페,아이오페 바이오 컨디셔닝 에센스 84ml 기획 (+48ml),21000,27.0,14.0,60.0,44.0,44.0,12.0,121,실측
A000000248243,에센스_세럼_엠플,피캄,[피부볼륨 플럼핑효과/피부수분 20겹개선] 피캄 PDRN 카페인 블루캡슐 11 세럼 30ml,20930,41.12,8.54,72.73,38.26,46.18,14.79,5,예측
A000000154263,에센스_세럼_엠플,앰플엔,[민감피부진정] 앰플엔 센텔카밍샷 시카진정앰플 100ml,19900,34.0,11.0,79.0,71.0,28.0,1.0,797,실측
A000000218601,에센스_세럼_엠플,구달,[올영단독] 구달 피그애씨드 펩타이드 스킨부스터샷 에센스 120ml 기획(+31ml+화장솜),19800,32.0,16.0,64.0,26.0,57.0,17.0,521,실측
A000000180892,에센스_세럼_엠플,코스알엑스,코스알엑스 더 히알루론산 3 세럼 20ml,19550,51.0,0.0,53.0,39.0,61.0,0.0,98,실측
A000000257830,에센스_세럼_엠플,아비브,아비브 히알루로닉 붐 세럼 워터드롭 50ml,19200,39.0,14.0,95.0,21.0,79.0,0.0,214,실측
A000000119141,에센스_세럼_엠플,썸바이미,썸바이미 아하 바하 파하 30데이즈 미라클 세럼 50ml,18900,17.0,32.0,54.0,69.0,27.0,4.0,184,실측
A000000181125,에센스_세럼_엠플,스킨푸드,[도토리앰플] 스킨푸드 도토리 모공 탄력 앰플 55ml,18900,24.0,16.0,78.0,28.0,51.0,21.0,225,실측
A000000190370,에센스_세럼_엠플,어퓨,어퓨 마데카소사이드 테트라좀시카 앰플 50ml,18620,29.0,15.0,91.0,66.0,33.0,1.0,143,실측
A000000220039,에센스_세럼_엠플,디오디너리,[수분컨디셔닝] 디오디너리 멀티-액티브 딜리버리 에센스 100ml,18300,16.0,8.0,47.0,41.0,49.0,10.0,49,실측
A000000208678,에센스_세럼_엠플,메디힐,메디힐 마데카소사이드 모공 리페어 스피큘 세럼 40ml,17500,29.0,15.0,53.0,28.0,48.0,24.0,443,실측
A000000227405,에센스_세럼_엠플,디오디너리,[브라이트닝] 디오디너리 알파 알부틴 2% + HA 30ml,17500,29.0,10.0,54.0,24.0,22.0,54.0,41,실측
A000000232734,에센스_세럼_엠플,퓨어그램,퓨어그램 속건조필수템 저분자 하이드라 히알루론산 세럼 30ml,7900,52.0,10.0,92.0,18.0,81.0,2.0,898,실측
A000000261745,에센스_세럼_엠플,메디힐,[업그레이드 모공탄력세럼] 메디힐 PDRN 더마 세럼 50mL,16900,39.02,10.18,71.18,34.46,51.27,23.82,6,예측
A000000213547,에센스_세럼_엠플,프라나롬,[트러블 집중케어] 프라나롬 SOS 스팟 세럼 5ml,16200,16.0,28.0,35.0,86.0,12.0,1.0,273,실측
A000000156042,에센스_세럼_엠플,스킨푸드,[트러블케어] 스킨푸드 미나리 스매싱 파우더 15ml,16000,14.0,26.0,44.0,92.0,7.0,1.0,556,실측
A000000246890,에센스_세럼_엠플,네오젠,[고함량/잡티케어] 네오젠 리얼 나이아신아마이드 15% 세럼 30ml,15900,33.0,12.0,76.0,24.0,41.0,35.0,51,실측
A000000149953,에센스_세럼_엠플,디오디너리,[항산화] 디오디너리 레스베라트롤 3% + 페룰릭 애시드 3% 30ml,15800,51.0,7.0,48.0,10.0,37.0,53.0,181,실측
A000000219677,에센스_세럼_엠플,메디큐브 에이지알,[고순도PDRN/디바이스 시너지템][NEW]메디큐브 에이지알 PDRN 부스터젤 300ml,15500,45.0,5.0,61.0,34.0,55.0,11.0,380,실측
A000000244813,에센스_세럼_엠플,디마프,[원조버블세럼] 디마프 히어로 마이 퍼스트 세럼 50ml,14900,55.0,7.0,90.0,16.0,82.0,1.0,97,실측
A000000192699,에센스_세럼_엠플,메디힐,메디힐 비타민씨 브라이트닝 세럼 40ml,14600,29.0,9.0,66.0,19.0,25.0,56.0,1311,실측
A000000170312,에센스_세럼_엠플,에스네이처,[역대급증정/1등 화잘먹 물먹세럼] 에스네이처 아쿠아 스쿠알란 세럼 50ml,14160,35.0,12.0,77.0,29.0,70.0,1.0,3696,실측
A000000221815,에센스_세럼_엠플,LBB,[기미잡티] LBB 골드렐라 펩타이드 28 안티 멜라닌 에센스 50ml,13800,50.0,5.0,69.0,21.0,43.0,36.0,387,실측
A000000188711,에센스_세럼_엠플,조선미녀,[광채보습] 조선미녀 광채프로폴리스세럼 30ml,13600,53.0,2.0,77.0,23.0,65.0,11.0,162,실측
A000000188878,에센스_세럼_엠플,조선미녀,조선미녀 인삼스네일세럼 30ml,13600,60.0,4.0,66.0,29.0,57.0,14.0,99,실측
A000000150818,에센스_세럼_엠플,아크네스,[수부지산뜻진정] 아크네스 모이스처 크림 60ml,11400,15.0,25.0,82.0,64.0,35.0,1.0,661,실측
A000000229312,에센스_세럼_엠플,잇츠스킨,[극효율스킨케어] 잇츠스킨 닥터세이버스 세럼 30ml 5종 택1,8900,40.0,11.0,82.0,24.0,58.0,18.0,2527,실측
A000000137537,에센스_세럼_엠플,웰라쥬,[중요한날하루전] 웰라쥬 원데이키트 캡슐 앰플 1개입 4종 택1 (PDRN/히알/시카/토닝),2950,55.0,7.0,78.0,21.0,78.0,1.0,16687,실측
A000000011100,에센스_세럼_엠플,엠도씨,엠도씨 워터드롭 스킨 에센스 100ml,20000,40.59,9.48,72.5,32.93,53.86,11.49,26,예측
A000000104151,에센스_세럼_엠플,크리니크,크리니크 안티-블레미쉬 솔루션 크리니컬 클리어링 젤 15ml,30600,13.0,50.0,20.0,83.0,17.0,0.0,38,실측
A000000105588,에센스_세럼_엠플,크리니크,크리니크 포 맨 맥시멈 하이드레이터 액티베이티드 워터-젤 컨센트레이트 48ml,59500,32.63,12.55,77.02,46.11,40.33,0.5,19,예측
A000000136976,에센스_세럼_엠플,크리니크,[김고은PICK] 크리니크 싱싱비타민 앰플 8.5ml 1입 기획,24650,25.0,10.0,38.0,14.0,17.0,68.0,1053,실측
A000000141301,에센스_세럼_엠플,디오디너리,[수분보습] 디오디너리 아미노 애씨즈 + B5 30ml,14000,35.0,23.0,38.0,23.0,56.0,21.0,123,실측
A000000141307,에센스_세럼_엠플,디오디너리,[수분보습] 디오디너리 마린 히알루로닉스 30ml,14000,28.0,27.0,66.0,27.0,63.0,10.0,219,실측
A000000141711,에센스_세럼_엠플,다룸,DR다룸 아크10 스팟 젤 10ml,8400,14.0,25.0,63.0,92.0,8.0,0.0,322,실측
A000000144034,에센스_세럼_엠플,폴라초이스,[유리숍PICK/모공탄력]폴라초이스 클리니컬 나이아신아마이드 20% 트리트먼트 20ml,68000,33.0,12.0,48.0,20.0,30.0,50.0,281,실측
A000000144035,에센스_세럼_엠플,폴라초이스,[모공컨트롤샷]폴라초이스 10% 나이아신아마이드 부스터 앰플 20ml,77000,24.0,17.0,46.0,33.0,19.0,48.0,242,실측
A000000144051,에센스_세럼_엠플,폴라초이스,폴라초이스 스킨 퍼펙팅 8% 아하 젤 각질제거제 100ml,47200,27.0,25.0,20.0,43.0,26.0,30.0,102,실측
A000000144119,에센스_세럼_엠플,애즈이즈투비,[수분광] 애즈이즈투비 마린 콜라겐 81 세럼 50ml,18000,37.0,8.0,81.0,23.0,44.0,33.0,53,실측
A000000145499,에센스_세럼_엠플,엠도씨,엠도씨 화이트닝 톤업 크림 (본품50ml+20ml 추가 증정),25000,17.0,9.0,47.0,34.0,17.0,48.0,272,실측
A000000146938,에센스_세럼_엠플,얼트루,얼트루 아임쏘리포마이스킨 릴렉싱 앰플 30ml,16900,38.0,14.0,87.0,43.0,56.0,1.0,233,실측
A000000147077,에센스_세럼_엠플,린제이,린제이 엄청 큰 보습 멀티 앰플 (500ml),8900,42.0,8.0,72.0,31.0,68.0,1.0,757,실측
A000000147121,에센스_세럼_엠플,린제이,린제이 엄청 큰 영양 멀티 앰플 (500ml),9900,32.0,6.0,65.0,36.0,52.0,12.0,393,실측
A000000147122,에센스_세럼_엠플,린제이,린제이 엄청 큰 AC컨트롤 멀티 앰플 (500ml),9900,20.0,22.0,68.0,66.0,33.0,1.0,842,실측
A000000150519,에센스_세럼_엠플,썸바이미,썸바이미 아하.바하.파하 30데이즈 미라클 크림 60g,18200,36.06,14.45,68.72,37.55,44.8,9.89,11,예측
A000000150817,에센스_세럼_엠플,아크네스,[긴급스팟진정] 아크네스 스팟 클리어 크림 패치 18g,7500,8.0,33.0,58.0,95.0,5.0,0.0,391,실측
A000000152102,에센스_세럼_엠플,아이소이,[코어탄력세럼] 아이소이 인텐시브 리프팅 세럼 20ml 기획 (20ml+탄력스팟 3ml),24000,51.0,3.0,68.0,18.0,50.0,32.0,1133,실측
A000000152786,에센스_세럼_엠플,엠브리올리스,엠브리올리스 하이드라 세럼 30ml,47000,28.0,15.0,85.0,24.0,76.0,0.0,45,실측
A000000153412,에센스_세럼_엠플,닥터자르트,닥터자르트 포어레미디 파하 익스폴리에이팅 세럼 30ml,17900,21.0,19.0,58.0,56.0,27.0,18.0,116,실측
A000000153913,에센스_세럼_엠플,싸이닉,싸이닉 더 심플 릴리프 수분크림 더블 기획 (80ml+80ml),13800,24.0,19.0,80.0,38.0,61.0,1.0,815,실측
A000000154625,에센스_세럼_엠플,아이소이,[코어탄력크림] 아이소이 인텐시브 에너자이징 크림EX 30ml,45000,62.0,2.0,66.0,14.0,59.0,27.0,1689,실측
A000000155193,에센스_세럼_엠플,닥터자르트,닥터자르트 포어레미디 파하 익스폴리에이팅 세럼 (본품30ml+15ml 추가 증정),47000,16.0,25.0,53.0,61.0,23.0,16.0,718,실측
A000000158299,에센스_세럼_엠플,잇츠스킨,잇츠스킨 파워 10 포뮬라 엘아이 이펙터 감초줄렌 30ml(AD),10780,24.0,13.0,76.0,69.0,30.0,1.0,1348,실측
A000000158305,에센스_세럼_엠플,잇츠스킨,잇츠스킨 파워 10 포뮬라 브이씨 이펙터 잡티케어 30ml *,15400,21.0,14.0,59.0,20.0,26.0,54.0,69,실측
A000000158311,에센스_세럼_엠플,믹순,믹순 갈락토미세스 발효 에센스 100ml,27200,37.0,5.0,79.0,22.0,47.0,31.0,160,실측
A000000158929,에센스_세럼_엠플,빌리프,[수분잠금/워터젤에센스] 빌리프 뉴메로 10 에센스 75ml,30030,49.0,8.0,82.0,21.0,79.0,1.0,1243,실측
A000000159225,에센스_세럼_엠플,달바,[민낯광채/겉광속쫀] 달바 더블 레이어 리바이탈라이징 세럼 30ml,32900,63.0,3.0,74.0,13.0,78.0,9.0,807,실측
A000000159467,에센스_세럼_엠플,닥터디퍼런트,[잡티톤업/비타민C세럼] 닥터디퍼런트 씨이큐 안티옥시던트 세럼 15ml 2개입,72000,28.0,13.0,38.0,13.0,20.0,67.0,2629,실측
A000000160531,에센스_세럼_엠플,나인위시스,[화잘먹매끈결앰플] 나인위시스 하이드라 크림 앰플 더블 기획 (30ml+30ml),19500,57.0,4.0,83.0,13.0,86.0,2.0,2162,실측
A000000162387,에센스_세럼_엠플,미구하라,미구하라 울트라 화이트닝 퍼펙트 앰플 50ml,65000,30.0,8.0,72.0,16.0,32.0,52.0,539,실측
A000000162635,에센스_세럼_엠플,가히,[촉촉광채/톤리셋] 가히 블레미쉬 앰플 30ml,25200,50.0,2.0,67.0,27.0,47.0,26.0,224,실측
A000000163735,에센스_세럼_엠플,더마펌,[나띠PICK][보습장벽] 더마펌 바이오 코렉션 앰플 세라-드롭 M4 50ml,23100,35.0,7.0,87.0,22.0,76.0,2.0,557,실측
A000000163763,에센스_세럼_엠플,더파이에센셜,[디렉터파이 MADE] 더파이 시카알란 퍼스트 에센스 150ml,27200,36.0,11.0,79.0,50.0,50.0,0.0,391,실측
A000000164310,에센스_세럼_엠플,달팡,달팡 인트랄 이너유쓰 레스큐 세럼 30ml,53770,25.48,17.97,57.6,56.27,48.05,10.6,13,예측
A000000165622,에센스_세럼_엠플,CKD,CKD 레티노콜라겐 저분자 300 콜라겐 펌핑 앰플 30ml,34000,61.0,1.0,73.0,11.0,57.0,32.0,281,실측
A000000166599,에센스_세럼_엠플,마녀공장,[장벽부스터/더블기획] 마녀공장 비피다 바이옴 콤플렉스 앰플 30ml 2입 기획,43000,37.0,7.0,76.0,29.0,55.0,16.0,8545,실측
A000000168272,에센스_세럼_엠플,미구하라,미구하라 울트라 화이트닝 퍼스트 에센스 오리진 120ml,39000,30.38,14.52,76.84,40.79,36.96,25.88,10,예측
A000000169203,에센스_세럼_엠플,랩시리즈,랩시리즈 데일리 레스큐 리페어 세럼 50ml,129000,31.08,19.15,69.86,50.53,38.83,13.52,17,예측
A000000170016,에센스_세럼_엠플,피캄,"[4중 모공 개선/병풀추출물 7,793ppm] 피캄 포시카 앰플 30ml",22050,42.0,13.0,81.0,45.0,48.0,6.0,31,실측
A000000171416,에센스_세럼_엠플,스킨앤랩,[장벽강화] 스킨앤랩 베리어덤 밀키 세럼 50ml,27000,51.0,5.0,84.0,23.0,76.0,1.0,148,실측
A000000172156,에센스_세럼_엠플,루트리,루트리 오디베리 5중 모공 리파이닝 앰플 50ml,28900,21.0,17.0,83.0,31.0,46.0,23.0,1201,실측
A000000172208,에센스_세럼_엠플,수페,수페 버치 리치 오리진 앰플 100ml,23800,37.0,9.0,93.0,37.0,61.0,2.0,621,실측
A000000172209,에센스_세럼_엠플,수페,수페 버치 리치 오리진 에센스 150ml,24000,39.0,9.0,95.0,33.0,66.0,2.0,204,실측
A000000172912,에센스_세럼_엠플,스킨푸드,[비건/잡티케어] 스킨푸드 유자씨 잡티 맑음 세럼 50ml,18900,19.0,16.0,63.0,20.0,19.0,60.0,171,실측
A000000172993,에센스_세럼_엠플,오브제,[덱스 PICK]오브제 올인원 더블 에센스 100ml,28900,36.0,13.0,74.0,31.0,64.0,5.0,41,실측
A000000174304,에센스_세럼_엠플,유리아쥬,[수분탄력에센스] 유리아쥬 글로우업 오 에센스 100ml,28800,53.0,7.0,72.0,21.0,76.0,2.0,946,실측
A000000174719,에센스_세럼_엠플,로벡틴,[응급진정/흔적케어]로벡틴 시카케어 클리어링 앰플 30ml,17400,22.0,16.0,78.0,77.0,20.0,2.0,322,실측
A000000174751,에센스_세럼_엠플,토리든,토리든 솔리드인 세라마이드 올데이 에센스 100ml,26000,48.0,5.0,79.0,26.0,74.0,0.0,509,실측
A000000176351,에센스_세럼_엠플,클라뷰,클라뷰 리얼 비건 저분자 콜라겐 탄력 앰플 30ml,17400,41.0,7.0,95.0,12.0,70.0,18.0,6187,실측
A000000180476,에센스_세럼_엠플,라운드랩,[집중진정/더블기획] 라운드랩 소나무 진정 시카 앰플 30ml+30ml,28000,24.0,19.0,78.0,81.0,19.0,0.0,15698,실측
A000000180919,에센스_세럼_엠플,숨37,숨37 마이크로 액티브 리페어 세럼 50ml,68000,35.0,9.0,70.0,20.0,58.0,22.0,205,실측
A000000181633,에센스_세럼_엠플,눅스,[광채잡티세럼]눅스 슈퍼 세럼 10 30ml,129000,77.0,0.0,80.0,3.0,70.0,27.0,32,실측
A000000182300,에센스_세럼_엠플,에필로우,에필로우 차가버섯 비피다 바이옴 매끈결 모공 앰플 50ml,17900,33.0,14.0,84.0,29.0,61.0,10.0,333,실측
A000000182387,에센스_세럼_엠플,디오디너리,[진정] 디오디너리 알로에 2% + NAG 2% 솔루션 30ml,22000,28.0,16.0,77.0,66.0,28.0,5.0,95,실측
A000000182613,에센스_세럼_엠플,빌리프,[수분잠금/워터젤에센스] 빌리프 뉴메로 10 에센스 50ml,22330,38.0,9.0,71.0,29.0,70.0,1.0,1400,실측
A000000182815,에센스_세럼_엠플,셀퓨전씨,[토닝빛세럼/슬로우에이징] 셀퓨전씨 토닝 C 잡티세럼 30ml,28000,38.0,6.0,69.0,18.0,27.0,56.0,279,실측
A000000184662,에센스_세럼_엠플,아이오페,아이오페 맨 바이오 컨디셔닝 에센스 145ml,29400,31.0,8.0,52.0,38.0,51.0,11.0,251,실측
A000000184963,에센스_세럼_엠플,몰바니,[김재원 PICK] 몰바니 율피 포어 타이트닝 세럼 50ml,19900,24.0,14.0,77.0,32.0,48.0,21.0,1790,실측
A000000186997,에센스_세럼_엠플,닥터오라클,[화해어워드 1위/모공앰플] 닥터오라클 레티노타이트닝 비타민A 레티놀 앰플 50ml,27200,33.0,10.0,70.0,15.0,31.0,54.0,2102,실측
A000000187240,에센스_세럼_엠플,빌리프,빌리프 프라블럼 솔루션 비건 스팟 젤 15ml,22330,23.0,24.0,67.0,80.0,18.0,2.0,93,실측
A000000188002,에센스_세럼_엠플,셀퓨전씨,[토닝빛세럼/슬로우에이징] 셀퓨전씨 토닝 C 잡티세럼 30ml+20ml 기획,18600,28.0,10.0,63.0,18.0,22.0,60.0,2025,실측
A000000188005,에센스_세럼_엠플,일소,[모공탄력] 일소 모링가 타이트닝 포어 세럼 30ml,18200,23.0,20.0,67.0,42.0,39.0,20.0,231,실측
A000000188120,에센스_세럼_엠플,라운드랩,[보습장벽] 라운드랩 약콩 판테놀 앰플 50ml 기획 (+약콩 크림 20ml),22500,44.0,5.0,77.0,27.0,71.0,2.0,796,실측
A000000188206,에센스_세럼_엠플,디오디너리,[노화케어] 디오디너리 멀티-펩타이드 + 카퍼 펩타이즈 1% 세럼 30ml,48600,37.0,4.0,31.0,33.0,24.0,43.0,125,실측
A000000188233,에센스_세럼_엠플,빌리프,[수분잠금/워터젤에센스] 빌리프 뉴메로 10 에센스 125ml 단품/기획(+35ml 추가 증정),46970,29.0,7.0,81.0,36.0,64.0,0.0,1469,실측
A000000188493,에센스_세럼_엠플,이지듀,이지듀 기미잡티앰플 12ml+1ml 기획,49000,31.0,4.0,73.0,15.0,45.0,41.0,2616,실측
A000000188560,에센스_세럼_엠플,조선미녀,[피부톤업] 조선미녀 쌀겨수맑은세럼 30ml,17000,49.0,10.0,69.0,31.0,49.0,20.0,168,실측
A000000188934,에센스_세럼_엠플,바이오더마,[정품증정]바이오더마 센시비오 디펜시브 세럼 30ml 기획(+센시비오 디펜시브 40ml 증정),50000,40.0,4.0,74.0,48.0,49.0,4.0,1085,실측
A000000188968,에센스_세럼_엠플,디마르3,[1등 모공앰플] 디마르3 시그니처 에스투드 프로텍터 대용량 모공 앰플 170ml,58100,33.0,8.0,72.0,25.0,57.0,18.0,2312,실측
A000000189328,에센스_세럼_엠플,파티온,파티온 노스카나인 트러블 흔적앰플 15ml,16000,19.0,21.0,73.0,74.0,15.0,11.0,2046,실측
A000000189768,에센스_세럼_엠플,메디필,[한정특가/모공플럼핑] 메디필 히알루론산 레이어 물톡스 앰플 30ml,15900,45.0,8.0,91.0,17.0,77.0,6.0,3392,실측
A000000189953,에센스_세럼_엠플,피지오겔,피지오겔 사이언수티컬즈 데일리뮨 글로우 에센스 100ML,54000,48.0,2.0,70.0,23.0,63.0,14.0,138,실측
A000000189956,에센스_세럼_엠플,피캄,[7일 모공개선] 피캄 레티놀라겐 앰플 30ml,20300,31.0,7.0,73.0,17.0,34.0,49.0,173,실측
A000000190939,에센스_세럼_엠플,비오템,비오템옴므 포스 수프림 필 에센스 150ml,107950,31.11,25.15,66.08,48.75,37.13,13.53,29,예측
A000000190948,에센스_세럼_엠플,어바웃미,어바웃미 숲 진정 수분 세럼 50ml,14560,18.0,26.0,65.0,72.0,27.0,1.0,322,실측
A000000191798,에센스_세럼_엠플,센텔리안24,[기미잡티앰플] 센텔리안24 마데카 멜라 캡처 앰플 맥스 15ml 2입 기획,48000,43.0,4.0,66.0,20.0,39.0,42.0,3399,실측
A000000191821,에센스_세럼_엠플,디마르3,[잡티케어] 디마르3 에트셀 멜라토닉 앰플 70ml,55000,57.0,5.0,93.0,7.0,45.0,48.0,119,실측
A000000192059,에센스_세럼_엠플,맥,MAC 하이퍼 리얼 세러마이저,95000,34.7,10.76,70.44,32.28,55.14,16.95,7,예측
A000000192218,에센스_세럼_엠플,SNP,SNP 골드 콜라겐 엑스퍼트 앰플 50ml,16000,38.0,5.0,87.0,12.0,44.0,44.0,189,실측
A000000192301,에센스_세럼_엠플,VT,[모공케어] VT 리들샷 700 에센스 30ml,58000,22.0,17.0,18.0,30.0,25.0,45.0,800,실측
A000000197640,에센스_세럼_엠플,닥터멜락신,닥터멜락신 아쿠아 이온 플라즈마 수분 앰플 50ml,19800,59.0,6.0,92.0,15.0,81.0,4.0,267,실측
A000000198230,에센스_세럼_엠플,아비브,[채서안PICK/화잘먹세럼] 아비브 부활초 비피다 세럼 퍼밍 드롭 50ml 기획 (+30ml 추가 증정),22400,47.0,6.0,77.0,23.0,69.0,8.0,5246,실측
A000000198624,에센스_세럼_엠플,비레디,[트러블 진정+모공 축소] 비레디 시카페인 트러블 리셋 세럼,31200,21.0,16.0,65.0,72.0,22.0,6.0,1712,실측
A000000198924,에센스_세럼_엠플,원진이펙트,[기미잡티개선/미백성분함유] 원진이펙트 멜라리스 앰플 50g,19900,34.0,5.0,87.0,13.0,30.0,58.0,393,실측
A000000199206,에센스_세럼_엠플,바이오더마,바이오더마 하이드라비오 히알루+ 세럼 30ml,52000,60.0,1.0,79.0,21.0,78.0,1.0,1290,실측
A000000199261,에센스_세럼_엠플,메이크프렘,[2주모공세럼/단독기획] 메이크프렘 엔드포어 베지티놀 모공세럼 50ml 기획(+인테카크림 31ml),18900,29.0,15.0,72.0,44.0,40.0,16.0,3586,실측
A000000199981,에센스_세럼_엠플,VT,[모공스팟케어] VT 리들샷 1000 에센스 15ml,63000,24.0,17.0,19.0,33.0,27.0,41.0,181,실측
A000000199982,에센스_세럼_엠플,웰라쥬,[화해1위/트러블] 웰라쥬 리얼 시카 카밍 95 트러블 앰플 50ml,18930,25.0,23.0,74.0,77.0,22.0,1.0,1000,실측
A000000200182,에센스_세럼_엠플,닥터하우쉬카,닥터하우쉬카 모공 탄력 세럼 50ml,52000,49.0,4.0,69.0,19.0,64.0,17.0,78,실측
A000000200663,에센스_세럼_엠플,퍼셀,[장벽강화세럼] 퍼셀 20억/mL 픽셀바이옴 유산균 원액 20ml,27000,26.0,13.0,73.0,63.0,28.0,9.0,2273,실측
A000000200669,에센스_세럼_엠플,아떼,[미백&리페어] 아떼 비타 EGF 흔적엔딩 세럼,28000,30.0,11.0,79.0,14.0,28.0,58.0,247,실측
A000000201153,에센스_세럼_엠플,차앤박,차앤박(CNP) 더마앤서 안티포어 액티브 필 AHA앰플 50ml,19900,29.0,13.0,56.0,35.0,42.0,23.0,80,실측
A000000201338,에센스_세럼_엠플,한율,한율 달빛유자C 세럼 30ml 기획 (+20ml),33300,31.0,6.0,59.0,35.0,32.0,33.0,227,실측
A000000201642,에센스_세럼_엠플,로우퀘스트,로우퀘스트 에키네시아 카밍 모이스처 앰플 50ml,24000,47.27,10.39,79.47,18.81,68.05,12.61,8,예측
A000000202299,에센스_세럼_엠플,포레스트 서울,[청담샵 화잘먹/속수분]  포레스트 서울 히알 피톤시카 세럼 50ml,17820,46.0,9.0,91.0,29.0,66.0,5.0,5729,실측
A000000202461,에센스_세럼_엠플,빌리프,[모공X탄력X장벽] 빌리프 슈퍼드랍스 펩타이드 퍼밍 세럼 30ml,29260,43.0,5.0,78.0,14.0,57.0,28.0,767,실측
A000000202463,에센스_세럼_엠플,빌리프,빌리프 슈퍼드랍스 글로우 세럼 50ml,35420,49.0,7.0,69.0,8.0,53.0,39.0,231,실측
A000000202708,에센스_세럼_엠플,메디앤서,메디앤서 비타 콜라겐 로직 앰플 30ml,18890,42.0,4.0,84.0,10.0,47.0,43.0,206,실측
A000000202905,에센스_세럼_엠플,주미소,[항산화/광채케어]주미소 안티옥시던트 글로우 수분광채 에센스 40ml,19200,38.0,8.0,79.0,18.0,52.0,31.0,880,실측
A000000202920,에센스_세럼_엠플,VT,[미백집중] VT 비타-라이트 리들샷 100 에센스 50ml,48000,24.0,7.0,20.0,16.0,19.0,65.0,304,실측
A000000203039,에센스_세럼_엠플,달팡,달팡 인트랄 수딩 앤 포티파잉 인텐시브 세럼 30ml,63100,34.78,11.29,75.89,41.22,51.74,10.48,2,예측
A000000203639,에센스_세럼_엠플,앰플엔,[7일잡티개선] 앰플엔 블레미샷 잡티앰플 50ml 1+1 단독기획,36000,35.0,7.0,74.0,23.0,36.0,42.0,4762,실측
A000000203789,에센스_세럼_엠플,도미나스,[목주름 개선] 도미나스 앳클리닉 레티놀 1600 넥 샷 목주름 세럼 30ml,31920,45.0,3.0,74.0,11.0,37.0,52.0,799,실측
A000000203805,에센스_세럼_엠플,리쥬란,리쥬란 바이옴 힐러 유스포뮬러 앰플 30ml기획 (+더마힐러 앰플1ml*7+더마힐러 크림10g+더마힐러 마스크23ml),49900,50.0,2.0,65.0,21.0,53.0,26.0,510,실측
A000000204594,에센스_세럼_엠플,AHC,[단독기획/리프팅]AHC 프로 샷 콜라 쥬비네이션 리프팅 세럼 40ml 기획 (+아이크림 10ml),28900,43.0,5.0,79.0,13.0,40.0,48.0,1578,실측
A000000204633,에센스_세럼_엠플,설화수,설화수 윤조에센스 단품/기획,126000,45.0,4.0,63.0,29.0,52.0,19.0,586,실측
A000000204646,에센스_세럼_엠플,더후,[김지원 PICK] 더후 비첩 자생 에센스 50ml,143000,45.0,2.0,76.0,16.0,42.0,42.0,218,실측
A000000204745,에센스_세럼_엠플,AHC,[미백/단독기획]AHC 프로샷 글루타 브라이트 인트라 세럼 40ml 기획 (+아이크림10ml),27200,34.0,5.0,80.0,15.0,34.0,51.0,782,실측
A000000204751,에센스_세럼_엠플,브이앤에이뷰티,[뿌리는 광채 앰플] 브이앤에이뷰티 안티옥시던트 래디언스 미스트 100mL,31000,38.0,0.0,43.0,33.0,62.0,5.0,65,실측
A000000204753,에센스_세럼_엠플,브이앤에이뷰티,[더블기획] 브이앤에이뷰티 안티옥시던트 래디언스 미스트100mL 더블기획,34900,52.0,6.0,75.0,22.0,71.0,7.0,1339,실측
A000000204811,에센스_세럼_엠플,숨37,숨37 시크릿 에센스 80ml 기획 (+세럼10ml+크림10ml+아이크림10ml+폼40ml),67200,60.0,10.0,80.0,23.0,77.0,0.0,30,실측
A000000204880,에센스_세럼_엠플,AHC,AHC 콜라 쥬비네이션 리프트4 트리트먼트 에센스 130ml,32000,40.0,4.0,84.0,16.0,51.0,33.0,140,실측
A000000205224,에센스_세럼_엠플,리얼베리어,리얼베리어 익스트림 크림 앰플 50ml,21800,62.0,8.0,73.0,32.0,62.0,7.0,378,실측
A000000206077,에센스_세럼_엠플,스킨앤랩,[속보습케어] 스킨앤랩 베리어덤 링거 앰플70ml,18200,45.0,10.0,91.0,18.0,80.0,2.0,7066,실측
A000000206153,에센스_세럼_엠플,이니스프리,[수분/보습] 이니스프리 그린티 씨드 히알루론산 수분 세럼 80ml 기획 (+25ml),23250,36.0,9.0,72.0,39.0,59.0,1.0,1051,실측
A000000206313,에센스_세럼_엠플,비욘드,[2주잡티개선] 비욘드 엔젤아쿠아 비타 C 7% 잡티 앰플 30ml (비건),16800,43.0,7.0,71.0,23.0,42.0,35.0,203,실측
A000000206420,에센스_세럼_엠플,더바디샵,더바디샵 티트리 스킨 클리어링 데일리 솔루션 50ML,39900,24.85,19.21,68.63,59.3,39.38,12.63,10,예측
A000000206433,에센스_세럼_엠플,리쥬란,[색소노화안티에이징/c-PDRN 브라이트닝] 리쥬란 힐러 트리플 래디언스 앰플 30ml,49900,45.0,4.0,75.0,20.0,41.0,39.0,300,실측
A000000206698,에센스_세럼_엠플,빌리프,"[결광톤업][대용량] 빌리프X바나나킥 비타C토닝 세럼 50ml 기획 (+비타팩 25ml, 스트레스볼)",33880,34.0,9.0,72.0,14.0,32.0,54.0,3287,실측
A000000206874,에센스_세럼_엠플,앰플엔,[트러블/과잉피지완화]앰플엔 아크네샷 앰플 30ml,12900,17.0,34.0,69.0,80.0,17.0,3.0,384,실측
A000000206921,에센스_세럼_엠플,에스트라,에스트라 아토베리어365 하이드로 에센스 200ml (AD),23500,48.0,5.0,78.0,25.0,75.0,0.0,6989,실측
A000000206956,에센스_세럼_엠플,에스테덤,[4주미백]에스테덤 비타민C2 미백 앰플 10ml 2입 기획 (기미잡티),98000,35.0,10.0,55.0,8.0,21.0,70.0,235,실측
A000000207028,에센스_세럼_엠플,제나벨,제나벨 PDRN 비타 토닝 앰플 30ml,30000,39.0,10.0,61.0,35.0,35.0,29.0,79,실측
A000000207035,에센스_세럼_엠플,에르쯔틴,에르쯔틴 리제너레이티브 실트 앰플 50ml,43500,42.0,8.0,96.0,13.0,61.0,27.0,505,실측
A000000207081,에센스_세럼_엠플,듀이트리,[잡티앰플] 듀이트리 AC 딥 흔적 진정 앰플 60ml 기획 (+잡티패드 6매),17560,27.0,18.0,71.0,73.0,22.0,5.0,1151,실측
A000000207141,에센스_세럼_엠플,피지오겔,피지오겔 레드수딩 시카밸런스 포어컨트롤 세럼 50ml,29900,9.0,35.0,59.0,77.0,19.0,4.0,1084,실측
A000000208056,에센스_세럼_엠플,에딧비,[24시간광채/미백] 에딧비 톤결 피치 나이아신아마이드 글루타치온 겔 에센스 200ml,21000,37.0,9.0,79.0,21.0,47.0,32.0,1920,실측
A000000208057,에센스_세럼_엠플,에딧비,[48H수분지속/대용량] 에딧비 수분 장벽 팡 히알루론산 판테놀 앰플 100ml,15400,43.0,9.0,83.0,22.0,77.0,1.0,1771,실측
A000000208059,에센스_세럼_엠플,에딧비,[붉은피부진정/겉속보습] 에딧비 진정 톡 시카 어성초 겔 에센스 200ml,14700,34.0,15.0,81.0,56.0,43.0,1.0,1970,실측
A000000208985,에센스_세럼_엠플,우노,[산뜻로션] 우노 스킨 세럼 모이스처 180ml,12600,51.54,4.61,65.35,5.58,81.73,13.42,15,예측
A000000209113,에센스_세럼_엠플,바이오힐보,[나이트케어|결광부스터] 바이오힐보 프로바이오덤 콜라겐 리모델링 부스터샷 프로그램 35ml,42900,36.0,6.0,38.0,24.0,39.0,37.0,436,실측
A000000209515,에센스_세럼_엠플,메디큐브,[흔적미백] 메디큐브 연어 PDRN 핑크 앰플 30ml,19900,40.0,8.0,64.0,27.0,42.0,31.0,1086,실측
A000000209586,에센스_세럼_엠플,VT,[리들샷 꿀조합] VT 티엑스토닝 에센스 2000샷 30ml,28800,33.0,10.0,54.0,23.0,25.0,52.0,149,실측
A000000209634,에센스_세럼_엠플,조선미녀,[단독/광채보습] 조선미녀 광채프로폴리스세럼 30ml 기획 (+10ml 증정),17000,52.0,5.0,75.0,19.0,72.0,9.0,1932,실측
A000000209716,에센스_세럼_엠플,아렌시아,[잡티없는 투명 피부] 아렌시아 홀리 히솝 세럼 12 30ml,29000,42.0,5.0,75.0,20.0,51.0,29.0,185,실측
A000000209888,에센스_세럼_엠플,클리어디어,[올영1위] 클리어디어 미나리 진정 젤 세럼 30ml,20300,27.0,25.0,85.0,72.0,25.0,2.0,613,실측
A000000210012,에센스_세럼_엠플,퍼셀,[10개입/장벽영양] 퍼셀 픽셀바이옴 부스터샷 파우더 10개입 (0.2g*10ea),50500,40.0,13.0,71.0,58.0,38.0,4.0,183,실측
A000000210068,에센스_세럼_엠플,VT,[깐달걀/화잘먹] VT 리들샷 300 에센스 30ml 기획 (+리들샷 300 파우치 1ml*3ea),24900,28.0,15.0,22.0,34.0,29.0,36.0,12772,실측
A000000210180,에센스_세럼_엠플,피토메르,피토메르 올리고포스 세럼 이드라땅 어드밴스드 30ml,89040,45.0,0.0,58.0,37.0,63.0,0.0,38,실측
A000000210195,에센스_세럼_엠플,마일드랩,[색소침착/미백] 마일드랩 딥 멜라케어 앰플 30ml,26000,25.0,15.0,76.0,23.0,24.0,53.0,977,실측
A000000210343,에센스_세럼_엠플,로벡틴,[3일 잡티흔적케어 / 비타민C앰플] 로벡틴 비타 다크 스팟 세럼 30ml,22400,40.0,9.0,91.0,10.0,36.0,53.0,1949,실측
A000000210407,에센스_세럼_엠플,폴라초이스,[유리숍PICK/단독기획] 폴라초이스 클리니컬 나이아신아마이드 20% 트리트먼트 20ml (+바하리퀴드 30ml),85000,28.0,19.0,35.0,25.0,29.0,46.0,350,실측
A000000210482,에센스_세럼_엠플,아비브,[5초진정세럼] 아비브 어성초 테카 캡슐 세럼 카밍 드롭 50ml,22400,26.0,18.0,73.0,80.0,20.0,1.0,4504,실측
A000000210923,에센스_세럼_엠플,더페이스샵,[모공결세럼]더페이스샵 올티밋 나이아신아마이드 10% 세럼 30ml,12700,35.0,13.0,78.0,26.0,48.0,26.0,289,실측
A000000211059,에센스_세럼_엠플,아누아,[톤업세럼] 아누아 복숭아 나이아신아마이드 세럼 30mL,21500,40.0,11.0,75.0,18.0,47.0,34.0,1100,실측
A000000211403,에센스_세럼_엠플,닥터자르트,[슬로우에이징/탄력세럼] 닥터자르트 프리쥬비네이션 퍼밍 바쿠치올 세럼 50ml,74000,48.0,5.0,69.0,20.0,41.0,39.0,245,실측
A000000211495,에센스_세럼_엠플,설화수,설화수 맨 본윤에센스 140ml,65700,34.03,10.74,70.15,32.58,47.46,19.64,13,예측
A000000211547,에센스_세럼_엠플,NDP,NDP 엔디피 베베바이옴 생기탄력 세럼 20ml,27000,55.0,6.0,91.0,10.0,66.0,25.0,5946,실측
A000000211859,에센스_세럼_엠플,딕셔니스트,[쏙수분앰플] 딕셔니스트 아미노산 앰플 30ml *,38000,55.0,6.0,91.0,12.0,85.0,3.0,511,실측
A000000211888,에센스_세럼_엠플,LBB,[미스트 앰플]LBB 인텐시브 수딩 앰플 60ml,58400,54.0,2.0,92.0,33.0,59.0,8.0,66,실측
A000000212009,에센스_세럼_엠플,LBB,[기미잡티 에센스/대용량]LBB 골드렐라 펩타이드 28 안티 멜라닌 에센스 150ml,38400,51.0,6.0,87.0,8.0,51.0,41.0,345,실측
A000000212011,에센스_세럼_엠플,LBB,[끌어올리는 탄력세럼]LBB 인텐시브 케어 인 세럼 30ml,66400,35.0,4.0,96.0,31.0,40.0,29.0,52,실측
A000000212947,에센스_세럼_엠플,퍼셀,[잡티톤업/글루타치온] 퍼셀 880억/mL 글루타치온 플렉서블 리포좀 톤업앰플 20ml,22000,40.0,7.0,73.0,15.0,30.0,54.0,1124,실측
A000000212948,에센스_세럼_엠플,퍼셀,[주름리프팅] 퍼셀 82% 하이-도즈 펩타이드 콜라겐 앰플 20ml,26500,32.0,8.0,73.0,15.0,28.0,57.0,100,실측
A000000213226,에센스_세럼_엠플,스킨푸드,[쫀득물착앰플] 스킨푸드 블루 캐모마일 히알루로닉 앰플 50ml,25000,16.0,9.0,56.0,50.0,47.0,3.0,32,실측
A000000213238,에센스_세럼_엠플,에스네이처,[수분천재 모공결광세럼] 에스네이처 아쿠아 스쿠알란 세럼 50ml 리필팩,19000,32.0,9.0,74.0,38.0,62.0,0.0,3940,실측
A000000213267,에센스_세럼_엠플,스킨앤랩,[올영단독/속보습케어] 스킨앤랩 베리어덤 링거 앰플70ml(+70ml) 더블기획,40000,47.0,10.0,90.0,16.0,83.0,1.0,13084,실측
A000000213282,에센스_세럼_엠플,오드로이,[모공탄력 리프팅] 카르노신 콜라겐수 78만ppm 세럼,20820,38.61,10.93,70.14,26.91,45.08,18.31,27,예측
A000000213286,에센스_세럼_엠플,오드로이,오드로이 75퍼센트 시카 앰플 로프디 50ml,16070,27.0,21.0,76.0,84.0,12.0,3.0,121,실측
A000000213324,에센스_세럼_엠플,더마펌,[나띠PICK][진정세럼] 더마펌 수딩 리페어 세럼 R4 50ml 기획 (+크림 50ml),39000,27.0,6.0,73.0,42.0,52.0,6.0,33,실측
A000000213326,에센스_세럼_엠플,더마펌,[나띠PICK][잡티케어] 더마펌 수딩 리페어 토닝 세럼 R4 30ml 기획 (+리필 30ml),28700,47.0,6.0,85.0,18.0,63.0,18.0,2109,실측
A000000213457,에센스_세럼_엠플,센텔리안24,[1등 모공세럼] 센텔리안24 마데카 분말 티트리 에이씨 기획 (겔 세럼 15ml),30000,24.0,25.0,77.0,76.0,21.0,2.0,2245,실측
A000000213688,에센스_세럼_엠플,아렌시아,[모공순삭 탱글 젤리피부] 아렌시아 레드 스무디 세럼 8 30ml,23200,35.0,9.0,77.0,24.0,52.0,23.0,259,실측
A000000213693,에센스_세럼_엠플,아렌시아,[다이아 광채] 아렌시아 라이스 뮤신 글로우 세럼 30ml,23200,52.0,0.0,84.0,16.0,59.0,25.0,43,실측
A000000213915,에센스_세럼_엠플,성분에디터,[깊은모공케어] 성분에디터 그린토마토 포어 부스팅 딥샷 앰플 30ml,15900,26.0,13.0,38.0,31.0,28.0,41.0,108,실측
A000000213968,에센스_세럼_엠플,연작,연작 전초 컨센트레이트 40ml,68400,42.0,12.0,70.0,42.0,45.0,12.0,33,실측
A000000213990,에센스_세럼_엠플,헤브블루,헤브블루 살몬 PDRN 케어링 센텔라 앰플 30ml,28600,24.0,8.0,62.0,64.0,33.0,3.0,157,실측
A000000214031,에센스_세럼_엠플,바이오던스,바이오던스 스킨 글로우 바이탈 앰플 30ml,34000,54.0,3.0,77.0,14.0,77.0,9.0,36,실측
A000000214195,에센스_세럼_엠플,아렌시아,[잡티토닝/광채] 아렌시아 홀리 히솝 세럼 30 50g 기획 (+스파츌라 팩브러쉬),28600,53.0,6.0,78.0,25.0,59.0,16.0,2864,실측
A000000214200,에센스_세럼_엠플,케어놀로지,케어놀로지 리블루 리제너레이팅 세럼 50ml,53600,30.5,14.48,69.54,33.61,58.6,4.0,26,예측
A000000214260,에센스_세럼_엠플,키엘,[저자극 결케어] 키엘 클리어리 코렉티브 리-텍스처라이징 트리플 애씨드 필 30ml,64600,25.08,32.16,70.53,66.81,34.96,2.91,20,예측
A000000214266,에센스_세럼_엠플,키엘,키엘 울트라 퓨어 세럼 히알루로닉애씨드 30ml 기획/단품,49000,42.0,8.0,65.0,30.0,67.0,3.0,81,실측
A000000214270,에센스_세럼_엠플,키엘,키엘 울트라 퓨어 세럼 나이아신아마이드 30ml 기획/단품,49000,30.0,14.0,59.0,45.0,45.0,9.0,64,실측
A000000214287,에센스_세럼_엠플,라운드랩,[볼륨탄력] 라운드랩 동백 딥 콜라겐 탄력 앰플 30ml,22900,45.0,3.0,76.0,16.0,58.0,27.0,300,실측
A000000214323,에센스_세럼_엠플,유리아쥬,[강력진정세럼] 유리아쥬 시카 데일리 인텐스 리페어 세럼 30ml,44000,37.0,12.0,76.0,58.0,40.0,2.0,840,실측
A000000214674,에센스_세럼_엠플,프랭클리,[올영단독/1+1+1] 프랭클리 모공축소 클로저 세럼 30ml 3입 기획 대용량앰플,21900,35.0,13.0,82.0,25.0,62.0,13.0,9138,실측
A000000214797,에센스_세럼_엠플,바이오힐보,[고보습미스트] 바이오힐보 프로바이오덤 3D 리프팅 크림 에센스 100mL,24700,39.0,9.0,70.0,22.0,63.0,15.0,144,실측
A000000214852,에센스_세럼_엠플,바버,[광채&미백]바버 앰플 컨센트레이트 멀티 비타민 2ml*7ea,36000,38.45,5.03,55.44,17.67,33.22,60.11,6,예측
A000000214999,에센스_세럼_엠플,바버,[탄력&리프팅]바버 앰플 컨센트레이트 콜라겐 부스터 2ml*7ea,48000,37.76,7.37,75.67,43.27,52.49,12.63,4,예측
A000000215000,에센스_세럼_엠플,바버,[트러블개선]바버 앰플 컨센트레이트 액티브 퓨리파이어 2ml*7ea,36000,32.32,14.84,69.83,33.2,53.93,10.57,2,예측
A000000215215,에센스_세럼_엠플,그라운드플랜,[수분천재앰플] 그라운드플랜 앰플 40ml,30600,51.0,7.0,88.0,41.0,59.0,0.0,41,실측
A000000215561,에센스_세럼_엠플,유세린,[1등세럼/주름탄력개선]유세린 에피셀린 세럼 30ml,39900,49.0,4.0,79.0,13.0,45.0,42.0,997,실측
A000000216054,에센스_세럼_엠플,스킨푸드,[NEW/매끈결광] 스킨푸드 블랙슈가 퍼펙트 첫세럼 더 에센셜 150ml,27000,33.0,13.0,57.0,40.0,50.0,10.0,30,실측
A000000216924,에센스_세럼_엠플,아로셀,[7일체감/모공개선] 아로셀 보툴케어 모공 앰플 30ml,45000,53.0,11.0,83.0,12.0,62.0,26.0,109,실측
A000000216925,에센스_세럼_엠플,아로셀,[30만콜라겐샷] 아로셀 슈퍼샷 콜트라 앰플 3X 30ml,45000,45.0,7.0,50.0,14.0,39.0,46.0,156,실측
A000000217680,에센스_세럼_엠플,믹순,믹순 마스터 세럼 30ml,21200,34.88,13.68,78.51,34.86,59.81,0.97,18,예측
A000000218444,에센스_세럼_엠플,비욘드,[피지&모공 7일케어] 비욘드 엔젤 티트리올 10% 트러블 앰플 50ml,27000,21.0,35.0,72.0,70.0,28.0,1.0,838,실측
A000000218641,에센스_세럼_엠플,아이디플라코스메틱,[스무살 앰플] 아이디플라코스메틱 엑소브이 플러스 앰플 30ml,25600,34.0,0.0,74.0,17.0,51.0,31.0,637,실측
A000000218712,에센스_세럼_엠플,키엘,키엘 울트라 퓨어 세럼 30ml 2종 기획/단품,49000,36.0,13.0,66.0,36.0,45.0,19.0,283,실측
A000000218897,에센스_세럼_엠플,허스텔러,[급속진정] 허스텔러 리틀 드롭스 카밍 데이즈 앰플 30ml,18200,42.0,4.0,75.0,65.0,35.0,0.0,55,실측
A000000218992,에센스_세럼_엠플,셀로라바이,[속보습/흔적케어] 셀로라바이 4GF 더마 리페어 하이드로 세럼 30ml,34900,41.0,8.0,82.0,41.0,49.0,10.0,39,실측
A000000218994,에센스_세럼_엠플,아렌시아,아렌시아 레드 스무디 세럼 30 50g,42000,19.0,0.0,77.0,19.0,42.0,39.0,31,실측
A000000218995,에센스_세럼_엠플,아렌시아,[NEW/백옥광채] 아렌시아 라이스 뮤신 글로우 세럼 30 50g,28600,37.63,10.54,78.45,21.44,62.41,17.4,10,예측
A000000219286,에센스_세럼_엠플,디오디너리,[노화케어] 디오디너리 GF 15% 솔루션 30ml,24600,29.0,16.0,79.0,25.0,25.0,50.0,56,실측
A000000219339,에센스_세럼_엠플,SVR,[비타민B3]SVR 하이드라 B3 앰플 30ml 기획(+10ml)/단품,41650,66.0,4.0,83.0,15.0,81.0,4.0,256,실측
A000000219340,에센스_세럼_엠플,SVR,[비타민C]SVR 안티 오엑스 C 앰플 30ml 기획(+크림 10ml)/단품,36500,39.0,8.0,58.0,19.0,22.0,59.0,235,실측
A000000219550,에센스_세럼_엠플,아비브,[채서안PICK/3일잡티세럼] 아비브 글루타치온좀 잡티 세럼 비타 드롭 50ml 기획 (+20ml),32000,34.0,10.0,67.0,24.0,29.0,47.0,4744,실측
A000000219713,에센스_세럼_엠플,도미나스,도미나스 앳클리닉 보르피린 링클 샷 앰플 30ml,36000,47.0,3.0,66.0,13.0,38.0,50.0,32,실측
A000000221651,에센스_세럼_엠플,테라로직,[주름탄력]테라로직 레티날 주름탄력 앰플 30ml,58000,11.0,22.0,22.0,56.0,11.0,33.0,140,실측
A000000221707,에센스_세럼_엠플,메디힐,메디힐 저분자 히알루론산 수분 밀도 세럼 40ml,14600,47.0,7.0,73.0,27.0,71.0,1.0,291,실측
A000000221943,에센스_세럼_엠플,닥터엘시아,닥터엘시아 젠틀 비타민 C 부스팅 세럼 30ml,24500,33.93,11.98,69.05,26.69,28.47,43.19,13,예측
A000000222554,에센스_세럼_엠플,메이크프렘,[NEW/수분진정] 메이크프렘 히알 인테카 속수분 앰플 40ml,24000,38.0,14.0,81.0,39.0,61.0,0.0,1391,실측
A000000222711,에센스_세럼_엠플,라네즈,[수분플럼핑] 라네즈 바운시&펌 세럼 30ml,36000,41.72,6.44,78.15,19.85,56.85,26.65,7,예측
A000000222733,에센스_세럼_엠플,에스테덤,[패키지 리뉴얼]에스테덤 인텐시브 프로-콜라겐+ 세럼 30ml,49200,40.0,9.0,75.0,9.0,42.0,49.0,88,실측
A000000222935,에센스_세럼_엠플,웰라쥬,[모공샷앰플] 웰라쥬 하이퍼 펩타이드 보툴리들 앰플 50ml,24320,24.0,8.0,23.0,24.0,27.0,50.0,102,실측
A000000223297,에센스_세럼_엠플,뉴라덤,[윤곽앰플] 메디톡스 뉴라덤 코어타임 앰플 15ml [기획(+7ml)/단품],19900,49.0,6.0,90.0,8.0,52.0,40.0,10625,실측
A000000223345,에센스_세럼_엠플,아벤느,[각질/피지] 아벤느 클리낭스 A.H.A 세럼 30ml 기획 (+에센스인로션25ml+클렌징젤15ml+블레미쉬크림2ml),39900,10.0,31.0,25.0,72.0,18.0,10.0,1001,실측
A000000224023,에센스_세럼_엠플,셀리맥스,[모공/탄력/결] 셀리맥스 더 비타 A 레티놀 샷 타이트닝 세럼 30ml,32000,32.0,9.0,42.0,19.0,32.0,49.0,287,실측
A000000224042,에센스_세럼_엠플,아누아,아누아 7 라이스 세라마이드 하이드레이팅 베리어 세럼 50ml,19500,56.0,0.0,81.0,23.0,72.0,5.0,43,실측
A000000224120,에센스_세럼_엠플,브이앤에이뷰티,[리뉴얼/소이현PICK] 브이앤에이뷰티 안티옥시던트 래디언스 앰플 50ml,34300,34.0,6.0,71.0,19.0,38.0,43.0,80,실측
A000000224124,에센스_세럼_엠플,브이앤에이뷰티,[OY단독/미백광채] 브이앤에이뷰티 안티옥시던트 래디언스 앰플 50ml 리필 기획세트 (+50ml 리필팩),49000,45.0,5.0,80.0,14.0,45.0,42.0,655,실측
A000000224241,에센스_세럼_엠플,스킨1004,스킨1004 마다가스카르 센텔라 프로바이오시카 인텐시브 앰플 50ml,26000,50.0,5.0,74.0,39.0,56.0,5.0,82,실측
A000000224244,에센스_세럼_엠플,풀리,[모공탄력] 풀리 그린 토마토 세럼 30ml,23800,33.0,15.0,93.0,31.0,52.0,17.0,397,실측
A000000224249,에센스_세럼_엠플,NDP,"[하리무PICK] NDP 엔디피 초저분자 히알루로닉 10,000PPM 세럼",36900,52.0,3.0,88.0,14.0,83.0,3.0,125,실측
A000000224343,에센스_세럼_엠플,에스테덤,[올리브영 단독기획]에스테덤 인텐시브 프로 콜라겐 세럼 30ml 기획(+젠틀 딥포어15ml+프로콜라겐 크림 5ml*2),98400,48.0,0.0,81.0,11.0,48.0,41.0,88,실측
A000000224344,에센스_세럼_엠플,스킨1004,스킨1004 마다가스카르 센텔라 프로바이오시카 인리치 크림 50ml,29000,49.54,6.09,72.41,27.96,63.91,11.79,24,예측
A000000224398,에센스_세럼_엠플,유세린,[티아미돌입문세럼/광채홈케어] 유세린 이븐래디언스 일루미네이팅 세럼 30ml 기획 (+나이트크림 7ml+마스크팩1매),35900,36.0,3.0,71.0,19.0,47.0,34.0,272,실측
A000000224687,에센스_세럼_엠플,더마라인,더마라인 디렉소 펩타이드 콤플렉스 솔루션 앰플 35ml,35000,40.38,7.81,70.1,19.85,55.12,21.19,27,예측
A000000224690,에센스_세럼_엠플,더마라인,더마라인 디렉소 밀크 엑소좀 솔루션 앰플 35ml,35000,38.55,9.39,73.37,33.13,50.28,9.41,26,예측
A000000224691,에센스_세럼_엠플,더마라인,더마라인 디렉소 바쿠치올 퍼밍 솔루션 앰플 35ml,35000,33.0,18.0,93.0,20.0,57.0,23.0,40,실측
A000000224692,에센스_세럼_엠플,더마라인,더마라인 디렉소 글루타치온 토닝 솔루션 앰플 35ml,35000,48.0,14.0,94.0,18.0,36.0,46.0,50,실측
A000000224844,에센스_세럼_엠플,아벤느,아벤느 이드랑스 수분 에센스-인-로션 200ml 더블 기획 (+클리낭스 클렌징젤 100ml),37900,42.0,4.0,74.0,25.0,75.0,0.0,14364,실측
A000000224845,에센스_세럼_엠플,아떼,[미백잡티앰플] 아떼 멜레이저 프로그래밍 앰플 단품/듀오,16800,34.0,8.0,42.0,4.0,26.0,70.0,346,실측
A000000224882,에센스_세럼_엠플,바이오힐보,[슈링크연구진공동개발] 바이오힐보 프로바이오덤 콜라겐 세럼+슈링크기기,93500,31.0,10.0,31.0,19.0,32.0,49.0,4152,실측
A000000225447,에센스_세럼_엠플,라돌프,[2주모공앰플/묵은피지쏙] 라돌프 퓨어파지 앰플 RX 80ml,35100,37.82,10.23,75.89,27.38,51.42,21.04,12,예측
A000000225481,에센스_세럼_엠플,더랩바이블랑두,[수분결광/화잘먹] 더랩바이블랑두 올리고 히알루론산 딥 글로우 세럼 85ml,25000,46.0,8.0,83.0,17.0,82.0,1.0,440,실측
A000000225616,에센스_세럼_엠플,메이크프렘,[수분진정/단독기획] 메이크프렘 히알 인테카 속수분 앰플 40ml 기획(+리필 40ml),28000,25.0,20.0,82.0,50.0,49.0,1.0,1829,실측
A000000225699,에센스_세럼_엠플,라네즈,[탄력광채] 라네즈 퍼펙트리뉴 쓰리엑스 시그니쳐 세럼 20ml 기획 (+10ml),43200,50.0,6.0,65.0,21.0,50.0,28.0,109,실측
A000000225845,에센스_세럼_엠플,아떼,[NMN 급속모공앰플] 아떼 포어셀 프로그래밍 앰플 단품/듀오 기획,16800,29.0,12.0,68.0,29.0,34.0,37.0,65,실측
A000000225849,에센스_세럼_엠플,아떼,[트러블앰플/피지케어] 아떼 아크네솔 프로그래밍 앰플 단품/듀오기획,16800,8.0,40.0,63.0,77.0,17.0,6.0,48,실측
A000000225909,에센스_세럼_엠플,리엔케이,[NEW/이채연PICK] 리엔케이 하이퍼 히알 플럼핑 앰플 100ml,24500,39.41,14.16,76.84,34.32,64.14,3.24,29,예측
A000000226724,에센스_세럼_엠플,케어놀로지,케어놀로지 비파인 퓨어 스팟 젤 크림 10g,14000,22.93,24.15,64.45,63.1,40.46,8.94,26,예측
A000000226844,에센스_세럼_엠플,네이처리퍼블릭,네이처리퍼블릭 비타페어C PDRN 광채 세럼 30ml,17900,35.99,10.62,68.46,19.3,37.85,31.65,15,예측
A000000227239,에센스_세럼_엠플,넘버즈인,넘버즈인 2번 로즈 PDRN 콜라겐 플럼핑 세럼 소용량 듀오 10ml (마일드 1ml*5개+인텐시브 1ml*5개),9900,48.0,6.0,65.0,17.0,46.0,37.0,52,실측
A000000227278,에센스_세럼_엠플,어나더페이스,[탄력모공&수분장벽] 어나더페이스 펩타테놀10 베리어 세럼 40ml & 세럼 기획 택1,21000,51.0,7.0,95.0,19.0,76.0,5.0,6552,실측
A000000227396,에센스_세럼_엠플,아떼,[미백앰플] 아떼 멜레이저 프로그래밍 앰플 10ml 5+1,140000,85.0,0.0,38.0,0.0,15.0,85.0,382,실측
A000000227458,에센스_세럼_엠플,넘버즈인,[NEW] 넘버즈인 2번 로즈 PDRN 콜라겐 플럼핑 세럼 30ml,19000,42.0,6.0,68.0,19.0,50.0,31.0,175,실측
A000000227932,에센스_세럼_엠플,비건이펙트,"[트러블,진정/피지케어]비건이펙트 청보리 징크 세럼 30ml",18300,36.0,18.0,93.0,52.0,47.0,1.0,523,실측
A000000228260,에센스_세럼_엠플,더마팩토리,더마팩토리 NMN 1% 리뉴잉 세럼 30ml,12000,53.0,3.0,73.0,14.0,60.0,25.0,91,실측
A000000228328,에센스_세럼_엠플,토리든,토리든 셀메이징 저분자 콜라겐 모공 탄력 앰플 30ml,18200,43.0,7.0,67.0,30.0,49.0,21.0,260,실측
A000000228603,에센스_세럼_엠플,크리니크,[김고은PICK] 크리니크 쏙수분광채세럼 30ml,44200,50.0,6.0,69.0,14.0,79.0,6.0,79,실측
A000000228804,에센스_세럼_엠플,토리든,[단독기획] 토리든 밸런스풀 시카 컨트롤 세럼 50ml 기획 (+크림 20ml),23000,22.0,19.0,69.0,76.0,23.0,1.0,6207,실측
A000000228888,에센스_세럼_엠플,토리든,토리든 밸런스풀 시카 컨트롤 세럼 50ml,23000,23.0,20.0,77.0,78.0,22.0,0.0,60,실측
A000000228895,에센스_세럼_엠플,코스메쉐프,[이수향 PICK/주름개선] 코스메쉐프 흑당고 진액 영양 주름앰플 30ml_흑당고앰플,48900,58.0,4.0,80.0,11.0,54.0,35.0,99,실측
A000000228896,에센스_세럼_엠플,코스메쉐프,[이수향 PICK/기미케어] 코스메쉐프 백당고 막걸리 백옥빛 기미앰플 30ml_백당고앰플,78400,29.0,10.0,88.0,2.0,24.0,74.0,42,실측
A000000228904,에센스_세럼_엠플,바이오던스,[볼륨광채] 바이오던스 포어 퍼펙팅 콜라겐 펩타이드 세럼 30ml,23900,40.92,7.11,71.46,22.28,54.75,24.57,17,예측
A000000229220,에센스_세럼_엠플,랑콤,랑콤 제니피끄 세럼 50ml 단품/리필,170000,37.0,11.29,74.56,26.63,49.25,15.76,21,예측
A000000229221,에센스_세럼_엠플,랑콤,[탄력밀도세럼] 랑콤 제니피끄 세럼 기획/단품 (20ml/30ml/50ml),49500,31.0,6.0,61.0,26.0,39.0,35.0,497,실측
A000000229350,에센스_세럼_엠플,닥터지,[스네일레티놀1%/리프팅] 닥터지 블랙스네일 레티놀 콜라겐 세럼 인텐스 30ml,20230,47.0,6.0,58.0,3.0,36.0,61.0,66,실측
A000000229422,에센스_세럼_엠플,비긴스 바이 정샘물,[3일잡티샷세럼/흔적] 비긴스 바이 정샘물 나이아신아마이드10 흔적세럼 30ml,19200,23.0,7.0,77.0,30.0,23.0,46.0,126,실측
A000000229464,에센스_세럼_엠플,디퍼,[수분광채/화잘먹세럼] 디퍼 히알루론산 히알큐브 세콜지 수분 세럼 50ml,36000,48.0,8.0,87.0,17.0,80.0,3.0,1235,실측
A000000229481,에센스_세럼_엠플,VT,[수분광채] VT PDRN 에센스 30ml 기획 2종 (택 1),45000,50.0,6.0,78.0,16.0,65.0,18.0,28407,실측
A000000229502,에센스_세럼_엠플,아이뽀,아이뽀 엑스퍼트 모공 앰플 마스크 30ml,42000,29.0,10.0,85.0,22.0,54.0,24.0,207,실측
A000000229503,에센스_세럼_엠플,아이뽀,아이뽀 엑스퍼트 콜라겐 앰플 마스크 30ml,42000,48.0,5.0,79.0,11.0,66.0,23.0,481,실측
A000000229511,에센스_세럼_엠플,지피덤,[장벽탄력/PDRN] 지피덤 셀트리온EGF 스킨베리어 하이드로 수분앰플 30ml,21760,37.0,10.0,81.0,43.0,55.0,2.0,89,실측
A000000229597,에센스_세럼_엠플,닥터멜락신,닥터멜락신 시멘리트 칼슘 볼륨 앰플 플러스 30ml,25900,42.0,9.0,89.0,13.0,44.0,44.0,103,실측
A000000229644,에센스_세럼_엠플,리덴스,[잡티/미백] 리덴스 톤앤스팟 코렉터 앰플 30ml,15220,43.0,6.0,89.0,13.0,46.0,41.0,1461,실측
A000000229951,에센스_세럼_엠플,클랍,[에스테틱모공토너] 클랍 파워이펙트 앰플 토닉 250ml,59000,32.35,16.92,74.61,48.53,50.59,5.34,1,예측
A000000229952,에센스_세럼_엠플,클랍,[독일1위앰플] 클랍 30데이 안티에이징 앰플 프로그램,95000,45.1,4.92,78.14,9.69,70.64,19.13,10,예측
A000000229964,에센스_세럼_엠플,플로디카,플로디카 인투더 워터홀 앰플 50ml,17000,49.0,6.0,84.0,17.0,82.0,1.0,742,실측
A000000230076,에센스_세럼_엠플,더후,[붓기DOWN/진정UP] 더후 비첩 순환 에센스 30ml 기획(+에센스 10ml+폼 40ml),30300,49.18,4.76,71.79,22.36,64.43,34.37,11,예측
A000000230576,에센스_세럼_엠플,클랍,[피부 고민별 관리] 클랍 파워 이펙트 5-스텝 트리트먼트 (2ml*5) 4종 택1,18620,40.0,3.0,65.0,20.0,48.0,33.0,40,실측
A000000230934,에센스_세럼_엠플,넘버즈인,넘버즈인 2번 로즈 PDRN 콜라겐 플럼핑 세럼 투엑스 30ml,19000,41.0,7.0,37.0,13.0,43.0,44.0,70,실측
A000000231089,에센스_세럼_엠플,웰라쥬,[NEW/수분광채] 웰라쥬 하이퍼 PDRN 리페어 앰플 30ml,22800,41.0,3.0,71.0,32.0,59.0,9.0,34,실측
A000000231117,에센스_세럼_엠플,더페이스샵,[다이노탱 에디션][대용량] 더페이스샵 올티밋 나이아신아마이드 10% 세럼 50ml,11500,25.0,25.0,60.0,38.0,30.0,32.0,352,실측
A000000231352,에센스_세럼_엠플,스킨푸드,[리필기획] 스킨푸드 캐롯 카로틴 모이스트 이펙터 리필기획 (55ml+52ml),17500,31.0,7.0,76.0,53.0,46.0,1.0,714,실측
A000000231366,에센스_세럼_엠플,아로셀,[5분요철진정] 아로셀 시카 리페어 판테놀 앰플 40ml,23800,40.0,9.0,87.0,57.0,41.0,2.0,130,실측
A000000231454,에센스_세럼_엠플,스킨푸드,[NEW/겉뽀속촉] 스킨푸드 피치뽀송 징크피씨에이 에센스 50ml,27000,31.0,21.0,85.0,23.0,61.0,16.0,136,실측
A000000231908,에센스_세럼_엠플,이지듀,이지듀 DW-EGF 비타민C 부스팅 앰플25 13g 기획(+기미 크림*2매 증정),39000,38.0,6.0,42.0,18.0,28.0,54.0,436,실측
A000000232070,에센스_세럼_엠플,에스테덤,[단백질 세럼/저속노화]에스테덤 에이지 프로테옴 세럼 30ml [기획(+미스트100ml)/단품],138000,50.0,17.0,67.0,50.0,50.0,0.0,151,실측
A000000232436,에센스_세럼_엠플,아비브,아비브 어성초 테카 캡슐 세럼 카밍 드롭 50ml 더블 기획,48000,24.0,19.0,70.0,79.0,20.0,1.0,14666,실측
A000000232476,에센스_세럼_엠플,VT,VT 리들샷 100 에센스 10ml,8500,35.0,6.0,41.0,26.0,46.0,28.0,68,실측
A000000232477,에센스_세럼_엠플,VT,VT 리들샷 300 에센스 10ml,9900,46.0,10.0,41.0,32.0,49.0,20.0,41,실측
A000000232963,에센스_세럼_엠플,나노레시피,"나노레시피 바쿠치올 10,000ppm 앰플 10ml",8600,26.0,16.0,61.0,51.0,30.0,19.0,261,실측
A000000232994,에센스_세럼_엠플,프랭클리,[탄력주름] 프랭클리 PDRN 바운스볼 광채세럼 30ml 앰플,39000,67.0,5.0,98.0,6.0,85.0,8.0,96,실측
A000000233193,에센스_세럼_엠플,닥터자르트,[슬로우에이징/탄력세럼] 닥터자르트 프리쥬비네이션 퍼밍 바쿠치올 세럼 50ml 증량기획 (+7ml + 크림 7.5ml),51800,37.0,7.0,61.0,18.0,43.0,39.0,339,실측
A000000233463,에센스_세럼_엠플,메디필,[기미잡티] 메디필 멜라논엑스 앰플 RX 30ml,34900,46.0,0.0,77.0,9.0,57.0,34.0,35,실측
A000000234010,에센스_세럼_엠플,풀리,[모공/마일드필링] 풀리 그린토마토 애시드 20 워시오프 필링 세럼 50ml,21200,23.03,18.45,60.49,51.48,53.91,14.37,16,예측
A000000234012,에센스_세럼_엠플,풀리,[레이PICK/3초흡수] 풀리 레몬비타 버블세럼 (수분 버블세럼) 95ml,21900,50.0,8.0,86.0,12.0,57.0,32.0,519,실측
A000000235161,에센스_세럼_엠플,빛클,[화잘먹 베이스] 빛클 오로라 글로우 그립 프라이머 프렙 30ml,25000,47.0,3.0,80.0,12.0,76.0,11.0,201,실측
A000000235180,에센스_세럼_엠플,성분에디터,[잡티미백케어] 성분에디터 머루포도 비타씨 다크 스팟 앰플 40ml 더블기획,23000,27.0,8.0,67.0,33.0,30.0,37.0,346,실측
A000000236324,에센스_세럼_엠플,러븀,러븀 그린 시트러스 비타민 씨 세럼 플러스 30ml,21300,32.0,15.0,66.0,25.0,30.0,45.0,260,실측
A000000236420,에센스_세럼_엠플,아이오페,[스피큘 레티놀] 아이오페 레티놀 레티젝션 세럼 30ml +25ml 기획,49900,33.0,9.0,41.0,17.0,25.0,59.0,1946,실측
A000000236433,에센스_세럼_엠플,랑콤,랑콤 레네르지 트리플 세럼 50ml,216750,39.52,9.22,68.34,15.18,27.3,58.25,4,예측
A000000236635,에센스_세럼_엠플,닥터자르트,닥터자르트 시카페어 인텐시브 수딩 리페어 세럼 30ml,32900,37.11,12.06,77.23,66.35,41.21,1.05,6,예측
A000000237361,에센스_세럼_엠플,비노트,비노트 물톡스 부스터 앰플 30ml,29900,60.0,7.0,97.0,5.0,81.0,13.0,884,실측
A000000237367,에센스_세럼_엠플,랑벨,랑벨 비타 에너지 잡티 앰플 30ml,34000,37.0,5.0,66.0,20.0,15.0,66.0,203,실측
A000000237568,에센스_세럼_엠플,더후,[NEW] 더후 비첩 자생 에센스 어드벤트 캘린더,65700,46.15,5.43,69.26,10.41,57.34,36.52,12,예측
A000000237728,에센스_세럼_엠플,파넬,[1등 진정세럼] 파넬 시카마누 92세럼 30ml 리필기획(+30ml 리필+15ml),42000,31.0,14.0,75.0,80.0,20.0,0.0,13412,실측
A000000237821,에센스_세럼_엠플,비건이펙트,[NEW/속탄력강화] 비건이펙트 콜라겐 NMN 세럼 30ml,18900,63.0,2.0,91.0,4.0,63.0,33.0,54,실측
A000000237951,에센스_세럼_엠플,퓨리토 서울,퓨리토서울 원더 릴리프 센텔라 세럼 언센티드 60ml,22400,32.0,28.0,86.0,50.0,44.0,6.0,111,실측
A000000238119,에센스_세럼_엠플,빌리프,[수분잠금/워터젤에센스] 빌리프 뉴메로 10 에센스 3종 중 택1 (50ml/75ml/125ml 단품/기획),22330,42.0,6.0,62.0,34.0,66.0,0.0,1399,실측
A000000238244,에센스_세럼_엠플,더마펌,[나띠PICK][피부볼륨] 더마펌 펩트올로지 부스팅 앰플 PDRN 30ml 기획 (+30ml 리필),43000,52.0,7.0,92.0,9.0,64.0,27.0,355,실측
A000000238246,에센스_세럼_엠플,더마펌,[나띠PICK][모공케어] 더마펌 펩트올로지 부스팅 앰플 레티노이드 30ml 기획 (+30ml 리필),41000,33.0,17.0,84.0,18.0,48.0,34.0,181,실측
A000000238509,에센스_세럼_엠플,헤라,[NEW] 헤라 레티놀 3x 리프팅 세럼 25ml,88000,35.07,7.93,56.51,13.22,36.97,35.99,1,예측
A000000238573,에센스_세럼_엠플,오아조,[티벳동생 공동개발] 오아조 피디알엔 쓰리디 부스팅 앰플 30ml,37700,44.22,9.51,77.17,28.95,57.85,9.9,6,예측
A000000238744,에센스_세럼_엠플,디퍼,[속광/화잘먹세럼] 디퍼 소이큐브 엑소리페어 두유 장벽 세럼 50ml,17890,53.0,5.0,87.0,14.0,81.0,5.0,641,실측
A000000239096,에센스_세럼_엠플,메디큐브,[2025 어워즈/미백천재앰플] 메디큐브 PDRN 핑크앰플 30ml 어워즈 기획 (+리필50ml+세럼1.5ml*5매),46000,56.0,4.0,74.0,20.0,60.0,21.0,15868,실측
A000000239819,에센스_세럼_엠플,헤라,[NEW] 헤라 컴피 컨디셔닝 에센스 150g,48000,43.91,7.67,78.61,19.17,58.18,16.18,2,예측
A000000239921,에센스_세럼_엠플,아누아,[2025 어워즈] 아누아 TXA 다크 스팟 세럼 30mL 어워즈 한정기획 (+리필팩 30mL+패드2매),64000,59.0,4.0,65.0,25.0,53.0,21.0,1514,실측
A000000239993,에센스_세럼_엠플,이즈앤트리,[NCT 재민PICK] 이즈앤트리 어니언 뉴페어 부스터 2000에스 50ml,19600,28.0,12.0,24.0,40.0,12.0,48.0,404,실측
A000000240088,에센스_세럼_엠플,VT,[2025 어워즈] VT 리들샷100 50ml 어워즈 기획 (+리들샷300스틱파우치 5개+PDRN에센스100 15ml),23000,31.0,20.0,32.0,38.0,32.0,30.0,51660,실측
A000000241575,에센스_세럼_엠플,닥터엘시아,[수분세럼] 닥터엘시아 아쿠아 마린 딥 세럼 30ml,17100,41.0,17.0,90.0,23.0,77.0,0.0,71,실측
A000000241852,에센스_세럼_엠플,에스티로더,[피부노화개선] 에스티로더 갈색병 세럼 30ml 기획/단품,132000,46.0,6.0,66.0,24.0,50.0,26.0,751,실측
A000000242017,에센스_세럼_엠플,헤라,[NEW] 헤라 하이드로 듀 플럼핑 앰플 50ml,49600,39.17,11.29,63.94,37.87,52.75,13.74,1,예측
A000000242222,에센스_세럼_엠플,헤브블루,헤브블루 메이크업 프로 엑토인 트리 베이스 프렙 30ml,26800,40.2,10.41,80.15,43.23,60.81,1.61,10,예측
A000000242563,에센스_세럼_엠플,성분에디터,[산리오 콜라보/물광리프팅]성분에디터 실크펩타이드 EGF 하트핏 볼륨 리프팅 앰플 40ml 더블기획 (+산리오 파우치),28000,45.0,5.0,65.0,21.0,48.0,31.0,4141,실측
A000000242569,에센스_세럼_엠플,비플레인,[30ml 본품증정/총80ml] 비플레인 녹두 모공 타이트업 세럼 50ml 기획 (+30ml),34000,19.0,21.0,68.0,67.0,26.0,7.0,57,실측
A000000242711,에센스_세럼_엠플,미샤,미샤 비타비 플러스 PDRN 플럼핑 앰플 30ml,21280,57.0,3.0,82.0,5.0,62.0,33.0,61,실측
A000000242748,에센스_세럼_엠플,빌리프,빌리프 프라블럼 솔루션 비건 에센스 50ml,40040,33.39,15.93,68.02,43.36,41.87,19.84,13,예측
A000000243070,에센스_세럼_엠플,라네즈,[물광샷/수분광채] 라네즈 워터뱅크 아쿠아 페이셜 세럼 30ml 기획 (+13ml+모이스춰 크림 25ml),28000,54.0,6.0,79.0,18.0,80.0,1.0,797,실측
A000000243164,에센스_세럼_엠플,닥터지,[크림증정/속광탄력] 닥터지 블랙 스네일 레티놀 앰플 50ml 증정 기획 (+스네일 크림 20ml+마스크팩 1매),29000,54.0,2.0,68.0,21.0,60.0,19.0,1338,실측
A000000243473,에센스_세럼_엠플,아렌시아,[차세대 레티놀 / 피부 텐션] 아렌시아 레틴알 부스터 샷 30ml,31000,36.59,8.03,73.31,23.84,40.36,37.45,27,예측
A000000243620,에센스_세럼_엠플,닥터자르트,[NEW/화잘먹결광세럼] 닥터자르트 세라마이딘 스킨 베리어 모이스처 리커버리 세럼 30ml,48000,44.0,4.0,86.0,16.0,81.0,3.0,712,실측
A000000243732,에센스_세럼_엠플,메이크프렘,[박지훈PICK/쫀광탄력] 메이크프렘 NMN 퍼밍 엑스퍼트 앰플 50ml,23800,47.0,6.0,75.0,18.0,52.0,30.0,2773,실측
A000000243787,에센스_세럼_엠플,CKD,CKD 레티노콜라겐 저분자 300 괄사 리프팅 세럼 40ml,19800,43.38,8.34,72.52,24.45,57.33,23.73,15,예측
A000000244213,에센스_세럼_엠플,바이오던스,바이오던스 하이드로 세라놀 세럼 30ml,32000,48.46,6.96,80.62,22.26,75.3,5.81,22,예측
A000000244286,에센스_세럼_엠플,아이디플라코스메틱,[붉은기진정] 아이디플라코스메틱 엑소브이 부스터 앰플 30ml,18900,36.0,8.0,83.0,48.0,41.0,11.0,131,실측
A000000244937,에센스_세럼_엠플,코스알엑스,코스알엑스 프로폴리스 라이트 앰플 30ml,18800,37.4,13.12,77.5,46.92,48.09,4.46,16,예측
A000000244960,에센스_세럼_엠플,하루하루원더,하루하루원더 블랙라이스 프로바이오틱스 베리어 에센스 120ml,28800,49.0,5.0,87.0,17.0,78.0,5.0,243,실측
A000000245737,에센스_세럼_엠플,휩드,[민감진정] 휩드 머그트리 비건 휘핑 버블 세럼 92ml,27000,14.0,25.0,71.0,81.0,19.0,0.0,143,실측
A000000245740,에센스_세럼_엠플,휩드,[보습광채] 휩드 무화버터 비건 휘핑 버블 세럼 92ml,27000,60.0,4.0,83.0,15.0,83.0,2.0,183,실측
A000000245934,에센스_세럼_엠플,코페르,[기미원데이키트] 코페르 큐리페어 멜더 SOS 시스템 5개입 (1.5ml*5ea),14100,45.0,7.0,91.0,11.0,42.0,47.0,879,실측
A000000246183,에센스_세럼_엠플,그라운드플랜,[모공탄력세럼] 그라운드플랜 블랙 마이크로 인퓨전 버블 세럼 115ml,39000,71.0,4.0,96.0,1.0,96.0,3.0,447,실측
A000000246189,에센스_세럼_엠플,밀리밀리,[이준박사 공동개발] 밀리밀리 500달톤 프로틴 앰플 30ml,22000,48.0,2.0,86.0,8.0,76.0,16.0,532,실측
A000000246219,에센스_세럼_엠플,라로슈포제,라로슈포제 히알루 B5 수분탄력 세럼 30ml,59000,71.0,3.0,80.0,13.0,85.0,2.0,581,실측
A000000246223,에센스_세럼_엠플,더마젼시,[트러블OUT세럼] 더마젼시 제로카 81 세럼 30ml,23200,33.0,13.0,85.0,59.0,36.0,4.0,562,실측
A000000246575,에센스_세럼_엠플,톰,[보습장벽케어] 톰 히알루론산 부스트 앰플 50g,99000,38.57,10.89,68.76,30.58,44.36,19.76,15,예측
A000000246577,에센스_세럼_엠플,톰,[속탄력 개선] 톰 콜라겐 부스트 앰플 50g,99000,66.0,0.0,80.0,20.0,64.0,16.0,44,실측
A000000246578,에센스_세럼_엠플,톰,[모공 타이트닝] 톰 펩타이드 부스트 앰플 50g,49900,32.9,11.15,68.04,30.61,33.24,27.82,25,예측
A000000246579,에센스_세럼_엠플,톰,"[트러블, 진정] 톰 엑소좀 부스트 앰플 50g",99000,35.52,9.42,72.8,28.62,50.97,13.66,23,예측
A000000246781,에센스_세럼_엠플,라운드랩,[더블기획/트러블쏙] 라운드랩 소나무 진정 시카 앰플 30ml 리필기획 (+30ml 리필+마스크 1매),22900,28.0,17.0,77.0,76.0,23.0,1.0,26355,실측
A000000246886,에센스_세럼_엠플,퍼셀,[5개입/장벽영양] 퍼셀 픽셀바이옴 부스터샷 파우더 5개입 (0.2g*5ea),21200,35.4,10.12,74.23,43.62,44.23,5.89,13,예측
A000000247196,에센스_세럼_엠플,조선미녀,[NEW/붓기완화] 조선미녀 붉은팥 PDRN 모공탄력 세럼 30ml,13600,36.0,11.0,76.0,30.0,52.0,18.0,1156,실측
A000000247201,에센스_세럼_엠플,아벤느,아벤느 시칼파트 플러스 리페어 젤 30ml,21500,39.0,9.0,89.0,51.0,46.0,3.0,89,실측
A000000247239,에센스_세럼_엠플,이니스프리,[화잘먹/속보습] 이니스프리 그린티 세라마이드 밀크 에센스 160ml 기획 (+25ml),22000,41.0,9.0,77.0,27.0,71.0,2.0,2892,실측
A000000247577,에센스_세럼_엠플,아벤느,아벤느 스페셜 박스 기획 (에센스인로션200ml + 리치크림40ml + 오떼르말150ml),39900,45.66,4.0,67.64,17.99,73.44,8.89,14,예측
A000000247686,에센스_세럼_엠플,오우즈너리,[NEW/화잘먹/비타속광] 오우즈너리 비타3 세럼 50ml,20700,44.0,8.0,86.0,10.0,50.0,40.0,413,실측
A000000247691,에센스_세럼_엠플,아이소이,[아이돌Pick/트러블흔적] 아이소이 브라이트닝 카밍 스팟 세럼 35ml 기획 (+10ml),24500,25.0,20.0,75.0,62.0,28.0,11.0,3826,실측
A000000248097,에센스_세럼_엠플,비긴스 바이 정샘물,[10만나노히알/3초수분플럼핑]비긴스바이정샘물 블루 수국 히알 수분세럼 30ml,19200,48.0,6.0,92.0,22.0,77.0,1.0,133,실측
A000000248120,에센스_세럼_엠플,나노레시피,"나노레시피 연어 PDRN 100,000ppm 앰플 10ml",19300,46.0,3.0,68.0,32.0,50.0,18.0,135,실측
A000000248202,에센스_세럼_엠플,비긴스 바이 정샘물,[10만나노히알/3초수분플럼핑]비긴스바이정샘물 블루 수국 히알 수분세럼 (30ml+10ml) 기획,24000,44.0,4.0,98.0,20.0,77.0,3.0,230,실측
A000000248374,에센스_세럼_엠플,클리어디어,[화잘먹/속광부스터] 클리어디어 뮤신 미네랄 버블 퍼스트 에센스 60ml,32000,45.0,7.0,91.0,8.0,85.0,7.0,296,실측
A000000248399,에센스_세럼_엠플,네오젠,[청담샵 Pick/수분광채] 네오젠 넥스트 글로우 프렙 세럼 32ml,13900,45.0,16.0,88.0,13.0,78.0,9.0,64,실측
A000000248575,에센스_세럼_엠플,설화수,[NEW/미백] 설화수 자정유액 125ml,88200,45.18,5.1,74.1,17.36,57.5,36.22,3,예측
A000000248581,에센스_세럼_엠플,설화수,[NEW/미백] 설화수 자정앰플세럼 30ml 단품/기획,135000,39.31,5.7,67.41,17.68,44.09,47.86,8,예측
A000000248582,에센스_세럼_엠플,설화수,[NEW/미백] 설화수 자정기미코렉터 30ml 단품/기획,135000,43.84,7.79,74.89,17.9,46.98,28.37,4,예측
A000000248934,에센스_세럼_엠플,더마픽스,더마픽스 리얼콜라겐 텐션업 세럼 50ml,37400,49.41,4.05,77.17,20.04,51.78,18.37,0,예측
A000000248986,에센스_세럼_엠플,rdrd,[NEW] rdrd 레드 애플 락토 진정 세럼 30ml,20400,30.0,8.0,84.0,68.0,31.0,1.0,261,실측
A000000248988,에센스_세럼_엠플,rdrd,[NEW] rdrd 핑크 애플 락토 장벽 세럼 30ml,20400,44.0,11.0,92.0,50.0,50.0,0.0,37,실측
A000000248990,에센스_세럼_엠플,rdrd,[NEW] rdrd 그린 애플 락토 리밸런싱 세럼 30ml,20400,20.0,30.0,82.0,59.0,39.0,2.0,44,실측
A000000248991,에센스_세럼_엠플,rdrd,[NEW] rdrd 골드 애플 락토 흔적 세럼 30ml,20400,38.0,11.0,77.0,38.0,28.0,34.0,47,실측
A000000249099,에센스_세럼_엠플,이즈앤트리,[리뉴얼] 이즈앤트리 어니언 뉴페어 앰플 플러스 50ml,15900,39.18,8.77,76.17,23.08,37.56,28.82,8,예측
A000000249167,에센스_세럼_엠플,코스메쉐프,[주름개선] 코스메쉐프 흑당고 진액 영양 버블 에센스 120ml,39400,37.26,11.5,74.67,49.57,39.46,14.75,11,예측
A000000249648,에센스_세럼_엠플,동아제약,[턴오버주기개선] 동아제약 색소침착 프로 액제 30ml,24300,35.0,12.0,83.0,33.0,29.0,38.0,1446,실측
A000000249672,에센스_세럼_엠플,한스킨,[탱글광/잡티미백] 한스킨 아라연꽃 핑크볼 PDRN 히알루론 광채세럼 30ml,21380,45.0,5.0,92.0,13.0,73.0,14.0,1138,실측
A000000250104,에센스_세럼_엠플,이지듀,[8월 올영픽]이지듀 EGFx 다운타임 세럼 40ml 기획(+오인트 겔 5ml),24900,38.0,8.0,80.0,55.0,38.0,6.0,263,실측
A000000250209,에센스_세럼_엠플,바이오힐보,[슈링크홈디바이스] 바이오힐보 NAD프리즈셀 글로우 파워 세럼 30ml 기획,99500,37.0,4.0,54.0,35.0,41.0,24.0,840,실측
A000000250211,에센스_세럼_엠플,헤이네이처,헤이네이처 어성초 앰플 40ml,35000,38.0,14.0,52.0,81.0,14.0,5.0,872,실측
A000000250281,에센스_세럼_엠플,아임프롬,[리뉴얼/촉촉진정] 아임프롬 머그워트 에센스 150ml,19800,28.0,22.0,95.0,66.0,33.0,1.0,275,실측
A000000250531,에센스_세럼_엠플,아임프롬,[단독기획] 아임프롬 머그워트 에센스 150ml 1+1,30600,27.0,24.0,93.0,73.0,27.0,1.0,469,실측
A000000250593,에센스_세럼_엠플,셀퓨전씨,[핑구콜라보] 셀퓨전씨 포스트 알파 쿨링 펩타이드 앰플 30ml 기획 (+앰플 10ml),18900,29.0,16.0,69.0,60.0,37.0,2.0,1392,실측
A000000251120,에센스_세럼_엠플,그라펜,[피지/모공케어] 그라펜 포어올킬 타이트닝 세럼 30ml,20800,6.0,40.0,79.0,64.0,21.0,14.0,127,실측
A000000251364,에센스_세럼_엠플,AHC,[윈터PICK/ 1등모공앰플/유리알결광세럼] AHC 프로샷 포어이레이저 세럼 30ml 기획 (+10ml),27800,31.0,13.0,41.0,19.0,34.0,47.0,709,실측
A000000251844,에센스_세럼_엠플,프리메이,[2중보습/수분진정] 프리메이 진정한 수분 세럼 50ml (+진정한 수분 크림 30ml),9800,39.0,5.0,95.0,22.0,76.0,2.0,1196,실측
A000000252119,에센스_세럼_엠플,코스노리,[리뷰이벤트/장벽앰플] 코스노리 판테놀 베리어 앰플 10 50ml,16800,62.0,6.0,95.0,16.0,82.0,2.0,243,실측
A000000252198,에센스_세럼_엠플,플로위,플로위 PDRN 트리플 코어 앰플 30ml,38100,48.0,5.0,95.0,22.0,65.0,13.0,100,실측
A000000252296,에센스_세럼_엠플,랑콤,[NEW/기프트] 랑콤 제니피끄 세럼 선물 기획 2종 (세럼 50ml / 세럼 30ml+로션 100ml),170000,43.35,7.07,73.48,25.43,60.8,11.36,3,예측
A000000252735,에센스_세럼_엠플,에스테덤,[물광 에센스]에스테덤 셀룰러워터 에센스 125ml 기획 (+버블 펌프 50ml),59000,49.0,8.0,78.0,18.0,79.0,3.0,1274,실측
A000000253000,에센스_세럼_엠플,랑콤,[NEW] 랑콤 레네르지 젤-인-로션 200/400ml,93500,44.6,9.58,67.95,21.37,40.45,16.44,1,예측
A000000253103,에센스_세럼_엠플,브링그린,[NEW] 브링그린 블루빈 B5-PDRN 마일드 버블세럼 110mL(+실리콘 브러시),19000,31.0,12.0,64.0,35.0,65.0,0.0,113,실측
A000000253622,에센스_세럼_엠플,센텔리안24,[잡티톤업] 센텔리안24 엑스퍼트 마데카 멜라 캡처 앰플 맥스 15ml 더블기획 (+푸린 수면안대 포켓몬 에디션),48000,39.0,5.0,65.0,27.0,43.0,30.0,3221,실측
A000000254063,에센스_세럼_엠플,랑콤,랑콤 스타터키트 기획 2종 택1 (제니피끄 세럼/이드라젠 젤크림),49500,52.0,0.0,66.0,34.0,48.0,17.0,545,실측
A000000254064,에센스_세럼_엠플,VT,[포켓몬 에디션] VT 리들샷 300 에센스 50ml 기획 (+PDRN 에센스 1.5ml*2+피카츄 러기지택),43000,34.0,13.0,26.0,34.0,33.0,33.0,6771,실측
A000000254295,에센스_세럼_엠플,리얼베리어,[리뉴얼/속수분쏙] 리얼베리어 워터리 히알 세럼 50ml 기획 (+20ml),18900,45.0,14.0,87.0,30.0,70.0,0.0,607,실측
A000000254331,에센스_세럼_엠플,쥬베룩,쥬베룩 PDLLA 콜라겐 부스팅 앰플 20g,57700,46.0,4.0,84.0,14.0,45.0,41.0,300,실측
A000000254438,에센스_세럼_엠플,퓨어그램,[본품증정/660만개 국민니들샷] 퓨어그램 오리진 부스터샷 100 앰플 30ml,10000,39.0,7.0,61.0,16.0,52.0,32.0,44,실측
A000000254553,에센스_세럼_엠플,퓨어그램,[본품증정/660만개 국민니들샷] 퓨어그램 오리진 부스터샷 300 앰플 30ml,10000,32.0,6.0,42.0,25.0,43.0,32.0,53,실측
A000000254646,에센스_세럼_엠플,일소,[아랑공동개발] 일소 펩타이드 3엑스 모공톡스 탄력 앰플 30ml 기획 (+피지클리너 2매),28000,19.0,19.0,67.0,37.0,30.0,33.0,296,실측
A000000254728,에센스_세럼_엠플,조선미녀,[단독/붓기완화] 조선미녀 붉은팥 PDRN 모공탄력 세럼 30ml 더블기획,25500,56.0,9.0,97.0,14.0,76.0,10.0,1524,실측
A000000254773,에센스_세럼_엠플,쥬베룩,쥬베룩 PDLLA 콜라겐 부스팅 앰플 20g (+프로텍팅 크림 2ml*5EA) (2604),57700,52.0,5.0,80.0,11.0,58.0,31.0,300,실측
A000000254803,에센스_세럼_엠플,앰플엔,[NEW 탄력스피큘] 앰플엔 하이퍼샷 펩타이드 앰플 50ml,21000,36.82,10.7,75.11,23.95,40.19,21.99,20,예측
A000000254852,에센스_세럼_엠플,구달,[쿨링/트러블] 구달 어성초 징크 히알루론 레드 수딩 세럼 30ml 기획 (+징크 진정 파우더 2g),18900,38.64,11.2,76.27,34.39,53.18,10.15,25,예측
A000000255069,에센스_세럼_엠플,허블룸,[NEW] 허블룸 콤부차 플랜트 바이옴 세럼 50ml,28800,59.0,8.0,96.0,19.0,77.0,4.0,74,실측
A000000255167,에센스_세럼_엠플,구달,[텔레토비 콜라보][쿨링/트러블] 구달 어성초 징크 히알루론 레드 수딩 세럼 30ml 더블 기획 (+왕 스티커 3매),21900,33.0,19.0,79.0,62.0,38.0,0.0,257,실측
A000000255439,에센스_세럼_엠플,스킨1004,[물광플럼핑]스킨1004 마다가스카르 센텔라 히알루-테카 플럼핑 앰플 50ml,29000,36.31,10.53,74.51,28.82,43.95,22.97,4,예측
A000000255852,에센스_세럼_엠플,레이어랩,[1+1/속보습 진정세럼] 레이어랩 니오좀 판테놀 5% 세럼 30ml+30ml 더블 기획,52000,52.0,7.0,89.0,32.0,60.0,8.0,4797,실측
A000000256080,에센스_세럼_엠플,rdrd,[NEW/단독기획] rdrd 레드 애플 락토 진정 세럼 30ml 응급진정 KIT 기획,20400,67.0,0.0,83.0,50.0,50.0,0.0,267,실측
A000000257152,에센스_세럼_엠플,바이오힐보,[슈링크홈콜라보|디바이스] 바이오힐보 프로바이오덤 콜라겐 세럼 30ml 슈링크홈기획(+콜라겐겔마스크),99500,48.0,6.0,72.0,20.0,56.0,24.0,783,실측
A000000257237,에센스_세럼_엠플,디마프,[꿀광앰플] 디마프 판테놀 30% 앰플 60ml,43000,37.0,6.0,79.0,29.0,67.0,4.0,128,실측
A000000257377,에센스_세럼_엠플,센텔리안24,[1등 세럼/모공피지] 센텔리안24 마데카 분말 티트리 에이씨 6g 더블기획 푸린 에디션 (+푸린수면안대 포켓몬),45000,23.0,29.0,81.0,77.0,19.0,3.0,1282,실측
A000000258189,에센스_세럼_엠플,일소,일소 펩타이드 3엑스 모공톡스 탄력 앰플 30ml,21000,32.65,10.54,68.46,34.87,35.42,25.9,2,예측
A000000258472,에센스_세럼_엠플,헤브블루,[쿨링진정/10층속수분] 헤브블루 살몬 케어링 센텔라 버블 토너-센스 95ml,22800,30.56,14.64,71.71,54.08,32.12,8.38,0,예측
A000000258772,에센스_세럼_엠플,조선미녀,[NEW/속보습]조선미녀 녹차 히알루론산 수분진정 세럼 30ml,17000,39.5,10.21,78.0,25.08,48.11,13.06,2,예측
A000000258879,에센스_세럼_엠플,코스알엑스,[가나디 콜라보]코스알엑스 더 블루 펩타이드 결광 세럼 50ml 기획 (+키캡 키링),23800,36.0,8.0,62.0,33.0,53.0,14.0,1007,실측
A000000259189,에센스_세럼_엠플,유리아쥬,[강력진정] 유리아쥬 시카 데일리 인텐스 리페어 세럼 30ml 한정기획 (+미스트 50ml),44000,24.0,6.0,88.0,76.0,24.0,0.0,408,실측
A000000259280,에센스_세럼_엠플,모토몬트,모토몬트 비포 메이크업 카페인 세럼 30ml,27900,36.45,13.44,75.71,38.88,60.88,16.29,2,예측
A000000260216,에센스_세럼_엠플,디어클레어스,클레어스 블루 유스 액티베이팅 드롭 20ml 리필 기획 (+20ml 리필),44000,18.59,27.12,75.22,77.78,16.01,4.97,12,예측
A000000260329,에센스_세럼_엠플,페이보릿,페이보릿 수분조 세럼 30ml,35100,47.15,5.4,75.17,20.57,72.41,12.21,22,예측
A000000261044,에센스_세럼_엠플,더후,[NEW] 더후 비첩 자생 NAD 파워 앰풀 30ml/50ml 옵션 택 1,99600,44.55,4.18,76.19,14.42,52.0,31.07,0,예측
A000000261626,에센스_세럼_엠플,메디테라피,메디테라피 히알루론산 스킨부스터 퍼스트 세럼 150ml,23900,35.19,13.06,72.28,41.2,54.66,13.18,2,예측
B000000187882,에센스_세럼_엠플,센텔리안24,센텔리안24 우유피부 글루타치온 토닝 부스팅 앰플 (업체배송),43000,35.71,10.97,66.48,31.93,42.96,26.02,17,예측
B000000187885,에센스_세럼_엠플,센텔리안24,센텔리안24 히알루론산 톡스 부스팅 앰플 (업체배송),43000,45.33,8.43,81.59,28.16,59.48,5.37,5,예측
B000000187886,에센스_세럼_엠플,센텔리안24,센텔리안24 연어 PDRN 퍼밍 부스팅 앰플 (업체배송),43000,42.12,8.35,76.82,29.79,57.46,18.77,18,예측
B000000191866,에센스_세럼_엠플,센텔리안24,센텔리안24 부스팅 샷 젤 150ml (업체배송),30000,40.63,7.6,76.38,18.98,52.36,29.95,13,예측
A000000255324,에센스_세럼_엠플,아누아,[수지 PICK/한정기획] 아누아 피디알엔 히알루론산 캡슐 100 세럼 30ml 더블기획 (+피디알엔 마스크 1매),27900,53.0,4.0,75.0,26.0,71.0,2.0,21892,실측
A000000203876,에센스_세럼_엠플,디마르3,[1등 모공앰플] 디마르3 시그니처 에스투드 프로텍터 모공 앰플 30ml,35000,32.0,9.0,65.0,29.0,48.0,23.0,1864,실측
A000000258298,에센스_세럼_엠플,토리든,[NEW] 토리든 다이브인 저분자 히알루론산 세럼 50ml,16500,51.0,8.0,82.0,24.0,76.0,0.0,79,실측
A000000226086,에센스_세럼_엠플,바이오더마,바이오더마 하이드라비오 에센스로션 200ml 기획(+안개분사 미스트 증정),28100,41.0,10.0,70.0,24.0,75.0,1.0,20466,실측
A000000250344,에센스_세럼_엠플,아이오페,[자극도ZERO]아이오페 레티놀 슈퍼 바운스 세럼 20ml 기획 (+15ml),27900,29.0,11.0,57.0,25.0,23.0,51.0,10288,실측
A000000219082,에센스_세럼_엠플,리얼베리어,[모공축소] 리얼베리어 레티니올 모공 타이트닝 세럼 30ml 기획 (+10ml),26000,24.0,14.0,72.0,24.0,27.0,49.0,223,실측
A000000231078,에센스_세럼_엠플,성분에디터,[포켓몬 에디션/잡티미백]성분에디터 머루포도 비타씨 다크 스팟 앰플 40ml 더블기획*,22900,34.0,11.0,69.0,28.0,36.0,36.0,933,실측
A000000251173,에센스_세럼_엠플,디어클레어스,[리락쿠마 콜라보/3분진정] 클레어스 블루 유스 액티베이팅 드롭 20ml 기획 (+리락쿠마 블루 장바구니),19920,21.0,22.0,67.0,80.0,18.0,2.0,2451,실측
A000000166511,에센스_세럼_엠플,파넬,[1등 진정세럼] 파넬 시카마누 92세럼30ml,19900,31.0,11.0,72.0,76.0,23.0,1.0,8774,실측
A000000210681,에센스_세럼_엠플,닥터지,[미백세럼/스피큘] 닥터지 RTX 인투세럼 비타민샷 2주 프로그램,15200,26.0,14.0,11.0,14.0,18.0,68.0,97,실측
A000000259223,에센스_세럼_엠플,더마팩토리,더마팩토리 나이아신아마이드 20% 세럼 80ml (한글에디션),14000,19.0,23.0,48.0,33.0,15.0,52.0,14253,실측
A000000186864,에센스_세럼_엠플,디오디너리,[브라이트닝] 디오디너리 100% L-아스코빅 애시드 파우더 20g,10000,26.0,17.0,29.0,17.0,19.0,65.0,281,실측
A000000115496,에센스_세럼_엠플,달팡,달팡 하이드라스킨 세럼 30ml,45540,42.0,2.0,82.0,26.0,74.0,0.0,58,실측
A000000130949,에센스_세럼_엠플,센텔리안24,[광채보습] 센텔리안24 마데카 마이크로 스타톡 세럼 50ml,29000,58.0,2.0,66.0,20.0,63.0,17.0,237,실측
A000000139561,에센스_세럼_엠플,스킨푸드,[끝판꿀광+트러블개선] 스킨푸드 로열허니 프로폴리스 인리치 에센스,22400,58.0,3.0,77.0,16.0,82.0,2.0,611,실측
A000000141033,에센스_세럼_엠플,허브노트,허브노트 스네일 리페어 앰플 45ml,28000,31.69,17.39,73.05,47.49,32.67,24.79,19,예측
A000000141306,에센스_세럼_엠플,디오디너리,[각질쓱싹] 디오디너리 만델릭 애시드 10% + HA 30ml,11800,17.0,45.0,39.0,36.0,26.0,39.0,166,실측
A000000141324,에센스_세럼_엠플,디오디너리,[브라이트닝] 디오디너리 아스코빌 테트라이소팔미테이트 솔루션 20% 인 비타민 F 30ml,31100,48.0,11.0,51.0,15.0,41.0,44.0,113,실측
A000000141710,에센스_세럼_엠플,다룸,DR다룸 릴리프 앰플 50ml,22800,42.0,10.0,91.0,35.0,62.0,2.0,737,실측
A000000149959,에센스_세럼_엠플,디오디너리,[차세대레티놀] 디오디너리 그랜액티브 레티노이드 5% 인 스쿠알란 30ml,25400,48.0,13.0,42.0,14.0,30.0,57.0,181,실측
A000000149963,에센스_세럼_엠플,디오디너리,[입문자추천] 디오디너리 레티놀 0.2% 인 스쿠알란 30ml,12300,37.0,12.0,34.0,24.0,28.0,47.0,5983,실측
A000000154959,에센스_세럼_엠플,제이엠솔루션,제이엠솔루션 릴리프 약산성 약쑥 앰플 50ml,15200,22.0,14.0,92.0,73.0,25.0,2.0,789,실측
A000000155321,에센스_세럼_엠플,AHC,AHC 에이치 멜라루트 앰플 스페셜 기획 (앰플10ml*2+크림20ml+앰플4.5ml 증정),33000,45.0,4.0,66.0,9.0,28.0,63.0,367,실측
A000000156327,에센스_세럼_엠플,수이스킨,수이스킨 하얀 자작나무 수액 앰플 35ml,24000,40.0,9.0,90.0,36.0,59.0,5.0,558,실측
A000000156776,에센스_세럼_엠플,블리블리,블리블리 인진쑥 밸런스 에센스 150ml,43000,26.0,10.0,67.0,95.0,3.0,3.0,40,실측
A000000158292,에센스_세럼_엠플,앰플엔,앰플엔 세라마이드샷 앰플 100ml,18900,54.0,5.0,89.0,16.0,77.0,7.0,4154,실측
A000000158310,에센스_세럼_엠플,믹순,[수분결광] 믹순 콩 에센스 50ml,29700,33.0,13.0,73.0,29.0,67.0,4.0,1387,실측
A000000159596,에센스_세럼_엠플,베리홉,베리홉 아하 바하 파하 리파이닝 부스트 세럼 15g,41900,34.22,21.87,58.87,37.58,54.0,9.32,15,예측
A000000162980,에센스_세럼_엠플,라빠레뜨 뷰티,라빠레뜨 뷰티 카밍 그린 에센셜 세럼 35ml,32000,21.0,7.0,91.0,67.0,33.0,0.0,41,실측
A000000163688,에센스_세럼_엠플,비플레인,[급속진정] 비플레인 시카테롤 앰플 30ml,26000,17.0,15.0,74.0,86.0,14.0,0.0,212,실측
A000000165562,에센스_세럼_엠플,베리홉,베리홉 에잇 데이즈 퓨어 비타민 씨 앰플 엑스퍼트 15g,52000,35.0,7.0,27.0,13.0,13.0,73.0,109,실측
A000000170383,에센스_세럼_엠플,디에이브,디에이브 더마-테카 바이옴 세럼 50ml,30000,33.0,13.0,93.0,51.0,43.0,7.0,411,실측
A000000170928,에센스_세럼_엠플,아이오페,아이오페 PDRN 카페인 샷 앰플 30ml,37500,44.0,3.0,76.0,16.0,40.0,44.0,1105,실측
A000000172041,에센스_세럼_엠플,울트라브이,울트라브이 이데베논 프레스티지 앰플 3개입,35100,44.0,7.0,77.0,8.0,41.0,50.0,747,실측
A000000174027,에센스_세럼_엠플,디오디너리,[노화케어] 디오디너리 멀티-펩타이드 + HA 세럼 30ml,30200,39.0,7.0,56.0,24.0,43.0,32.0,271,실측
A000000176954,에센스_세럼_엠플,에스티로더,에스티 로더 마이크로 에센스 트리트먼트 로션 100ml,105000,42.0,2.0,74.0,29.0,59.0,12.0,107,실측
A000000178077,에센스_세럼_엠플,헤라,헤라 옴므 파워부스팅 페이스 트리트먼트 110ML,60000,16.0,14.0,63.0,16.0,67.0,18.0,57,실측
A000000178993,에센스_세럼_엠플,비마이셀프,비마이셀프 AX 퓨어 비타C 15 앰플 15ml,44900,24.0,13.0,46.0,9.0,20.0,71.0,74,실측
A000000179256,에센스_세럼_엠플,센텔리안24,[진정/속보습] 센텔리안24 마데카 데일리 리페어 앰플 50ml (첫단계진정앰플),23800,42.0,7.0,84.0,47.0,50.0,4.0,223,실측
A000000182480,에센스_세럼_엠플,바이오더마,[항산화 세럼]바이오더마 센시비오 디펜시브 세럼 30ml,50000,40.0,6.0,72.0,49.0,44.0,7.0,459,실측
A000000183731,에센스_세럼_엠플,VT,[국민모공템] VT 리들샷 100 에센스 50ml (+리들샷 300 1ml*3ea기획/단품),22000,21.0,15.0,20.0,39.0,25.0,36.0,23016,실측
A000000185094,에센스_세럼_엠플,메이크프렘,[2주모공세럼/바쿠치올] 메이크프렘 엔드포어 베지티놀 모공세럼 50ml,18900,16.0,19.0,72.0,44.0,30.0,26.0,2161,실측
A000000185313,에센스_세럼_엠플,스킨푸드,[당근앰플] 스킨푸드 캐롯 카로틴 모이스트 이펙터 52ml,17500,30.0,13.0,78.0,40.0,60.0,0.0,261,실측
A000000185961,에센스_세럼_엠플,넘버즈인,[수분광채] 넘버즈인 6번 푹잠 마스크팩 세럼 80ml 기획(+4번 SOS 얼음장팩),24500,46.0,7.0,79.0,24.0,76.0,0.0,6798,실측
A000000187040,에센스_세럼_엠플,아벤느,아벤느 이드랑스 수분 에센스-인-로션 200ml 2입기획,37900,47.0,5.0,77.0,22.0,77.0,1.0,13008,실측
A000000187871,에센스_세럼_엠플,더랩바이블랑두,더랩바이블랑두 엑스퍼트루 모공탄력 세럼 30ml,19000,11.0,18.0,70.0,29.0,38.0,33.0,205,실측
A000000187872,에센스_세럼_엠플,더랩바이블랑두,더랩바이블랑두 엑스퍼트루 잡티케어 세럼 30ml,17400,18.0,7.0,68.0,31.0,17.0,53.0,200,실측
A000000188087,에센스_세럼_엠플,블리브유,[순수비타민/기미잡티] 블리브유 더 리얼 비타 C 20 앰플 12ml,11900,29.0,9.0,44.0,14.0,17.0,69.0,411,실측
A000000189015,에센스_세럼_엠플,후시다인,후시다인 더마 트러블 밸런싱 세럼 40g,35000,30.0,21.0,86.0,60.0,38.0,2.0,1273,실측
A000000189766,에센스_세럼_엠플,더랩바이블랑두,더랩바이블랑두 엑스퍼트루 모공탄력 세럼 30ml 기획 (+샤셰 4매 증정),28000,23.0,17.0,75.0,31.0,41.0,28.0,559,실측
A000000189772,에센스_세럼_엠플,더랩바이블랑두,더랩바이블랑두 엑스퍼트루 잡티케어 세럼 30ml 기획 (+샤셰 4매 증정),29000,23.0,9.0,73.0,31.0,27.0,42.0,964,실측
A000000191387,에센스_세럼_엠플,아비브,[2주모공탄력] 아비브 부활초 비피다 세럼 퍼밍 드롭 50ml,22400,53.0,4.0,62.0,31.0,61.0,8.0,154,실측
A000000197661,에센스_세럼_엠플,닥터멜락신,닥터멜락신 비피 포어 앰플 30ml,20900,38.0,13.0,78.0,34.0,40.0,26.0,90,실측
A000000198424,에센스_세럼_엠플,아벤느,아벤느 클리낭스 파워 컨트롤 세럼 30ml *스팟 케어,27900,27.0,26.0,49.0,74.0,24.0,2.0,180,실측
A000000199173,에센스_세럼_엠플,오휘,[PDRN세럼 선물세트] 오휘 프라임AD 디에이징 앰플세럼 20ml 세트,46750,47.0,5.0,83.0,12.0,56.0,32.0,565,실측
A000000199277,에센스_세럼_엠플,로우퀘스트,로우퀘스트 베리어 인핸싱 토너 투 에센스 200ml,17500,59.0,3.0,88.0,13.0,86.0,1.0,1152,실측
A000000199722,에센스_세럼_엠플,마몽드,마몽드 포어 슈링커 바쿠치올 세럼 50ml 기획 (+크림 30ml),29620,31.0,12.0,61.0,31.0,34.0,34.0,265,실측
A000000199723,에센스_세럼_엠플,마몽드,마몽드 포어 슈링커 바쿠치올 세럼 50ml,39500,37.28,8.63,71.96,33.36,40.99,22.86,11,예측
A000000200533,에센스_세럼_엠플,유리아쥬,유리아쥬 이제악3-레귤 40ml,32000,14.0,36.0,46.0,73.0,24.0,3.0,70,실측
A000000200572,에센스_세럼_엠플,무슈제이,[모공케어] 무슈제이 레티놀로지 데일리 리페어 (로션/에센스) 택 1,27900,18.0,20.0,81.0,25.0,50.0,25.0,123,실측
A000000201753,에센스_세럼_엠플,톡스앤필,[진정보습/장벽케어] 톡스앤필 판테놀 세럼 30ml,26200,14.0,23.0,89.0,57.0,37.0,6.0,32,실측
A000000202453,에센스_세럼_엠플,빌리프,[결광톤업] 빌리프 슈퍼드랍스 비타C토닝 결광 세럼 30ml 단품 / 1+1 기획,29260,31.0,8.0,70.0,13.0,29.0,58.0,1044,실측
A000000202907,에센스_세럼_엠플,이지듀,대웅제약 이지듀 기미잡티앰플 12ml+기미패치 2매 기획,29900,43.0,4.0,63.0,18.0,33.0,49.0,2637,실측
A000000203126,에센스_세럼_엠플,디오디너리,[고강도탄력] 디오디너리 레티날 0.2% 에멀전 15ml,21400,28.0,19.0,36.0,20.0,19.0,61.0,211,실측
A000000203589,에센스_세럼_엠플,토리든,토리든 셀메이징 비타C 브라이트닝 앰플 30ml 기획 (+10ml),18200,39.0,10.0,68.0,17.0,30.0,53.0,2356,실측
A000000204075,에센스_세럼_엠플,코스알엑스,코스알엑스 풀핏 프로폴리스 라이트 앰플 40ml 1+1 기획,25000,50.0,3.0,77.0,21.0,77.0,3.0,881,실측
A000000204162,에센스_세럼_엠플,다슈,다슈 보이 파란 수분초 수분 세럼 65ml 기획 (+세럼 20ml),28000,24.0,26.0,78.0,27.0,72.0,2.0,259,실측
A000000204169,에센스_세럼_엠플,라운드랩,[잡티청소] 라운드랩 비타 나이아신 잡티 세럼 30ml 기획 (+잡티크림 10ml),21000,31.0,11.0,67.0,21.0,22.0,57.0,3396,실측
A000000204306,에센스_세럼_엠플,넘버즈인,[수딩진정] 넘버즈인 1번 판토텐산 액티브업 수딩세럼 50ml,19500,17.0,32.0,78.0,65.0,34.0,1.0,1427,실측
A000000204578,에센스_세럼_엠플,AHC,[수분/단독기획]AHC 프로 샷 히알루로 딥 볼륨 5 인트라 세럼 40ml 기획 (아이크림 +10ml),25900,45.0,4.0,89.0,13.0,76.0,11.0,386,실측
A000000204638,에센스_세럼_엠플,더후,더후 로얄레지나 에너제틱 리페어 세럼 30ml,65700,48.6,3.17,68.86,16.03,53.54,23.74,2,예측
A000000205864,에센스_세럼_엠플,이즈앤트리,[NCT 재민PICK] 이즈앤트리 어니언 뉴페어 부스터 샷 2000 50ml,19600,22.0,21.0,23.0,28.0,25.0,48.0,379,실측
A000000206821,에센스_세럼_엠플,뉴라덤,[윤곽앰플] 메디톡스 뉴라덤 코어타임 앰플 2개입,57500,47.0,8.0,88.0,9.0,49.0,42.0,2561,실측
A000000206961,에센스_세럼_엠플,아비브,[투명잡티] 아비브 글루타치온좀 잡티 세럼 비타 드롭 50ml,32000,29.0,8.0,70.0,23.0,23.0,54.0,565,실측
A000000206967,에센스_세럼_엠플,에스테덤,[비타민C앰플/기미잡티]에스테덤 비타민C2 미백 앰플 10ml,59200,25.0,15.0,30.0,15.0,15.0,70.0,235,실측
A000000207232,에센스_세럼_엠플,넘버즈인,[트러블흔적] 넘버즈인 1번 판토텐산 액티브업 드레싱 파우더,9900,12.0,45.0,67.0,90.0,9.0,1.0,5205,실측
A000000207750,에센스_세럼_엠플,엠도씨,엠도씨 스킨 포어 타이트너 이엑스 50ml,17600,24.94,20.53,71.33,41.97,54.5,11.7,19,예측
A000000208680,에센스_세럼_엠플,후시다인,후시다인 더마 포어 4D 콜라겐 세럼 50ml,38000,60.0,7.0,97.0,8.0,73.0,19.0,316,실측
A000000208735,에센스_세럼_엠플,아렌시아,[잡티미백 집중케어 / 화제의 쿨톤 세럼] 아렌시아 홀리 히솝 세럼 30 50g,42000,39.0,5.0,75.0,32.0,42.0,27.0,841,실측
A000000208780,에센스_세럼_엠플,차앤박,[진정탄력] 차앤박 더마앤서 액티브 부스트 PDRN앰플 30ml 기획 (+15ml 증정),25900,45.0,6.0,71.0,24.0,58.0,18.0,10060,실측
A000000208911,에센스_세럼_엠플,바이오던스,바이오던스 하이드로 세라놀 앰플 30ml,34000,55.0,5.0,85.0,29.0,70.0,1.0,73,실측
A000000209559,에센스_세럼_엠플,퍼셀,[총40ml/장벽강화세럼] 퍼셀 20억/mL 픽셀바이옴 유산균 원액 20ml 더블 기획,56000,26.0,14.0,70.0,71.0,24.0,4.0,13732,실측
A000000209640,에센스_세럼_엠플,티엘스,[4가지 일상 잡티 케어] 티엘스 레드 오렌지 나이아신아마이드 세럼 30ml,22000,25.0,17.0,87.0,16.0,22.0,62.0,132,실측
A000000210011,에센스_세럼_엠플,퍼셀,[트러블케어/스팟진정] 퍼셀 익스트림 이펙트 터피네올 원액 10ml,24000,23.0,29.0,22.0,87.0,13.0,0.0,98,실측
A000000211084,에센스_세럼_엠플,반코르,[보습개선/진정]반코르 바쿠치올 5000ppm 모공결 주름결 세럼 슬로우에이징,27500,34.0,10.0,73.0,28.0,47.0,25.0,1353,실측
A000000211220,에센스_세럼_엠플,빌리프,빌리프 슈퍼드랍스 멀티-7 히알루론 프로즌 세럼 3ml X 6개입,9360,41.0,12.0,66.0,50.0,48.0,2.0,316,실측
A000000211602,에센스_세럼_엠플,코스알엑스,[흔적케어] 코스알엑스 더 알파 - 알부틴 세럼 50ml,19500,20.0,15.0,63.0,30.0,18.0,52.0,844,실측
A000000213146,에센스_세럼_엠플,이지듀,[단독기획] 이지듀 스킨부스터 샷 앰플 기획 4종 (1ml*7ea+엠티에스 앰플 3.5ml 증정),29900,46.0,4.0,55.0,18.0,56.0,26.0,167,실측
A000000213152,에센스_세럼_엠플,이지듀,이지듀 스킨부스터 엠티에스 앰플 3.5ml,9900,53.0,7.0,51.0,20.0,60.0,20.0,45,실측
A000000213283,에센스_세럼_엠플,오드로이,오드로이 레티놀 0.03퍼센트 피어니 앰플 필리디 50ml,24500,23.0,21.0,46.0,21.0,19.0,60.0,48,실측
A000000213285,에센스_세럼_엠플,오드로이,오드로이 76퍼센트 캑터스 세럼 로프디 50ml,16070,30.55,14.57,74.6,48.1,39.79,5.36,21,예측
A000000213287,에센스_세럼_엠플,오드로이,오드로이 74퍼센트 블랙빈 앰플 로프디 50ml,16070,30.21,18.79,76.73,38.11,49.05,10.27,5,예측
A000000213410,에센스_세럼_엠플,반코르,반코르 닥터 스쿠알란 속보습 앰플 50ml,20830,38.7,9.25,78.45,48.38,49.78,4.45,22,예측
A000000213411,에센스_세럼_엠플,반코르,반코르 닥터 라디아타 잡티세럼 로토 30ml,25080,19.0,3.0,75.0,47.0,22.0,31.0,32,실측
A000000213952,에센스_세럼_엠플,연작,연작 카밍 앤 컴포팅 앰플 40ml,38000,37.0,13.0,87.0,43.0,57.0,0.0,30,실측
A000000214261,에센스_세럼_엠플,키엘,키엘 파워풀 스트렝스 라인 리듀싱 콘센트레이트 50ml,115600,32.3,9.3,63.23,27.52,37.73,28.19,8,예측
A000000214272,에센스_세럼_엠플,키엘,[OY단독/1위세럼] 키엘 울트라 퓨어 하이-포텐시 세럼 9.8% 글라이콜릭애씨드 30ml,49000,24.74,25.12,58.93,46.01,40.15,6.44,6,예측
A000000216836,에센스_세럼_엠플,파넬,[재구매1위/깐달걀세럼] 파넬 아하 오미자 도자기 워시오프 세럼 30ml,19900,24.0,15.0,64.0,44.0,36.0,20.0,620,실측
A000000218545,에센스_세럼_엠플,에스트라,에스트라 에이시카365 흔적진정세럼 pH4.5 40ml,28500,24.0,12.0,80.0,81.0,17.0,2.0,691,실측
A000000219128,에센스_세럼_엠플,셀올로지,셀올로지 블루 이레이저 세럼 15ml (세럼/리필2입),39800,38.58,15.47,73.08,44.27,34.37,2.89,24,예측
A000000219212,에센스_세럼_엠플,SVR,[레티놀]SVR 리프팅 A 앰플 30ml 기획(+크림 10ml)/단품,36500,36.0,17.0,47.0,10.0,17.0,72.0,127,실측
A000000219528,에센스_세럼_엠플,디마르3,디마르3 모공 앰플 30ml 리필 증정기획 (+리필팩 30ml),28900,33.0,9.0,69.0,29.0,46.0,25.0,2982,실측
A000000219603,에센스_세럼_엠플,셀퓨전씨,[흔적케어/비타민X스피큘] 셀퓨전씨 토닝C 비타 샷 앰플 20g 더블기획,38900,35.0,7.0,44.0,13.0,25.0,62.0,369,실측
A000000219871,에센스_세럼_엠플,네오젠,[광채/보습/기미/잡티] 네오젠 더블 비타 스팟 토닝 세럼 30ml,34000,37.0,13.0,94.0,6.0,46.0,48.0,63,실측
A000000222321,에센스_세럼_엠플,바이오더마,[NEW]바이오더마 세비엄 세럼 30ml,33900,25.0,75.0,75.0,100.0,0.0,0.0,839,실측
A000000222860,에센스_세럼_엠플,아이오페,아이오페 비타민C 엑스퍼트 25% 항산화 토닝 앰플 23ml 기획 (+필패드 1매 + 선앰플 10ml),44000,31.0,5.0,43.0,16.0,22.0,62.0,529,실측
A000000222907,에센스_세럼_엠플,셀퓨전씨,[쿨링입문템/4계절쿨링] 셀퓨전씨 포스트 알파 쿨링 스킨 부스터 세럼 150ml+30ml 기획세트,28000,25.0,19.0,70.0,58.0,41.0,1.0,1175,실측
A000000223619,에센스_세럼_엠플,차앤박,[흔적미백/PDRN] 차앤박 더마앤서 핑크토닝 딥인샷 앰플 30ml,40500,41.0,7.0,50.0,17.0,45.0,38.0,248,실측
A000000224110,에센스_세럼_엠플,아이오페,[PDRN] 아이오페 PDRN 카페인 샷 30ml 기획 (+5ml*3ea),37500,45.0,5.0,65.0,25.0,44.0,30.0,1618,실측
A000000224647,에센스_세럼_엠플,유세린,[티아미돌입문세럼/광채홈케어] 유세린 이븐래디언스 일루미네이팅 세럼 30ml,35900,47.0,3.0,71.0,13.0,58.0,29.0,272,실측
A000000224862,에센스_세럼_엠플,오휘,오휘 프라임 어드밴서 디에이징 PDRN 부스터샷 50ml,76000,45.76,4.15,76.93,14.11,54.6,29.91,11,예측
A000000225460,에센스_세럼_엠플,크리니크,크리니크 멜라닌안녕세럼 30ml 기획 (+10ml*2 증정),89250,28.88,13.29,69.94,44.77,41.74,26.42,12,예측
A000000225604,에센스_세럼_엠플,차앤박,[흔적잡티케어/PDRN] 차앤박 더마앤서 핑크토닝 딥인샷 앰플 30ml 기획 (+15ml),40500,36.0,7.0,47.0,23.0,37.0,40.0,819,실측
A000000226498,에센스_세럼_엠플,메디큐브,[1등미백앰플] 메디큐브 PDRN 핑크 앰플 30ml 기획 (본품+리필 50ML+겔패드 2매입*2개),24400,53.0,5.0,73.0,21.0,55.0,23.0,22727,실측
A000000226568,에센스_세럼_엠플,닥터자르트,[미백&주름개선] NEW 닥터자르트 브라이타민 브라이트닝 세럼 앰플,19900,40.0,6.0,65.0,18.0,22.0,60.0,168,실측
A000000226952,에센스_세럼_엠플,눅스,[생기/항산화 세럼]눅스 프로디쥬스 글로우 부스트 세럼 30ml 기획(+플로럴오일 10ml 증정),49800,49.0,3.0,62.0,26.0,46.0,28.0,361,실측
A000000227984,에센스_세럼_엠플,유리아쥬,[피지/모공케어 로션] 유리아쥬 이제악 3-레귤+ 40ML,28800,30.0,30.0,45.0,58.0,42.0,0.0,33,실측
A000000229191,에센스_세럼_엠플,울트라브이,울트라브이 이데베논 프레스티지 앰플 10ml,12510,26.0,13.0,71.0,13.0,23.0,65.0,30,실측
A000000229219,에센스_세럼_엠플,랑콤,랑콤 제니피끄 세럼 30ml,107100,37.0,11.29,74.56,26.63,49.25,15.76,12,예측
A000000229225,에센스_세럼_엠플,유리아쥬,유리아쥬 이제악 뉴스킨 세럼 30ml,37400,7.0,46.0,33.0,81.0,16.0,3.0,67,실측
A000000229489,에센스_세럼_엠플,아이오페,아이오페 XMD 스템3 클리니컬 리커버리 세럼 30ml,53550,42.79,7.33,73.89,21.54,59.62,18.12,6,예측
A000000229494,에센스_세럼_엠플,아이오페,[1등레티놀]아이오페 레티놀 슈퍼 바운스 세럼 30ml,42500,43.0,7.0,57.0,21.0,39.0,39.0,45,실측
A000000229522,에센스_세럼_엠플,성분에디터,[모공타이트닝앰플/4중모공개선] 성분에디터 그린토마토 NMN 포어 리프팅 앰플 40ml,14900,31.0,15.0,70.0,37.0,42.0,21.0,1168,실측
A000000231076,에센스_세럼_엠플,성분에디터,[1등 탄력앰플/녹는실리프팅] 성분에디터 실크펩타이드 EGF 하트핏 볼륨 리프팅 앰플 40ml더블기획(+키링 파우치)*,22900,38.0,4.0,67.0,22.0,43.0,36.0,2171,실측
A000000231778,에센스_세럼_엠플,라로슈포제,라로슈포제 시카플라스트 리페어 에센스 30ml,55000,45.0,9.0,77.0,58.0,42.0,0.0,505,실측
A000000232355,에센스_세럼_엠플,아이오페,아이오페 레티놀 레티젝션 세럼 30ml,49900,32.54,8.64,41.6,20.67,20.16,58.73,2,예측
A000000232357,에센스_세럼_엠플,아이오페,아이오페 레티놀 레티젝션 세럼 30ml 기획 (+세럼10ml+크림15ml),49900,27.0,13.0,29.0,18.0,17.0,65.0,518,실측
A000000232382,에센스_세럼_엠플,마미케어,[순수비타민C/잡티앰플] 마미케어 오쏘타민 비타민C 앰플 15ml,26000,30.0,8.0,40.0,17.0,20.0,63.0,386,실측
A000000232962,에센스_세럼_엠플,나노레시피,나노레시피 비타민 C 리포좀 앰플 30ml,11600,22.0,9.0,59.0,18.0,22.0,59.0,116,실측
A000000232991,에센스_세럼_엠플,빌리프,[NEW] 빌리프 맨101 아쿠아 리프레셔 125ml,29260,44.49,8.63,72.81,30.18,57.83,13.87,4,예측
A000000235247,에센스_세럼_엠플,웰라쥬,[속건조필수템] 웰라쥬 리얼 히알루로닉 블루 100 앰플 75ml 2입 기획 (+마스크1매),29900,39.0,14.0,78.0,24.0,75.0,1.0,18363,실측
A000000236422,에센스_세럼_엠플,아이오페,[자극도0.0/입문레티놀] 아이오페 레티놀 슈퍼 바운스 세럼 30ml +25ml 기획,42500,31.0,9.0,60.0,25.0,26.0,48.0,3021,실측
A000000237465,에센스_세럼_엠플,코스알엑스,코스알엑스 어드밴스드 비타민C 세럼 20g 기획 (+선세럼 15ml),21200,37.0,9.0,49.0,13.0,28.0,60.0,4019,실측
A000000237931,에센스_세럼_엠플,메디앤서,[리프팅UP]메디앤서 레티노이드 리프트실 세럼 30ml,25800,37.69,8.01,65.36,27.17,53.29,23.13,10,예측
A000000242341,에센스_세럼_엠플,아이오페,[글로우 부스팅샷] 아이오페 PDRN 카페인 샷 30ml 리필 기획 (+30ml 리필),37500,37.0,5.0,63.0,27.0,47.0,26.0,2454,실측
A000000242565,에센스_세럼_엠플,성분에디터,[산리오 콜라보/1등모공앰플] 성분에디터 그린토마토 NMN 포어 리프팅 앰플 40ml 더블 기획 (+산리오 빗거울)*,23000,32.0,12.0,71.0,36.0,47.0,17.0,4388,실측
A000000244897,에센스_세럼_엠플,코스알엑스,[속보습]코스알엑스 더 6 펩타이드 스킨 부스터 세럼 30ml,5600,45.0,10.0,69.0,24.0,71.0,5.0,502,실측
A000000246123,에센스_세럼_엠플,더마팩토리,[단독기획] 더마팩토리 나이아신아마이드 20% 세럼 30ml 2입 기획,11400,23.0,24.0,49.0,37.0,22.0,42.0,1293,실측
A000000247184,에센스_세럼_엠플,토리든,[코르티스PICK]토리든 밸런스풀 시카 컨트롤 세럼 50ml 한정 리필 기획 (+리필 50ml+패드 10매),18400,23.0,20.0,68.0,76.0,23.0,1.0,8527,실측
A000000247732,에센스_세럼_엠플,믹순,믹순 히알레배 포어 버블 세럼 70ml 기획 (+팩브러쉬),14900,41.0,16.0,76.0,21.0,78.0,1.0,13299,실측
A000000247770,에센스_세럼_엠플,아누아,[수지세럼] 아누아 피디알엔 히알루론산 캡슐 100 세럼 30ml 더블 기획,57500,61.0,5.0,81.0,18.0,79.0,2.0,23503,실측
A000000248700,에센스_세럼_엠플,포레스트 서울,[금손 민킴PICK/화잘먹 단독기획] 그린핑거 포레스트 피톤 수분시카 세럼 50ml 기획(+세럼10ml+크림10ml)*,33000,44.0,10.0,92.0,34.0,64.0,3.0,6983,실측
A000000249969,에센스_세럼_엠플,셀라딕스,[드래곤길들이기 콜라보] 셀라딕스 세범 리밸런싱 RX 131 앰플 30ml 기획 + 랜덤 키링 1종 증정,26900,18.0,19.0,66.0,75.0,22.0,3.0,3766,실측
A000000250099,에센스_세럼_엠플,라로슈포제,라로슈포제 시카플라스트 리페어 에센스 30ml 기획 (+시카밤3ml+시카라방3ml),55000,30.0,12.0,62.0,57.0,39.0,4.0,607,실측
A000000250105,에센스_세럼_엠플,라로슈포제,[피지각질케어] 라로슈포제 에빠끌라 듀오+ M 트러블 에센스 40ml 기획(+에빠끌라 폼 50ml),35000,14.0,39.0,48.0,75.0,18.0,7.0,3545,실측
A000000250345,에센스_세럼_엠플,아이오페,[콜라겐부스터]아이오페 레티놀 레티젝션 세럼 20ml 기획 (+15ml),33900,27.0,10.0,37.0,22.0,19.0,59.0,1084,실측
A000000250476,에센스_세럼_엠플,에스네이처,[1등 화잘먹 수분세럼] 에스네이처 아쿠아 스쿠알란 세럼 50ml 리필기획 (+50ml 리필+발렌 하트 거울),35000,41.0,9.0,78.0,24.0,74.0,1.0,6664,실측
A000000250666,에센스_세럼_엠플,한율,[1+1] 한율 쑥히알 세럼 40ml 드롭드롭드롭 콜라보 기획 (+40ml 리필+딜리백 키링),25500,15.0,40.0,77.0,33.0,66.0,1.0,6879,실측
A000000250859,에센스_세럼_엠플,디어클레어스,[리락쿠마 콜라보/진정1등] 클레어스 블루 유스 액티베이팅 드롭 50ml 한정기획 (+리락쿠마 파우치),36800,18.0,27.0,71.0,80.0,18.0,2.0,6406,실측
A000000252128,에센스_세럼_엠플,유세린,[재입고 완료/글로벌 대란템] 유세린 티아미돌 부스터 세럼 30ml 기획 (+마스크팩 1매+페이스쿨러),40900,32.0,10.0,41.0,23.0,28.0,50.0,603,실측
A000000253383,에센스_세럼_엠플,닥터지,[수분쿨링/포켓몬 에디션] 닥터지 레드블레미쉬 클리어 히알 시카 수딩 세럼 50ml 기획 (리필50ml+꼬부기파우치),40000,30.0,17.0,77.0,59.0,41.0,1.0,4314,실측
A000000255068,에센스_세럼_엠플,셀라딕스,[조유리 PICK/한정수량] 셀라딕스 트러블 세범 리밸런싱 131 앰플 30ml 기획 (+리필 10ml),25400,21.0,25.0,72.0,68.0,29.0,3.0,4290,실측
A000000256047,에센스_세럼_엠플,토리든,[NEW] 토리든 다이브인 저분자 히알루론산 세럼 50ml 더블 기획 (밸풀 세럼 20ml+선크림 20ml),38000,39.0,11.0,79.0,26.0,73.0,1.0,4309,실측
A000000257698,에센스_세럼_엠플,달바,[26년 신형/대용량] 달바 비타 캡슐 세럼 나이아신아마이드 5퍼센트 100ml 기획,42900,67.0,3.0,80.0,15.0,67.0,19.0,342,실측
A000000261548,에센스_세럼_엠플,셀비엔,셀비엔 갈락토미세스 앰플97 155ml,16830,0.0,0.0,0.0,0.0,0.0,0.0,124,실측
A000000261830,에센스_세럼_엠플,눅스,[NEW기획/광채세럼]눅스 프로디쥬스 부스트 글로우 부스팅 세럼 30ml 기획(+쉬머오일 10ml)(2607),43900,44.96,8.27,64.41,10.16,45.66,34.21,28,예측
B000000248711,에센스_세럼_엠플,설화수,[업체배송] 설화수 윤조에센스 6세대 90ml 기획(+에센스90ml+클렌징폼50ml+에센스8ml+자음생크림5ml),126000,42.82,7.18,70.65,29.2,52.72,16.32,22,예측
A000000253617,오일_밤,마녀공장,[블랙헤드1등] 마녀공장 퓨어 소이빈 클렌징오일 200ml 2입 기획,23500,33.0,14.0,78.0,33.8,59.74,3.0,55753,실측
A000000231950,오일_밤,바닐라코,[블랙헤드/1등 클렌징밤] 바닐라코 클린잇제로 클렌징밤 100ml 2종 택1,15600,22.88,22.9,66.38,51.6,45.12,2.01,24876,예측
A000000225774,오일_밤,아누아,[말끔모공/피지순삭] 아누아 어성초 클렌징 듀오 기획 (오일 200ml+폼 150ml),25500,33.0,16.0,68.0,39.05,67.6,7.14,8328,실측
A000000260524,오일_밤,비플레인,[8월올영픽/피지쏙]비플레인 녹두 클렌징오일 200ml 더블 기획,24900,16.0,19.0,75.0,40.33,56.65,1.01,6483,실측
A000000259905,오일_밤,한스킨,[한정수량][최다구성] 한스킨 클렌징오일&블랙헤드 PHA 200ml 더블더블기획 (+30ml*2),23700,29.0,11.0,74.0,26.7,46.45,7.48,11747,실측
A000000231315,오일_밤,프리메라,[1+1] 프리메라 마일드 앤 퍼펙트 클렌징 오일 투 폼 200ml 리필기획/단품,20800,32.0,10.0,68.0,27.85,60.79,6.7,5601,실측
A000000202472,오일_밤,에이프릴스킨,[피지순삭/요철삭제] 에이프릴스킨 당근클렌징밤 90ml 기획 (+미니밤 2개 증정),19900,34.22,13.4,78.79,31.79,59.42,6.61,12309,예측
A000000225801,오일_밤,비플레인,[우유멜팅] 비플레인 녹두 모공 클렌징 밀크밤 100ml 기획 (+3ml*4개),18500,25.11,15.58,70.22,37.06,36.68,31.82,3314,예측
A000000230421,오일_밤,포들,[12ml증정/모공세정] 포들 2X 프레시밤 밤투폼 클렌징밤 130ml 기획,22050,22.49,23.37,68.23,55.58,34.69,8.01,18248,예측
A000000205555,오일_밤,아누아,[박희선 Pick/피지쏙] 아누아 어성초 포어 컨트롤 클렌징오일 200ml 2입,25900,29.0,18.0,71.0,26.08,72.0,5.6,18264,실측
A000000238532,오일_밤,유이크,[장벽 클렌징밤]유이크 바이옴 베리어 콜라겐 퍼밍 클렌징밤 100ml (+20ml 추가증정),19350,27.21,13.72,65.52,49.92,42.21,8.53,4590,예측
A000000174279,오일_밤,아누아,[박희선Pick/피지순삭] 아누아 어성초 피지쏙 클렌징오일 200ml,15000,26.0,17.0,70.0,26.08,72.0,5.6,6241,실측
A000000165797,오일_밤,넘버즈인,[대용량/올영단독] 넘버즈인 1번 말끔 순삭 클렌징 오일 400ml 대용량,23500,25.0,15.0,68.0,22.93,68.59,11.56,14876,실측
A000000259721,오일_밤,청미정,[성분천재/올리브오일 52%] 청미정 알로에발효 클렌징오일 (단품/기획),25140,23.77,17.49,69.13,69.88,44.08,0.0,17,예측
A000000191483,오일_밤,아누아,[박희선Pick/대용량] 아누아 어성초 포어 컨트롤 클렌징오일 350ml,21900,25.0,18.0,71.0,26.08,72.0,5.6,11304,실측
A000000181478,오일_밤,비플레인,[피지쏙/눈시림ZERO] 비플레인 녹두 클렌징 오일 200ml 기획 (+50ml),19900,25.0,18.0,73.0,50.13,47.45,0.0,7191,실측
A000000184908,오일_밤,바이오더마,바이오더마 센시비오 미셀라 클렌징 오일 150ml,24000,44.0,8.0,73.0,26.3,53.13,15.67,2230,실측
A000000250980,오일_밤,넘버즈인,[세럼클렌저] 넘버즈인 3번 보들보들 모공결 클렌징 오일 200ml,18900,31.0,14.0,79.0,40.45,50.08,1.35,1772,실측
A000000227650,오일_밤,토르홉,[단독기획/피지케어] 토르홉 카모스 블랙 소금 미온스팀 클렌징 젤밤 100g (+5g*2ea 증정),18600,32.05,11.63,73.91,31.73,65.24,0.0,2064,예측
A000000137728,오일_밤,그레이멜린,그레이멜린 카놀라크레이지 클렌징오일 더블 기획,18000,28.0,12.0,70.0,31.89,61.82,1.6,4079,실측
A000000198831,오일_밤,마몽드,[하루특가/피지클렌징] NEW 마몽드 민트 포어 클리어 클렌징밤 100mL (+민트차콜릿팩클렌저 25g 증정기획),18000,27.09,22.13,78.29,46.36,51.68,7.8,7065,예측
A000000244479,오일_밤,랑벨,랑벨 내츄럴 딥 클렌징 오일 205ml 기획 (+클렌징오일 23ml),19900,32.0,11.0,73.0,47.13,51.32,0.0,1413,실측
A000000230560,오일_밤,휩드,[듀얼클렌징퍼프 증정] 휩드 무화버터 비건 캐러멜 클렌징밤 90ml 기획,22900,29.18,13.41,71.64,27.64,57.31,8.37,1097,예측
A000000202678,오일_밤,바닐라코,[블랙헤드 쏙] 바닐라코 클린잇제로 포어클래리파잉 클렌징밤 100ml,15600,20.8,24.67,68.83,53.46,39.46,3.07,20781,예측
A000000244756,오일_밤,뉴트로지나,[세안밴드세트증정/1+1기획/산뜻모공] 뉴트로지나 딥클린 클렌징 오일 200ml,21800,26.0,16.0,62.0,26.58,62.46,16.63,2833,실측
A000000233330,오일_밤,식물나라,[셔벗밤] 식물나라 제주 탄산수 딥 모공 클렌징 셔벗 밤 100ml,8800,23.12,21.36,71.94,48.84,46.96,2.98,1129,예측
A000000165715,오일_밤,센카,센카 올 클리어 오일 230ml,13200,26.0,13.0,61.0,26.33,56.94,9.68,1837,실측
A000000161510,오일_밤,마녀공장,[단독기획] 마녀공장 허브 그린 클렌징오일 200ml (+약산성소다폼 20ml*2ea),14730,28.0,13.0,68.0,41.9,59.41,1.91,10910,실측
A000000207736,오일_밤,비플레인,[갈아쓰는 맷돌밤] 비플레인 녹두 모공 그라인딩 클렌징밤 100ml,19900,28.25,15.0,75.59,36.32,64.81,6.42,2258,예측
A000000226125,오일_밤,닥터엘시아,[포어깎아밤] 닥터엘시아 포어 리프레쉬 그라인딩 클렌징밤 50ml,19900,28.7,13.52,72.25,41.22,44.67,9.04,609,예측
A000000202690,오일_밤,바닐라코,[민감피부 클렌징]바닐라코 클린잇제로 카밍 클렌징밤 100ml,15600,29.98,14.97,76.57,38.15,40.17,4.18,2993,예측
A000000174062,오일_밤,메이크프렘,메이크프렘 세이프 미 릴리프 모이스처 클렌징오일 리필기획 (210ml+100ml 리필),28000,24.0,18.0,69.0,26.81,69.95,11.74,6771,실측
A000000228836,오일_밤,한스킨,[민감성/건성/지성] 한스킨 클렌징오일&블랙헤드 3종 200ml 더블기획 (+30ml) (PHA/AHA/BHA),23700,27.0,14.0,86.0,27.93,48.6,6.4,18567,실측
A000000232301,오일_밤,바를,[올영단독/샤벳밤 대용량]바를 차콜 멜팅 클렌징밤 100g(+3g*6),31000,28.42,15.54,66.69,36.18,53.6,10.58,1599,예측
A000000232200,오일_밤,비페스타,[스킨케어링] 비페스타 클렌징오일 3종 (세럼/브라이트닝/딥클리어),17800,33.0,13.0,69.0,26.73,53.51,6.06,11481,실측
A000000184368,오일_밤,티스,[모공&블랙헤드/노란티스] 티스 딥 오프 클렌징오일 320ml,11900,31.0,13.0,66.0,24.13,49.03,17.54,6428,실측
A000000210043,오일_밤,바닐라코,[NEW/여행 필수템] 바닐라코 클린잇제로 오리지널 클렌징밤 트래블 키트 16개입,11900,27.15,13.09,75.15,35.92,57.15,9.14,12056,예측
A000000161575,오일_밤,스킨1004,스킨1004 마다가스카르 센텔라 라이트 클렌징오일 200ml,21250,31.0,14.0,80.0,42.16,64.71,0.1,2289,실측
A000000230371,오일_밤,비알머드,[말끔모공/촉촉보습]비알머드 딥 멜팅 머드 포어 클렌징오일 200ml,20800,34.0,10.0,94.0,32.96,61.51,3.59,6178,실측
A000000204721,오일_밤,설화수,설화수 순행클렌징오일 (200ml/400ml),42300,37.0,9.0,81.0,21.79,60.86,10.23,172,실측
A000000107679,오일_밤,마녀공장,마녀공장 퓨어 소이빈 클렌징 오일 200ml,19900,31.0,13.0,72.0,30.37,63.44,2.34,11253,실측
A000000184371,오일_밤,티스,[대용량/노란티스] 티스 딥오프 오일 320mL 더블기획,19900,29.0,13.0,67.0,24.13,49.03,17.54,3907,실측
A000000003939,오일_밤,하다라보,[리필180ml 증정] 하다라보 고쿠쥰 클렌징 오일 200mL,10530,31.0,11.0,66.0,23.4,74.23,10.54,4195,실측
A000000210045,오일_밤,바닐라코,[NEW/여행 필수템] 바닐라코 클린잇제로 포어클래리파잉 클렌징밤 트래블 키트 16개입,11900,22.34,23.27,69.73,51.91,38.62,6.6,10396,예측
A000000211172,오일_밤,메이크프렘,메이크프렘 세이프 미 아미노 리프레시 클렌징밤 100ml 기획 2종 택1,18000,29.26,14.11,78.72,36.57,45.08,4.33,3318,예측
A000000206202,오일_밤,에스네이처,[피지&블랙헤드 순싹/화해1위] 에스네이처 아쿠아 라이스 클렌징오일 200ml,17900,28.0,14.0,74.0,37.59,50.68,4.71,1931,실측
A000000170036,오일_밤,휘게,휘게 소프트리셋 그린 클렌징 밤 100ml,17200,27.35,13.9,74.72,40.7,56.9,2.73,401,예측
A000000151132,오일_밤,닥터지,[대용량/블랙헤드] 닥터지 그린딥 클렌징 오일 310ml,23200,25.0,13.0,72.0,25.66,64.34,1.02,2527,실측
A000000201099,오일_밤,마녀공장,마녀공장 퓨어 클렌징오일 딥 클린 200ml,16900,38.0,11.0,68.0,39.55,68.75,5.28,197,실측
A000000241733,오일_밤,에스네이처,[1+1/피지&모공딥클렌징] 에스네이처 아쿠아 라이스 클렌징오일 200ml 리필기획 (+리필 200ml),32000,27.0,18.0,67.0,37.59,50.68,4.71,2749,실측
A000000000855,오일_밤,티스,[산뜻딥클렌징/파란티스] 티스 퍼펙트 오프 오일230ml,10880,30.0,13.0,71.0,30.25,59.21,9.09,1399,실측
A000000216302,오일_밤,메디큐브,[블랙헤드 제거] 메디큐브 제로 모공 블랙헤드 딥 클렌징오일 205ml,14000,22.0,25.0,69.0,37.68,50.98,7.3,256,실측
A000000202675,오일_밤,바닐라코,[1등 클렌징밤] 바닐라코 클린잇제로 오리지널 클렌징밤 100ml,15600,27.15,13.09,75.15,35.92,57.15,9.14,22474,예측
A000000121954,오일_밤,비페스타,[1+1/폼증정] 비페스타 클렌징오일 브라이트닝 230ml (블랙헤드&각질),17800,28.0,12.0,64.0,27.81,62.13,7.77,5741,실측
A000000225772,오일_밤,식물나라,[초간편짜밤] 식물나라 어린녹차 짜서쓰는 클렌징밤 100ml,8800,25.57,16.92,75.35,52.6,45.91,7.37,1100,예측
A000000203726,오일_밤,바닐라코,[1등 클렌징밤] 바닐라코 클린잇제로 오리지널 클렌징밤 25ml,4500,27.15,13.09,75.15,35.92,57.15,9.14,3779,예측
A000000219218,오일_밤,한스킨,[대용량/온라인단독] 한스킨 클렌징오일&블랙헤드 지성 BHA 400ml,21500,9.0,55.0,69.0,47.62,34.92,11.05,182,실측
A000000222607,오일_밤,식물나라,식물나라 어린녹차 산뜻모공 클렌징오일 250ml,9900,31.0,13.0,68.0,18.94,59.1,14.02,1294,실측
A000000224198,오일_밤,한스킨,[퓨어디PICK/모공] 한스킨 딥 클렌징밤&블랙헤드 100ml 기획 (+15ml),12800,27.69,17.74,74.17,48.34,54.52,8.97,2400,예측
A000000130389,오일_밤,그레이멜린,그레이멜린 카놀라 크레이지 클렌징오일 500ml,12600,30.0,10.0,69.0,31.89,61.82,1.6,7600,실측
A000000245627,오일_밤,아렌시아,[피지말끔장벽클밤 / +15g증정기획] 아렌시아 포어 멜트 피토 PDRN 클렌징밤 90ml 기획 (+15g),18900,31.77,12.97,71.24,24.62,69.01,3.91,469,예측
A000000245911,오일_밤,일소,[망곰 콜라보] 일소 슈퍼 멜팅 세범 클렌징오일 200ml 기획 (+스크런치),18900,26.0,14.0,62.0,38.55,50.74,1.63,1936,실측
A000000254695,오일_밤,한스킨,[올영단독] 한스킨 클렌징오일&블랙헤드 피부타입 3종 150ml 기획 (+30ml 증정),18000,37.0,28.0,85.0,26.8,49.62,6.99,990,실측
A000000192376,오일_밤,메디필,[모공클렌저] 메디필 레드 락토 콜라겐 클렌징 오일 2.0 200ml 기획,16800,28.0,15.0,77.0,28.83,50.53,4.96,3116,실측
A000000255622,오일_밤,네시픽,[짜서쓰는클밤/쫀쫀모공] 네시픽 라이스 펩타 콜라겐 샤베트 클렌징밤 80g,16630,35.01,12.53,73.98,21.85,32.45,26.29,1105,예측
A000000231394,오일_밤,비플레인,[여행용/소용량] 비플레인 녹두 클렌징오일 50ml,5500,38.0,14.0,68.0,40.33,56.65,1.01,285,실측
A000000215416,오일_밤,헤이미쉬,[올영단독] 헤이미쉬 올클린밤 120ml 기획 (+휴대용 20ml 증정),15800,26.59,16.5,72.38,27.72,59.24,5.84,2431,예측
A000000230342,오일_밤,식물나라,식물나라 제주 탄산수 딥 모공 클렌징오일 250ml,9900,27.0,13.0,62.0,25.95,57.09,13.06,1422,실측
A000000189871,오일_밤,어바웃미,어바웃미 쌀 막걸리 클렌징 오일 195ml,15500,24.0,14.0,76.0,35.41,54.6,6.94,354,실측
A000000233034,오일_밤,아누아,[올영단독] 아누아 어성초 트래블 클렌징 세트 (오일 20ml+폼 25ml),9500,38.0,14.0,68.0,39.05,67.6,7.14,155,실측
A000000203728,오일_밤,바닐라코,[모공세정] 바닐라코 클린잇제로 포어클래리파잉 클렌징밤 25ml,4500,20.8,24.67,68.83,53.46,39.46,3.07,3464,예측
A000000238300,오일_밤,베라모어,베라모어 브라이트닝 밀크 포밍 밤 100g,29000,25.68,20.01,67.13,53.31,58.81,0.0,2,예측
A000000244706,오일_밤,메이영,[저자극 클렌저] 메이영 비건 모이스트 오일 투 폼 클렌저 195ml,28000,31.0,13.0,92.0,62.13,36.53,4.29,1973,실측
A000000216063,오일_밤,아비브,아비브 포어 클렌징오일 어성초 오일 워시 200ml,26000,35.0,13.0,64.0,33.15,58.39,0.0,195,실측
A000000249413,오일_밤,비오레,[NEW/올영단독]비오레 클렌징 오일 230ml 리필 기획 (+리필 210ml),25600,32.0,16.0,76.0,26.86,56.35,15.35,170,실측
A000000155596,오일_밤,메이크프렘,메이크프렘 세이프 미 릴리프 모이스처 클렌징오일 210ml 기획 (+폼 50ml),24000,25.0,15.0,69.0,35.66,61.48,2.47,3341,실측
A000000207304,오일_밤,구달,[블랙헤드/각질제거] 구달 청귤 비타C 토닝 클렌징밤 110ml,24000,25.54,22.46,71.9,50.98,40.51,10.11,348,예측
A000000224558,오일_밤,한율,[짜서쓰는 클렌징밤] 한율 쑥시카 쑥머드팩 클렌징밤 100g 기획 (+15g),23000,21.07,31.02,74.77,51.7,38.87,11.41,1192,예측
A000000237818,오일_밤,한율,[NEW] 한율 달빛유자 클렌징 필링 젤밤 100g 기획(+15g),23000,28.24,16.67,66.47,39.76,42.06,14.42,44,예측
A000000225208,오일_밤,한율,[리뉴얼] 한율 어린쑥 진정 맑은 클렌징오일 200ml 기획 (+쑥떡팩폼 15ml),22400,36.0,11.0,64.0,38.88,35.66,16.27,239,실측
A000000230497,오일_밤,라곰,[보습민감/모공세정] 라곰 저자극 마이크로 포어  클렌징 오일 200ml,22000,31.0,10.0,79.0,23.98,54.97,12.42,703,실측
A000000143372,오일_밤,뉴트로지나,[세안밴드세트증정/대용량기획/블랙헤드간증템] 뉴트로지나 딥클린 클렌징 오일 2입 기획 (200ml+200ml),21950,20.0,16.0,61.0,30.14,61.04,15.22,292,실측
A000000149128,오일_밤,마녀공장,마녀공장 허브 그린 클렌징 오일 55ml,3900,28.0,13.0,62.0,41.9,59.41,1.91,3790,실측
A000000215420,오일_밤,닥터엘시아,[깎아밤] 닥터엘시아 퓨어 그라인딩 클렌징밤 50ml,19900,31.76,11.91,75.21,27.56,59.07,9.68,841,예측
A000000190916,오일_밤,비페스타,비페스타 클렌징오일 딥클리어 더블기획 (230ml+230ml),19800,30.0,10.0,74.0,28.76,59.72,9.49,127,실측
A000000197230,오일_밤,스킨푸드,[대용량/단독기획] 스킨푸드 블랙슈가 퍼펙트 클렌징 오일 대용량 기획 (300ml),19600,33.0,18.0,73.0,18.54,74.08,3.92,576,실측
A000000231125,오일_밤,숌,숌 비건 클렌징밤 1+1기획/ 단품 3종,16800,24.16,18.58,70.71,46.72,46.17,7.86,1340,예측
A000000225633,오일_밤,아이레시피,아이레시피x리틀트윈스타 세라마이드 유자 힐링 클렌징밤 135ml 기획 (+10ml+헤어핀),19000,37.01,12.05,80.92,29.42,55.49,4.58,7155,예측
A000000153310,오일_밤,유리피부,유리피부 그란떼 클렌징 오일 (본품 300ml+30ml 추가 증정),18900,28.0,15.0,75.0,37.61,56.17,4.21,4498,실측
A000000189569,오일_밤,폰즈,폰즈 클리어 스파 피부 청정 클렌징 오일 200ml,18900,33.0,13.0,79.0,36.58,49.47,3.5,1563,실측
A000000249103,오일_밤,일소,[피지쏙/대용량] 일소 슈퍼 멜팅 세범 클렌징오일 200ml 리필 기획 (+200ml 리필팩),25500,22.0,22.0,70.0,38.55,50.74,1.63,1866,실측
A000000261559,오일_밤,아리얼,아리얼 애플 사이다 딥 클렌징 오일 200ml 기획 (+크리스탈 괄사),18900,0.0,0.0,0.0,25.14,46.2,12.98,1182,실측
A000000180066,오일_밤,크리니크,크리니크 테이크 더 데이 오프 차콜 클렌징 밤 30ml,8500,27.48,14.38,70.68,24.04,54.9,13.96,747,예측
A000000181953,오일_밤,메이크프렘,메이크프렘 세이프 미 오일 투 폼 클렌저 기획 (200ml+50ml),18000,40.0,11.0,68.0,38.21,58.45,1.36,743,실측
A000000211238,오일_밤,듀이트리,[블랙화이트헤드세정] 듀이트리 하이 아미노 올 모공 딥 클렌징밤 90g,16800,35.02,12.45,71.58,23.15,64.76,8.51,102,예측
A000000225888,오일_밤,아이레시피,아이레시피x리틀트윈스타 세라마이드 유자 바이오 클렌징오일 200ml 기획,16000,42.0,13.0,92.0,28.42,65.59,6.88,15676,실측
A000000009695,오일_밤,온더바디,[2초 클렌징] 온더바디 클렌징 오일 200ml 2종 택1 (2초 딥클렌징 / 20초 반전 클렌징),15900,25.0,12.0,54.0,36.42,59.89,6.21,7014,실측
A000000224556,오일_밤,토리든,[NEW] 토리든 다이브인 저분자 히알루론산 클렌징오일 200ml,15900,33.0,21.0,75.0,25.52,71.02,6.55,61,실측
A000000206968,오일_밤,구달,[블랙헤드/눈시림NO] 구달 어성초 히알루론 수딩 모공 클렌징오일,15000,15.0,21.0,67.0,49.94,46.91,7.13,33,실측
A000000183044,오일_밤,코스노리,코스노리 마이크로 액티브 비건 클렌징 오일 200ml,14900,30.0,13.0,86.0,32.26,69.15,0.0,482,실측
B000000217181,오일_밤,맥스클리닉,[코칫솔 증정] 맥스클리닉 포어리스 딥 클렌징 오일 200ml,14400,28.0,15.0,88.0,27.93,56.0,15.21,1982,실측
A000000228855,오일_밤,아크네스,아크네스 포하 딥 클렌징 오일 200mL 마루에디션,14000,17.0,20.0,63.0,28.87,56.9,16.75,745,실측
A000000238195,오일_밤,바를,바를 차콜 멜팅 클렌징밤 트래블 키트 3g*14ea,14000,28.42,15.54,66.69,36.18,53.6,10.58,88,예측
A000000206805,오일_밤,바이오힐보,[모공딥클렌징] 바이오힐보 프로바이오덤 콜라겐 리모델링 딥 클렌징 밤 100mL,13000,33.22,10.56,77.89,31.65,58.95,8.14,736,예측
A000000249781,오일_밤,이니스프리,[블랙헤드순삭]이니스프리 블랙 화산송이 파하 모공 클렌징 오일 200ml,12600,27.0,25.0,74.0,42.01,54.37,17.22,428,실측
A000000114705,오일_밤,셀비엔,[블랙헤드케어] 셀비엔 촉촉보습 딥클렌징 오일 250ml,18000,68.0,3.0,70.0,28.23,70.27,5.79,36,실측
A000000121955,오일_밤,비페스타,[폼증정] 비페스타 클렌징오일 딥클리어 230ml (모공청소),18000,28.0,11.0,64.0,28.76,59.72,9.49,4902,실측
A000000136710,오일_밤,셀리맥스,[피지모공/블랙헤드] 셀리맥스 더마네이처 프레시 블랙헤드 호호바 클렌징 오일 150ml,11900,24.0,16.0,70.0,47.14,66.22,0.0,1314,실측
A000000136725,오일_밤,에이트루,[증량] 에이트루 퓨어 밸런싱 클렌징 오일 300ml,23900,22.0,22.0,76.0,42.16,65.0,0.0,2746,실측
A000000141376,오일_밤,에이트루,[NEW] 에이트루 퓨어 밸런싱 클렌징 오일 150ml 기획,15000,22.0,21.0,71.0,39.53,65.67,0.0,2746,실측
A000000144387,오일_밤,한스킨,[건성/민감성/지성] 한스킨 클렌징오일&블랙헤드 3종 300ml 기획 (+30ml 증정),23700,34.0,25.0,83.0,33.22,54.0,2.56,8003,실측
A000000144851,오일_밤,그레이멜린,그레이멜린 그린라이트 클렌징 오일 400ml,16200,32.0,14.0,64.0,22.48,67.56,13.87,394,실측
A000000153532,오일_밤,비플레인,비플레인 녹두 클렌징 오일 200ml,24000,24.0,17.0,74.0,40.33,56.65,1.01,1539,실측
A000000154791,오일_밤,라운드랩,[촉촉말끔] 라운드랩 1025 독도 클렌징 오일 200ml 기획 (+클렌저 40ml),23000,30.0,12.0,72.0,35.7,61.85,0.77,2210,실측
A000000160290,오일_밤,온더바디,온더바디 라이스테라피 쌀겨클렌징오일 200ml,10500,24.0,18.0,68.0,32.81,49.34,11.69,794,실측
A000000167257,오일_밤,숌,[숌.민감피부] 수분충전 소프트 클렌징밤 1+1기획,19200,30.69,14.16,71.17,39.42,43.97,12.96,734,예측
A000000167264,오일_밤,숌,[숌.모든피부] 톤업 화이트 클렌징밤 1+1기획,24000,23.0,18.66,70.69,48.07,40.61,12.24,1124,예측
A000000167808,오일_밤,바닐라코,[비타민 클렌징] 바닐라코 클린잇제로 클렌징밤 브라이트닝 100ml,16800,26.67,19.66,76.86,47.36,42.59,10.31,890,예측
A000000170496,오일_밤,코스알엑스,코스알엑스 퓨어핏 시카 클리어 클렌징 오일 200ml,18400,25.0,13.0,64.0,36.5,52.65,0.0,856,실측
A000000173810,오일_밤,헤이미쉬,헤이미쉬 올클린밤 만다린 120ml,15800,31.97,14.65,75.73,45.32,49.78,3.66,243,예측
A000000174253,오일_밤,디어클레어스,클레어스 젠틀 블랙 프레쉬 클렌징 오일 150ml,17000,28.0,8.0,66.0,30.15,69.99,9.17,178,실측
A000000175027,오일_밤,하다라보,[피지제거/말끔결/고보습] 하다라보 고쿠쥰 클렌징 오일 200mL*2 기획,19200,38.0,8.0,79.0,46.36,36.35,8.92,4350,실측
A000000175192,오일_밤,더파이에센셜,[디렉터파이 MADE] 더파이 선플라워 클렌징 오일 200ml,20400,32.0,8.0,75.0,26.47,69.24,7.69,469,실측
A000000175301,오일_밤,비알티씨,BRTC 안티폴루션 앤 풀메이크업 클렌징오일 300ml 기획 (+ 폼 20ml 증정),21000,25.0,11.0,58.0,23.73,56.51,5.67,1204,실측
A000000175385,오일_밤,비알티씨,BRTC 안티폴루션 앤 블랙헤드 클렌징오일 300ml 기획 (+ 폼 20ml 증정),19200,22.0,21.0,66.0,45.9,52.58,0.08,2657,실측
A000000180065,오일_밤,크리니크,크리니크 테이크 더 데이 오프 차콜 클렌징밤 125ml,43350,25.46,14.64,70.97,23.36,59.14,17.91,747,예측
A000000185168,오일_밤,하트퍼센트,하트퍼센트 콤마스 온 라이프 에센셜 클렌징 밤,18000,31.53,12.15,73.86,26.77,57.84,6.26,442,예측
A000000185261,오일_밤,피캄,[5초만에 즉각적 블랙헤드/피지개선] 피캄 언더포어 홀리바질 클렌징오일190ml,15900,27.0,10.0,82.0,37.68,50.33,5.05,109,실측
A000000186975,오일_밤,성분에디터,[말끔모공/블랙헤드] 성분에디터 그린토마토 모공 클렌징 오일 200ml,15680,28.0,15.0,73.0,53.25,38.14,3.64,415,실측
A000000188364,오일_밤,야다,[블랙헤드제거] 야다 그린 티 퓨어 클렌징 밤 100ml,24800,27.23,13.46,74.26,31.75,60.84,8.7,1143,예측
A000000188370,오일_밤,하멜,[반전클렌징폼] 하멜 더블샷 오일 투 폼 클렌저 200ml,25000,33.0,12.0,81.0,32.75,24.74,38.45,972,실측
A000000188562,오일_밤,조선미녀,조선미녀 미감클렌징밤 100ml,15200,29.93,13.91,77.2,37.5,51.79,7.06,101,예측
A000000190796,오일_밤,믹순,믹순 콩 클렌징 오일 195ml,21200,29.0,11.0,69.0,30.09,50.68,3.18,107,실측
A000000191289,오일_밤,소울,[프리미엄클렌저] 소울 애프터 글로우 광채 클렌징 밤 80g,32300,24.5,17.44,73.61,50.89,56.51,0.0,109,예측
A000000191342,오일_밤,스킨푸드,[NEW] 스킨푸드 블랙슈가 퍼펙트 클렌징오일 200ml,20000,30.0,10.0,69.0,18.54,74.08,3.92,253,실측
A000000191447,오일_밤,달팡,달팡 에끌라 수블림 아로마틱 클렌징 밤 40ml,38820,34.7,11.47,72.31,38.75,57.6,3.12,0,예측
A000000192791,오일_밤,일소,일소 네추럴 마일드 클렌징 오일 200ml 기획 (+30ml),24000,26.0,19.0,75.0,31.86,52.11,1.75,1350,실측
A000000192908,오일_밤,메디필,[모공전용딥클렌징] 메디필 레드 락토 콜라겐 클렌징 오일 2.0 200ml,16800,28.0,11.0,76.0,28.83,50.53,4.96,46,실측
A000000199278,오일_밤,바비브라운,바비브라운 수딩 클렌징 오일 200ml,97000,28.41,12.78,70.87,30.48,66.9,3.98,20,예측
A000000200400,오일_밤,라씨엘르,[단독기획] 라씨엘르 곡물 클렌징오일 200ml 기획 (+파우더워시 10g),16800,40.0,11.0,71.0,57.33,47.77,0.24,317,실측
A000000201164,오일_밤,더페이스샵,더페이스샵 미감수 브라이트 리치 클렌징오일 150ml,7700,45.0,7.0,70.0,30.45,67.08,5.61,135,실측
A000000203683,오일_밤,헤라,헤라 딥 클렌징 오일 225ml,40000,32.14,13.43,74.9,26.47,58.22,12.44,7,예측
A000000204125,오일_밤,조선미녀,조선미녀 인삼 클렌징오일 210ml,16000,29.63,13.77,74.45,33.24,52.21,0.65,26,예측
A000000205136,오일_밤,헤브블루,헤브블루 살몬 케어링 센텔라 라이트 클렌징오일 250ml,35900,35.0,13.0,86.0,33.98,51.31,3.75,482,실측
A000000205335,오일_밤,뉴트로지나,[롤링피지/블랙헤드간증템] 뉴트로지나 딥클린 클렌징 오일 200ml 기획 (+아크네폼40g),21900,31.0,17.0,62.0,26.58,62.46,16.63,1522,실측
A000000205409,오일_밤,센카,[온라인 단독기획] 센카 올 클리어 오일 230ml+230ml 더블 기획 (+클렌징오일 20ml),34000,18.0,16.0,69.0,26.33,56.94,9.68,1809,실측
A000000205836,오일_밤,비레디,[2차 세안 없는 산뜻한 클렌징] 비레디 원 샷 오일 폼 클렌저,17000,0.0,36.0,64.0,49.99,52.71,7.53,32,실측
A000000206088,오일_밤,아이레시피,아이레시피 세라마이드 유자 힐링 클렌징밤 135ml 기획 (+10ml),26000,35.98,12.51,80.57,30.01,53.09,3.89,2665,예측
A000000206154,오일_밤,스킨푸드,[NEW/매끈결] 스킨푸드 파인애플 바하 필링 클렌징오일 200ml,19000,15.0,29.0,62.0,30.26,64.87,11.97,34,실측
A000000207283,오일_밤,주미소,[모공케어] 주미소 포어 클리어링 클렌징오일 200ml,24000,22.0,16.0,76.0,42.66,56.48,1.61,513,실측
A000000207672,오일_밤,리얼베리어,[피지개선/당김제로] 리얼베리어 익스트림 딥클렌징 블루 오일 200ml,17500,34.0,13.0,91.0,21.34,53.86,8.18,378,실측
A000000207746,오일_밤,포인트앤,[블랙헤드사전차단]포인트앤 딥 클린 포어 클렌징오일 200ml,11900,25.0,19.0,87.0,52.11,45.24,16.75,598,실측
A000000211360,오일_밤,에센허브,[NEW] 에센허브 티트리 안티세범 딥 클렌징오일 300ml,22000,20.0,31.0,59.0,43.96,40.67,5.73,93,실측
A000000212286,오일_밤,숌,[숌.지복합성피부] 결정리 리페어 클렌징밤 100ml,16800,27.58,14.15,71.24,44.26,50.56,12.39,33,예측
A000000212958,오일_밤,에스네이처,[메이크업순싹/쫀득백설기밤] 에스네이처 아쿠아 라이스 클렌징밤 90ml,26000,29.14,13.58,76.04,40.69,46.41,9.33,497,예측
A000000213530,오일_밤,메이크프렘,메이크프렘 세이프 미 릴리프 모이스처 클렌징오일 리필팩 100ml,12000,28.0,20.0,72.0,26.81,69.95,11.74,178,실측
A000000213695,오일_밤,바닐라코,[악건성 클렌징] 바닐라코 클린잇제로 인리칭 버터 클렌징밤 100ml,16800,24.81,13.97,76.61,26.66,36.71,32.03,887,예측
A000000214815,오일_밤,브링그린,브링그린 티트리 시카 딥클렌징 오일 200mL,18000,22.0,18.0,62.0,32.51,58.32,16.6,356,실측
A000000216199,오일_밤,아이다,[완벽세정/저자극] 아이다 글루타치온 밀크 오일 클렌저 150g,28800,31.19,10.57,71.3,27.57,47.93,17.98,21,예측
A000000216254,오일_밤,VDL,[1+1/블랙헤드제거] VDL 퓨어스테인 포어 컨트롤 클렌징오일 200ml (단품/기획),20800,34.0,11.0,88.0,23.38,54.64,11.15,1512,실측
A000000219169,오일_밤,듀이트리,[딥클렌징] 듀이트리 하이 아미노 올 클렌징오일 200ml,16800,31.79,11.98,81.79,30.9,57.6,0.0,11,예측
A000000222729,오일_밤,디오디너리,[클렌징밤] 디오디너리 스쿠알란 클렌저 150ml,31900,33.89,9.55,75.63,30.59,66.52,7.92,4,예측
A000000222815,오일_밤,파넬,[블랙헤드/깐달걀오일] 파넬 아하 오미자 도자기 클렌징오일 200ml,13900,23.0,9.0,65.0,35.92,67.43,5.57,221,실측
A000000223191,오일_밤,바이오던스,[블랙헤드제거] 바이오던스 콜라겐 클렌징 오일 200ml 단품/기획,24000,36.0,10.0,73.0,31.65,30.04,13.8,1073,실측
A000000224477,오일_밤,마미케어,[블랙헤드순삭] 마미케어 바다포도 클렌징오일 200ml,15700,20.0,14.0,81.0,49.92,49.27,9.23,59,실측
A000000225085,오일_밤,딘시,딘시 프리미엄 비건 눈연꽃 히알루론산 수분 클렌징오일 200ml,14000,47.0,11.0,89.0,18.66,79.35,14.6,64,실측
A000000225379,오일_밤,한스킨,[피부타입 3종] 한스킨 클렌징오일&블랙헤드 300ml (민감성/건성/지성),18800,28.0,14.0,85.0,26.8,49.62,6.99,6235,실측
A000000225547,오일_밤,바이유어,바이유어 클린 리셋 멜티 클렌징밤 120g,12600,29.0,20.64,74.01,32.91,53.53,17.54,121,예측
A000000225799,오일_밤,아로셀,[깎아쓰는클밤/모공피지순삭] 아로셀 슈퍼 콜라겐 멜팅 클렌징밤 100g,30000,26.74,15.33,71.06,38.33,51.62,5.46,168,예측
A000000225936,오일_밤,가히,[갈아쓰는 클렌징밤/모공케어] 가히 클렌징밤 50ml 4종 택1,28000,29.17,16.62,66.83,29.33,48.43,13.07,7,예측
A000000225937,오일_밤,가히,[피지쏙/온열딥클렌징] 가히 히트 딥 아보카도 클렌징오일 200ml,29000,35.38,10.72,76.36,31.27,65.13,5.05,1,예측
A000000225967,오일_밤,일리윤,[5중 모공개선] 일리윤 젠틀 딥 클렌징오일 250ML,24000,26.92,21.26,73.3,48.79,48.64,5.14,22,예측
A000000226136,오일_밤,라네즈,[광채클렌징] 라네즈 퍼펙트리뉴 너리싱 오일 투 폼 클렌저 200ml,23200,34.46,10.18,74.13,27.61,53.88,5.6,9,예측
A000000226189,오일_밤,스킨1004,스킨1004 마다가스카르 센텔라 더블 클렌징 듀오,37500,33.19,13.04,75.11,46.6,59.77,0.27,26,예측
A000000226570,오일_밤,빌리프,[투명모공] 빌리프 슈퍼 드랍스 비타 딥 클렌징 오일 150ml,23100,25.0,4.0,51.0,28.89,61.92,11.13,121,실측
A000000229067,오일_밤,차앤박,[깎아쓰는클밤] 차앤박 프로폴리스 딥세린 클렌징밤 50ml,22400,34.33,12.73,66.13,18.34,56.94,18.93,12,예측
A000000229515,오일_밤,비디비치,비디비치 클리어 딥 클렌징오일 3종 택1,27300,32.0,26.0,94.0,19.2,52.16,15.88,377,실측
A000000230982,오일_밤,라운드랩,[피지숯싹] 라운드랩 소나무 시카 딥 포어 클렌징오일 200ml,18900,37.0,15.0,77.0,33.12,51.74,4.54,116,실측
A000000231398,오일_밤,닥터슈라클,[70만병 판매] 닥터슈라클 퓨어 클렌징 오일 155ml,22100,28.25,14.11,74.79,47.98,48.03,0.0,11,예측
A000000231603,오일_밤,아리얼,[NEW]아리얼 더 퍼펙트 오일 밤 투 폼 100g,22000,33.89,13.06,76.14,30.2,65.55,2.78,3743,예측
A000000231996,오일_밤,마녀공장,[5년연속1위/블랙헤드OUT] 마녀공장 퓨어 클렌징 오일 200ml 리필기획 (+리필 200ml+캡슐형 2mlx3),24900,30.0,14.0,68.0,30.37,63.44,2.34,46260,실측
A000000232104,오일_밤,리덴스,[모공개선] 리덴스 청포도 포어 스케일링 클렌징오일 200mL,24900,30.34,12.92,67.07,25.62,53.98,8.62,24,예측
A000000232363,오일_밤,마몽드,[NEW/블랙헤드 클렌징] 마몽드 어메이징 딥 민트차콜릿 클렌징밤 90ml 기획 (+민트클렌징밤 7ml),24300,19.26,29.17,69.34,61.43,29.17,13.71,81,예측
A000000232683,오일_밤,풀리,[블랙헤드/모공세정] 풀리 그린 토마토 클렌징오일 250ml,19200,35.0,18.0,92.0,31.98,57.17,13.82,158,실측
A000000236135,오일_밤,스트라이덱스,[피지쏙쏙] 스트라이덱스 포어 리셋 딥 클렌징오일 200ml,14800,31.0,10.0,86.0,35.3,44.22,16.38,461,실측
A000000238320,오일_밤,한스킨,[여행용/피부타입3종] 한스킨 클렌징오일&블랙헤드 트래블 키트 3종 (PHA/AHA/BHA),13900,21.0,12.0,87.0,26.92,50.92,3.34,76,실측
A000000244729,오일_밤,퐁당,퐁당 포어 딥 클린 클렌징 오일 200ml,16900,39.0,15.0,90.0,23.9,73.39,0.08,292,실측
A000000244918,오일_밤,라로슈포제,[올리브베러단독/바디워시] 라로슈포제 리피카 윌 라방 클렌징 오일 400ml,35100,28.95,17.94,71.44,44.79,55.22,0.0,16,예측
A000000244922,오일_밤,바이오더마,바이오더마 시카비오 클렌징 밤 200ml,28000,35.72,9.62,68.52,32.39,53.0,6.48,11,예측
A000000245628,오일_밤,아렌시아,[피지말끔/장벽클밤] 아렌시아 포어 멜트 피토 PDRN 클렌징밤 캡슐 키트 3g*6ea,9900,31.77,12.97,71.24,24.62,69.01,3.91,8,예측
A000000245804,오일_밤,블라이드,블라이드 안티폴루에이징 포어 클렌징밤 50ml,22000,26.17,17.08,70.86,44.99,45.79,4.74,12,예측
A000000247200,오일_밤,아벤느,[올리브베러 단독] 아벤느 제라캄 A.D 인텐시브 클렌징오일 400ml *가려움완화 *극건성클렌저 *신생아,39900,36.96,9.53,77.4,31.82,57.89,1.3,4,예측
A000000247221,오일_밤,바이오더마,바이오더마 센시비오 미셀라 클렌징 오일 300ml,45000,33.23,12.19,75.85,26.3,53.13,15.67,1,예측
A000000247528,오일_밤,라로슈포제,[올리브베러단독/바디워시] 라로슈포제 리피카 윌 라방 클렌징 오일 리필 400ml,31500,31.74,17.41,74.16,43.3,57.0,2.13,0,예측
A000000248489,오일_밤,NDP,[리아킴 공동개발/단독선런칭] NDP 엔디피 모링가 세라마이드 멜팅 클렌징밤 90ml 기획 (+3ml*6입 ),28000,35.58,11.79,76.78,35.73,61.62,0.0,909,예측
A000000248601,오일_밤,CKD,CKD 청매실 AHABHA 메이크업제로 클렌징 오일밤 50ml,14900,27.49,19.2,74.07,37.15,57.92,6.02,40,예측
A000000248603,오일_밤,CKD,CKD 청매실 AHABHA 요철제로 클렌징 오일 200ml,13900,31.0,8.0,82.0,35.38,72.35,8.23,51,실측
A000000249411,오일_밤,비오레,[NEW/올영단독]비오레 모이스처 클렌징 리퀴드 230ml 리필 기획 (+리필 210ml),16000,40.0,6.0,72.0,30.52,60.6,8.34,109,실측
A000000251860,오일_밤,프리메이,[촉촉산뜻/저자극클렌징] 프리메이 리얼 딥 클렌징오일 200ml,10900,31.0,8.0,93.0,29.87,71.02,0.0,1202,실측
A000000252178,오일_밤,브링그린,[NEW]브링그린 징크테카 원스텝 밤투폼 92ml(+실리콘 클렌징패드 증정기획),14700,29.31,12.26,74.78,53.08,46.2,0.52,16,예측
A000000252320,오일_밤,일소,[피지쏙/모공세정] 일소 슈퍼 멜팅 세범 클렌징오일 200ml 기획 (+세안브러쉬),24000,21.0,14.0,50.0,38.55,50.74,1.63,692,실측
A000000254329,오일_밤,눅스,[리뉴얼/저자극클렌징]눅스 베리로즈 클렌징 오일 150ml,39000,31.9,12.35,71.61,23.06,68.68,7.88,0,예측
A000000258034,오일_밤,리쥬란,[c-PDRN 스킨부스팅 클렌저]리쥬란 포어 타이트닝 클렌징 밤 50ml,26700,27.05,20.34,75.84,42.59,58.14,4.72,7,예측
A000000259279,오일_밤,에센허브,에센허브 소이빈90 딥클렌징오일 유칼립투스 300ml,21160,27.91,14.18,78.53,44.77,55.71,0.0,0,예측
A000000262749,오일_밤,비티티알,[촉촉보들] bttr 소프트 멜트 어웨이 클렌징 밤 투 밀크 110ml,31000,26.3,14.02,72.8,28.69,35.2,24.02,109,예측
B000000198679,오일_밤,맥스클리닉,[코칫솔 증정] 맥스클리닉 히알루론 비타 클렌징 밤 투 오일 90ml,13920,32.18,14.81,78.18,23.37,54.23,11.29,13,예측
A000000207640,오일_밤,닥터지,[블랙헤드/모공세정] 닥터지 그린딥 포어 클렌징밤 100ml 2종 (단품/더블),15000,34.38,14.51,77.44,19.83,74.56,6.78,8831,예측
A000000207446,오일_밤,마녀공장,[더블기획] 마녀공장 딥 클리어 클렌징밤 132ml X2 기획,24900,34.25,13.29,73.52,23.42,68.58,12.41,5416,예측
A000000201183,오일_밤,더페이스샵,더페이스샵 미감수 브라이트 라이트 클렌징오일 150ml,7700,31.0,16.0,65.0,27.16,64.39,8.2,288,실측
A000000112593,오일_밤,마녀공장,마녀공장 허브 그린 클렌징오일 200ml,15500,26.0,18.0,74.0,41.9,59.41,1.91,2115,실측
A000000137593,오일_밤,메이크프렘,메이크프렘 세이프 미 릴리프 모이스처 클렌징오일 210ml,24000,27.0,13.0,73.0,26.81,69.95,11.74,645,실측
A000000139961,오일_밤,눅스,[저자극 클렌징 오일]눅스 베리로즈 미셀라 클렌징 오일 150ml,29000,36.0,11.0,78.0,23.05,67.04,10.2,311,실측
A000000144398,오일_밤,헤이미쉬,헤이미쉬 올클린밤 120ml *,16200,22.09,19.91,66.32,48.16,44.61,3.65,1633,예측
A000000160015,오일_밤,메디필,[짜밤] 메디필 레드 락토 콜라겐 클렌징 밤 100ml,16800,28.87,16.62,77.18,50.57,47.01,1.34,1169,예측
A000000162644,오일_밤,아리얼,[증정기획]아리얼 애플사이다 클렌징오일 기획(200ml+100ml),24000,24.0,18.0,74.0,25.16,46.2,12.98,2706,실측
A000000171375,오일_밤,에센허브,에센허브 소이빈90 딥클렌징오일 유칼립투스 300ml,21160,21.0,20.0,74.0,35.8,55.14,9.44,634,실측
A000000173533,오일_밤,넘버즈인,넘버즈인 1번 말끔 순삭 클렌징오일 300ml 기획 (+2번 클렌징폼 120ml 증정),23000,26.0,14.0,67.0,22.63,76.93,5.85,23655,실측
A000000178796,오일_밤,투비건,투비건 컬러푸드시리즈 화이트 홀썸 클렌징밤 120ml,17600,29.54,14.64,76.12,34.42,58.79,11.65,166,예측
A000000181240,오일_밤,버블리,버블리 퓨어 오일 클렌징 밤 100ml,19000,27.07,13.46,75.43,22.57,56.58,22.1,43,예측
A000000189144,오일_밤,마녀공장,[미니어처 증정] 마녀공장 딥 클리어 클렌징밤 132ml+14ml 기획,24000,34.25,13.29,73.52,23.42,68.58,12.41,3915,예측
A000000190919,오일_밤,포인트앤,포인트앤 딥멜팅 소이 클렌징 밤 90ml,13420,26.07,17.13,74.72,36.79,64.16,1.1,389,예측
A000000192060,오일_밤,맥,MAC 하이퍼 리얼 프레쉬 캔버스 클렌징오일,77000,30.14,12.65,73.01,20.31,66.36,9.91,9,예측
A000000198333,오일_밤,파파레서피,[블랙헤드 지우개] 파파레서피 블레미쉬 클렌징 오일 300ml,15300,31.0,13.0,93.0,26.76,70.2,4.19,262,실측
A000000199067,오일_밤,콴디,콴디 멜팅 스윗츠 오일 클렌저 200ml *,25000,42.0,10.0,89.0,31.85,56.27,0.0,77,실측
A000000199588,오일_밤,마녀공장,[5년연속1위/블랙헤드OUT] 마녀공장 퓨어 클렌징 오일 300ml 기획 (+25mlx2),19900,28.0,14.0,68.0,30.37,63.44,2.34,41178,실측
A000000200189,오일_밤,심플로그,심플로그 올 클렌징밤 90ml,23500,30.25,11.94,69.87,28.87,63.57,8.24,446,예측
A000000203064,오일_밤,비욘드,비욘드 피토가닉 클렌징 리퀴드 200ml,17400,33.0,7.0,81.0,38.15,43.76,9.49,91,실측
A000000206052,오일_밤,비건이펙트,[모공산뜻/폼30ml증정]비건이펙트 청보리 LHA 딥클렌징 오일 205ml 기획 *,21600,35.0,14.0,86.0,21.5,51.98,8.89,2465,실측
A000000207657,오일_밤,한스킨,[대용량/온라인단독] 한스킨 클렌징오일&블랙헤드 민감성 PHA 400ml,35000,30.0,14.0,92.0,22.23,48.29,6.65,5942,실측
A000000210539,오일_밤,넘버즈인,[단독기획] 넘버즈인 5번 글루타치온씨 아로마 마사징 딥클렌저 200ml 기획 (+마사지봉),18500,44.0,11.0,71.0,21.21,76.11,1.83,387,실측
A000000213974,오일_밤,메디큐브,[요철/블랙헤드 케어] 메디큐브 슈퍼 시카 딥 클렌징밤 100ml,29400,27.29,15.09,71.29,29.72,60.89,3.36,330,예측
A000000214934,오일_밤,마몽드,[대용량/피지클렌징] 마몽드 어메이징 딥 민트 클렌징 밤 180ml,30100,27.09,22.13,78.29,46.36,51.68,7.8,7065,예측
A000000217728,오일_밤,아크네스,[피지제거] 아크네스 포하 딥 클렌징 오일 200mL 기획 (+ 여행용 30mL 증정),14000,31.0,19.0,89.0,28.87,56.9,16.75,450,실측
A000000219337,오일_밤,SVR,[최소 성분 클렌징밤]SVR 센시파인 밤데마끼앙 100G,29900,28.36,12.81,69.56,20.26,66.68,12.79,60,예측
A000000222728,오일_밤,디오디너리,[클렌징밤] 디오디너리 스쿠알란 클렌저 50ml,16000,33.89,9.55,75.63,30.59,66.52,7.92,8,예측
A000000225800,오일_밤,비플레인,[블랙헤드쏙/리필기획] 비플레인 녹두 클렌징오일 200ml 기획 (+200ml 리필),24900,28.0,19.0,73.0,40.33,56.65,1.01,3910,실측
A000000228852,오일_밤,바를,[샤벳밤/대용량] 깎아쓰는 바를 차콜 멜팅 클렌징밤 100g,28000,28.42,15.54,66.69,36.18,53.6,10.58,541,예측
A000000229504,오일_밤,에스네이처,[말끔모공/화해1위] 에스네이처 아쿠아 라이스 클렌징오일 200ml 기획 (+카밍패드 2매),17900,26.0,19.0,59.0,40.19,54.93,0.0,2185,실측
A000000238402,오일_밤,마녀공장,[2025어워즈/5년연속1위] 마녀공장 퓨어 클렌징 오일 200ml 트리플 어워즈 한정기획 (+클렌징밀크 2mlx5),31900,33.0,14.0,67.0,31.1,50.82,6.38,51121,실측
A000000245469,오일_밤,바이오더마,바이오더마 센시비오 미셀라 클렌징 오일 300ml 기획 (+실리콘 클렌징 패드),45000,33.0,12.0,70.0,26.3,53.13,15.67,1110,실측
A000000249800,오일_밤,비플레인,[피지순삭/눈시림ZERO] 비플레인 녹두 클렌징오일 200ml 더블 기획 (+클렌징폼 20ml),24900,28.0,19.0,71.0,40.33,56.65,1.01,8791,실측
A000000130319,워터_밀크,바이오더마,바이오더마 센시비오 H2O 850ml(클렌징워터),23400,26.0,13.0,77.0,35.38,63.82,8.8,53425,실측
A000000158513,워터_밀크,메이크프렘,[박지훈PICK/리필기획] 메이크프렘 세이프 미 릴리프 모이스처 클렌징밀크 기획 (200ml+100ml 리필),21000,34.0,12.0,80.0,39.07,62.19,0.0,14543,실측
A000000185308,워터_밀크,이즈앤트리,[NCT 재민PICK/단독기획] 이즈앤트리 참마 비건 밀크 클렌저 220ml 리필기획 (+리필100ml),17010,35.0,14.0,78.0,57.61,48.49,0.22,11773,실측
A000000253342,워터_밀크,블랑네이처,[8월올영픽/코끼임ZERO] 블랑네이처 9배 어성초 버블 클렌징 밀크 150ml 단품/기획,20400,38.0,24.0,95.0,46.71,62.21,2.4,14638,실측
A000000231175,워터_밀크,듀이트리,[자극제로/수분충전] 듀이트리 하이아미노 올 클렌징 밀크 200ml 리필 기획 (+리필 200ml+20ml),18900,35.0,13.0,78.0,39.14,62.25,0.0,12911,실측
A000000112714,워터_밀크,비오텀,비오텀 클렌징 밀크 200ml,26800,36.0,10.0,78.0,34.13,56.83,5.25,3943,실측
A000000255163,워터_밀크,라곰,[저자극/민감피부] 라곰 오트 미셀라 클렌징밀크 200ml 단품/기획 2종 택 1,18600,43.0,9.0,87.0,46.85,43.36,6.39,1064,실측
A000000160902,워터_밀크,메이크프렘,[대용량] 메이크프렘 세이프 미 릴리프 모이스처 클렌징 밀크 500ml,31500,32.0,16.0,86.0,39.07,62.19,0.0,1612,실측
A000000149140,워터_밀크,라운드랩,[대용량/약산성] 라운드랩 1025 독도 클렌징 워터 1+1 기획 (400ml+400ml),17500,24.0,14.0,69.0,40.2,60.94,0.0,9862,실측
A000000230909,워터_밀크,에스네이처,[3관왕/자극제로 쌀뜨물밀크] 에스네이처 아쿠아 라이스 클렌징밀크 280ml,19600,40.0,10.0,75.0,39.43,56.84,0.0,1164,실측
A000000260005,워터_밀크,주미소,[단독기획/대용량] 주미소 디 판테놀 베리어 수딩 클렌징밀크 300ml 리필기획 (+리필 100ml +클렌징폼 20g),21000,0.0,0.0,67.0,34.12,49.75,4.98,430,실측
A000000231998,워터_밀크,마녀공장,[보들촉촉/두유세안] 마녀공장 퓨어 소이빈 클렌징 밀크 200ml 리필기획 (+리필 100ml),18300,41.0,8.0,81.0,42.37,59.28,0.98,7611,실측
A000000230983,워터_밀크,바이오더마,바이오더마 하이드라비오 H2O 500ml,17280,52.0,9.0,75.0,36.62,62.4,1.24,5519,실측
A000000245045,워터_밀크,에스트라,에스트라 아토베리어365 클렌징밀크 200ml,29000,45.0,7.0,76.0,24.42,68.92,7.17,493,실측
A000000206932,워터_밀크,아벤느,아벤느 미셀라 클렌징 워터 400ml 더블 기획,29900,28.0,12.0,73.0,35.12,66.58,8.74,3364,실측
A000000230980,워터_밀크,바이오더마,바이오더마 세비엄 H2O 500ml,17280,17.0,40.0,64.0,43.06,59.06,1.32,6048,실측
A000000185118,워터_밀크,브링그린,[대용량] 브링그린 티트리 시카 센시티브 클렌징 워터 (500mL/850mL),15900,22.0,19.0,65.0,72.28,25.16,0.0,6235,실측
A000000233155,워터_밀크,주닥,[세안종결] 주닥 약산성 로즈 68% 클렌징밀크 250ml,32300,49.0,6.0,92.0,28.92,59.53,8.44,2744,실측
A000000232109,워터_밀크,메이크프렘,[박지훈PICK/결광케어] 메이크프렘 PDRN 포어 클레이 클렌징밀크 200ml 기획 (+클렌징폼 50ml),25000,34.0,14.0,79.0,26.47,48.47,7.66,2754,실측
A000000160906,워터_밀크,메이크프렘,메이크프렘 세이프 미 릴리프 모이스처 클렌징 밀크 리필팩 100ml,9000,35.0,11.0,78.0,39.07,62.19,0.0,1639,실측
A000000169509,워터_밀크,파티온,파티온 노스카나인 클렌징워터 500ml,9900,21.0,17.0,68.0,51.07,40.67,1.62,5421,실측
A000000013194,워터_밀크,바이오더마,바이오더마 센시비오 H2O 500ml 2입,42000,24.0,13.0,78.0,34.78,65.02,0.0,37921,실측
A000000237800,워터_밀크,히야 (HYAAH),[호호뷰티PICK] 히야 마일드벗딥 클렌징 워터 300ml 기획(+클렌징패드 20매),23000,40.0,10.0,75.0,48.06,45.62,1.72,1900,실측
A000000165155,워터_밀크,라운드랩,[안심세안] 라운드랩 1025 독도 클렌징 밀크 200ml,16800,33.0,7.0,75.0,31.11,72.54,1.08,461,실측
A000000159743,워터_밀크,바비브라운,바비브라운 엑스트라 클렌징 밤 100ml,105000,40.32,6.87,77.72,27.45,65.93,5.45,1,예측
A000000014359,워터_밀크,유리아쥬,[보습/영양 클렌징밀크] 유리아쥬 레데마끼앙 2입 기획 (250ml+250ml),27200,39.0,9.0,72.0,42.5,56.9,2.27,2085,실측
A000000231436,워터_밀크,토리든,[NEW] 토리든 다이브인 저분자 히알루론산 클렌징워터 400ml 기획 (+100ml),14000,47.0,6.0,76.0,34.52,64.31,2.82,144,실측
A000000237461,워터_밀크,주미소,[장벽진정클렌징] 주미소 디판테놀 베리어 수딩 클렌징밀크 300ml 기획 2종 택1,21000,44.0,10.0,77.0,27.29,70.27,3.6,593,실측
A000000228248,워터_밀크,뉴트로지나,[세안밴드세트증정/재구매율1위/보들촉촉밀크] 뉴트로지나 딥클린 클렌징로션(클렌징 밀크) 200ml 2입,13200,40.0,10.0,69.0,26.51,63.89,11.67,3942,실측
A000000241734,워터_밀크,에스네이처,[리필증정/자극제로/3관왕 수분장벽밀크] 에스네이처 아쿠아 라이스 클렌징밀크 280ml 리필기획 (+리필100ml),31000,41.0,10.0,72.0,39.43,56.84,0.0,1948,실측
A000000152593,워터_밀크,비페스타,[폼증정] 비페스타 클렌징워터 세럼 모이스트 400ml (촉촉 보습),9900,33.0,9.0,68.0,48.59,54.12,2.83,786,실측
A000000197367,워터_밀크,듀이트리,[모공/피부결개선] 듀이트리 하이 아미노 올 클렌징 밀크 200ml,12300,33.0,12.0,78.0,39.14,62.25,0.0,1377,실측
A000000139298,워터_밀크,메이크프렘,메이크프렘 세이프 미 릴리프 모이스처 클렌징밀크 기획 (200ml+폼50ml),24000,32.0,12.0,78.0,39.07,62.19,0.0,8712,실측
A000000259720,워터_밀크,청미정,[성분천재/쌀 18%] 청미정 알로에발효 클렌징밀크 (단품/기획),23410,40.0,9.0,82.0,47.14,45.51,7.85,66,실측
A000000248122,워터_밀크,토리든,토리든 다이브인 저분자 히알루론산 클렌징밀크 200ml 기획 (+55ml),22000,39.0,6.0,74.0,23.47,52.58,18.95,726,실측
A000000257954,워터_밀크,식물나라,[NEW/선크림 세정] 식물나라 어린녹차 촉촉 클렌징 밀크 200ml,9800,43.0,11.0,71.0,27.17,67.94,5.2,83,실측
A000000233875,워터_밀크,스킨1004,스킨1004 마다가스카르 센텔라 히알루-시카 젠틀 클렌징 밀크 200ml,20400,47.0,9.0,93.0,43.17,57.53,4.93,576,실측
A000000259238,워터_밀크,스킨시그널,[NEW] 스킨시그널 효소 클렌징밀크 190ml,20000,36.0,9.0,94.0,41.16,42.15,6.95,961,실측
A000000231889,워터_밀크,센카,[NEW/대용량 워터]센카 올 클리어 워터 미셀라 포뮬러 프레시 400ml,18000,27.0,19.0,74.0,36.69,57.56,2.4,205,실측
A000000184196,워터_밀크,아벤느,아벤느 미셀라 클렌징 워터 400ml (AD),16900,28.0,14.0,74.0,35.12,66.58,8.74,391,실측
A000000217108,워터_밀크,달바,[올인원클렌징] 달바 리턴 오일 크림 클렌저 100ml(튜브형),15900,54.0,7.0,77.0,25.47,58.14,9.24,263,실측
A000000002652,워터_밀크,바이오더마,바이오더마 센시비오 H2O 100ml(클렌징워터),10000,28.0,12.0,72.0,34.78,65.02,0.0,83138,실측
A000000253618,워터_밀크,마녀공장,[민감피부추천] 마녀공장 퓨어 소이빈 클렌징밀크 200ml 리필 기획 (+리필 200ml),31500,37.0,10.0,81.0,48.29,53.62,0.0,9901,실측
A000000262752,워터_밀크,비티티알,[매끈말끔] bttr 하이드라 베리어 클렌징 밀크 투 폼 150g,29000,35.0,10.0,93.0,42.2,51.55,8.64,107,실측
A000000102238,워터_밀크,라로슈포제,라로슈포제 미셀라 클렌징워터 센시티브 400ml,28800,27.0,11.0,66.0,51.43,52.2,5.39,446,실측
A000000253944,워터_밀크,마녀공장,마녀공장 퓨어 소이빈 클렌징워터 500ml 기획 (+펌프+화장솜 20매),28200,24.0,12.0,71.0,41.18,58.51,0.0,41,실측
A000000247215,워터_밀크,바이오더마,바이오더마 센시비오 H2O 500ml,27000,32.0,14.0,74.0,35.38,63.82,8.8,1889,실측
A000000230763,워터_밀크,마녀공장,[두유세안] 마녀공장 퓨어 소이빈 클렌징밀크 200ml,21000,38.0,10.0,91.0,42.37,59.28,0.98,1413,실측
A000000231437,워터_밀크,토리든,[NEW] 토리든 다이브인 저분자 히알루론산 클렌징워터 400ml,20000,38.89,9.41,78.15,34.52,64.31,2.82,26,예측
A000000227640,워터_밀크,토르홉,[단독/모공/피지] 토르홉 프로니 소금우유 단백질 저자극 클렌징 밀크 오일 200ml(+15ml 증정),18600,44.0,7.0,82.0,25.33,52.62,11.8,980,실측
A000000243597,워터_밀크,라곰,[온천수/진정보습] 라곰 마이크로 클렌징 워터 350ml,18000,40.29,9.18,75.37,23.29,64.08,3.58,12,예측
A000000013189,워터_밀크,뉴트로지나,[세안밴드세트증정/끈적임ZERO/피지ZERO] 뉴트로지나 딥클린 클렌징크림 285ml,17900,36.0,7.0,59.0,26.97,63.25,4.84,3358,실측
A000000114713,워터_밀크,비페스타,[화장솜증정] 비페스타 클렌징워터 브라이트닝 60ml (휴대용),2900,29.0,9.0,60.0,38.77,57.06,3.12,296,실측
A000000002844,워터_밀크,바이오더마,바이오더마 세비엄 H2O 100ml,10000,14.0,30.0,65.0,43.06,59.06,1.32,308,실측
A000000002838,워터_밀크,바이오더마,바이오더마 센시비오 레 데마끼앙 (민감 피부용 클렌징 밀크),20500,36.0,14.0,77.0,31.99,59.36,0.6,356,실측
A000000014360,워터_밀크,유리아쥬,유리아쥬 미셀라 클렌징 워터 2입 기획 (250ml + 250ml),28000,34.0,10.0,76.0,36.48,61.77,2.13,534,실측
A000000015026,워터_밀크,유리아쥬,[수분충전] 유리아쥬 미셀라 클렌징 워터 2입 기획 (500ml + 500ml),26600,29.0,13.0,76.0,36.48,61.77,2.13,2781,실측
A000000102240,워터_밀크,라로슈포제,라로슈포제 미셀라 클렌징워터 리액티브 400ml,29700,40.0,7.0,72.0,51.43,52.2,5.39,277,실측
A000000118918,워터_밀크,엠브리올리스,엠브리올리스 미셀라 로션 250ml,30000,27.04,17.16,70.93,39.66,56.08,3.29,25,예측
A000000128988,워터_밀크,유리아쥬,[민감진정] 유리아쥬 미셀라 클렌징 워터 센서티브 2입 기획 (500ml+500ml),38000,29.0,11.0,74.0,49.03,57.65,0.73,1562,실측
A000000131595,워터_밀크,비욘드,비욘드 엔젤아쿠아 퓨리파잉 클렌징워터 500ml,19000,23.0,12.0,66.0,36.68,57.57,9.96,1667,실측
A000000134609,워터_밀크,리듀어,리듀어 리프레싱 타임 클렌징워터 더블 기획 (400ml+400ml),19800,25.0,15.0,78.0,28.14,56.62,3.35,1801,실측
A000000136849,워터_밀크,메이크프렘,메이크프렘 세이프 미 릴리프 모이스처 클렌징 밀크 200ml,24000,32.0,10.0,83.0,39.07,62.19,0.0,875,실측
A000000143011,워터_밀크,제이엠솔루션,제이엠솔루션 H9 히아루로닉 앰플 클렌징 워터 아쿠아 850ml,8800,22.0,10.0,62.0,30.28,72.35,0.0,717,실측
A000000148024,워터_밀크,닥터지,[증정기획] 닥터지 약산성 클렌징 워터 490ml 기획 (+화장솜 70매),21200,28.0,15.0,72.0,51.07,60.47,0.0,660,실측
A000000151358,워터_밀크,셀퓨전씨,[안자극NO/수분클렌징] 셀퓨전씨 약산성 패리어 클렌징 워터 500ml,12900,21.0,15.0,78.0,38.38,65.99,7.91,832,실측
A000000152601,워터_밀크,비페스타,[폼증정] 비페스타 클렌징워터 센시티브 400ml (저자극 진정),9900,25.0,12.0,69.0,29.78,66.64,6.84,1993,실측
A000000170397,워터_밀크,로벡틴,[저자극 약산성/모공 딥클렌징] 로벡틴 아쿠아 딥 클렌징 워터 400ml,13650,28.0,11.0,67.0,47.41,53.56,0.82,1129,실측
A000000175204,워터_밀크,리쥬란,[pH5.5 미셀 솔루션/버블클렌저] 리쥬란 더마힐러 모이스처 버블 클렌징 워터 150ml,21000,49.0,4.0,85.0,47.26,53.02,4.88,137,실측
A000000184360,워터_밀크,디오디너리,[클렌징크림] 디오디너리 글라이코리피드 크림 클렌저 150ml,19000,32.74,10.24,71.78,42.32,59.51,6.42,13,예측
A000000201049,워터_밀크,히야 (HYAAH),[패드15매 증정] 히야 마일드벗딥 클렌징워터 300ml,25000,37.0,9.0,83.0,48.06,45.62,1.72,993,실측
A000000206408,워터_밀크,더바디샵,더바디샵 티트리 스킨 클리어링 훼이셜 워시 250ML,24700,23.36,21.75,66.36,47.16,42.31,10.57,6,예측
A000000207735,워터_밀크,비플레인,비플레인 녹두 클렌징 워터 400ml,13200,22.0,14.0,71.0,39.08,60.17,0.0,151,실측
A000000208188,워터_밀크,닥터벨머,닥터벨머 아미노클리어 클렌징워터 300ml,9900,30.0,10.0,82.0,52.18,36.6,10.28,50,실측
A000000210172,워터_밀크,피토메르,피토메르 레데마끼양 250ml,35140,37.09,12.71,77.18,26.73,60.7,5.14,7,예측
A000000225196,워터_밀크,헤라,헤라 리프레싱 토닉 클렌징워터 200ml,36000,33.48,11.78,76.63,43.35,54.01,5.77,0,예측
A000000230935,워터_밀크,SVR,[민감 피부 더마 클렌징워터] SVR 센시파인 AR 오미셀라 400ml,27300,28.92,15.44,61.76,37.17,42.82,11.17,8,예측
A000000230937,워터_밀크,SVR,[미네랄 수분 부스팅 클렌징워터] SVR 피지오퓨어 오미셀라 400ml,39000,28.96,11.81,64.72,39.62,53.97,10.85,4,예측
A000000237662,워터_밀크,토리든,[NEW] 토리든 다이브인 저분자 히알루론산 클렌징밀크 200ml (+클렌징폼 30ml),22000,45.0,11.0,74.0,23.47,52.58,18.95,726,실측
A000000240145,워터_밀크,에스테덤,에스테덤 카밍 클렌징 밀크 200ml,32250,30.0,9.0,67.0,24.4,67.62,2.38,57,실측
A000000240264,워터_밀크,눅스,[리뉴얼] 눅스 베리로즈 클렌징 밀크 200ml,27200,17.0,17.0,33.0,30.4,53.28,10.01,356,실측
A000000242323,워터_밀크,바닐라코,[NEW/민감피부] 바닐라코 클린잇제로 카밍 클렌징밀크 200ml,16800,18.0,2.0,64.0,34.7,39.62,6.9,45,실측
A000000242732,워터_밀크,마녀공장,[두유세안] 마녀공장 퓨어 소이빈 클렌징밀크 200ml,21000,34.0,14.0,70.0,42.37,59.28,0.98,1463,실측
A000000251505,워터_밀크,코스알엑스,코스알엑스 약산성 나이아신아마이드 미셀라 클렌징워터 400ml 2입 기획,17900,30.03,13.64,73.26,42.44,48.76,5.94,23,예측
A000000253943,워터_밀크,마녀공장,마녀공장 퓨어 소이빈 클렌징워터 55ml,4500,41.0,0.0,68.0,41.18,58.51,0.0,41,실측
A000000253945,워터_밀크,마녀공장,[더블기획] 마녀공장 퓨어 소이빈 클렌징워터 500ml 더블 기획 (+펌프+화장솜 20매),24900,36.38,12.64,76.42,41.18,58.51,0.0,19,예측
A000000254682,워터_밀크,한스킨,[민감보습/블랙헤드예방] 한스킨 클렌징 바나나밀크&블랙헤드 PHA 200ml (기획/단품),26000,32.0,12.0,94.0,33.43,47.95,6.91,692,실측
A000000255451,워터_밀크,몰바니,[김재원 PICK/저자극] 몰바니 프로틴 딥 밀크 클렌저 200ml,15900,48.0,7.0,91.0,24.53,31.21,29.97,415,실측
A000000260250,워터_밀크,리얼베리어,리얼베리어 세라마이드 모이스처 클렌징밀크 200ml,21000,49.0,5.0,95.0,27.97,70.62,0.33,110,실측
A000000143010,워터_밀크,제이엠솔루션,제이엠솔루션 H9 히아루로닉 앰플 클렌징 워터 아쿠아 500ml,6400,26.0,14.0,66.0,30.28,72.35,0.0,663,실측
A000000000463,워터_밀크,뉴트로지나,[재구매율1위/보들촉촉밀크] 뉴트로지나 딥클린 클렌징 로션 (클렌징밀크) 200ml,12900,33.0,11.0,63.0,24.73,66.3,10.47,3351,실측
A000000111657,워터_밀크,셀비엔,셀비엔 토너워시 500ml,15000,29.0,3.0,73.0,59.09,40.52,0.0,71,실측
A000000119534,워터_밀크,참존,참존 콘트롤크림 셀프 마사지 더블 기획,18000,40.0,9.0,57.0,22.03,57.53,11.31,2782,실측
A000000183429,워터_밀크,이즈앤트리,이즈앤트리 참마 비건 밀크 클렌저 220ml,17900,37.0,12.0,77.0,57.61,48.49,0.22,11773,실측
A000000187447,워터_밀크,더샘,더샘 내추럴 컨디션 탄산 클렌징워터 500ml,15000,22.0,10.0,69.0,40.89,55.74,8.05,413,실측
A000000200464,워터_밀크,더페이스샵,더페이스샵 미감수 브라이트 클렌징크림 200ml,6000,37.0,3.0,61.0,28.84,57.46,7.74,353,실측
A000000201165,워터_밀크,더페이스샵,더페이스샵 미감수 브라이트 클렌징로션 200ml,5300,34.0,6.0,64.0,26.43,49.61,15.21,311,실측
A000000201185,워터_밀크,더페이스샵,더페이스샵 미감수 브라이트 순한 클렌징워터 500ml,9500,26.0,12.0,56.0,51.69,47.02,3.18,167,실측
A000000203626,워터_밀크,마녀공장,[더블기획] 마녀공장 퓨어 클렌징워터 센서티브 500mlx2(+화장솜20매 증정),25900,29.0,14.0,78.0,31.77,64.02,1.99,9230,실측
A000000204963,워터_밀크,마녀공장,마녀공장 퓨어 클렌징워터 센서티브 55ml,4500,39.0,10.0,68.0,31.77,64.02,1.99,682,실측
A000000207641,워터_밀크,비오텀,비오텀 클렌징밀크 어드밴스드 200ml,29800,43.2,6.41,73.15,24.23,71.73,8.58,12,예측
A000000209308,워터_밀크,마녀공장,마녀공장 퓨어 클렌징워터 센서티브 500ml 펌프기획 (+화장솜 20매),28200,33.0,12.0,76.0,31.77,64.02,1.99,13387,실측
A000000211192,워터_밀크,아누아,아누아 어성초 약산성 딥 클렌징워터 500g,14700,37.0,18.0,73.0,25.54,65.16,4.53,113,실측
A000000226070,워터_밀크,바이오더마,바이오더마 센시비오 H2O 500ml 2입 기획,42000,33.0,13.0,77.0,35.38,63.82,8.8,51252,실측
A000000231669,워터_밀크,바를,[NEW/ 저자극 힐링세안] 바를 유자 밀크인젤 200ml,22500,47.0,8.0,94.0,38.28,62.39,0.0,470,실측
A000000234355,워터_밀크,메이크프렘,[수부지밀크] 메이크프렘 PDRN 포어 클레이 클렌징밀크 200ml 기획 (+리필 100ml),20300,36.0,14.0,79.0,26.46,46.92,13.81,4364,실측
A000000237462,워터_밀크,주미소,주미소 디판테놀 베리어 수딩 클렌징밀크 300ml,28000,43.25,7.93,73.95,27.29,70.27,3.6,0,예측
A000000245640,워터_밀크,이즈앤트리,[NCT재민 PICK] 이즈앤트리 참마 비건 밀크 클렌저 220ml 리필기획(+리필 200ml+클렌징폼 30ml),31000,30.0,16.0,78.0,32.6,69.41,3.21,18525,실측
A000000246775,워터_밀크,주미소,[민감피부추천/한정기획] 주미소 디 판테놀 베리어 수딩 클렌징밀크 300ml 증정 기획 (+클렌징밀크50ml+폼50g),28000,34.0,13.0,74.0,34.12,49.75,4.98,1021,실측
A000000180455,코팩,일소,[1등코팩/피지순삭] 일소 네추럴 마일드 클리어 노우즈 팩 10매 (대용량),22000,19.0,26.0,60.0,62.2,29.64,0.0,44566,실측
A000000202899,코팩,메디힐,[스패츌러 증정] 메디힐 블랙헤드 멜팅 클리어 코팩 4매 피지연화,10900,25.0,26.0,77.0,61.04,33.98,2.0,24867,실측
A000000171820,코팩,일소,[1등코팩/피지순삭] 일소 네추럴 마일드 클리어 노우즈 팩 5매,22000,19.0,25.0,59.0,63.59,34.37,0.0,33879,실측
A000000242378,코팩,차앤박,[NEW업그레이드/3+2기획] 차앤박 안티-포어 블랙헤드 퍼펙트 클리어 키트 프로 3매 기획 (+2매),8600,19.0,19.0,45.0,36.24,43.3,8.57,543,실측
A000000255998,코팩,케어플러스,[자는동안 피지 싹] 케어플러스 슬리핑 코팩 카밍 4매 / 4매(포켓몬에디션) / 10매 대용량,5900,19.0,29.0,46.0,69.26,18.66,3.46,394,실측
A000000118086,코팩,해서린,[올영단독]해서린 포어 클리어 화이트 코팩 16매 (대용량),4500,14.0,29.0,21.0,63.25,15.4,30.54,24610,실측
A000000258972,코팩,일소,[짱구 콜라보] 일소 네추럴 마일드 클리어 노우즈 팩 10매 기획 (+그립톡+면봉20개),22000,20.0,27.0,60.0,62.2,29.64,0.0,44745,실측
A000000191649,코팩,라운드랩,[블랙헤드/피지모공] 라운드랩 소나무 진정 시카 바이오셀룰로오스 코팩 5매,11900,21.0,22.0,62.0,62.3,37.12,0.0,3198,실측
A000000017109,코팩,미팩토리,미팩토리 1단 돼지코팩 10매입,8900,13.0,29.0,23.0,56.53,20.7,20.02,10155,실측
A000000139549,코팩,미팩토리,[단독기획] 미팩토리 3단 돼지코팩 (본품3매입+1매입 증정),6900,14.0,23.0,25.0,45.24,53.15,6.85,4908,실측
A000000207439,코팩,브링그린,[블랙헤드케어템]브링그린 티트리 시카 포어 코팩 5매입,11800,19.0,27.0,58.0,62.22,35.43,0.0,17121,실측
A000000128548,코팩,미팩토리,[NEW] 미팩토리 3단 돼지코팩 3매입,6900,13.0,26.0,24.0,40.82,42.98,25.83,9168,실측
A000000226627,코팩,케어플러스,[자는동안 피지 쏙] 케어플러스 슬리핑 코팩 카밍 10매 대용량 / 4매,5900,20.0,30.0,45.0,69.26,18.66,3.46,3790,실측
A000000204483,코팩,해서린,[피지쓱싹] 해서린 포어 멜팅 와이드 슈링코팩 4매,9200,18.0,24.0,57.0,63.49,45.08,1.33,817,실측
A000000155110,코팩,나이팅게일,[초대형코팩/T존+나비존] 나이팅게일 3스텝 타코팩 문어흡착팩,9000,12.0,32.0,18.0,40.54,36.55,11.76,2593,실측
A000000116191,코팩,착한팩토리,착한팩토리 숯폭탄 깜장코팩 40ml,8900,17.0,24.0,43.0,58.79,37.04,5.54,1945,실측
A000000152536,코팩,미팩토리,[올리브영단독] 미팩토리 녹여쓰는 돼지코팩 4+1매입 기획세트(총 5회분),7900,17.0,24.0,56.0,68.51,41.99,0.0,3175,실측
A000000174278,코팩,원데이즈유,(리뉴얼) 원데이즈유 피지쏙쏙 노모어 블랙헤드 코팩 5매,12000,17.0,18.0,63.0,64.88,38.03,0.2,252,실측
A000000251117,코팩,그라펜,[저자극/피지연화코팩] 그라펜 포어올킬 원스텝 코팩 5매,12000,7.0,42.0,71.0,53.31,57.17,2.55,271,실측
A000000170886,코팩,미팩토리,미팩토리 3단 흑돼지 코팩 3매입,10900,13.0,26.0,24.0,45.62,36.61,15.48,730,실측
A000000262129,코팩,브링그린,[NEW/돌기코팩]브링그린 티트리 시카 원스텝 스케일링 코팩 10매입,10900,15.0,21.0,28.0,67.49,34.04,0.64,39,실측
A000000015144,코팩,해서린,해서린 포어 클리어 티트리 코팩 8매,5000,15.0,24.0,28.0,59.18,28.68,5.49,1804,실측
A000000115183,코팩,차앤박,차앤박(CNP) 안티포어 블랙헤드 스트립 3회분,8600,15.0,28.0,30.0,60.34,33.46,5.78,3915,실측
A000000156009,코팩,미팩토리,미팩토리 3단 돼지코팩 10매입,19900,12.0,23.0,24.0,45.24,53.15,6.85,474,실측
A000000168739,코팩,차앤박,차앤박(CNP) 블랙헤드 버블 코팩 총 5회분,8600,19.0,18.0,52.0,42.39,35.19,9.88,979,실측
A000000171821,코팩,본트리,본트리 레몬티트리 블랙헤드 코팩 10매입,9900,15.0,19.0,46.0,63.54,34.01,0.0,205,실측
A000000259740,코팩,토리든,[NEW] 토리든 밸런스풀 시카 컨트롤 피지 패치 5매입,7500,34.18,15.98,60.31,47.49,37.52,2.73,15,예측
A000000200883,코팩,선덕제주,선덕제주 케라바이옴엑스 버블 도트 코팩 7매,11900,21.29,18.56,52.79,46.12,36.69,6.2,13,예측
A000000205661,코팩,메디힐,[모공청소/피지연화] 메디힐 블랙헤드 멜팅 클리어 코팩 스텝 원 6매입,9900,19.0,26.0,55.0,56.92,38.29,0.0,1396,실측
A000000205840,코팩,이즈앤트리,[피지멜팅 왕코팩] 이즈앤트리 머그워트 카밍 클리어 코팩 5매,11900,19.0,27.0,56.0,62.19,36.65,2.16,94,실측
A000000235428,코팩,콤마나인,콤마나인 포어 타이트 노즈 클레이 팩 4매,14400,29.0,31.0,63.0,55.61,23.75,7.36,180,실측
A000000238539,코팩,한스킨,[블랙헤드][무자극코팩] 한스킨 클렌징&블랙헤드 클리어 패치 7매,4660,38.0,10.0,73.0,45.06,58.53,2.47,82,실측
A000000255168,코팩,차앤박,차앤박(CNP) 안티포어 블랙헤드 퍼펙트 클리어 키트 프로 10회분 (온),25900,25.08,17.29,53.2,36.24,43.3,8.57,0,예측
A000000206904,크림,라로슈포제,[8.6 하루특가/손상장벽집중케어] 라로슈포제 시카플라스트 밤 B5+ 100ml 기획 (+3ml 추가증정),29900,50.0,5.0,71.0,50.0,49.0,2.0,26745,실측
A000000260515,크림,VT,[베일리pick/단독기획] VT 피디알엔 리들샷 아이 리프터 15ml 리필기획 (+리필 15ml),25900,35.0,8.0,57.0,20.0,34.0,46.0,2315,실측
A000000233322,크림,닥터지,[1+1/광채탄력] 닥터지 블랙스네일 크림 50ml 1+1 기획 +(15ml 추가 증정),24500,54.0,4.0,74.0,17.0,67.0,15.0,6453,실측
A000000261864,크림,에스트라,에스트라 아토베리어365 크림 80ml 기획(+토너25ml+클렌징폼3g*3EA),25900,46.0,7.0,68.0,27.0,73.0,0.0,37493,실측
A000000261234,크림,헤브블루,[8월 올영픽 / NEW 한정기획] 헤브블루 살몬 케어링 센텔라 크림 100ml 기획 (+20ml+토너 25ml),23400,50.0,8.0,93.0,19.0,78.0,3.0,8529,실측
A000000253592,크림,셀리맥스,"[흔적,기미,미백/TXA] 셀리맥스 트라넥삼산 잡티 크림 35ml 기획 (+14ml)",22900,35.0,7.0,77.0,17.0,33.0,50.0,1633,실측
A000000224581,크림,빌리프,[8월올영픽/쿨링진정크림] 빌리프 프로즌 크림 50ml 1+1 기획(+손거울 증정),24500,31.0,19.0,70.0,59.0,40.0,1.0,13691,실측
A000000255752,크림,닥터지,[수분진정/세럼증정] 닥터지 레드블레미쉬 클리어 수딩크림 EX 70ml기획 (+30ml+세럼10ml*2ea),26300,35.0,15.0,88.0,42.0,57.0,1.0,3184,실측
A000000258834,크림,에스트라,에스트라 아토베리어365 하이드로 수딩크림 80ml 기획 (+수딩크림 10ml+클렌징폼 30g),25100,27.0,14.0,71.0,38.0,61.0,1.0,13034,실측
A000000156230,크림,에스네이처,[역대급증정/1등 모공수분천재크림] 에스네이처 아쿠아 스쿠알란 수분크림 60ml 기획(60ml+30ml),17900,38.0,9.0,77.0,21.0,78.0,1.0,21935,실측
A000000260752,크림,동화약품,동화약품 비타비 크림 30ml 기획 (+15ml),19600,27.0,26.0,89.0,54.0,35.0,11.0,1290,실측
A000000226553,크림,브링그린,[수부지크림/유수분밸런스] 브링그린 티트리 시카 수딩 크림 플러스 100ml (2입/단품),19800,18.0,30.0,66.0,69.0,30.0,1.0,19955,실측
A000000247776,크림,이즈앤트리,"[NCT 재민PICK] 이즈앤트리 어니언 뉴페어 겔크림 플러스 50ml 기획 (+겔크림 플러스 20ml, 패드 2매)",19900,30.0,16.0,77.0,48.0,45.0,7.0,4763,실측
A000000231892,크림,아누아,[수지 PICK/단독기획] 아누아 피디알엔 히알루론산 100 수분 크림 60mL 2입 기획,29500,45.0,7.0,75.0,25.0,70.0,5.0,8667,실측
A000000202893,크림,에스네이처,[역대급증정/수분충전/쿨링진정] 에스네이처 아쿠아 오아시스 수분 젤크림 90ml 기획 (+카밍패드 2매),21700,25.0,36.0,77.0,47.0,52.0,0.0,6689,실측
A000000198320,크림,에스트라,[올영 어워즈 1등 크림] 에스트라 아토베리어365 크림 80ml,25900,55.0,4.0,79.0,23.0,77.0,0.0,7347,실측
A000000246297,크림,코페르,[광채/기미] 코페르 큐리페어 멜라크림 21ml 기획(+4ml),25920,41.0,8.0,90.0,9.0,42.0,49.0,4596,실측
A000000199701,크림,바이오힐보,[카디비PICK|탄력보습] 바이오힐보 프로바이오덤 3D리프팅 크림 50ml [단품/기획],38880,56.0,3.0,69.0,17.0,58.0,26.0,6437,실측
A000000260771,크림,동화약품,동화약품 비타비 스팟 겔 15ml 기획 (+5ml),18900,22.0,25.0,90.0,73.0,20.0,7.0,346,실측
A000000248826,크림,메디큐브,[여배우광채크림] 메디큐브 PDRN 핑크 콜라겐 캡슐크림 55g 기획 (+4.5g*2ea),23500,48.0,6.0,64.0,25.0,57.0,17.0,1535,실측
A000000225180,크림,코스알엑스,[보습광채] 코스알엑스 어드벤스드 스네일 92 올인원 크림 100g,19550,53.0,5.0,87.0,15.0,78.0,7.0,1954,실측
A000000258295,크림,토리든,[NEW/단독기획] 토리든 다이브인 저분자 히알루론산 수딩 크림 100ml (+20ml),15960,33.0,9.0,75.0,34.0,64.0,2.0,169,실측
A000000254747,크림,에스트라,에스트라 아토베리어365 하이드로 수딩크림 80ml 기획(토너25ml+클렌징폼30g),25100,29.0,14.0,73.0,36.0,63.0,1.0,8199,실측
A000000245087,크림,닥터엘시아,[장원영PICK] 닥터엘시아 345 릴리프 크림 50ml 기획 (+10ml*2ea+튜브링거),20830,36.0,14.0,76.0,50.0,49.0,2.0,4013,실측
A000000231589,크림,제로이드,[대용량] 제로이드 수딩 크림 80ml 기획 (+50ml),34200,27.0,17.0,74.0,45.0,54.0,1.0,8862,실측
A000000261065,크림,셀리맥스,셀리맥스 더 비타 A 레티날 샷 타이트닝 듀얼 크림 50ml,25900,34.48,9.28,65.93,28.29,37.78,31.68,12,예측
A000000235068,크림,리쥬란,[c-PDRN 물광+윤광 케어] 리쥬란 힐러 턴오버 액티브 크림 50ml (+앰플 5ml 증정),27900,48.0,3.0,67.0,26.0,53.0,22.0,3942,실측
A000000257543,크림,닥터지,[튜브타입/단독기획] 닥터지 레드 블레미쉬 클리어 수딩크림 EX 70ml 튜브 기획 (+30ml+세럼10ml*2ea),26300,30.0,19.0,74.0,53.0,47.0,0.0,3184,실측
A000000211213,크림,빌리프,[8월올영픽/쿨링진정크림] 빌리프 프로즌 크림 50ml 1+1 기획(+손거울 증정) / 아모밤 30ml 1+1 기획,24500,47.0,8.0,80.0,22.0,78.0,1.0,9119,실측
A000000257827,크림,라로슈포제,라로슈포제 시카플라스트 멀티 리페어 크림 100ml (+시카에센스 7.5ml),52000,31.0,11.0,73.0,48.0,49.0,3.0,18613,실측
A000000222882,크림,한율,[1+1] 한율 트러블 진정 쑥시카 수분 크림 기획 (55ml+55ml),27300,29.0,14.0,71.0,61.0,38.0,1.0,7534,실측
A000000192105,크림,CKD,[227만개판매] CKD 레티노콜라겐 저분자 300 괄사 목주름 크림 50ml 1+1 기획,28900,39.0,5.0,60.0,22.0,36.0,42.0,2869,실측
A000000232304,크림,파티온,[대용량] 파티온 노스카나인 트러블 크림 75ml 기획(+5ml),29500,21.0,23.0,78.0,73.0,26.0,1.0,23750,실측
A000000249895,크림,유세린,[10년연속1위] 유세린 하이알루론 3X 아이크림 15ml,35900,40.0,0.0,72.0,28.0,36.0,36.0,2426,실측
A000000255244,크림,라운드랩,[총200ml/대용량] 라운드랩 자작나무 수분 크림 80ml+80ml 더블 기획 (+40ml),27300,53.0,11.0,95.0,12.0,87.0,1.0,11056,실측
A000000250254,크림,아이소이,[화잘먹/100시간수분] 아이소이 모이스춰 닥터 장수진 수분크림 50ml 1+1 기획 (+20ml),26790,32.0,16.0,72.0,40.0,58.0,2.0,12882,실측
A000000261235,크림,동아제약,동아제약 색소침착 프로 크림제 40ml 더블 기획 (+40ml),39000,41.0,10.0,95.0,24.0,39.0,37.0,4990,실측
A000000206053,크림,넘버즈인,[8월올영픽/트러블손절크림] 넘버즈인 1번 판토텐산 액티브 수딩크림 80ml 1+1 기획,26500,25.0,26.0,74.0,54.0,45.0,1.0,11128,실측
A000000189248,크림,바이오힐보,[수분진정] 바이오힐보 판테셀 리페어시카 크림 50ml (단품/리필기획),33500,28.0,14.0,75.0,58.0,41.0,2.0,6932,실측
A000000239660,크림,피지오겔,피지오겔 DMT 페이셜 보습 장벽 크림 150ml 기획(+토너 50ml),23900,55.0,4.0,77.0,22.0,77.0,1.0,3797,실측
A000000251494,크림,도미나스,[8월올영픽/태극제약]도미나스 크림 Rx 30ml 단품/기획 (+7ml),34900,43.0,4.0,72.0,15.0,33.0,52.0,1203,실측
A000000206572,크림,바이오힐보,[눈가&목주름케어] 바이오힐보 3D 리프팅 아이&링클 크림 25ml (더블/트리플),24500,48.0,3.0,67.0,21.0,44.0,35.0,2559,실측
A000000244987,크림,메디힐,[1+1/수분흔적크림] 메디힐 마데카소사이드 더마 크림 50+50ml 더블 기획,24900,36.0,12.0,73.0,51.0,44.0,5.0,8002,실측
A000000240908,크림,메디큐브,[속건조수분크림] 메디큐브 PDRN 핑크 히알루로닉 수분크림 50ml 더블기획 (+앰플10ml),24700,36.0,10.0,67.0,31.0,58.0,11.0,3504,실측
A000000134691,크림,바이오더마,바이오더마 시카비오 포마드 100ml(리페어 리치 밤),40000,68.0,3.0,76.0,29.0,70.0,1.0,14160,실측
A000000192405,크림,더하르나이,[1회사용 장벽개선] 더하르나이 시카이드 크림 100ml+30ml 기획,23200,29.0,15.0,77.0,43.0,56.0,1.0,8315,실측
A000000255827,크림,동국제약,[기미톤업/색소침착] 동국제약 멜라-셋 기미 토닝 크림 35g 더블 기획(+기미 와이드 패치 2매입*2ea),37700,34.0,5.0,76.0,17.0,34.0,49.0,1184,실측
A000000190369,크림,AHC,[판매량 1억개 돌파/대용량] AHC 텐 레볼루션 리얼 아이크림 포 페이스 더블 기획,26900,41.0,4.0,63.0,22.0,41.0,37.0,10512,실측
A000000255499,크림,쿠피,[2주만에기미감소16%] 쿠피 멜라스마 클리어 트라넥삼산 레몬수 기미크림 50ml,24320,42.0,11.0,98.0,3.0,50.0,46.0,884,실측
A000000249211,크림,리얼베리어,[조슈아PICK/1+1] 리얼베리어 익스트림 크림 70ml 1+1 기획,28500,60.0,4.0,82.0,21.0,78.0,1.0,12123,실측
A000000255677,크림,메디큐브,[수분진정/화잘먹] 메디큐브 PDRN 핑크 히알루로닉 수분크림 100ml 더블기획,31500,41.0,7.0,71.0,30.0,62.0,8.0,3837,실측
A000000252302,크림,랑콤,[NEW] 랑콤 레네르지 콜라겐 리프트 익스텐드 크림 50ml,143650,44.73,4.93,74.79,22.4,61.79,24.55,8,예측
A000000166586,크림,라운드랩,[대용량] 라운드랩 자작나무 수분 크림 120ml 대용량 기획(+패드 4매),27300,27.0,18.0,76.0,34.0,65.0,1.0,10973,실측
A000000174316,크림,라로슈포제,[시카입문추천] 라로슈포제 시카플라스트 밤B5+ 40ml,24300,47.0,6.0,70.0,57.0,42.0,1.0,6251,실측
A000000260580,크림,제로이드,[8월 올영픽] 제로이드 핌프로브 레드 컨트롤 크림 pH4 80ml 기획 (+토너 25ml +크림 10ml),28500,16.0,20.0,66.0,77.0,23.0,0.0,935,실측
A000000192782,크림,에스네이처,[1+1/1등 모공 수분천재크림] 에스네이처 아쿠아 스쿠알란 수분크림 60ml 더블기획,43000,38.0,9.0,75.0,23.0,76.0,1.0,16557,실측
A000000255729,크림,동아제약,[단독기획] 동아제약 아크네 프로 크림제 30ml 기획(+3ml+겔제3ml),22700,35.0,21.0,93.0,63.0,36.0,2.0,3367,실측
A000000233614,크림,이니스프리,[1+1/화잘먹] 이니스프리 그린티 수분크림 50ml 더블기획,28000,38.0,6.0,74.0,32.0,67.0,1.0,1408,실측
A000000232494,크림,아누아,[단독기획] 아누아 어성초 센텔라 레드 스팟 크림 30g 2입,25000,31.0,14.0,72.0,72.0,27.0,1.0,2285,실측
A000000183713,크림,토리든,[단독기획] 토리든 밸런스풀 시카 진정 크림 80ml 기획 (+세럼 10ml),18000,23.0,25.0,75.0,70.0,30.0,1.0,10099,실측
A000000214168,크림,키엘,[8월올영픽/NO.1 국민수분크림] 키엘 울트라 훼이셜 크림 28ml/50ml/150ml (기획/단품),40280,43.0,7.0,70.0,26.0,73.0,1.0,1707,실측
A000000257193,크림,비욘드,[고속수분/쿨링진정] 비욘드 엔젤 아쿠아 이온 히알루10% 수분 진정 크림 100ml 1+1 기획,20800,38.0,13.0,87.0,40.0,59.0,1.0,622,실측
A000000244683,크림,셀인샷,[단독기획/트러블1위] 셀인샷 알란테놀 트러블 크림 70ml 기획 (+크림 20ml*2),35900,23.0,14.0,70.0,75.0,25.0,1.0,1834,실측
A000000172453,크림,닥터지,[속건조/진정보습] 닥터지 레드 블레미쉬 클리어 모이스처 크림 70ml 기획 (+30ml 증정),26300,48.0,6.0,76.0,31.0,69.0,1.0,4291,실측
A000000212690,크림,브링그린,브링그린 대나무 히알루 수분 부스팅 크림 100ml (2입기획/단품),19800,35.0,17.0,77.0,32.0,68.0,0.0,2387,실측
A000000257713,크림,달바,[26년 신형/미니크림 증정] 달바 비타 캡슐 크림 나이아신아마이드 5퍼센트 55g 기획 (+10g),40900,58.0,4.0,70.0,19.0,63.0,17.0,375,실측
A000000118803,크림,유세린,[10년연속1위] 유세린 하이알루론 3X 아이크림 더블기획 (15ml+15ml),68900,40.0,4.0,68.0,15.0,34.0,51.0,5009,실측
A000000163254,크림,토리든,[단독기획] 토리든 다이브인 저분자 히알루론산 크림 80ml 기획(+크림 20ml 추가증정),15700,28.0,17.0,76.0,32.0,67.0,1.0,5224,실측
A000000255744,크림,동아제약,[단독기획] 동아제약 아크네 프로 겔제 30ml 기획(+3ml+크림제3ml),16700,31.0,23.0,85.0,68.0,31.0,1.0,2846,실측
A000000147109,크림,유세린,[보습장벽크림] 유세린 우레아 리페어 크림 50ml,25900,46.0,4.0,74.0,24.0,75.0,1.0,618,실측
A000000248200,크림,유세린,[2700만개 판매] 유세린 하이알루론 3X 나이트크림 50ml 기획 (+나이트크림7ml*2),36900,50.0,3.0,63.0,24.0,51.0,25.0,6813,실측
A000000184624,크림,닥터디퍼런트,[단독기획/레티날0.1%] 닥터디퍼런트 비타리프트 에이 포르테 2입 기획,71040,27.0,8.0,32.0,26.0,13.0,61.0,3260,실측
A000000228259,크림,더마팩토리,더마팩토리 레티날 300ppm크림 30ml,8550,25.0,14.0,41.0,25.0,21.0,53.0,735,실측
A000000198721,크림,아비브,[쿨링진정] 아비브 어성초 크림 카밍 튜브 75ml,24500,24.0,18.0,75.0,71.0,28.0,1.0,1314,실측
A000000211085,크림,오드로이,[화잘먹크림] 오드로이 모공수축크림 로프디 모공타이트닝 100ml,23800,24.0,18.0,65.0,29.0,45.0,26.0,2342,실측
A000000172040,크림,메이크프렘,[박지훈PICK/수분진정] 메이크프렘 인테카 수딩크림 50ml 기획(+크림 31ml),17800,22.0,19.0,74.0,70.0,30.0,1.0,6981,실측
A000000183498,크림,에뛰드,[올영 단독] 에뛰드 순정 수분 베리어 크림 75ml 트리오 기획 (75ml X 3EA),19900,31.0,11.0,79.0,30.0,69.0,0.0,2635,실측
A000000259039,크림,이니스프리,[UPGRADE] 이니스프리 레티놀 시카 모공 흔적 크림 50ml 기획(+30ml),22100,26.0,14.0,69.0,30.0,28.0,42.0,539,실측
A000000211478,크림,아비브,[보습탄력] 아비브 부활초 크림 뉴트리션 튜브 75ml 더블 기획,29400,53.0,4.0,78.0,19.0,79.0,3.0,8626,실측
A000000219716,크림,파티온,[단독기획/5겹장벽크림] 파티온 노스카나인 트러블 크림 45ml 기획(+5ml+세럼 5ml),21500,27.0,20.0,81.0,68.0,31.0,1.0,21157,실측
A000000212016,크림,에센허브,에센허브 티트리 수딩 인 카밍 크림 80ml 기획(+크림 30ml),18900,28.0,21.0,82.0,64.0,35.0,1.0,4346,실측
A000000180543,크림,코스알엑스,코스알엑스 더 레티놀 0.1 크림 20ml,18700,23.0,15.0,41.0,21.0,22.0,57.0,3407,실측
A000000259386,크림,포들,[웬디PICK] 포들 밤 레티날 모공 리셋 솔루션 캡슐 크림 55g,28800,55.0,9.0,98.0,5.0,76.0,18.0,369,실측
A000000258214,크림,믹순,[-8.1도 즉각쿨링/슬러시젤크림] 믹순 히알레배 포어 워터풀 젤크림 60ML,11900,28.0,29.0,82.0,47.0,51.0,1.0,565,실측
A000000237407,크림,바이오던스,[탄력/수분] 바이오던스 포어 퍼펙팅 콜라겐 펩타이드 크림 50ml 기획 (+10ml+겔 패드 2매입),27000,41.0,5.0,70.0,26.0,54.0,20.0,1443,실측
A000000257128,크림,구달,[텔레토비 콜라보] 구달 어성초 히알루론 수딩 크림 75ml 리필 기획 (+75ml) (+왕 스티커 3매),22900,30.0,21.0,76.0,50.0,50.0,0.0,1802,실측
A000000260204,크림,샤이샤이샤이,[한정기획/다크서클커버] 샤이샤이샤이 바나나 PDRN 컨실 아이크림 바닐라 15g (+ 미니언즈 키캡 키링),19800,36.0,7.0,71.0,21.0,46.0,32.0,91,실측
A000000199714,크림,닥터지,[장벽보습크림] 닥터지 더모이스처 배리어 D 인텐스 크림 100ml 기획 3종,22800,55.0,4.0,77.0,23.0,76.0,0.0,2044,실측
A000000188570,크림,조선미녀,[눈가탄력/레티날] 조선미녀 인삼아이크림 30ml,13900,45.0,8.0,86.0,11.0,45.0,44.0,5251,실측
A000000237442,크림,이니스프리,[톤업크림] 이니스프리 비타민C 캡슐 크림 50ml 더블 기획,41000,26.0,7.0,66.0,28.0,28.0,44.0,393,실측
A000000191715,크림,아벤느,[수분/진정] 아벤느 클리낭스 아쿠아크림-인-젤 수분 크림50ml 2입기획,39900,22.0,28.0,70.0,48.0,51.0,1.0,1415,실측
A000000210973,크림,유리아쥬,[보습장벽 광채크림] 유리아쥬 제모스 PSO 150ml 기획 (+리페어링 떼르말 워터 50ml 증정),30600,55.0,4.0,74.0,25.0,75.0,1.0,2005,실측
A000000229768,크림,구달,[비타캡슐/착색이별] 구달 청귤 비타C 잡티케어 크림 알파 75ml 기획 (+25ml),30000,37.0,6.0,75.0,21.0,39.0,39.0,1358,실측
A000000182795,크림,프리메라,[1+1] 프리메라 알파인 베리 워터리 크림 리필기획/단품,29900,43.0,5.0,75.0,26.0,74.0,1.0,2850,실측
A000000250103,크림,이지듀,[8월올영픽/색소침착 / 진정장벽케어]이지듀 EGFx 다운타임 크림 60ml 기획(+오인트 겔 5ml),23900,47.0,5.0,77.0,47.0,48.0,5.0,1248,실측
A000000209826,크림,비플레인,[화잘먹/수딩크림] 비플레인 녹두 모공 타이트업 수딩 크림 60ml 1+1 기획,23700,33.0,17.0,80.0,43.0,51.0,6.0,5420,실측
A000000255981,크림,제로이드,[트러블피부 추천] 제로이드 핌프로브 레드 컨트롤 크림 pH4 80ml 기획 (+ 젤클렌저 25ml),28500,16.0,22.0,68.0,69.0,30.0,0.0,892,실측
A000000236996,크림,샤이샤이샤이,[단독기획/화잘먹 대란템] 샤이샤이샤이 리포좀 리페어 밀키 크림 50ml 기획 (+15ml),19600,55.0,5.0,85.0,11.0,86.0,3.0,9572,실측
A000000231632,크림,주미소,[장벽회복기능성] 주미소 디판테놀 베리어 장벽크림 80ml 기획(+20ml),28000,21.0,27.0,77.0,57.0,42.0,1.0,546,실측
A000000257390,크림,비오템,비오템 아쿠아수르스 수분 젤 크림 75ml,72250,46.07,6.71,69.45,16.56,60.05,18.49,1,예측
A000000161804,크림,라로슈포제,라로슈포제 똘러리앙 덤알레르고 플루이드 40ml,27900,25.0,10.0,78.0,39.0,61.0,1.0,489,실측
A000000155291,크림,웰라쥬,[진정크림/총100ml] 웰라쥬 리얼 시카카밍 95 크림 80ml 기획 (+20ml),21280,27.0,14.0,78.0,68.0,31.0,0.0,4501,실측
A000000199889,크림,리얼베리어,[조슈아PICK/화잘먹] 리얼베리어 익스트림 크림 라이트 70ml 기획 (+30ml),25200,45.0,10.0,80.0,24.0,75.0,1.0,2481,실측
A000000204600,크림,AHC,[윈터 PICK/ 단독기획] AHC 프로 샷 콜라 쥬비네이션 아이크림 포페이스 30ml 기획 (+세럼10ml),24900,46.0,5.0,72.0,17.0,43.0,41.0,9840,실측
A000000232536,크림,VT,[1등미세진동디바이스] VT 피디알엔 리들샷 아이 리프터 15ml,24900,44.0,6.0,64.0,14.0,38.0,48.0,2081,실측
A000000200725,크림,아벤느,[손상/장벽 리페어] 아벤느 시칼파트 플러스 SOS 리페어 크림 100ml 기획 (+40ml),31400,43.0,8.0,68.0,62.0,37.0,1.0,10817,실측
A000000228346,크림,토리든,토리든 솔리드인 세라마이드 크림 70ml,19600,42.0,9.0,75.0,24.0,76.0,0.0,486,실측
A000000115502,크림,달팡,달팡 하이드라스킨 라이트 크림 50ml,40500,26.0,11.0,81.0,26.0,71.0,3.0,115,실측
A000000255949,크림,헤브블루,[클렌저증정/진정PDRN] 헤브블루 살몬 케어링 센텔라 크림 100ml 기획 (+버블 클렌저 30ml),23400,48.0,6.0,91.0,21.0,76.0,3.0,11584,실측
A000000224524,크림,비원츠,[올인원 아이케어] 비원츠 펩타이드-X 퍼밍 아이세럼스틱 리필기획 (15ml+15ml),29600,40.0,9.0,74.0,20.0,43.0,37.0,4000,실측
A000000231590,크림,제로이드,[대용량] 제로이드 인텐시브 크림 80ml 기획 (+50ml),40000,49.0,6.0,78.0,32.0,67.0,1.0,12164,실측
A000000225409,크림,아누아,아누아 어성초 센텔라 레드 스팟 크림 30g,15900,24.0,16.0,66.0,80.0,18.0,2.0,1728,실측
A000000178512,크림,웰라쥬,[화잘먹크림] 웰라쥬 리얼 히알루로닉 100 크림 50ml 더블 기획,39000,46.0,7.0,77.0,21.0,78.0,1.0,10419,실측
A000000260348,크림,리쥬덱스,[4배속_응급진정/장벽강화]리쥬덱스 더마 리페어링 크림 20g(단품/기획),38600,47.0,5.0,74.0,58.0,42.0,0.0,1645,실측
A000000141028,크림,셀퓨전씨,[수분부스팅/7중히알루론산] 셀퓨전씨 포스트 알파 아쿠아포린 크림 60ml,15500,32.0,16.0,75.0,36.0,64.0,0.0,359,실측
A000000118798,크림,유세린,[수분크림1+1] 유세린 아쿠아포린 액티브 라이트크림 복합성용 50ml,37800,26.0,9.0,69.0,22.0,76.0,2.0,912,실측
A000000245048,크림,퓨리토 서울,퓨리토 서울 마이티 밤부 판테놀 크림 100ml 듀오 기획 (+15ml),37600,36.04,7.33,68.31,31.1,58.65,13.41,16,예측
A000000230917,크림,에스네이처,[단백질 아이크림] 에스네이처 아쿠아 스쿠알란 판테놀 아이크림 포 페이스 밤 25g,17900,54.0,4.0,78.0,14.0,56.0,30.0,1150,실측
A000000230799,크림,오드로이,[모공천재/화잘먹] 오드로이 모공수축 크림 모공요철 케어 100ml 더블기획 (+미스트앰플 30ml),56000,26.0,17.0,67.0,28.0,46.0,27.0,11098,실측
A000000258296,크림,토리든,[NEW] 토리든 다이브인 저분자 히알루론산 수딩 크림 100ml,16800,35.0,15.0,65.0,37.0,62.0,2.0,52,실측
A000000229222,크림,랑콤,랑콤 제니피끄 아이 크림 20ml,107950,42.37,6.83,74.93,19.75,46.46,20.26,29,예측
A000000250106,크림,이지듀,[8월 올영픽/트러블SOS진정]이지듀 EGFx 다운타임 오인트 겔 15ml 기획(+크림 7ml),20000,38.0,6.0,84.0,61.0,33.0,6.0,1248,실측
A000000222703,크림,아누아,[수지 PICK / 수분광채크림] 아누아 피디알엔 히알루론산 100 수분 크림 60mL 기획 (+30mL),19500,55.0,6.0,79.0,21.0,75.0,4.0,4982,실측
A000000229593,크림,닥터멜락신,닥터멜락신 아이팔트 아이백 크림 플러스 10g+7g 기획세트,32900,24.0,13.0,34.0,24.0,20.0,56.0,2366,실측
A000000261454,크림,바이오더마,[온라인 단독기획] 바이오더마 하이드라비오 레제르 40ml 2입 기획,49000,39.5,10.0,76.63,26.51,61.17,18.69,2,예측
A000000254760,크림,에스트라,[온라인단독/대용량] 에스트라 아토베리어365 크림 80mlX3 한정기획,99000,49.0,7.0,83.0,25.0,74.0,1.0,23039,실측
A000000151831,크림,달팡,달팡 인트랄 수딩 크림 50ml,48380,39.8,9.52,73.36,31.54,63.55,3.87,24,예측
A000000254006,크림,쥬베룩,쥬베룩 PDLLA 프로텍팅 크림 50ml,31600,56.0,2.0,84.0,17.0,68.0,15.0,195,실측
A000000171829,크림,바이오더마,바이오더마 아토덤 인텐시브 밤 500ml,48000,70.0,2.0,81.0,19.0,81.0,0.0,7076,실측
A000000233337,크림,션리,[수분진정/광채캡슐크림] 션리 다시마 글레이즈드 크림 50g,22400,48.0,7.0,95.0,17.0,80.0,3.0,6242,실측
A000000157285,크림,센텔리안24,[주름잡는] 센텔리안24 링클셀 코어 아이크림 더블 기획 (세럼10ml x 2ea 증정),29900,40.0,3.0,65.0,20.0,40.0,41.0,2338,실측
A000000198833,크림,테라로직,테라로직 마데셀 더마 리페어 B5 크림 80ml,29700,39.0,4.0,83.0,33.0,58.0,9.0,218,실측
A000000208331,크림,바이오더마,바이오더마 시카비오 크림+ 40ml(딥 리페어 크림),29500,50.0,6.0,72.0,45.0,54.0,1.0,4244,실측
A000000250193,크림,가히,가히 멀티밤 리필키트 9g,17000,48.0,0.0,74.0,24.0,57.0,19.0,42,실측
A000000243333,크림,키엘,[8월올영픽/5초 즉각진정] 키엘 울트라 훼이셜 메디크림 28ml/50ml (기획/단품),44380,41.0,6.0,71.0,55.0,43.0,2.0,316,실측
A000000238458,크림,오아조,[티벳동생 공동개발] 오아조 더마 테카 카밍 크림 50ml,21300,29.0,16.0,83.0,56.0,40.0,4.0,543,실측
A000000212010,크림,LBB,[기미잡티 크림]LBB 골드렐라 펩타이드 28 안티 멜라닌 마스크 크림 100ml,44100,48.0,3.0,88.0,9.0,56.0,35.0,148,실측
A000000244994,크림,제로이드,제로이드 인텐시브 크림 80ml 기획 (+크림 토너 25ml),28800,54.0,6.0,78.0,32.0,68.0,1.0,5791,실측
A000000200666,크림,토리든,[단독기획] 토리든 셀메이징 저분자 콜라겐 탄력 크림 60ml 기획 (+20ml),21000,31.0,9.0,68.0,27.0,44.0,29.0,2042,실측
A000000255828,크림,센텔리안24,[쿨링/진정] 센텔리안24 마데카 수분크림 하이드라 카밍 기획(50ml+15ml),20900,42.0,10.0,90.0,42.0,57.0,0.0,259,실측
A000000228390,크림,잇츠스킨,[청담샵톤업/멀티톤업] 잇츠스킨 시크릿 솔루션 웨딩 드레스 퓨어 크림 100ml,9600,32.0,11.0,80.0,11.0,33.0,55.0,4819,실측
A000000145331,크림,닥터디퍼런트,[NEW/세라마이드3배] 닥터디퍼런트 세콜지 311 보습 장벽 크림 100g,28000,52.0,5.0,85.0,21.0,78.0,2.0,532,실측
A000000182685,크림,에스트라,[트러블로션] 에스트라 테라크네365 수딩 액티브 모이스처라이저 60ml,28000,16.0,34.0,71.0,66.0,33.0,1.0,930,실측
A000000251231,크림,바이오더마,바이오더마 세비엄 포어리파이너 30ml 기획 (+세비엄 세럼 4ml*2) (2604),20500,10.0,58.0,71.0,47.0,32.0,21.0,3436,실측
A000000258831,크림,피지오겔,[손상장벽리페어] 피지오겔 레드수딩 AI 리페어 크림 100m 기획(+30ml+마스크 2매),27500,50.0,10.0,83.0,46.0,52.0,2.0,1671,실측
A000000213323,크림,더마펌,[나띠PICK][흔적케어크림] 더마펌 수딩 리페어 토닝 크림 R4 50ml 기획 (+30ml),27300,48.0,6.0,87.0,15.0,67.0,18.0,2532,실측
A000000257656,크림,오휘,[NEW] 오휘 익스트림 화이트 나이아신아마이드 10% TX 멜라토닝 크림 60ml,85000,38.88,8.59,70.37,19.36,42.74,39.74,1,예측
A000000229498,크림,크리니크,[김고은PICK] 크리니크 쏙보습크림 50ml,41650,90.0,2.0,95.0,5.0,95.0,0.0,3898,실측
A000000251178,크림,디어클레어스,[리락쿠마 콜라보/쿨링진정] 클레어스 EGF 블루 카밍크림 60g 한정기획 (+리락쿠마 키링 장바구니 옐로우),19920,21.0,19.0,65.0,68.0,31.0,1.0,401,실측
A000000230877,크림,바이오던스,[탄력수분크림] 바이오던스 포어 퍼펙팅 콜라겐 펩타이드 크림 50ml 기획 (+10ml),27000,52.0,5.0,77.0,15.0,68.0,18.0,907,실측
A000000231638,크림,디오디너리,[트러블진정] 디오디너리 설퍼 10% 파우더-투-크림 컨센트레이트 5g,15000,14.0,41.0,57.0,90.0,9.0,1.0,685,실측
A000000249661,크림,마미케어,[콜라겐젤/디바이스 시너지템] 마미케어 그린 콜라겐 부스팅젤 100ml,11900,45.0,4.0,61.0,34.0,52.0,14.0,93,실측
A000000203831,크림,스킨푸드,[쫀득물착크림] 스킨푸드 블루 캐모마일 히알루로닉 수분크림 기획(70ml+30ml),25000,38.0,11.0,81.0,23.0,76.0,1.0,2788,실측
A000000216509,크림,넘버즈인,[대용량+추가증정] 넘버즈인 1번 판토텐산 액티브 수딩크림 130ml 기획 (+ 크림 15ml),24500,21.0,30.0,73.0,55.0,44.0,1.0,11128,실측
A000000232250,크림,센텔리안24,[메타몽 콜라보] 센텔리안24 마데카 크림 타임 리버스 50ml 더블 기획(+15ml*2) + 포켓키링백,76000,42.0,5.0,74.0,42.0,52.0,6.0,9163,실측
A000000210600,크림,넘버즈인,넘버즈인 5번 글루타치온씨 흔적 토닝 레이저 크림 50ml,24000,42.0,9.0,65.0,18.0,32.0,49.0,389,실측
A000000229776,크림,구달,[리뉴얼] 구달 청귤 비타C 잡티케어 아이크림 30ml 1+1 기획,24000,37.0,6.0,66.0,22.0,35.0,43.0,5204,실측
A000000257289,크림,NDP,NDP 비타민 B9 톤업 미백 크림 65ml,24000,36.72,15.16,77.98,43.74,32.74,25.77,3,예측
A000000249381,크림,메디큐브,[리뉴얼/여배우광크림]메디큐브 PDRN 핑크 콜라겐 캡슐크림 55g,23800,59.0,4.0,79.0,14.0,69.0,17.0,104,실측
A000000256365,크림,마일드랩,마일드랩 센텔라 오인트 크림 30g,36000,25.0,13.0,73.0,87.0,10.0,3.0,60,실측
A000000208493,크림,바이오더마,바이오더마 시카비오 크림+ 100ml(딥 리페어 크림),34900,51.0,6.0,74.0,43.0,55.0,1.0,4244,실측
A000000149138,크림,이즈앤트리,이즈앤트리 히아루론산 아쿠아 젤 크림 100ml,12900,19.0,29.0,77.0,41.0,58.0,1.0,633,실측
A000000145287,크림,닥터디퍼런트,[눈가&목/레티날0.025%] 닥터디퍼런트 비타리프트 아이앤넥 크림 20g,34000,38.0,6.0,49.0,12.0,22.0,66.0,487,실측
A000000165056,크림,바이오더마,[슬로우에이징]바이오더마 센시비오 디펜시브 40ml,22000,30.0,12.0,79.0,42.0,57.0,1.0,707,실측
A000000240268,크림,메디테라피,[모공개선/유산균톤업] 메디테라피 포쎄라 리얼 비피다 블러 크림 50ml 증량기획 (+20ml),21800,39.0,14.0,73.0,18.0,24.0,58.0,184,실측
A000000180918,크림,숨37,숨37 마이크로액티브 소프트 핏 크림 50ml,68000,36.0,10.0,78.0,22.0,64.0,14.0,132,실측
A000000254724,크림,아이오페,아이오페 스템3 클리니컬 리커버리 크림 50ml 기획 (+세럼 5ml + 크림 5ml),68000,50.0,0.0,75.0,25.0,75.0,0.0,159,실측
A000000010471,크림,라로슈포제,라로슈포제 에빠끌라 MAT 세보 컨트롤링 모이스춰라이저,32400,9.0,58.0,60.0,63.0,35.0,3.0,705,실측
A000000173140,크림,달바,[간편하게 쓱] 달바 더블 세럼 올인원 멀티밤 10g,21000,56.0,2.0,71.0,14.0,69.0,18.0,760,실측
A000000257828,크림,아비브,아비브 히알루로닉 붐 크림 워터튜브 75ml,21000,38.0,16.0,94.0,18.0,82.0,0.0,219,실측
A000000225649,크림,리얼베리어,[수분잠금] 리얼베리어 워터리 히알 크림 70ml 기획 (+25ml),20900,45.0,12.0,89.0,25.0,74.0,1.0,1511,실측
A000000162356,크림,닥터디퍼런트,[피부장벽/진정] 닥터디퍼런트 시카 메탈 크림 50g(기획/단품),31500,28.0,9.0,72.0,71.0,28.0,1.0,1210,실측
A000000216291,크림,제로이드,제로이드 인텐시브 오인트 크림 80ml,30800,64.0,3.0,80.0,23.0,76.0,1.0,566,실측
A000000161805,크림,라로슈포제,라로슈포제 똘러리앙 덤알레르고 크림 40ml,30600,46.0,5.0,76.0,39.0,61.0,1.0,558,실측
A000000252779,크림,샤이샤이샤이,[다크서클커버] 샤이샤이샤이 바나나 PDRN 컨실 아이크림 크림 15g (17~19호 추천),19800,50.0,10.0,67.0,25.0,48.0,27.0,48,실측
A000000259198,크림,유리아쥬,[고수분 시카] 유리아쥬 시카 데일리 리페어 젤크림 40ml 한정기획 (+젤크림 3ml*3),30000,12.0,27.0,91.0,64.0,33.0,3.0,288,실측
A000000210495,크림,에스트라,에스트라 리제덤365 레티노이드 아이세럼 15ml,29700,42.0,8.0,80.0,13.0,38.0,49.0,495,실측
A000000248501,크림,아누아,[박희선Pick] 아누아 어성초 77 B3 징크 수딩 크림 80ml 더블 기획 (+튜브 80g),29500,41.0,14.0,72.0,45.0,54.0,1.0,149,실측
A000000255721,크림,동아제약,[단독기획] 동아제약 색소침착 프로 크림제 40ml 기획(+5ml*2),29400,41.0,9.0,88.0,21.0,39.0,40.0,4507,실측
A000000259494,크림,파넬,[1등 진정크림/대용량] 파넬 시카마누 레드 리페어 크림 50ml 더블기획 (+세럼 15ml),28900,27.0,2.0,97.0,82.0,17.0,1.0,3591,실측
A000000190051,크림,마몽드,[모공탄력] 마몽드 포어 슈링커 바쿠치올 크림 60ml 기획/단품,28500,24.0,14.0,61.0,24.0,36.0,40.0,1245,실측
A000000249580,크림,제로이드,[트러블 피부 추천/약산성 장벽 케어] 제로이드 핌프로브 레드 컨트롤 크림 pH4 80ml,28500,18.0,20.0,73.0,60.0,39.0,1.0,654,실측
A000000251651,크림,닥터지,[3세대 리뉴얼] 닥터지 레드 블레미쉬 클리어 수딩크림 EX 70ml,28500,35.0,15.0,77.0,39.0,59.0,2.0,215,실측
A000000178494,크림,웰라쥬,[화잘먹크림] 웰라쥬 리얼 히알루로닉 100 크림 50ml,18240,45.0,7.0,78.0,17.0,83.0,0.0,608,실측
A000000244953,크림,라로슈포제,라로슈포제 히알루 B5 수분탄력 크림 50ml 기획 (+3ml+히알루세럼10ml),58000,49.0,5.0,71.0,21.0,76.0,3.0,529,실측
A000000256050,크림,토리든,[단독기획] 토리든 밸런스풀 시카 진정 크림 80ml 기획(+세럼10ml+패드10매),18000,24.0,18.0,80.0,73.0,26.0,1.0,293,실측
A000000242718,크림,차앤박,[장벽+보습] 차앤박 더마앤서 배리어 리셋 크림 80ml 기획 (+31ml),17900,46.0,6.0,77.0,28.0,71.0,1.0,5195,실측
A000000248615,크림,아벤느,[올리브베러 단독] 아벤느 제라캄 A.D 인텐시브 밤 400ml,56000,45.93,6.12,74.4,39.71,58.42,0.22,1,예측
A000000212724,크림,듀이트리,[흔적수분크림] 듀이트리 AC 딥 흔적 진정 크림 60ml,17560,20.0,23.0,59.0,77.0,18.0,5.0,749,실측
A000000182072,크림,비원츠,[괄사롤러] 비원츠 시카콜라겐 리프팅크림 50ml,26600,41.0,5.0,71.0,23.0,42.0,35.0,1368,실측
A000000143959,크림,바이오더마,바이오더마 아토덤 인텐시브 밤 200ml,26400,63.0,3.0,82.0,18.0,82.0,0.0,7076,실측
A000000167170,크림,차앤박,[쿨링/수분] 차앤박 아쿠아 수딩 크림 1+1 기획,26400,37.0,15.0,73.0,42.0,57.0,1.0,915,실측
A000000229093,크림,퍼셀,[총75ml/수분탄력크림] 퍼셀 픽셀바이옴 히알 콜라겐 유산균 크림 50ml 기획 (+25ml),26000,55.0,9.0,90.0,14.0,81.0,4.0,2505,실측
A000000126470,크림,유세린,[장벽크림] 유세린 울트라 센서티브 리페어 크림 50ml,25900,48.0,8.0,78.0,41.0,58.0,1.0,773,실측
A000000257838,크림,오휘,[이달의신상] 오휘 기미케어 3-STEP 콜라겐 톤업선 50ml / 데니어 팩트 리필 기획 / 멜라토닝 크림 60ml,36100,42.94,7.87,73.13,12.96,32.95,47.74,6,예측
A000000238378,크림,닥터자르트,닥터자르트 프리쥬비네이션 퍼밍 바쿠치올 아이크림 15ml 기획 (+아이패치),52000,57.0,8.0,74.0,15.0,47.0,39.0,101,실측
A000000211402,크림,닥터자르트,[슬로우에이징/탄력크림] 닥터자르트 프리쥬비네이션 퍼밍 바쿠치올 크림 50ml,50400,49.0,4.0,70.0,17.0,44.0,39.0,319,실측
A000000229455,크림,셀라딕스,셀라딕스 트러블 세라 캡슐 131 크림 95ml,24210,27.0,18.0,56.0,66.0,31.0,3.0,71,실측
A000000218592,크림,닥터자르트,[한정기획/강력진정크림] 닥터자르트 시카페어 인텐시브 수딩 리페어 크림 50ml 1+1 기획,50000,32.0,14.0,72.0,67.0,31.0,2.0,3922,실측
A000000144843,크림,라운드랩,[저자극] 라운드랩 1025 독도 크림 80ml 기획 (+20ml),24000,46.0,7.0,79.0,24.0,75.0,1.0,2289,실측
A000000247713,크림,브링그린,[흔적케어]브링그린 징크테카 리페어 흔적 크림 80ml (콜라보/기획),24000,28.0,17.0,66.0,63.0,34.0,3.0,1259,실측
A000000160584,크림,소본,소본 그린 시카 더마 리페어 크림 40ml,23400,41.0,9.0,84.0,54.0,42.0,4.0,740,실측
A000000212725,크림,더하르나이,[피부장벽강화크림] 더하르나이 시카이드 밤 100ml기획(+앰플5ml*3p+크림5ml*2p),23200,52.0,4.0,79.0,38.0,62.0,0.0,233,실측
A000000254720,크림,아이오페,아이오페 비타민C 엑스퍼트 40% 마스크 컨센트레이트 15g 기획 (+ PDRN 10ml),47200,50.0,13.0,50.0,13.0,25.0,63.0,561,실측
A000000242515,크림,센텔리안24,[1등 손상장벽] 센텔리안24 마데카 크림 PDRN 기획세트 50ml+15ml,46000,52.0,5.0,85.0,28.0,63.0,9.0,1300,실측
A000000247881,크림,이즈앤트리,[NCT 재민PICK/리뉴얼] 이즈앤트리 어니언 뉴페어 겔크림 플러스 50ml,21900,32.0,15.0,77.0,54.0,40.0,6.0,156,실측
A000000248363,크림,지피덤,[장벽바이오크림] 지피덤 셀트리온EGF 스킨베리어 인텐시브 크림 80ml 기획 (+크림15ml+앰플1ml*3ea),21760,49.0,6.0,93.0,23.0,73.0,4.0,3540,실측
A000000213237,크림,스킨푸드,[NEW/올영단독] 스킨푸드 캐롯 카로틴 릴리프 크림 기획(70ml+30ml),20800,14.0,21.0,69.0,57.0,41.0,1.0,291,실측
A000000258294,크림,토리든,토리든 다이브인 저분자 히알루론산 수딩 크림 100ml 2입 기획,42000,34.0,11.0,76.0,35.0,64.0,1.0,183,실측
A000000145662,크림,크리니크,[1+1] 크리니크 시베리아리치크림 50ml 기획/단품,41650,53.0,5.0,70.0,26.0,73.0,1.0,350,실측
A000000206212,크림,메디큐브,메디큐브 제로 모공 원데이 크림 50ml,19900,36.0,15.0,70.0,30.0,52.0,17.0,607,실측
A000000231833,크림,한율,[우즈PICK][유분잡는수분] 한율 쑥히알 수분 크림 60ml 기획(+31ml),19900,20.0,35.0,75.0,36.0,63.0,1.0,1891,실측
A000000246922,크림,더랩바이블랑두,[장벽크림] 더랩바이블랑두 프리바이오틱세라 크림 50ml,19900,46.0,9.0,70.0,38.0,61.0,1.0,74,실측
A000000231061,크림,메디테라피,[바르고 자는 톤업크림] 메디테라피 포쎄라 리얼 비피다 블러 크림 50ml,19800,40.0,12.0,74.0,10.0,42.0,49.0,113,실측
A000000173180,크림,비욘드,[100시간10층보습]비욘드 엔젤아쿠아 보습장벽크림 더블기획(150mlX2입)(비건),19760,49.0,6.0,80.0,18.0,81.0,1.0,2896,실측
A000000257712,크림,달바,[26년 신형] 달바 비타 캡슐 크림 나이아신아마이드 5퍼센트 55g,40900,48.27,5.45,75.48,18.98,64.34,18.23,8,예측
A000000246877,크림,닥터자르트,[리뉴얼/10겹장벽크림] 닥터자르트 세라마이딘 울트라 모이스처라이징 크림 50ml 1+1 기획,40800,60.0,3.0,71.0,22.0,72.0,5.0,4233,실측
A000000161573,크림,스킨1004,스킨1004 마다가스카르 센텔라 수딩 크림 75ml,19550,30.0,20.0,86.0,49.0,48.0,2.0,486,실측
A000000179154,크림,더랩바이블랑두,[순한진정] 더랩바이블랑두 그린 플라보노이드 진정 크림 50ml+30ml 기획,19500,17.0,25.0,76.0,70.0,30.0,0.0,4135,실측
A000000199155,크림,라운드랩,[민감진정] 라운드랩 포 맨 소나무 진정 시카 크림 75ml,18900,22.0,17.0,62.0,75.0,24.0,0.0,1588,실측
A000000241952,크림,세타필,[붉은기완화] 세타필 시카 세라 장벽 크림 45ml,18900,44.0,9.0,83.0,39.0,60.0,1.0,855,실측
A000000186457,크림,리쥬란,[c-PDRN 기미크림/광노화케어 신소재] 리쥬란 바이옴 힐러 유스 포뮬러 크림 50ml,39000,46.0,8.0,72.0,13.0,53.0,34.0,350,실측
A000000219096,크림,바이오던스,바이오던스 스킨 글로우 에센스 크림 50ml,39000,63.0,3.0,73.0,15.0,80.0,5.0,231,실측
A000000258860,크림,코이,[고현정 PICK]코이 플로우 리프팅 랩핑 크림 포어앤쿨 50g 기획 (+ 미니 20g),38900,24.0,22.0,97.0,57.0,32.0,11.0,37,실측
A000000248422,크림,아누아,[박희선Pick] 아누아 어성초 77 B3 징크 수딩 크림 80ml,18500,41.0,13.0,79.0,48.0,51.0,1.0,185,실측
A000000189056,크림,에스트라,[PDRN]에스트라 리제덤365 밀도탄력 캡슐크림 50ml,38200,50.0,4.0,72.0,23.0,52.0,26.0,1373,실측
A000000168871,크림,CKD,CKD 레티노콜라겐 저분자 300 크림 1+1 기획,38000,44.0,4.0,67.0,16.0,41.0,43.0,4314,실측
A000000248823,크림,웰라쥬,웰라쥬 리얼 히알루로닉 수딩 크림 80ml,17800,31.0,26.0,82.0,30.0,69.0,0.0,1294,실측
A000000228255,크림,더마팩토리,더마팩토리 바쿠치올 1% 크림 30g,8000,29.0,11.0,63.0,23.0,38.0,39.0,282,실측
A000000163689,크림,비플레인,[트러블케어/스팟진정] 비플레인 시카테롤 스팟 트리트먼트 15ml,17600,20.0,20.0,73.0,88.0,11.0,1.0,695,실측
A000000203033,크림,토리든,토리든 셀메이징 저분자 콜라겐 탄력 아이크림 30ml 기획 (+아이마사저),17500,38.0,7.0,66.0,22.0,43.0,35.0,998,실측
A000000230916,크림,성분에디터,[포켓몬 에디션/화잘먹크림] 성분에디터 그린토마토 NMN 포어 리프팅 크림 50ml 더블 기획 (+포켓몬 키링+스티커),17500,29.0,19.0,70.0,35.0,48.0,17.0,1542,실측
A000000232731,크림,리브엠,[화잘먹 엑소좀수분크림] 리브엠 워터핏 8중 수분착붙 크림 100ml,10900,55.0,7.0,91.0,11.0,87.0,2.0,1648,실측
A000000216580,크림,셀퓨전씨,[민감피부진정/쿨링수분크림] 셀퓨전씨 포스트 알파 시카 카밍 다운 크림 50ml 기획 (+50ml 리필),36000,35.0,14.0,76.0,64.0,32.0,4.0,352,실측
A000000179132,크림,AHC,AHC 유스래스팅 리얼 아이크림 포 페이스 스페셜 링클케어 세트 (35ml+7ml),16900,41.0,5.0,64.0,21.0,38.0,40.0,3351,실측
A000000210452,크림,라돌프,[피지캐는크림] 라돌프 퓨어파지 크림 알엑스 80g,35100,32.0,16.0,88.0,19.0,68.0,13.0,428,실측
A000000249650,크림,동아제약,[여드름기능성] 동아제약 아크네 프로 겔제 30ml,16700,31.0,25.0,89.0,67.0,31.0,2.0,1648,실측
A000000208491,크림,이지듀,이지듀 EGF 글루타치온 기미잡티 크림 105ml,35000,45.0,0.0,68.0,20.0,49.0,31.0,285,실측
A000000250781,크림,더마픽스,더마픽스 리얼콜라겐 텐션업 앰플크림 50g,35000,40.51,13.82,72.48,35.89,55.68,8.82,5,예측
A000000149810,크림,바이오더마,바이오더마 아토덤 인텐시브 젤 크림 200ml,34500,31.0,21.0,75.0,53.0,46.0,1.0,2614,실측
A000000188950,크림,한율,한율 빨간쌀 보습탄력 크림 55ml,34300,54.0,3.0,75.0,21.0,73.0,5.0,676,실측
A000000143958,크림,바이오더마,바이오더마 아토덤 인텐시브 밤 75ml,16150,61.0,4.0,80.0,19.0,80.0,0.0,1930,실측
A000000216405,크림,브링그린,브링그린 슈퍼레몬 글루타치온 아이크림 30mL 더블기획,16000,37.0,5.0,63.0,23.0,38.0,39.0,858,실측
A000000205885,크림,나인위시스,[수분톤업/화잘먹 톤프렙] 나인위시스 비건 화이트 톤업 크림 50ml 기획 (+20ml 증정),15800,34.0,11.0,68.0,20.0,29.0,51.0,4515,실측
A000000247578,크림,아벤느,아벤느 이드랑스 아쿠아 크림-인-젤 50ml 기획(에센스인로션25ml+클리낭스젤15ml)(2602),32000,39.0,12.0,71.0,33.0,65.0,1.0,75,실측
A000000258830,크림,피지오겔,[화잘먹크림] 피지오겔 DMT 리제너러티브 크림 100ml 기획(+토너 50ml),31500,51.0,6.0,81.0,20.0,79.0,0.0,1796,실측
A000000145285,크림,닥터디퍼런트,[레티날입문0.05%] 닥터디퍼런트 비타리프트-A 크림 20g,31020,33.0,10.0,32.0,19.0,18.0,62.0,1143,실측
A000000211109,크림,파티온,파티온 노스카나인 트러블 흔적 리페어 크림 50ml 기획 (+5ml),29700,20.0,18.0,76.0,68.0,25.0,7.0,1998,실측
A000000141321,크림,디오디너리,[눈가케어] 디오디너리 카페인 솔루션 5% + EGCG 30ml,14000,38.0,13.0,56.0,22.0,37.0,41.0,507,실측
A000000246323,크림,프리메이,[100시간 보습 대용량]프리메이 진정한 수분 크림 100ml (+30ml+30ml),13900,31.0,17.0,77.0,29.0,71.0,1.0,6480,실측
A000000163651,크림,닥터지,[증정기획] 닥터지 로얄 블랙스네일 크림세트 (50ml+15ml 증정),29400,57.0,3.0,69.0,16.0,68.0,15.0,995,실측
A000000198166,크림,라네즈,[100시간 속보습] 라네즈 워터뱅크 모이스춰 크림 45ml 기획 (+25ml),29000,55.0,5.0,77.0,20.0,79.0,1.0,1094,실측
A000000198199,크림,라네즈,[꾸덕보습] 라네즈 워터뱅크 인텐시브 크림 45ml 기획 (+10ml*2ea),29000,66.0,3.0,73.0,20.0,78.0,1.0,876,실측
A000000207029,크림,제나벨,제나벨 PDRN 리쥬비네이팅 크림 70ml,29000,45.0,6.0,82.0,27.0,61.0,11.0,2387,실측
A000000247726,크림,메이크프렘,[박지훈PICK/한정기획] 메이크프렘 인테카 수딩크림 70ml 기획 (+크림 31ml*2+NMN 앰플 7ml),29000,25.0,18.0,77.0,62.0,37.0,1.0,28748,실측
A000000200133,크림,아벤느,[민감/진정크림]아벤느 똘레랑스 하이드레이팅 플루이드 40ml,28900,41.0,12.0,82.0,44.0,55.0,1.0,353,실측
A000000259927,크림,라니쥬,라니쥬 리텐셜 크림 80ml,28900,55.0,6.0,91.0,23.0,71.0,6.0,201,실측
A000000214288,크림,라운드랩,[10층탄력] 라운드랩 동백 딥 콜라겐 탄력 크림 50ml 기획 (+10ml),28500,44.0,5.0,76.0,15.0,51.0,34.0,771,실측
A000000145333,크림,닥터디퍼런트,[산뜻/지성크림] 닥터디퍼런트 113 세콜지 모이스처라이저 100ml,28000,12.0,49.0,75.0,38.0,62.0,0.0,576,실측
A000000163687,크림,비플레인,[수분진정] 비플레인 시카테롤 크림 60ml,28000,27.0,16.0,74.0,63.0,34.0,3.0,172,실측
A000000166418,크림,비판톨,비판톨 더마 리플레니싱 데일리 모이스처 페이스 크림 50ml,28000,46.0,7.0,84.0,35.0,64.0,1.0,256,실측
A000000213535,크림,프라나롬,[만능 시카밤] 프라나롬 시카롬 리페어 밤 40ml,27900,34.0,8.0,70.0,79.0,20.0,1.0,153,실측
A000000210288,크림,파티온,[단독기획/PDRN] 파티온 노스카나인 트러블 모공탄력 크림 45ml 기획(+15ml),27800,30.0,18.0,84.0,34.0,51.0,15.0,2149,실측
A000000170691,크림,유세린,유세린 이븐래디언스 다크서클 아이크림 15ml,27300,33.0,5.0,65.0,21.0,42.0,38.0,426,실측
A000000230016,크림,한율,한율 어린쑥 수분진정 크림 55ml 기획 (+25ml+랩핑시트팩 1매),27300,27.0,15.0,73.0,63.0,37.0,0.0,4968,실측
A000000174356,크림,아벤느,[수분/진정]아벤느 클리낭스 아쿠아크림-인-젤 수분 크림 50ml,26900,30.0,23.0,77.0,45.0,55.0,0.0,821,실측
A000000238929,크림,차앤박,[광채크림/NEW대용량] 차앤박 프로폴리스 앰플 액티브 샷 크림 75ml 2입,26900,42.0,6.0,59.0,34.0,58.0,8.0,2645,실측
A000000172476,크림,차앤박,차앤박(CNP) 프로폴리스 멀티 앰플밤 1+1 기획,26600,44.0,4.0,72.0,21.0,65.0,14.0,677,실측
A000000211188,크림,피지오겔,피지오겔 시카밸런스 포맨 카밍 크림 70ml,25900,18.0,19.0,73.0,52.0,47.0,1.0,2401,실측
A000000229594,크림,닥터멜락신,닥터멜락신 시멘리트 칼슘 볼륨 크림 50ml,25900,44.0,4.0,84.0,10.0,38.0,52.0,103,실측
A000000241909,크림,라곰,[수분밀착/장벽케어] 라곰 셀러스 딥 모이스쳐 크림 60ml,25600,56.0,5.0,91.0,9.0,90.0,1.0,297,실측
A000000218756,크림,라운드랩,[흔적말끔] 라운드랩 소나무 진정 시카 크림 플러스 60ml 기획 (+토너 20ml),25500,26.0,16.0,77.0,73.0,26.0,1.0,2684,실측
A000000241360,크림,라씨엘르,[초마드 PICK] 라씨엘르 신선초 진정에이징 핏 크림 50ml,25200,44.0,13.0,93.0,41.0,43.0,17.0,55,실측
A000000229591,크림,닥터멜락신,닥터멜락신 아이팔트 레티놀 아이백 아이크림 10g,24900,62.0,5.0,90.0,3.0,57.0,40.0,143,실측
A000000219391,크림,마몽드,[흔적진정] 마몽드 카밍 샷 아줄렌 크림 60ml 단품/기획,24700,28.0,16.0,71.0,56.0,41.0,3.0,408,실측
A000000172207,크림,수페,수페 버치 리치 오리진 크림 50ml,24500,51.0,10.0,95.0,26.0,70.0,4.0,175,실측
A000000150145,크림,더랩바이블랑두,[장벽UP] 더랩바이블랑두 저분자 히알루론산 카밍+ 크림 80ml 대용량 기획(+20ml),23500,28.0,14.0,80.0,31.0,69.0,1.0,3820,실측
A000000230344,크림,지피덤,[수분진정/시원탱글] 지피덤 셀트리온EGF 스킨베리어 하이드레이팅 수분크림 80ml,23460,28.0,12.0,81.0,49.0,49.0,2.0,284,실측
A000000232730,크림,리브엠,[화잘먹 엑소좀진정크림] 리브엠 시카좀 카밍 워터 젤크림 100ml,10900,34.0,24.0,82.0,58.0,41.0,1.0,331,실측
A000000201592,크림,헤브블루,[매끈결광/진정PDRN] 헤브블루 살몬 PDRN 케어링 센텔라 크림 100ml,23400,38.0,8.0,85.0,42.0,56.0,3.0,1635,실측
A000000225188,크림,로벡틴,[잡티흔적케어/광채 PDRN] 로벡틴 비타 더블 토닝 크림 50ml,23400,56.0,4.0,88.0,9.0,51.0,40.0,82,실측
A000000147130,크림,닥터지,[멀티보습밤] 닥터지 더모이스처 배리어 D 멀티밤 50ml,23200,70.0,3.0,82.0,13.0,86.0,1.0,1110,실측
A000000179129,크림,AHC,[판매량 1억개 돌파] AHC 텐 레볼루션 리얼 아이크림 포 페이스 스페셜 퍼밍 세트,23000,41.0,4.0,64.0,19.0,39.0,42.0,7471,실측
A000000191733,크림,AHC,[판매량 1억개 돌파] AHC 텐 레볼루션 리얼 아이크림 포 페이스 35ml,23000,46.0,4.0,65.0,17.0,39.0,43.0,2761,실측
A000000258315,크림,하다라보,[고보습나이트크림] 하다라보 고쿠쥰 퍼펙트 젤 100g,22800,40.68,12.58,80.42,29.84,74.74,0.22,8,예측
A000000249651,크림,동아제약,[트러블표적케어] 동아제약 아크네 프로 크림제 30ml,22700,32.0,22.0,89.0,64.0,34.0,2.0,1690,실측
A000000219754,크림,성분에디터,[고함량PDRN/수분장벽] 성분에디터 알래스카 PDRN 울트라 모이스처라이징 배리어 크림 50ml,22620,65.0,6.0,97.0,4.0,94.0,2.0,146,실측
A000000250188,크림,가히,[촉촉광채/올인원멀티케어] 가히 멀티밤 9g,22600,48.0,2.0,73.0,19.0,60.0,21.0,48,실측
A000000204171,크림,라운드랩,[미백/잡티] 라운드랩 비타 나이아신 잡티크림 50ml,22400,37.0,11.0,72.0,20.0,31.0,49.0,422,실측
A000000237954,크림,퓨리토 서울,퓨리토 서울 마이티 밤부 판테놀 크림 100ml,22400,40.0,9.0,87.0,37.0,61.0,2.0,181,실측
A000000234384,크림,브링그린,[속보습] 브링그린 블루빈 B5-PDRN 마일드 크림 100ml (+블루빈로션 10ml),22000,48.0,7.0,76.0,22.0,77.0,1.0,553,실측
A000000249736,크림,동국제약,[색소침착/기미톤업제] 동국제약 멜라-셋 기미 토닝 크림 35g,21900,38.0,7.0,74.0,16.0,33.0,51.0,769,실측
A000000235581,크림,아리얼,[NEW] 더 에센셜 바이 아리얼 히알루로닉 13 크림 100ml,5900,51.0,10.0,90.0,15.0,83.0,1.0,1977,실측
A000000256038,크림,VT,[영서pick/쿨링진정] VT 피디알엔 캡슐크림 100 50ml,21000,41.0,7.0,74.0,34.0,61.0,5.0,217,실측
A000000135672,크림,아벤느,[손상/장벽 리페어] 아벤느 시칼파트 플러스 SOS 리페어 크림 40ml,20900,41.0,8.0,70.0,67.0,31.0,2.0,9691,실측
A000000164342,크림,비욘드,비욘드 엔젤아쿠아 시카크림 더블기획(150mlX2입)(비건),20800,29.0,12.0,73.0,49.0,49.0,2.0,1213,실측
A000000254645,크림,닥터지,[NEW/흔적토닝] 닥터지 비타 클리어 글루타샷 7 플러스 랩핑 흔적 크림 50ml,20160,35.06,10.24,74.65,28.37,54.08,15.93,5,예측
A000000246591,크림,더마젼시,[트러블진정템] 더마젼시 제로카 81 크림 60ml,20010,25.0,9.0,78.0,58.0,39.0,3.0,77,실측
A000000176050,크림,체이싱래빗,체이싱래빗 버니 라인 스무더 15ml (괄사아이크림),20000,34.0,5.0,74.0,14.0,39.0,47.0,496,실측
A000000186131,크림,메디큐브,메디큐브 레드 이레이징 크림 2.0 50ml,19900,19.0,19.0,59.0,53.0,19.0,28.0,544,실측
A000000242839,크림,아벤느,[밀도보습] 아벤느 이드랑스 리치 크림 40ml 2입 기획,19900,56.0,2.0,71.0,20.0,80.0,1.0,890,실측
A000000260203,크림,샤이샤이샤이,[한정기획/다크서클커버] 샤이샤이샤이 바나나 PDRN 컨실 아이크림 크림 15g (+ 미니언즈 키캡 키링),19800,31.0,8.0,69.0,15.0,23.0,62.0,61,실측
A000000217355,크림,스킨앤랩,[올영단독/장벽회복] 스킨앤랩 베리어덤 인텐시브 크림 2세대 50ml 1+1 기획,19550,52.0,5.0,87.0,18.0,81.0,1.0,9838,실측
A000000188831,크림,조선미녀,조선미녀 조선미녀크림 50ml,19200,49.0,10.0,68.0,26.0,61.0,13.0,166,실측
A000000213409,크림,반코르,[피부 맑음 케어/진정크림] 덱스판테놀17만ppm 장벽크림,19130,33.0,13.0,69.0,46.0,44.0,10.0,1509,실측
A000000200632,크림,성분에디터,[잡티미백케어] 성분에디터 머루포도 비타 C 잡티크림 50g,19120,34.0,6.0,83.0,15.0,39.0,45.0,153,실측
A000000198949,크림,원진이펙트,[기미/잡티/미백] 원진이펙트 멜라리스 크림 80g,18900,33.0,8.0,86.0,10.0,32.0,58.0,997,실측
A000000251937,크림,세타필,[20ml 증정/붉은기완화] 세타필 시카 세라 장벽 크림 45ml,18900,37.0,4.0,68.0,57.0,42.0,1.0,1046,실측
A000000235303,크림,리덴스,[잡티미백] 리덴스 톤앤스팟 리커버리 크림 80ml,18620,43.0,6.0,82.0,14.0,71.0,14.0,49,실측
A000000163496,크림,라운드랩,[수분진정] 라운드랩 포 맨 자작나무 수분 크림 75ml,18500,33.0,12.0,68.0,37.0,62.0,1.0,1128,실측
A000000242946,크림,메디힐,[패드증정/모공탄력크림] 메디힐 PDRN 더마 크림 50ml 기획 (+PDRN 패드 10매),17900,47.0,10.0,86.0,14.0,66.0,21.0,2165,실측
A000000243166,크림,성분에디터,[산리오 콜라보/화잘먹크림] 성분에디터 그린토마토 NMN 포어 리프팅 크림 50ml 기획 (+30ml+산리오 헤어핀),17900,36.0,13.0,69.0,29.0,57.0,13.0,1124,실측
A000000247174,크림,센텔리안24,[주름잡는] 센텔리안24 링클셀 코어 아이크림 25ml 기획 (+코어 세럼 10ml),17900,43.0,1.0,55.0,30.0,42.0,28.0,1757,실측
A000000206312,크림,피캄,[트러블부위 진정케어] 피캄 센텔라 트러블 스팟 15ml,17360,33.0,15.0,74.0,78.0,22.0,0.0,78,실측
A000000241577,크림,닥터엘시아,[수분크림] 닥터엘시아 아쿠아 마린 워터리 크림 50ml,17100,42.0,20.0,96.0,23.0,77.0,0.0,71,실측
A000000121934,크림,로벡틴,[응급진정/스팟케어]로벡틴 시카케어 스팟 밤 40ml,16900,21.0,15.0,78.0,80.0,19.0,1.0,552,실측
A000000236449,크림,퓨어그램,[본품증정/화잘먹크림] 퓨어그램 속건조필수템 저분자 하이드라 히알루론산 크림 120ml,16900,46.0,11.0,89.0,19.0,79.0,2.0,330,실측
A000000224294,크림,마미케어,[리뉴얼] 마미케어 바다포도 레티놀 모공탄력 크림 50g,15900,23.0,14.0,67.0,38.0,45.0,17.0,474,실측
A000000147087,크림,키노닉스,[진정케어/장벽크림] 키노닉스 원더 레미디 세라마이드 고보습 크림 50ml,13900,62.0,6.0,83.0,21.0,78.0,1.0,94,실측
A000000007088,크림,불독,불독 오리지널 모이스처라이저 100ml,32000,30.0,17.0,71.0,23.0,75.0,1.0,671,실측
A000000112890,크림,라로슈포제,[올리브베러단독] 라로슈포제 똘러리앙 센시티브 크림,24300,32.0,8.0,78.0,42.0,56.0,2.0,170,실측
A000000116004,크림,시카고,[끝장크림] 시카고 시카 피니쉬 크림 50ml,30100,35.0,7.0,79.0,57.0,39.0,4.0,110,실측
A000000116032,크림,유리아쥬,유리아쥬 오 떼르말 워터 크림 40ml,24000,53.0,6.0,86.0,17.0,82.0,1.0,158,실측
A000000117624,크림,엠브리올리스,엠브리올리스 레 크렘 콘센트레 75ml,34300,43.0,5.0,68.0,24.0,73.0,3.0,273,실측
A000000117807,크림,바이오더마,바이오더마 하이드라비오 크림 50ml,35000,48.0,6.0,75.0,18.0,73.0,9.0,844,실측
A000000118797,크림,유세린,[수분크림1+1] 유세린 아쿠아포린 액티브 리치크림 건성피부용 50ml,37800,71.0,1.0,76.0,15.0,83.0,2.0,1137,실측
A000000125012,크림,유리아쥬,유리아쥬 오 떼르말 워터 젤크림 40ml,24000,32.0,14.0,83.0,30.0,70.0,1.0,131,실측
A000000128656,크림,아임프롬,아임프롬 머그워트 크림 50g,19200,21.0,17.0,84.0,74.0,26.0,0.0,228,실측
A000000129575,크림,코스알엑스,코스알엑스 풀핏 프로폴리스 라이트 크림 65ml,28000,45.0,5.0,75.0,16.0,81.0,3.0,1369,실측
A000000130838,크림,크리니크,크리니크 모이스춰 써지 아이 96-아워 하이드로 컨센트레이트 15ml,63750,31.0,6.0,69.0,11.0,56.0,33.0,35,실측
A000000135340,크림,더랩바이블랑두,[장벽UP] 더랩바이블랑두 저분자 히알루론산 카밍+ 크림 50ml,23000,27.0,12.0,81.0,34.0,65.0,1.0,961,실측
A000000137162,크림,엠도씨,엠도씨 울트라 수분 크림 100ml,23000,35.96,15.34,75.21,43.62,37.12,22.39,15,예측
A000000137482,크림,로벡틴,[43만개 판매/민감피부 구원템] 로벡틴 카밍 연꽃수 크림 60ml,18000,24.0,14.0,73.0,49.0,50.0,1.0,226,실측
A000000141662,크림,유리아쥬,[온가족 페이스&바디크림] 유리아쥬 제모스 C8+ 끄렘 400ml,48000,75.0,4.0,79.0,12.0,86.0,1.0,156,실측
A000000141712,크림,다룸,DR다룸 베리어 크림 75ml,19600,36.0,7.0,83.0,50.0,48.0,2.0,303,실측
A000000141723,크림,라운드랩,라운드랩 자작나무 수분 크림 80ml,25600,30.0,16.0,70.0,37.0,63.0,0.0,413,실측
A000000144120,크림,애즈이즈투비,애즈이즈투비 아쿠아 부스팅 크림 50ml,16000,45.26,6.94,77.97,26.24,63.43,9.7,20,예측
A000000144918,크림,하다라보,[고보습광채크림] 하다라보 고쿠쥰 크림 50ml,21000,53.0,5.0,73.0,19.0,80.0,0.0,294,실측
A000000145286,크림,닥터디퍼런트,[매끈탱탱/레티날0.1%] 닥터디퍼런트 비타리프트-A 포르테 크림 20g,41600,34.0,10.0,31.0,20.0,16.0,64.0,3260,실측
A000000145332,크림,닥터디퍼런트,[탄력/보습크림] 닥터디퍼런트 131 세콜지 모이스처라이저 100ml,33600,46.0,1.0,77.0,18.0,72.0,10.0,339,실측
A000000145360,크림,유리아쥬,[진정영양/장벽크림] 유리아쥬 제모스 페이스 2입 기획 (40ml+40ml+제모스토너 50ml 증정),35100,58.0,4.0,79.0,17.0,82.0,1.0,402,실측
A000000145555,크림,스와니코코,스와니코코 펩타이드 아이크림 트리플 기획(20ml+20ml+20ml),27200,43.0,6.0,67.0,15.0,38.0,48.0,596,실측
A000000145579,크림,라운드랩,[속수분크림] 라운드랩 자작나무 수분 크림 80ml 기획 (+20ml),25600,25.0,17.0,72.0,38.0,61.0,1.0,6166,실측
A000000147119,크림,닥터디퍼런트,[집중진정케어] 닥터디퍼런트 시카 메탈 크림 50g,31500,35.0,10.0,81.0,71.0,28.0,2.0,1210,실측
A000000147357,크림,땡큐파머,땡큐파머 강화교동쌀 맑음 젤안에 크림80ml,23800,47.0,5.0,91.0,7.0,81.0,11.0,297,실측
A000000149064,크림,휘게,휘게 릴리프 캐모마일 크림 85g,20000,22.0,14.0,73.0,45.0,55.0,0.0,98,실측
A000000149118,크림,땡큐파머,땡큐파머 트루워터 딥 모이스처크림 EX 80ml,19600,39.0,18.0,81.0,20.0,71.0,8.0,229,실측
A000000149717,크림,바이오더마,바이오더마 세비엄 센서티브 30ml,25000,13.0,40.0,68.0,62.0,35.0,3.0,984,실측
A000000150094,크림,마녀공장,마녀공장 비피다 바이옴 아쿠아 배리어 크림 80ml 증정기획 (+20mlx2ea),20800,33.0,10.0,79.0,25.0,70.0,5.0,1097,실측
A000000152580,크림,유리아쥬,[SOS 손상개선크림] 유리아쥬 배리어덤 시카 크림 40ml,18000,45.0,8.0,73.0,59.0,39.0,2.0,461,실측
A000000153874,크림,라네즈,[2주 톤업] 라네즈 래디언씨 크림 30ml 기획 (+7+7ml),25600,33.0,7.0,59.0,20.0,33.0,47.0,2161,실측
A000000154627,크림,아이소이,[코어탄력스팟] 아이소이 인텐시브 리프팅 스팟 25ml,29200,45.0,6.0,66.0,17.0,37.0,45.0,843,실측
A000000155351,크림,더말로지카,[속보습/보송피부결] 더말로지카 딥모이스춰 스킨 스무딩 크림 50ml,61000,43.68,9.65,76.15,31.78,52.98,0.0,11,예측
A000000156146,크림,헤이네이처,헤이네이처 어성초 크림 80g,35000,18.0,18.0,65.0,70.0,29.0,1.0,188,실측
A000000156837,크림,바비브라운,바비브라운 비타민 인리치드 아이 베이스,106000,45.11,5.74,76.99,27.93,41.87,24.19,14,예측
A000000156843,크림,바비브라운,바비브라운 하이드레이팅 아이 크림,106000,42.95,7.91,76.27,31.33,54.77,0.0,19,예측
A000000157484,크림,셀퓨전씨,[100시간밀착보습/민감장벽보호] 셀퓨전씨 약산성 패리어 크림 55ml,20500,37.0,12.0,85.0,27.0,73.0,1.0,164,실측
A000000158038,크림,아비브,[채서안PICK/보습탄력] 아비브 부활초 크림 뉴트리션 튜브 75ml 기획 (+30ml 추가 증정),35000,52.0,5.0,77.0,21.0,76.0,3.0,6386,실측
A000000158308,크림,믹순,믹순 콩 크림 50ml,29700,59.0,4.0,81.0,14.0,84.0,3.0,392,실측
A000000158920,크림,빌리프,빌리프 스트레스 슈터 시카 밤 크림 50ml,41580,17.0,20.0,85.0,79.0,21.0,0.0,81,실측
A000000159747,크림,바비브라운,바비브라운 엑스트라 리페어 모이스춰 크림 인텐스 50ml,182000,51.11,5.75,76.58,17.89,69.04,4.74,22,예측
A000000159748,크림,바비브라운,바비브라운 엑스트라 리페어 아이 크림 인텐스 15ml,149000,49.0,2.0,71.0,20.0,49.0,32.0,42,실측
A000000159802,크림,싸이닉,싸이닉 콜라겐 앰플 스틱 더블 기획,15990,62.0,2.0,70.0,13.0,67.0,20.0,516,실측
A000000159901,크림,눅스,[영양장벽케어] 눅스 레브드미엘 울트라 컴포팅 베리어 크림 50ml,36900,62.0,2.0,75.0,20.0,74.0,6.0,126,실측
A000000160733,크림,스킨앤랩,[장벽강화] 스킨앤랩 베리어덤 인텐시브 크림 2세대 50ml,11440,44.0,6.0,75.0,33.0,67.0,0.0,2866,실측
A000000162415,크림,셀퓨전씨,[1등수분밀착크림/민감피부개선] 셀퓨전씨 약산성 패리어 수분 크림 80ml,36000,32.0,17.0,79.0,38.0,61.0,1.0,1465,실측
A000000162589,크림,보나쥬르,보나쥬르 비건 그린티 워터크림 100ml,17000,39.0,12.0,85.0,28.0,71.0,2.0,715,실측
A000000163106,크림,록시땅,록시땅 시어 버터 울트라 리치 페이스 크림 50ml,49000,73.0,0.0,82.0,9.0,91.0,0.0,33,실측
A000000164251,크림,플리프,플리프 시카-알로에 프레쉬 수분크림 150ml,17500,36.0,22.0,72.0,42.0,50.0,8.0,780,실측
A000000164571,크림,믹순,믹순 콩 스틱 밤 11.5ml,29700,62.0,3.0,68.0,16.0,76.0,8.0,37,실측
A000000164574,크림,믹순,믹순 병풀 스틱 밤 11.5ml,29700,37.93,11.87,78.59,37.2,53.9,5.66,24,예측
A000000164614,크림,어바웃미,어바웃미 숲 진정 수분 크림 80ml (100시간 수분지속 진정크림),15600,22.0,25.0,81.0,53.0,46.0,1.0,757,실측
A000000165055,크림,바이오더마,[슬로우에이징]바이오더마 센시비오 디펜시브 리치 40ml,22000,54.0,4.0,79.0,32.0,66.0,2.0,302,실측
A000000167259,크림,OOTD,OOTD AM 인텐스 아이세럼 30ml,23100,35.0,14.0,83.0,14.0,46.0,40.0,147,실측
A000000167839,크림,달팡,달팡 하이드라스킨 리치/라이트 크림 50ml,40500,48.0,12.0,72.0,20.0,80.0,0.0,234,실측
A000000169180,크림,피지오겔,피지오겔 DMT 포맨 페이셜 크림 80ml,24000,39.0,7.0,67.0,29.0,70.0,1.0,511,실측
A000000169480,크림,아비브,[24시간수분잠금] 아비브 수분초 히알루론 크림 하이드레이팅 팟 80ml,24500,29.0,14.0,81.0,34.0,66.0,0.0,323,실측
A000000170025,크림,피캄,[대용량 속건조크림] 피캄 카토 크림 80ml,22750,36.0,15.0,77.0,40.0,58.0,2.0,81,실측
A000000170039,크림,닥터지,[트러블/세럼 증정] 닥터지 에이클리어 밸런싱 모이스처라이저 70ml 기획 (+세럼 10ml),29000,16.0,30.0,66.0,67.0,32.0,1.0,956,실측
A000000170299,크림,아비브,[24시간수분잠금] 아비브 수분초 히알루론 크림 하이드레이팅 팟 80ml 기획(+수분초 패드 10매 증정),24500,35.0,13.0,76.0,34.0,65.0,1.0,1222,실측
A000000171615,크림,허블룸,허블룸 콤부차 비건 콜라겐 크림 50ml,30400,43.0,4.0,81.0,14.0,77.0,9.0,205,실측
A000000171757,크림,닥터하스킨,[수분진정/민감성] 닥터하스킨 미라클아토 하이드로 크림 50ml,18810,39.0,6.0,87.0,22.0,75.0,3.0,740,실측
A000000172157,크림,루트리,루트리 오디베리 5중 모공 리프팅 크림 50ml,23800,26.0,20.0,88.0,23.0,52.0,25.0,356,실측
A000000173055,크림,라타플랑,[피지40%감소] 라타플랑 미나리 시카트러블 진정 수분크림 75ml,19200,31.0,13.0,85.0,46.0,52.0,1.0,1007,실측
A000000174406,크림,피부미,피부미 센텔루션 시카 크림 3X 100ml [지복합성],23500,25.0,18.0,73.0,61.0,38.0,1.0,80,실측
A000000174407,크림,피부미,피부미 센텔루션 시카 크림 3X 100ml [건성],23500,77.0,4.0,74.0,53.0,46.0,1.0,74,실측
A000000174707,크림,일소,[수부지 화잘먹 크림] 일소 데일리 모이스처 푸딩 크림 50ml,21000,43.63,8.66,83.43,20.92,81.58,0.48,26,예측
A000000174929,크림,폴라초이스,폴라초이스 C5 슈퍼 부스트 수분크림 50ml,60000,23.0,17.0,70.0,6.0,32.0,62.0,71,실측
A000000175198,크림,닥터자르트,[보습크림] 닥터자르트 세라마이딘 스킨 베리어 모이스처라이징 크림 50ml,51000,60.0,3.0,84.0,15.0,84.0,0.0,464,실측
A000000177794,크림,닥터자르트,[보습크림/한정기획] 닥터자르트 세라마이딘 스킨 베리어 모이스처라이징 크림 기획(50ml+15ml*2),51000,55.0,4.0,78.0,21.0,78.0,1.0,1455,실측
A000000180075,크림,CKD,CKD 레티노콜라겐 저분자 300 괄사 목주름 크림 50ml,19900,42.0,3.0,64.0,17.0,34.0,49.0,1135,실측
A000000180459,크림,스킨푸드,[NEW] 스킨푸드 로열허니 착한 수분 크림 100ml,18000,53.0,1.0,71.0,30.0,70.0,1.0,182,실측
A000000181121,크림,디오디너리,[눈가케어] 디오디너리 멀티-펩타이드 아이 세럼 15ml,38000,30.0,13.0,53.0,21.0,43.0,36.0,47,실측
A000000181124,크림,스킨푸드,[도토리크림] 스킨푸드 도토리 모공 탄력 크림 70ml,22400,27.0,10.0,73.0,36.0,41.0,23.0,190,실측
A000000181194,크림,닥터자르트,[강력진정/산뜻보습] 닥터자르트 시카페어 인텐시브 수딩 리페어 젤 크림 50ml,25000,28.0,21.0,91.0,65.0,34.0,1.0,94,실측
A000000182273,크림,마일드랩,[EGF판테놀/장벽] 마일드랩 블루센텔라 더마 리페어크림 50ml,24000,28.0,13.0,81.0,63.0,36.0,1.0,620,실측
A000000182584,크림,닥터자르트,[한정기획/산뜻수분진정] 닥터자르트 시카페어 인텐시브 수딩 리페어 젤 크림 기획(50ml+15ml*2ea),50000,27.0,16.0,72.0,64.0,34.0,2.0,635,실측
A000000184066,크림,세타필,[민감피부진정] 세타필 페이셜 수분크림 48g,25000,39.0,4.0,81.0,20.0,79.0,1.0,389,실측
A000000184770,크림,닥터자르트,[워터젤리/수분크림]닥터자르트 바이탈 하이드라 솔루션 하이드로 플럼프 워터 크림 50ml,39000,35.0,13.0,71.0,28.0,71.0,1.0,380,실측
A000000184919,크림,시모먼트,시모먼트 아이 리프팅 롤러 세럼 15ml,28000,39.0,3.0,60.0,21.0,36.0,42.0,99,실측
A000000185121,크림,더마펌,[나띠PICK][진정크림] 더마펌 수분보습 진정 크림 50ml+50ml 기획,39000,39.0,8.0,72.0,39.0,57.0,4.0,230,실측
A000000185367,크림,배드스킨,배드스킨 콜라겐 밤 하이리프팅 크림100ml,20900,37.45,9.81,74.59,31.71,35.95,24.7,29,예측
A000000185456,크림,나인위시스,[수분톤업/화잘먹 톤프렙] 나인위시스 비건 화이트 톤업 크림 50ml,15800,30.0,8.0,73.0,15.0,25.0,60.0,2494,실측
A000000185807,크림,닥터트웬티프로젝트,닥터트웬티프로젝트 리프덤 오토 아이크림20ml,29400,41.0,6.0,85.0,8.0,33.0,59.0,569,실측
A000000186191,크림,디오디너리,[보습젤] 디오디너리 내추럴 모이스처라이징 팩터스 + 베타 글루칸 100ml,20500,40.36,13.1,79.4,28.36,72.94,0.14,26,예측
A000000186195,크림,숨37,숨37 워터풀 마린 릴리프 젤 크림 30ml/50ml 단품/기획,41600,43.0,2.0,86.0,27.0,73.0,0.0,43,실측
A000000188751,크림,몰바니,[김재원 PICK] 몰바니 아티초크 카밍 케어 수딩 크림 100ml,17900,39.0,14.0,82.0,42.0,57.0,1.0,1058,실측
A000000188971,크림,디마르3,디마르3 시타듀 실드 크림 70g,27200,10.0,39.0,80.0,62.0,34.0,4.0,91,실측
A000000189000,크림,라운드랩,[보습장벽] 라운드랩 약콩 판테놀 크림 80ml 1+1 기획,32300,46.0,5.0,79.0,20.0,79.0,1.0,1702,실측
A000000189170,크림,폴라초이스,폴라초이스 클리니컬 0.3% 레티놀 + 2% 바쿠치올 트리트먼트 30ml,99000,29.0,10.0,30.0,24.0,17.0,59.0,145,실측
A000000189587,크림,헤라,헤라 하이드로 리플렉팅 마이크로 크림 50ml,57600,64.0,4.0,82.0,16.0,80.0,4.0,50,실측
A000000190420,크림,어퓨,어퓨 마데카소사이드 테트라좀시카 크림 120ml,18620,27.0,21.0,82.0,54.0,44.0,2.0,153,실측
A000000191008,크림,눅스,[핑크빛생기아이크림]눅스 프로디쥬스 부스트 아이 밤 젤 15ml,34830,46.0,10.0,82.0,17.0,50.0,33.0,100,실측
A000000191027,크림,눅스,[생기부스팅크림] 눅스 프로디쥬스 부스트 글로우 부스팅 크림 40ml,44820,61.0,5.0,77.0,22.0,75.0,3.0,64,실측
A000000191796,크림,로벡틴,[응급진정/트러블케어] 로벡틴 시카케어 블레미쉬 클리어링 크림 50ml 리필기획 (+리필 40ml),25200,33.0,8.0,76.0,67.0,33.0,1.0,326,실측
A000000191805,크림,오휘,오휘 미라클 모이스처 세라마이드 부스팅 크림 50ml,57000,43.96,9.03,67.61,23.05,54.95,12.61,29,예측
A000000191823,크림,디마르3,[잡티케어] 디마르3 에트셀 멜라케어 크렘 65ml,46600,54.0,1.0,83.0,11.0,58.0,32.0,122,실측
A000000191912,크림,아비브,[토탈주름케어] 아비브 콜라겐 아이크림 부활초 튜브 30ml,26000,45.0,4.0,77.0,18.0,49.0,34.0,919,실측
A000000192057,크림,맥,MAC 하이퍼 리얼 스킨캔버스 밤,86000,48.59,8.61,73.47,20.02,68.52,14.49,5,예측
A000000192219,크림,SNP,SNP 골드 콜라겐 엑스퍼트 크림 50ml,24000,46.0,5.0,83.0,13.0,52.0,34.0,196,실측
A000000192300,크림,몰바니,[김재원 PICK] 몰바니 볼륨 인크리징 프로틴 크림 100ml,21900,49.0,4.0,87.0,12.0,75.0,13.0,807,실측
A000000192520,크림,로벡틴,[수분충전/세라마이드] 로벡틴 아쿠아 히알루로닉 수딩 크림 60ml,21600,35.0,11.0,76.0,22.0,76.0,1.0,84,실측
A000000197319,크림,오가나셀,오가나셀 펩타이드 리커버리 크림 50ml,51000,42.0,12.0,87.0,46.0,54.0,0.0,52,실측
A000000197320,크림,오가나셀,오가나셀 바이오 액티옴 크림 50ml,61000,39.79,8.18,75.74,24.06,56.98,17.53,1,예측
A000000197679,크림,닥터멜락신,닥터멜락신 비피 포어 베리어 크림 50g,20900,40.0,8.0,96.0,28.0,46.0,27.0,123,실측
A000000198026,크림,썸바이미,[다크서클 완화] 썸바이미 레티놀 인텐스 액션 아이크림 30ml,16300,38.84,8.7,71.78,32.66,33.0,19.77,19,예측
A000000198626,크림,비레디,[트러블 진정+모공 축소] 시카페인 트러블 리셋 크림,27900,27.0,15.0,64.0,69.0,28.0,2.0,130,실측
A000000198853,크림,테라로직,테라로직 피토세라 프로 안티옥시던트 10X 탄력리프팅 크림 50ml,48000,26.0,8.0,82.0,10.0,38.0,51.0,39,실측
A000000199254,크림,오휘,오휘 미라클 토닝 글로우 크림 60ml,74100,30.91,8.95,72.37,21.22,32.02,50.61,4,예측
A000000199404,크림,마녀공장,[속보습] 마녀공장 판테토인 크림 80ml,29200,51.0,5.0,79.0,21.0,79.0,0.0,1623,실측
A000000200145,크림,빌리프,[수분보습폭탄] 빌리프 아쿠아 밤 / 모이스춰라이징 밤 30ml 기획 (+뉴메로10 에센스 35ml),24500,52.0,5.0,86.0,15.0,85.0,0.0,773,실측
A000000200181,크림,닥터하우쉬카,닥터하우쉬카 로즈 데이 크림 오리지널 30ml,52000,84.0,0.0,81.0,8.0,92.0,0.0,37,실측
A000000200201,크림,닥터하우쉬카,닥터하우쉬카 로즈 데이 크림 라이트 30ml,52000,39.08,6.57,65.04,40.71,55.44,3.72,10,예측
A000000200480,크림,넘버즈인,[수딩진정] 넘버즈인 1번 판토텐산 액티브 수딩크림 80ml 기획 (+패드 6매),19500,17.0,31.0,75.0,63.0,36.0,1.0,11128,실측
A000000200584,크림,이지듀,[10분진정] 이지듀 베리어 리페어 보습케어 크림 50ml,24000,45.0,9.0,70.0,49.0,46.0,5.0,493,실측
A000000200804,크림,마몽드,[화잘먹 결크림] 마몽드 플로라 글로우 로즈 스무딩 크림 50ml,25900,50.0,4.0,76.0,20.0,76.0,4.0,282,실측
A000000201376,크림,리얼베리어,[튜브기획]/온라인단독] 리얼베리어 익스트림 크림 65ml 기획 (+25ml),27500,43.0,4.0,74.0,29.0,70.0,1.0,3423,실측
A000000202537,크림,더마토리,[1+1] 더마토리 히알샷 베리어 크림 B5 70ml 1+1 기획,30000,39.0,8.0,77.0,23.0,76.0,2.0,895,실측
A000000204308,크림,바이오힐보,[모공고민|화잘먹] 바이오힐보 프로바이오덤 콜라겐 리모델링 크림 [단품/증정기획],38000,38.0,8.0,67.0,24.0,52.0,24.0,1496,실측
A000000204627,크림,설화수,설화수 탄력크림EX (50ml/75ml 기획),90000,49.0,0.0,64.0,27.0,59.0,14.0,250,실측
A000000204640,크림,더후,더후 로얄레지나 에너제틱 리차징 크림 50ml,90000,48.61,5.08,72.32,32.53,54.89,15.98,0,예측
A000000204747,크림,AHC,[미백/단독기획]AHC 프로샷 글루타 브라이트 아이크림 포페이스 30ml기획 (+세럼10ml),23200,39.0,6.0,80.0,11.0,34.0,55.0,1011,실측
A000000204882,크림,AHC,AHC 콜라 쥬비네이션 리프트4 오버데이 나이트 트리트먼트밤 50ml,34000,51.0,6.0,89.0,9.0,56.0,34.0,132,실측
A000000204949,크림,센텔리안24,[1등 크림/진정흔적] 센텔리안24 마데카 크림 타임 리버스 50ml 더블 기획(+15ml*2),76000,49.0,5.0,77.0,29.0,61.0,10.0,8444,실측
A000000205098,크림,원진이펙트,원진이펙트 콜라겐 물방울 수분 크림 100g,17900,46.0,11.0,96.0,25.0,72.0,3.0,426,실측
A000000209092,크림,랩시리즈,랩시리즈 데일리 레스큐 에너자이징 젤크림 50ml,89000,38.26,11.48,75.77,20.98,36.06,21.84,28,예측
A000000209418,크림,제로이드,[2025 어워즈] 제로이드 인텐시브 크림 80ml,28800,55.0,4.0,80.0,27.0,72.0,1.0,5304,실측
A000000209590,크림,VT,[NEW/기미잡티케어] VT 티엑스토닝 크림 50ml,28800,29.0,8.0,71.0,14.0,31.0,55.0,87,실측
A000000209747,크림,제로이드,제로이드 수딩 크림 80ml,30000,32.0,16.0,77.0,38.0,62.0,1.0,2992,실측
A000000209889,크림,클리어디어,[수분충전] 클리어디어 미나리 딥 쿨 수딩 크림 30ml,21800,28.0,25.0,82.0,57.0,37.0,5.0,237,실측
A000000209906,크림,제로이드,제로이드 더마뉴얼 리페어 크림 15ml,15000,42.0,5.0,71.0,56.0,39.0,4.0,234,실측
A000000210054,크림,아누아,아누아 복숭아 나이아신아마이드 인리치드 크림 50mL,21500,33.0,6.0,65.0,30.0,54.0,17.0,54,실측
A000000210196,크림,마일드랩,[색소침착/미백] 마일드랩 딥 멜라케어 스팟 트리트먼트 오인트겔 20ml,26000,20.0,17.0,67.0,29.0,12.0,59.0,631,실측
A000000211006,크림,라네즈,[수부지/쿨링진정] 라네즈 워터뱅크 젤 크림 45ml 기획 (+25ml),29000,32.0,19.0,70.0,46.0,53.0,1.0,299,실측
A000000211548,크림,NDP,[리아킴PICK] NDP 엔디피 시카 바이오 플라센타 수분진정 크림 50ml,41000,56.0,9.0,92.0,29.0,70.0,1.0,534,실측
A000000211928,크림,LBB,[주름 강력개선]LBB 인텐시브 모이스처라이징 아이크림 15ml,38400,51.0,0.0,91.0,11.0,37.0,51.0,35,실측
A000000212882,크림,빌리프,[눈가탄력UP] 빌리프 아쿠아 밤 아이젤 15ml,28490,45.0,8.0,82.0,26.0,55.0,20.0,773,실측
A000000212912,크림,비플레인,[100시간보습] 비플레인 시카테롤 캡슐 베리어 크림 50ml,19200,46.0,14.0,73.0,41.0,54.0,5.0,78,실측
A000000213288,크림,오드로이,[화해 1위/화잘먹모공크림] 오드로이 블랙체리 모공수축크림 로프디 100ml 더블기획,56000,27.0,18.0,61.0,29.0,45.0,26.0,4180,실측
A000000213383,크림,더마라인,더마라인 디렉소 바이오 액티빙 PDRN 크림 100g,44100,58.0,5.0,94.0,7.0,73.0,20.0,91,실측
A000000213615,크림,샤이샤이샤이,[속광화잘먹] 샤이샤이샤이 리포좀 리페어 밀키 크림 50ml,19600,59.0,4.0,79.0,14.0,84.0,2.0,2180,실측
A000000213953,크림,연작,연작 카밍 앤 컴포팅 크림 60ml,45600,30.0,14.0,68.0,51.0,43.0,5.0,37,실측
A000000214159,크림,키엘,[산뜻 진정 장벽크림] 키엘 칼렌듈라 꽃잎 크림 50ml,62900,43.19,7.92,77.36,25.12,71.96,4.33,27,예측
A000000214181,크림,키엘,[8월올영픽/수부지 쿨링케어] 키엘 오일 프리 젤 크림 28ml/50ml/150ml (기획/단품),23200,18.0,34.0,69.0,35.0,62.0,3.0,107,실측
A000000214201,크림,케어놀로지,케어놀로지 리블루 울트라 리페어 크림 50ml,49000,43.31,7.52,77.25,27.22,60.56,7.21,18,예측
A000000214226,크림,포레스트 서울,포레스트 서울 히알 피톤시카 크림 50ml,17010,49.0,5.0,95.0,26.0,71.0,3.0,110,실측
A000000214262,크림,키엘,키엘 파워풀 스트렝스 라인 리듀싱 다크서클 디미니싱 비타민C 아이세럼 15ml,80750,29.45,11.9,65.91,39.29,22.03,34.06,11,예측
A000000214296,크림,톰,톰 이센셜리 에픽 레디언트 크림 50g,89000,37.15,12.74,76.67,26.51,50.4,18.17,14,예측
A000000214302,크림,코이,[고현정 PICK] 코이 플로우 셀코드 크라이오 크림 50ml,45000,46.35,5.94,73.21,23.65,74.97,9.54,8,예측
A000000214315,크림,닥터자르트,[보습크림]닥터자르트 세라마이딘 스킨 베리어 모이스처라이징 아이크림 15ml,45000,54.0,4.0,72.0,20.0,50.0,31.0,232,실측
A000000214633,크림,코이,[고현정 PICK] 코이 플로우 리프팅 랩핑 크림 50ml 기획 (+미니 크림 10ml 2ea),57000,64.0,3.0,75.0,10.0,63.0,26.0,8079,실측
A000000214636,크림,앰플엔,앰플엔 히알루론샷 수분 크림 60ml,18900,71.0,6.0,92.0,15.0,83.0,2.0,52,실측
A000000214989,크림,라운드랩,[속수분크림/리필] 라운드랩 자작나무 수분 크림 50ml 리필팩,14900,37.0,10.0,80.0,27.0,73.0,0.0,30,실측
A000000215147,크림,그라운드플랜,[데일리수분크림] 그라운드플랜 크림 50ml,36580,43.0,8.0,90.0,22.0,73.0,6.0,51,실측
A000000215463,크림,더말로지카,[진정/즉각수분] 더말로지카 듀얼 히알루론산 캄 워터 젤 크림 50ml,71000,31.0,12.66,75.35,50.87,42.09,4.16,0,예측
A000000216315,크림,아벤느,[손상/흔적 리페어]아벤느 시칼파트+ 블레미쉬 크림 40ml 더블 기획,32900,29.0,12.0,64.0,60.0,36.0,5.0,1144,실측
A000000216966,크림,헤브블루,[여드름성 피부적합] 헤브블루 피톤 스쿠아 히알 블루 젤크림 110ml,26700,25.0,20.0,84.0,74.0,25.0,1.0,463,실측
A000000219137,크림,셀올로지,셀올로지 블루 이레이저 크림 50ml,28900,35.43,12.81,75.12,25.74,39.12,28.62,24,예측
A000000219334,크림,SVR,[애프터 시카 밤]SVR 센시파인 뉴트리밤 40ml,26560,43.0,6.0,71.0,55.0,45.0,0.0,69,실측
A000000219475,크림,비원츠,[쿨링아이세럼] 비원츠 펩타이드-X 퍼밍 아이세럼스틱 15ml,25600,41.0,7.0,75.0,19.0,39.0,42.0,4684,실측
A000000221649,크림,테라로직,[주름탄력]테라로직 레티날 주름탄력 크림 12g+앰플4ml 기획,39000,45.0,6.0,67.0,15.0,34.0,51.0,140,실측
A000000222638,크림,이니스프리,[눈가생기] 이니스프리 그린티 히알루론산 글로우 아이&페이스볼 10ml,16100,34.0,17.0,57.0,32.0,43.0,25.0,125,실측
A000000222699,크림,스튜디오17,[스쿠알란/수분장벽] 스튜디오17 워터부스트 히알루론 수분크림 80ml,14900,49.0,8.0,79.0,19.0,78.0,2.0,279,실측
A000000222848,크림,파티온,[단독기획/수분충전템] 파티온 포도당 하이드로 크림 60ml 기획(+10ml),14800,51.0,10.0,90.0,18.0,82.0,0.0,2762,실측
A000000222945,크림,웰라쥬,[모공밴딩크림] 웰라쥬 하이퍼 펩타이드 밴디지 크림 50ml,19760,20.0,9.0,54.0,23.0,46.0,30.0,72,실측
A000000223296,크림,뉴라덤,[화잘먹크림] 메디톡스 뉴라덤 더마크림 100g [기획(+20g)/단품],21220,58.0,5.0,92.0,11.0,84.0,5.0,3160,실측
A000000223622,크림,숨37,[NEW] 숨37 시크릿 멀티밤 7g,33150,35.54,16.4,73.82,39.55,59.83,4.53,22,예측
A000000223947,크림,메디큐브,[화잘먹수분크림] 메디큐브 PDRN 핑크 히알루로닉 수분 크림 50ml,18500,48.0,7.0,75.0,22.0,68.0,11.0,856,실측
A000000224027,크림,셀리맥스,"[흔적,기미,미백/TXA] 셀리맥스 트라넥삼산 잡티 크림 35ml",35000,40.0,6.0,80.0,15.0,33.0,51.0,466,실측
A000000224137,크림,성분에디터,[아이백볼륨UP/주름개선] 성분에디터 실크펩타이드 인텐시브 리프팅 아이크림 30ml,19900,47.0,5.0,75.0,12.0,40.0,48.0,372,실측
A000000224242,크림,스킨1004,스킨1004 마다가스카르 센텔라 프로바이오시카 바쿠치올 아이 크림 20ml,26000,16.0,2.0,44.0,47.0,26.0,28.0,43,실측
A000000224243,크림,풀리,[모공축소] 풀리 그린 토마토 크림 90ml,26800,38.0,14.0,89.0,25.0,63.0,12.0,752,실측
A000000224247,크림,풀리,[레이PICK/보습광채] 풀리 쌀 세라 캡슐 크림 90ml,37000,59.0,7.0,93.0,8.0,88.0,4.0,264,실측
A000000224499,크림,닥터멜락신,닥터멜락신 아이팔트 아이백 크림 플러스 10g,24900,37.0,10.0,75.0,9.0,32.0,59.0,1906,실측
A000000224602,크림,숨37,숨37 워터풀 젤크림 기획 30ml 헬리녹스 콜라보 기획,43200,38.3,14.79,80.33,38.58,64.28,4.36,1,예측
A000000224610,크림,숨37,숨37 헬리녹스 콜라보 벨벳 선스틱/젤크림/스킨스테이 쿠션 1호 택1,43200,35.21,15.61,79.45,32.5,65.17,11.63,15,예측
A000000224727,크림,메이크프렘,[박지훈PICK/단독기획] 메이크프렘 인테카 수딩크림 70ml 기획(+크림 31ml),29000,24.0,20.0,75.0,64.0,35.0,1.0,14506,실측
A000000224733,크림,아이디플라코스메틱,[리뉴얼] 아이디플라코스메틱 엑소브이 프로리프팅 크림 50ml,16600,68.0,0.0,79.0,16.0,74.0,11.0,210,실측
A000000224880,크림,브이앤에이뷰티,[OY단독/광채크림+앰플 50ml] 브이앤에이뷰티 안티옥시던트 시너지 크림 50ml 기획,52000,51.0,4.0,79.0,15.0,51.0,34.0,104,실측
A000000224917,크림,리쥬란,(30시간 보습지속/약산성 pH크림 장벽케어)리쥬란 더마힐러 모이스처 크림 60g [한정기획(+10g)/기획],38000,44.0,5.0,69.0,32.0,60.0,7.0,810,실측
A000000225026,크림,유리아쥬,[수분시카젤크림] 유리아쥬 시카 데일리 리페어 젤크림 40ml,30000,27.0,21.0,78.0,59.0,40.0,1.0,357,실측
A000000225179,크림,아벤느,아벤느 비타민 액티브 VACg 크림 50ml 기획 (+비타민 Cg 액티브 세럼 10ml) *광채 *항산화,52000,51.0,4.0,68.0,16.0,42.0,42.0,179,실측
A000000225277,크림,키엘,[8월올영픽] 키엘 크림 4종 모음 (울트라 훼이셜 크림/메디크림/오일프리 젤크림/베리어크림),23200,39.0,7.0,69.0,26.0,73.0,1.0,1707,실측
A000000225279,크림,닥터자르트,[1등장벽크림] 닥터자르트 파워 더마 베리어 크림 80ml,35000,42.0,9.0,82.0,30.0,70.0,1.0,246,실측
A000000225280,크림,닥터자르트,[1등장벽크림] 닥터자르트 파워 더마 베리어 크림 단독 기획 세트(+7ml+틴케이스),35000,44.0,6.0,83.0,26.0,73.0,1.0,3038,실측
A000000225877,크림,앰플엔,앰플엔 블레미샷 푹잠크림 50ml,37000,42.0,8.0,83.0,16.0,52.0,32.0,175,실측
A000000226179,크림,에스테덤,[패키지 리뉴얼]에스테덤 인텐시브 프로 콜라겐+ 크림 50ml,92000,46.85,8.1,68.04,18.82,45.45,36.73,27,예측
A000000226527,크림,셀인샷,[수분/진정] 셀인샷 EGF 알란테놀 트러블 크림 70ml,41200,29.0,15.0,87.0,57.0,39.0,4.0,1551,실측
A000000226541,크림,아떼,[장벽개선/쫀쫀크림] 아떼 포스트 레이저 리페어 크림 50ml,24500,43.66,6.43,76.15,26.51,51.97,9.65,15,예측
A000000227220,크림,브리올옴므,브리올옴므 화이트닝 수분크림 50ml,22900,33.22,13.45,74.33,43.69,46.76,7.59,24,예측
A000000227276,크림,어나더페이스,[산뜻보습&수분탄력] 어나더페이스 펩타테놀 수분 밸런스 크림 50ml,22500,36.0,13.0,96.0,12.0,86.0,2.0,486,실측
A000000227664,크림,아비브,아비브 글루타치온좀 잡티 크림 비타 튜브 75ml,35000,39.0,6.0,76.0,18.0,39.0,42.0,31,실측
A000000227939,크림,퍼셀,[수분탄력크림] 퍼셀 픽셀바이옴 히알 콜라겐 유산균 크림 50ml,26000,45.0,11.0,93.0,15.0,81.0,4.0,418,실측
A000000228046,크림,유리아쥬,[피지케어/수분크림] 유리아쥬 이제악 매트 40ml,24000,28.52,21.3,79.2,49.84,49.07,0.0,8,예측
A000000228418,크림,성분에디터,[화잘먹크림/모공결정돈] 성분에디터 그린토마토 NMN 포어 리프팅 크림 50ml,13900,30.0,16.0,69.0,30.0,49.0,20.0,901,실측
A000000229284,크림,랑콤,랑콤 이드라젠 모이스처라이징 수딩크림 / 젤크림 기획/단품 2종 택1 (50ml/30ml),45050,37.64,11.59,71.6,22.51,57.71,13.48,19,예측
A000000229542,크림,에스테덤,에스테덤 인텐시브 비타민 C 젤 크림 50ml,100000,37.16,8.29,73.36,27.26,66.41,8.23,2,예측
A000000229621,크림,제나벨,제나벨 PDRN 인리치드 리커버리 밤 50ml,42000,58.0,6.0,81.0,26.0,72.0,2.0,193,실측
A000000229785,크림,구달,[리뉴얼] 구달 청귤 비타C 잡티케어 톤업 크림 50ml 기획 (+5ml + 세럼 5ml),22000,27.0,18.0,58.0,25.0,30.0,46.0,1192,실측
A000000229946,크림,플로디카,플로디카 워터백 베리어 크림 50ml,32000,54.0,6.0,92.0,8.0,92.0,0.0,225,실측
A000000230273,크림,피지오겔,피지오겔 아쿠아 포맨 쿨링 젤 크림 80ml 2종 택1(단품/기획),22900,20.0,23.0,68.0,55.0,42.0,2.0,256,실측
A000000230498,크림,CKD,CKD 레티노콜라겐 저분자 300 괄사 목주름 크림 50ml 리필용,14900,49.0,5.0,73.0,14.0,38.0,49.0,1172,실측
A000000230515,크림,라운드랩,[캡슐토닝] 라운드랩 비타 나이아신 글로우 캡슐 크림 50ml,27900,38.0,0.0,74.0,8.0,33.0,59.0,39,실측
A000000230928,크림,SVR,[관리 효과 극대화 생기 토닝 크림] SVR 바이오틱 C20 크림 50ml,65000,32.44,16.6,69.69,37.59,31.97,25.18,6,예측
A000000231300,크림,토니모리,토니모리 원더 세라마이드 모찌 수분 크림 300ml,12000,56.0,5.0,88.0,14.0,86.0,1.0,325,실측
A000000231399,크림,청미정,[색소침착/흔적] 청미정 기미잡티크림 카카두플럼 50g,32000,33.0,13.0,57.0,41.0,25.0,34.0,371,실측
A000000231452,크림,싸이닉,싸이닉 병풀 피디알엔 PDRN 시카 엔드 수딩 크림 10ml,3000,32.0,13.0,74.0,56.0,44.0,1.0,151,실측
A000000231455,크림,스킨푸드,[NEW/겉뽀속촉] 스킨푸드 피치뽀송 징크피씨에이 톤업 크림 50ml,27000,33.0,12.0,88.0,13.0,45.0,42.0,789,실측
A000000231465,크림,밀크터치,밀크터치 서양송악 그린히알루론 6초 수분 크림 50g,24000,32.41,18.14,77.7,40.42,43.38,14.65,16,예측
A000000231800,크림,엑시스와이,[탱탱아이볼세럼/탄력] 엑시스와이 비건 콜라겐 아이세럼 10ml,19500,42.0,6.0,76.0,19.0,44.0,37.0,679,실측
A000000231978,크림,조선미녀,[눈가탄력/레티날] 조선미녀 인삼아이크림 30ml 2입 기획,29000,41.0,3.0,66.0,28.0,44.0,28.0,5396,실측
A000000233192,크림,닥터자르트,[단독기획/장벽크림] 닥터자르트 파워 더마 베리어 크림 80ml 기획세트,35000,21.0,18.0,69.0,36.0,62.0,2.0,3195,실측
A000000233382,크림,썸바이미,썸바이미 베타 판테놀 리페어 크림 50ml,18200,44.49,6.84,76.19,24.88,51.03,20.11,20,예측
A000000234133,크림,에스테덤,[화잘먹 크림]에스테덤 셀룰러워터 크림 50ml [기획(+미스트30ml)/단품],46620,52.0,6.0,77.0,15.0,74.0,11.0,1581,실측
A000000234280,크림,SVR,[끈적임 없는 레드시카] SVR 시카비트+ 크림 HPPI 100ml/40ml [기획(+ 2ml*5ea)/단품],38700,47.0,8.0,81.0,45.0,53.0,2.0,886,실측
A000000234359,크림,오브제,오브제 모이스처 프로틴 장벽 크림 70ml,16900,53.0,8.0,90.0,10.0,88.0,2.0,266,실측
A000000235107,크림,리얼베리어,[포곤콜라보/장벽회복] 리얼베리어 익스트림 크림 70ml 기획 (+30ml+패딩백 키링),39000,58.0,6.0,82.0,17.0,82.0,1.0,8614,실측
A000000235270,크림,키엘,키엘 울트라 훼이셜 어드밴스드 리페어 베리어 크림 50ml,67340,32.05,19.26,69.78,37.06,43.91,9.39,13,예측
A000000235558,크림,이니스프리,[속수분/장벽크림] 이니스프리 그린티 세라마이드 크림 50ml 기획 (+20ml),19440,54.0,7.0,81.0,23.0,77.0,0.0,108,실측
A000000235560,크림,유리아쥬,[손상탄력크림] 유리아쥬 시카 데일리 리페어 콘센트레 탄력 크림 50ml,43000,47.0,2.0,79.0,40.0,49.0,11.0,108,실측
A000000235855,크림,메디힐,[수분흔적크림] 메디힐 마데카소사이드 더마 크림 50ml,23000,40.0,11.0,78.0,46.0,49.0,5.0,1957,실측
A000000236325,크림,러븀,러븀 그린 시트러스 비타민 씨 젤 크림 플러스 50ml,25000,29.0,11.0,73.0,26.0,43.0,31.0,89,실측
A000000236508,크림,프리메라,프리메라 비타티놀 인텐스 바운시 리프트 마스크 크림 30ml 기획/단품,37000,45.0,5.0,69.0,11.0,39.0,50.0,735,실측
A000000236828,크림,파파레서피,파파레서피 블레미쉬 크림 100ml,28500,9.0,9.0,73.0,18.0,82.0,0.0,109,실측
A000000237527,크림,리쥬란,[3STEP 멜라닌 클리어] 리쥬란 힐러 트리플 래디언스 크림 50ml,41500,37.0,2.0,67.0,31.0,46.0,22.0,54,실측
A000000237819,크림,비건이펙트,"[보습,탄력케어]비건이펙트 콜라겐 NMN 캡슐 크림 50ml",20800,37.54,11.92,76.03,30.81,53.87,24.45,13,예측
A000000238408,크림,믹순,[수부지 올인원 크림] 믹순 히알레배 포어 블러링 크림 50ml,9900,38.0,18.0,83.0,17.0,80.0,2.0,1489,실측
A000000238594,크림,우노,[남자올인원] 우노 크림 퍼펙션 90g,21000,14.0,14.0,57.0,43.0,57.0,0.0,33,실측
A000000240056,크림,성분에디터,[한정기획/고함량PDRN] 성분에디터 알래스카 PDRN 울트라 모이스처라이징 배리어 크림 50ml (+10ml*2),14490,37.0,0.0,57.0,33.0,61.0,6.0,195,실측
A000000241336,크림,피캄,[60개 블루캡슐/수분볼륨 입체광] 피캄 PDRN 카페인 블루캡슐 60 크림 50ml,22400,46.0,4.0,84.0,12.0,84.0,4.0,50,실측
A000000242631,크림,나인위시스,[장벽이불크림] 나인위시스 하이드라 판테톨 베리어 크림 100ml,25600,71.0,0.0,82.0,15.0,82.0,3.0,34,실측
A000000242686,크림,미닉,[급속진정/한겹장벽] 미닉 퍼펙트 콜라드 그린 진정 크림 80ml,24500,30.04,16.88,77.58,56.81,50.03,0.0,12,예측
A000000242945,크림,메디힐,[모공탄력크림] 메디힐 PDRN 더마 크림 50ml,23000,50.0,6.0,87.0,18.0,62.0,20.0,105,실측
A000000243754,크림,나인위시스,[화잘먹수딩크림] 나인위시스 비건 하이드라 앰플 수딩 크림 80ml 더블 기획,22400,37.77,15.46,78.05,35.11,66.9,4.98,27,예측
A000000243786,크림,허스텔러,[쿨링진정/화잘먹] 허스텔러 원더 베지 하이드레이팅 젤 크림 80ml,30000,43.0,11.0,92.0,42.0,57.0,1.0,2234,실측
A000000244812,크림,디마프,[장벽크림] 디마프 크림스컴트루 스쿠알란 베리어 리페어 크림 50ml,34200,43.0,4.0,89.0,14.0,85.0,1.0,91,실측
A000000244954,크림,라로슈포제,라로슈포제 히알루 B5 수분탄력 크림 50ml,58000,38.0,15.0,73.0,23.0,65.0,12.0,529,실측
A000000245465,크림,코이,코이 플로우 리프팅 랩핑 크림 50ml 기획 (+괄사마사지기 + 미니 크림 10ml*2ea),57000,61.0,2.0,64.0,16.0,66.0,18.0,8611,실측
A000000246144,크림,유리아쥬,유리아쥬 제모스 C8+ 세라뜨 200ml 기획 (+제모스토너 50ml),36000,67.0,1.0,75.0,15.0,81.0,3.0,91,실측
A000000246299,크림,바이오힐보,[속광|광채크림] 바이오힐보 NAD 프리즈셀 글로우 부스트 크림 50ml,29200,44.0,11.0,63.0,31.0,40.0,29.0,62,실측
A000000246414,크림,닥터자르트,[리뉴얼/10겹장벽크림] 닥터자르트 세라마이딘 울트라 모이스처라이징 크림 50ml,51000,66.0,2.0,71.0,22.0,75.0,2.0,3194,실측
A000000246776,크림,라운드랩,[더블기획/수부지맞춤] 라운드랩 자작나무 수분 크림 80ml 더블 기획 (+말랑 파우치),29800,50.0,11.0,91.0,16.0,83.0,1.0,21067,실측
A000000247186,크림,듀이트리,[시카PDRN/장벽크림] 듀이트리 AC 딥 장벽 진정 보습 크림 60ml,22400,37.0,13.0,83.0,35.0,63.0,2.0,46,실측
A000000247199,크림,아벤느,[올리브베러 단독] 아벤느 제라캄 A.D 인텐시브 크림 200ml *가려움완화 *극건성크림 *신생아,40500,38.41,12.81,73.56,45.73,55.28,0.0,0,예측
A000000247202,크림,아벤느,[민감/진정크림]아벤느 똘레랑스 하이드레이팅 크림 40ml,28900,39.25,10.95,78.28,35.13,64.68,0.0,5,예측
A000000247596,크림,오우즈너리,[NEW/화잘먹/비타속광] 오우즈너리 비타3 푸딩 크림 50ml,25900,41.69,14.8,77.13,22.79,65.69,15.32,28,예측
A000000247723,크림,파넬,[1등 진정크림] 파넬 시카마누 레드 리페어 크림 50ml 기획(+세럼15ml),30000,28.0,11.0,81.0,71.0,28.0,2.0,1690,실측
A000000248401,크림,네오젠,[청담샵 Pick/화잘먹크림] 네오젠 넥스트 글로우 수분 크림 50ml,14900,51.0,7.0,83.0,20.0,75.0,5.0,120,실측
A000000248509,크림,퍼셀,[장벽리페어] 퍼셀 픽셀바이옴 5 플러스 프로바이오틱스 리부팅 크림 50ml,38000,9.0,0.0,45.0,73.0,27.0,0.0,145,실측
A000000248587,크림,톤28,[시카크림] 톤28 해남404 새벽크림 센텔라 아시아티카 크림 50g,38000,45.0,6.0,85.0,37.0,54.0,10.0,273,실측
A000000248935,크림,더마픽스,더마픽스 리얼콜라겐 텐션업 멀티스틱밤 3g,16000,50.57,3.6,65.57,13.79,56.47,29.34,6,예측
A000000249122,크림,눅스,(면도후진정)눅스 맨 애프터쉐이브 수딩 크림 75ml,33150,43.72,9.73,76.43,31.96,64.2,0.0,10,예측
A000000249165,크림,코스메쉐프,[7주름케어] 코스메쉐프 흑당고 진액 영양 주름 딱밤 5.6g,40600,39.78,11.14,74.64,33.97,60.14,10.04,16,예측
A000000249611,크림,비긴스 바이 정샘물,[트러블흔적/광채] 비긴스 바이 정샘물 나이아신아마이드10 흔적크림 50ml,19200,41.88,8.0,73.9,12.47,44.94,41.72,12,예측
A000000250191,크림,가히,[PDRN탄력광채/2개구성] 가히 멀티밤 9g+9g 더블 기획,43000,50.47,3.7,72.98,20.75,61.86,20.87,19,예측
A000000251275,크림,아벤느,[밀도보습] 아벤느 이드랑스 리치 하이드레이팅 크림 40ml 3입 기획,28900,59.0,6.0,84.0,10.0,89.0,1.0,773,실측
A000000251453,크림,도미나스,[8월올영픽/태극제약]도미나스 크림 Rx 20ml,24900,20.0,5.0,43.0,18.0,28.0,55.0,1203,실측
A000000251729,크림,설화수,설화수 윤조 아이세럼 20ml,103500,41.93,7.82,71.31,27.47,52.46,17.41,7,예측
A000000252197,크림,플로위,[유니 PICK] 플로위 PDRN 액티브 베리어 크림 50ml,39200,42.0,3.0,88.0,28.0,66.0,6.0,88,실측
A000000252669,크림,SVR,[손상피부개선]SVR 시카비트+ 크림 HPPI 40ml,29000,44.21,6.4,76.3,37.95,58.28,6.46,14,예측
A000000252773,크림,샤이샤이샤이,[다크서클커버] 샤이샤이샤이 바나나 PDRN 컨실 아이크림 바닐라 15g (21~23호 추천),19800,48.0,5.0,76.0,11.0,49.0,40.0,63,실측
A000000253621,크림,센텔리안24,[1등 장벽PDRN/푸린백팩] 센텔리안24 마데카 크림 액티브 리뉴 PDRN 50ml 기획 (+15ml 포켓몬 에디션),46000,55.0,5.0,80.0,28.0,64.0,7.0,1683,실측
A000000254067,크림,VT,[포켓몬 에디션] VT 피디알엔 캡슐 크림 100 50ml 더블 기획 (+피카츄 파우치 키링),47500,44.0,8.0,74.0,31.0,63.0,6.0,5966,실측
A000000254114,크림,AHC,[포켓몬 에디션] AHC 프로샷 아이크림 포페이스 30ml 기획 (+세럼 10ml+피카츄 액정클리너),31000,48.0,5.0,70.0,21.0,47.0,32.0,414,실측
A000000254849,크림,가히,가히 아이밤 9g,37800,46.31,7.01,76.32,20.49,62.82,14.99,1,예측
A000000255066,크림,하다라보,[고보습광채크림] 하다라보 고쿠쥰 크림 50ml,12600,37.96,11.48,77.33,31.13,68.71,0.0,1,예측
A000000255445,크림,스킨1004,[초밀도탄력]스킨1004 마다가스카르 센텔라 히알루-테카 퍼밍 크림 50ml,35000,40.93,6.85,74.16,26.96,42.4,19.37,0,예측
A000000255625,크림,코스알엑스,코스알엑스 더 블루 펩타이드 바쿠치올 플럼프 바운스 크림 50g,29000,42.0,10.0,80.0,20.0,65.0,15.0,60,실측
A000000256156,크림,눅스,(끈적임NO/미백기능성)눅스 맨 모이스처 크림 50ml,43000,45.36,4.86,70.87,27.36,60.37,18.75,0,예측
A000000256432,크림,아벤느,[리프팅] 아벤느 히알루론 액티브 B3 안티에이징 크림 50ml 기획 (+괄사+크림 2ml*2),41600,39.52,6.77,68.48,25.39,43.97,17.45,18,예측
A000000257584,크림,숨37,[NEW] 숨37 타임 에너지 모이스트 베리어 크림 25ml 기획 (+10ml 증정),30400,52.27,2.26,76.87,12.43,76.04,10.48,1,예측
A000000257588,크림,숨37,[NEW] 숨37 타임 에너지 브라이트 루미너스 크림 25ml 기획 (+10ml 증정),36000,40.26,6.99,78.24,17.3,49.81,43.36,0,예측
A000000258055,크림,LBB,[OMVP 캡슐크림]LBB 퓨어 래디언스 크림 50ml,41600,44.0,4.0,96.0,10.0,71.0,19.0,52,실측
A000000258755,크림,아이소이,[속보습장벽진정/증정용량UP] 아이소이 모이스춰 닥터 장수진수분크림 70ml 기획 (+앰플 20ml),27000,0.0,0.0,100.0,100.0,0.0,0.0,7507,실측
A000000258935,크림,리쥬란,리쥬란 더마 힐러 포어 타이트닝 크림 50ml(+포어 앰플 10ml 증정)/50ml 단품,28900,26.0,10.0,59.0,31.0,38.0,31.0,211,실측
A000000259074,크림,케이시크릿,[레티날/주름탄력] 케이시크릿 서울 1988 레틴알 발효콩 아이크림 30ml,16800,31.79,12.17,73.21,45.46,39.26,21.64,0,예측
A000000259199,크림,유리아쥬,[손상탄력] 유리아쥬 시카 데일리 리페어 콘센트레 탄력 크림 50ml 한정기획 (+탄력 크림 15ml),43000,63.0,13.0,75.0,25.0,63.0,13.0,116,실측
A000000259944,크림,라니쥬,라니쥬 리텐셜 크림 라이트 80ml,27900,30.0,15.0,92.0,30.0,64.0,6.0,266,실측
A000000260337,크림,페이보릿,페이보릿 매끈 크림 50ml,33300,47.44,7.14,81.16,29.49,74.12,0.0,20,예측
A000000260505,크림,연작,[화잘먹/수분결크림] 연작 스킨 퍼펙팅 프렙 크림 80ml,35150,47.39,5.3,75.28,24.44,61.52,12.3,21,예측
A000000261750,크림,에스테덤,[NEW]에스테덤 셀룰러워터 하이드라 플럼핑 젤 50ml,63000,44.92,6.12,77.0,14.39,69.89,22.05,2,예측
A000000261791,크림,에스테덤,[NEW]에스테덤 셀룰러워터 하이드라 플럼핑 크림 50ml,63000,46.86,5.15,68.99,19.1,56.06,28.63,1,예측
A000000217602,크림,차앤박,[보습장벽] 차앤박 더마앤서 배리어 리셋 크림 80ml 더블기획 (80ml+80ml),28500,48.0,6.0,78.0,25.0,75.0,1.0,4362,실측
A000000255989,크림,에스네이처,[역대급용량/1등 모공 수분천재크림] 에스네이처 아쿠아 스쿠알란 수분크림 60ml 더블기획 (+수분크림 10ml),23500,39.0,9.0,73.0,25.0,73.0,1.0,46812,실측
A000000245960,크림,센텔리안24,[1등 진정] 센텔리안24 마데카 크림 타임 리버스 50ml 기획 (+15ml*2+더마 마스크팩 3매),20900,46.0,5.0,71.0,42.0,52.0,6.0,6937,실측
A000000260462,크림,에스트라,에스트라 아토베리어365 하이드로 수딩크림 80ml,25100,26.0,14.0,69.0,37.0,62.0,1.0,1640,실측
A000000256048,크림,토리든,[NEW] 토리든 다이브인 저분자 히알루론산 수딩 크림 100ml 더블 기획 (크림 20ml+세럼 20ml),42000,32.0,15.0,77.0,33.0,66.0,1.0,1575,실측
A000000222833,크림,에스트라,[2025어워즈1위] 에스트라 아토베리어365 크림 80ml 기획 (+하이드로 에센스25ml+앰플7ml),25900,53.0,5.0,77.0,26.0,74.0,1.0,37434,실측
A000000176058,크림,체이싱래빗,체이싱래빗 그린 골든 룰러 크림 100ml (피부장벽 진정크림),23000,34.0,9.0,91.0,20.0,76.0,4.0,146,실측
A000000221698,크림,이니스프리,[톤업캡슐] 이니스프리 비타민C 캡슐 크림 50ml 기획 (+20ml),22400,31.0,13.0,71.0,22.0,34.0,44.0,216,실측
A000000209608,크림,디어클레어스,[쿨링진정] 클레어스 블루 카밍 크림 60g,17430,22.0,17.0,75.0,73.0,24.0,3.0,240,실측
A000000002848,크림,바이오더마,[SNS 대란템]바이오더마 세비엄 포어 리파이너,20500,8.0,53.0,67.0,52.0,25.0,23.0,3196,실측
A000000006014,크림,이아소,[닥터이아소] 트리플 엠 하이드레이팅 크림,33000,41.26,10.52,77.23,25.9,65.87,5.16,24,예측
A000000016808,크림,유세린,유세린 볼륨리프팅 나이트 크림 50ml,37500,59.0,2.0,65.0,17.0,60.0,23.0,1207,실측
A000000107841,크림,미프,미프 미남크림 톤업화이트닝 50ml,21000,22.0,12.0,63.0,15.0,28.0,58.0,204,실측
A000000115499,크림,달팡,달팡 하이드라스킨 리치 크림 50ml,40500,64.0,3.0,67.0,18.0,79.0,3.0,94,실측
A000000117809,크림,바이오더마,바이오더마 하이드라비오 젤크림 40ml,32500,30.0,15.0,77.0,28.0,67.0,6.0,1217,실측
A000000122126,크림,마티나겝하르트,마티나겝하르트 아보카도 아이크림 15ml,28000,54.0,5.0,77.0,11.0,68.0,21.0,349,실측
A000000128084,크림,에르쯔틴,에르쯔틴 리제너레이티브 실트 크림 50g,27000,40.0,10.0,87.0,26.0,58.0,16.0,2981,실측
A000000136537,크림,바이오더마,바이오더마 에이비씨덤 페리오랄 40ml,17000,67.0,0.0,89.0,56.0,44.0,0.0,34,실측
A000000142737,크림,더랩바이블랑두,[장벽UP] 더랩바이블랑두 저분자 히알루론산 카밍+ 크림 80ml,35000,32.0,11.0,86.0,29.0,71.0,0.0,444,실측
A000000144808,크림,아크웰,[수분진정] 아크웰 리얼 아쿠아 밸런싱 크림 50ml,30000,37.0,12.0,90.0,25.0,74.0,1.0,928,실측
A000000147164,크림,생블랑쉬,생블랑쉬 바이탈부스트크림 30ml,27000,47.0,0.0,80.0,7.0,67.0,27.0,44,실측
A000000148409,크림,아비브,[보습탄력] 아비브 부활초 크림 뉴트리션 튜브 75ml,35000,53.0,4.0,82.0,22.0,75.0,3.0,8198,실측
A000000152046,크림,에스네이처,[역대급증정/화해1위/모공 수분천재크림] 에스네이처 아쿠아 스쿠알란 수분크림 60ml,17900,36.0,10.0,76.0,21.0,77.0,1.0,21935,실측
A000000155320,크림,AHC,AHC 에이치 멜라루트 크림 (본품50ml+10ml 증정),39000,47.0,4.0,67.0,11.0,43.0,46.0,482,실측
A000000156779,크림,블리블리,블리블리 인진쑥 리턴 크림,39000,43.09,9.85,76.04,35.16,63.1,8.12,10,예측
A000000156792,크림,블리블리,블리블리 워터 물광밤 50g,32000,68.0,2.0,64.0,13.0,85.0,2.0,46,실측
A000000158475,크림,시카고,[시카스팟겔] 시카고 시카 스팟 겔 25g,18900,32.0,14.0,84.0,82.0,18.0,0.0,76,실측
A000000159595,크림,베리홉,베리홉 바이오틱스 바이탈 아이 크림 20ml,41900,50.0,3.0,69.0,12.0,29.0,59.0,58,실측
A000000159598,크림,베리홉,베리홉 에잇 데이즈 퓨어 비타민 씨 크림 50ml,46800,34.0,3.0,44.0,9.0,9.0,81.0,31,실측
A000000159982,크림,마몽드,마몽드 블루 캐모마일 크림 60ml 기획 (+30ml),23800,29.0,13.0,78.0,51.0,48.0,1.0,1970,실측
A000000161444,크림,유리아쥬,[온가족 페이스&바디크림] 유리아쥬 제모스 끄렘 200ml,27200,56.0,6.0,73.0,17.0,83.0,0.0,203,실측
A000000163761,크림,더파이에센셜,[디렉터파이 MADE] 더파이 히알루로닉 수분 장벽 크림 80ml,26000,37.0,11.0,85.0,31.0,68.0,1.0,273,실측
A000000164628,크림,엠브리올리스,엠브리올리스 레 크렘 센시티브 100ml,47000,52.0,5.0,89.0,29.0,69.0,2.0,82,실측
A000000165192,크림,AHC,[10주년기념출시] AHC 텐션 아이크림 스틱 포 페이스 기획,28000,52.0,4.0,68.0,13.0,54.0,33.0,776,실측
A000000165887,크림,닥터디퍼런트,[진정/쿨링] 닥터디퍼런트 시카 메탈 퀵 수딩 크림 50g,22400,16.0,25.0,75.0,78.0,21.0,1.0,611,실측
A000000166922,크림,씨널스,씨널스 씨트러스트 카밍 크림 50ml,27000,44.0,5.0,96.0,25.0,74.0,1.0,99,실측
A000000167261,크림,OOTD,OOTD PM 오버나잇 아이크림 25ml,30000,41.0,9.0,87.0,15.0,45.0,40.0,208,실측
A000000167993,크림,에스테덤,[괄사 아이세럼] 에스테덤 히알루로닉 아이세럼 15ml (주름개선기능성),65000,44.0,6.0,68.0,20.0,38.0,42.0,196,실측
A000000168274,크림,미구하라,미구하라 화이트닝 인텐시브 크림 30ml,45000,37.03,14.92,79.35,29.27,43.96,17.53,8,예측
A000000168828,크림,벨라수,벨라수 데콜테 넥크림 50ml,32000,39.0,4.0,69.0,19.0,31.0,51.0,225,실측
A000000172042,크림,울트라브이,울트라브이 이데베논 크림 50ml,32000,30.0,4.0,54.0,31.0,41.0,28.0,134,실측
A000000172072,크림,메디올가,메디올가 메디 아하 크림 스트롱 1+1 기획(30ml+30ml),26000,26.0,12.0,76.0,54.0,35.0,10.0,1412,실측
A000000172075,크림,메디올가,메디올가 브라이트닝 크림 플러스 1+1 기획(30ml+30ml),27000,27.0,10.0,82.0,15.0,24.0,61.0,713,실측
A000000173212,크림,달바,[원스텝케어/사계절맞춤] 달바 더블 세럼 앤 크림 70g,37900,49.0,3.0,70.0,19.0,74.0,7.0,3296,실측
A000000174016,크림,라로슈포제,라로슈포제 시카플라스트 밤 B5+ 100ml,29900,48.0,4.0,73.0,47.0,50.0,3.0,6251,실측
A000000177383,크림,파티온,[5겹장벽크림] 파티온 노스카나인 트러블 크림 45ml,32000,18.0,25.0,80.0,80.0,19.0,1.0,1710,실측
A000000177493,크림,라로슈포제,[진정탄력크림] 라로슈포제 시카플라스트 멀티 리페어 크림 100ml,52000,45.0,15.0,83.0,38.0,59.0,3.0,1321,실측
A000000178061,크림,미프,미프 비타민 톤업 화이트닝 크림 단독 1+1기획(50ml+50ml),26000,17.0,10.0,49.0,27.0,18.0,55.0,371,실측
A000000178516,크림,코스톡,코스톡 톡톡 수딩 아쿠아 크림 70ml,28000,34.0,10.0,92.0,39.0,60.0,1.0,745,실측
A000000180559,크림,AHC,AHC 유스 래스팅 리얼 아이크림 포 페이스 35ML,23000,48.0,4.0,69.0,14.0,43.0,44.0,3394,실측
A000000181062,크림,아이소이,[속보습/30층/100시간] 아이소이 모이스춰 닥터 장수진 수분크림 70ml 기획(+수분앰플 10ml),27000,34.0,9.0,76.0,35.0,65.0,0.0,5734,실측
A000000181191,크림,닥터자르트,[강력진정] 닥터자르트 시카페어 인텐시브 수딩 리페어 크림 50ml,25000,31.0,9.0,72.0,66.0,34.0,1.0,306,실측
A000000182581,크림,닥터자르트,[한정기획/강력진정] 닥터자르트 시카페어 인텐시브 수딩 리페어 크림 기획(50ml+15ml*2ea),50000,25.0,13.0,70.0,70.0,29.0,1.0,2972,실측
A000000182831,크림,차앤박,차앤박(CNP) 프로폴리스 앰플 액티브 샷크림 1+1 기획(50ml+50ml),26900,54.0,4.0,68.0,23.0,71.0,6.0,1267,실측
A000000185306,크림,휴캄,휴캄 킨츠키 탄력 크림 70g,25500,42.0,5.0,90.0,7.0,69.0,24.0,181,실측
A000000188495,크림,이지듀,[극강보습] 이지듀 베리어 리페어 보습케어 크림 105ml,45000,45.0,6.0,77.0,40.0,58.0,2.0,401,실측
A000000191026,크림,눅스,[핑크빛생기나이트크림] 눅스 프로디쥬스 부스트 나이트 리커버리 오일 밤 50ml,49800,53.0,5.0,71.0,16.0,77.0,6.0,97,실측
A000000191895,크림,후시다인,후시다인 더마 트러블 밸런싱 크림 50ml,35000,43.0,12.0,93.0,38.0,60.0,2.0,808,실측
A000000192054,크림,시모먼트,시모먼트 브이 리프팅 롤러 크림 150ml (교체형),35900,31.0,5.0,53.0,29.0,39.0,31.0,609,실측
A000000192787,크림,어바웃미,어바웃미 숲 진정 수분크림 80ml 기획 (+10ml) *,30000,22.0,19.0,75.0,51.0,49.0,0.0,1183,실측
A000000197659,크림,닥터멜락신,닥터멜락신 아쿠아 이온 플라즈마 수분 크림 50ml,19800,51.0,5.0,92.0,9.0,87.0,3.0,181,실측
A000000198892,크림,센텔리안24,[진정/흔적] 센텔리안24 마데카 크림 타임 리버스 50ml,20900,43.0,6.0,84.0,23.0,55.0,22.0,8444,실측
A000000199203,크림,스킨푸드,[당근크림] 스킨푸드 캐롯 카로틴 릴리프 크림 70ml,20800,28.0,20.0,74.0,54.0,46.0,0.0,404,실측
A000000199257,크림,로우퀘스트,로우퀘스트 베리어 리커버리 크림 80ml,19000,60.0,3.0,86.0,18.0,81.0,2.0,2469,실측
A000000199486,크림,바이오더마,바이오더마 아토덤 인텐시브 밤 200ml 기획 (+ 75ml),31920,66.0,2.0,81.0,20.0,80.0,0.0,6425,실측
A000000199651,크림,리얼베리어,[진짜장벽회복크림] 리얼베리어 익스트림 크림 70ml 기획 (+30ml),28500,58.0,5.0,83.0,20.0,79.0,1.0,6314,실측
A000000199668,크림,슬로소피,슬로소피 뉴트리 다이브 크림 50ml,42000,42.52,8.02,74.7,37.53,67.24,8.99,17,예측
A000000200168,크림,토리든,토리든 셀메이징 저분자 콜라겐 탄력 아이크림 30ml,17500,35.0,7.0,68.0,21.0,44.0,35.0,121,실측
A000000200188,크림,케어존,케어존 리큐어 노르데나우 시카 크림 60ml 더블 기획,30000,33.0,15.0,74.0,43.0,56.0,1.0,1123,실측
A000000200356,크림,닥터디퍼런트,[광채크림/레티날0.1%] 닥터디퍼런트 비타리프트 에이 포르테 20g 기획(+레티날5g+시카크림1.5g*2),41600,36.0,9.0,52.0,17.0,25.0,58.0,3260,실측
A000000200600,크림,마몽드,마몽드 프로바이오틱스 세라마이드 인텐스 크림 60ml 기획 (+30ml),28800,48.0,7.0,72.0,24.0,72.0,4.0,157,실측
A000000201378,크림,라로제,라로제 안티퍼티그 아이 컨투어 스틱 15ml (수분스틱),44000,54.0,6.0,86.0,15.0,80.0,5.0,1366,실측
A000000201643,크림,로우퀘스트,로우퀘스트 에키네시아 카밍 모이스처 젤 크림 50ml,19000,46.0,7.0,90.0,13.0,83.0,3.0,528,실측
A000000204581,크림,AHC,[수분/진정] AHC 프로 샷 히알루로 딥 볼륨 아이크림 포 페이스 30ml 기획 (세럼 +10ml),21900,42.0,5.0,89.0,7.0,47.0,46.0,403,실측
A000000204654,크림,더후,더후 공진향 탄력 크림 50ml,135400,53.0,4.0,76.0,16.0,43.0,41.0,49,실측
A000000205037,크림,피지오겔,피지오겔 DMT 스트레치 마크 튼살 크림 150ml,39500,58.0,4.0,79.0,21.0,78.0,1.0,78,실측
A000000205871,크림,이즈앤트리,이즈앤트리 하이퍼 비타민 C 30 크림 20ml,17900,35.0,22.0,19.0,11.0,15.0,74.0,54,실측
A000000206338,크림,후시다인,후시다인 더마 트러블 에이씨 카밍 스팟 젤,16000,27.74,18.16,78.07,42.32,49.87,16.41,26,예측
A000000206422,크림,더바디샵,더바디샵 티트리 스킨 클리어링 하이드레이터 40ML,26600,24.02,22.87,69.78,40.81,41.35,10.66,7,예측
A000000208055,크림,에딧비,[붉은피부진정/속보습] 에딧비 진정 톡 시카 어성초 크림 100ml,16800,36.0,12.0,82.0,49.0,51.0,0.0,1448,실측
A000000209380,크림,큐어,[국민크림] 큐어 인텐시브 2X 크림,10000,72.0,2.0,84.0,23.0,76.0,0.0,649,실측
A000000210141,크림,피토메르,피토메르 이드라 오리지널 멜팅크림 30ml,39030,47.53,5.46,74.18,21.1,59.67,25.24,10,예측
A000000210159,크림,피토메르,피토메르 이드라 오리지널 멜팅크림 50ml,79000,47.53,5.46,74.18,21.1,59.67,25.24,3,예측
A000000210417,크림,헤브블루,[토너증정/진정PDRN] 헤브블루 살몬 PDRN 센텔라 크림 100ml 기획 (+연어 토너 25ml) *,23400,53.0,7.0,84.0,24.0,73.0,2.0,9335,실측
A000000210933,크림,더페이스샵,[수분진정]더페이스샵 올티밋 히알루로닉 스쿠알란 1% 크림 50ml,16200,47.0,13.0,85.0,20.0,80.0,0.0,150,실측
A000000213112,크림,파이코어,파이코어 디퍼런씨 블루바이옴 리페어 수딩크림 50ml,35000,43.0,17.0,89.0,40.0,57.0,3.0,1115,실측
A000000213113,크림,파이코어,파이코어 디퍼런씨 블루바이옴 리페어 멜팅크림 40ml,27000,63.0,5.0,91.0,13.0,82.0,5.0,516,실측
A000000213402,크림,반코르,반코르 닥터 세라마이드 크림 60ml,19130,47.0,6.0,78.0,18.0,74.0,9.0,133,실측
A000000214303,크림,코이,[고현정 PICK 즉각탄력크림] 코이 플로우 리프팅 랩핑 크림 50ml,57000,57.91,4.65,72.45,17.2,63.36,21.15,7,예측
A000000215507,크림,이지듀,이지듀 멜라 글루타치온 크림 50ml,24000,44.0,0.0,68.0,16.0,36.0,48.0,335,실측
A000000217167,크림,프리메라,프리메라 나이아시카 수딩글로우 워터리 크림 30ml,27900,41.0,6.0,84.0,29.0,67.0,4.0,1404,실측
A000000218548,크림,에스트라,에스트라 에이시카365 리페어 크림 pH4.5 60ml,30000,34.0,13.0,73.0,60.0,38.0,2.0,385,실측
A000000219326,크림,SVR,[극건조 피부 개선 보습 크림]SVR 토피알리즈 밤프로텍트+ 400ml,38900,61.0,2.0,84.0,16.0,82.0,2.0,61,실측
A000000222814,크림,아이오페,아이오페 비타민C 엑스퍼트 40% 마스크컨센트레이트 15g 기획 (+PDRN 5ml + 선앰플 10ml),47200,30.0,9.0,40.0,11.0,15.0,74.0,556,실측
A000000222908,크림,셀퓨전씨,[아이스쿨링캡슐/쿨링수분크림] 셀퓨전씨 포스트 알파 쿨링 젤 크림 50ml+20ml 기획세트,36000,24.0,21.0,59.0,66.0,33.0,1.0,196,실측
A000000224292,크림,라로슈포제,라로슈포제 시카플라스트 멀티 리페어 크림 100ml 기획 (+멜라B3 세럼 3ml 증정),52000,33.0,12.0,69.0,47.0,51.0,2.0,9490,실측
A000000224487,크림,바이오힐보,[장벽크림] 바이오힐 보 판테셀 리페어 시카좀 크림 80mL [단품/증정기획],32000,38.0,9.0,68.0,54.0,44.0,2.0,936,실측
A000000224729,크림,메이크프렘,메이크프렘 인테카 수딩크림 70ml,29000,29.0,19.0,74.0,52.0,43.0,5.0,42,실측
A000000225008,크림,메디큐브,[흔적수분크림] 메디큐브 PDRN 핑크 히알루로닉 수분크림 50ml 더블기획,24700,40.0,9.0,70.0,29.0,56.0,15.0,2441,실측
A000000225911,크림,리엔케이,리엔케이 하이퍼 히알 플럼핑 크림 105ml,23100,31.56,16.46,75.75,30.37,58.35,8.27,17,예측
A000000228905,크림,바이오던스,[탄력수분크림] 바이오던스 포어 퍼펙팅 콜라겐 펩타이드 크림 50ml,27000,29.0,14.0,72.0,27.0,60.0,13.0,88,실측
A000000229465,크림,디퍼,[쿨링진정/화잘먹크림] 디퍼 히알루론산 히알큐브 화잘먹 수분 크림 100ml,36000,40.0,12.0,89.0,26.0,71.0,2.0,443,실측
A000000229491,크림,아이오페,[NEW] 아이오페 XMD 스템3 클리니컬 리커버리 크림 50ml,68000,41.78,6.99,75.7,34.63,55.53,10.6,10,예측
A000000229492,크림,아이오페,[PDRN/손상회복] 아이오페 XMD 스템3 클리니컬 리커버리 크림 50ml 기획 (+세럼 5ml +크림 5ml),68000,48.0,2.0,70.0,32.0,59.0,8.0,155,실측
A000000229513,크림,지피덤,[종합장벽][바이오크림] 지피덤 셀트리온EGF 스킨베리어 인텐시브 크림 80ml,21760,51.0,6.0,94.0,21.0,76.0,4.0,1660,실측
A000000229539,크림,에스테덤,에스테덤 셀룰러 워터 프레쉬 젤 40ml,39200,45.26,6.52,75.82,26.08,72.39,6.37,5,예측
A000000229620,크림,제나벨,제나벨 PDRN 리쥬비네이팅 크림 70ml 기획 (+20ml),29000,43.0,8.0,77.0,32.0,60.0,9.0,2790,실측
A000000229724,크림,LBB,LBB 인텐시브 케어 인 크림 50ml,78400,45.85,6.63,71.86,27.26,58.43,13.46,19,예측
A000000231120,크림,더페이스샵,[다이노탱 에디션][대용량] 더페이스샵 올티밋 히알루로닉 스쿠알란 1% 크림 90ml,13000,39.0,9.0,78.0,26.0,74.0,0.0,173,실측
A000000234408,크림,메이크프렘,[한정기획] 메이크프렘 인테카 수딩크림 70ml 기획 (+크림 31ml*2+앰플 1ml*2),29000,28.0,20.0,80.0,56.0,43.0,1.0,27563,실측
A000000235108,크림,리얼베리어,[포곤콜라보/화잘먹] 리얼베리어 익스트림 크림 라이트 70ml 기획 (+30ml + 스크런치),25200,38.0,8.0,76.0,28.0,71.0,1.0,4226,실측
A000000236432,크림,랑콤,랑콤 레네르지 에이치피엔 울트라 크림 50ml,158100,47.49,6.47,75.39,21.47,61.99,14.75,6,예측
A000000236564,크림,아이소이,[대용량/콜라보] 아이소이 모이스춰 닥터 장수진 수분 크림 100ml 기획 (+파우치 증정),52000,39.0,12.0,81.0,31.0,67.0,1.0,11027,실측
A000000237580,크림,숨37,"[NEW] 숨37 타임에너지 모이스트 배리어 크림 80ml 기획 (+토너20ml, 에멀전20ml, 핸드크림70ml)",68000,47.99,7.32,66.79,17.53,63.3,11.83,10,예측
A000000238377,크림,닥터자르트,닥터자르트 프리쥬비네이션 퍼밍 바쿠치올 아이크림 15ml,36400,49.36,4.97,70.41,18.59,53.98,33.15,9,예측
A000000238669,크림,닥터엘시아,[장원영PICK] 닥터엘시아 345 릴리프 크림 50ml,20830,29.0,15.0,74.0,53.0,45.0,3.0,1246,실측
A000000239970,크림,퓨리토 서울,[2025 어워즈] 퓨리토 서울 마이티 밤부 판테놀 크림 100ml 어워즈 한정기획,28000,20.0,0.0,33.0,53.0,40.0,7.0,196,실측
A000000240202,크림,빌리프,"빌리프 더 트루 크림 모이스춰라이징 밤 30ml 기획(+모밤 25ml, 비타민마스크 25ml, 히알세럼 2ml*2ea)",25200,52.0,7.0,84.0,7.0,91.0,2.0,44,실측
A000000244830,크림,아이소이,[망곰 콜라보] 아이소이 모이스춰 닥터 장수진 수분크림 100ml 대용량 기획 (+10ml+맥세이프 카드지갑),52000,33.0,11.0,71.0,39.0,61.0,0.0,12593,실측
A000000245473,크림,에스테덤,[리뉴얼]에스테덤 히알루로닉 플러스 아이세럼 15ml,45500,38.83,12.95,62.93,30.73,57.75,17.52,14,예측
A000000247379,크림,세타필,세타필 수딩 앤 컴포팅 시카 카밍 페이스 크림 45ml 기획(시카크림 10ml+파우치키링 증정),12480,45.0,5.0,80.0,47.0,53.0,0.0,1019,실측
A000000247823,크림,바이오던스,[한정기획] 바이오던스 포어 퍼펙팅 콜라겐 펩타이드 크림 50ml 기획 (+크림10ml+세럼10ml),27000,49.0,5.0,71.0,22.0,62.0,16.0,1901,실측
A000000248609,크림,구달,[대용량 증정 기획] 구달 청귤 비타C 잡티케어 크림 알파 75ml 기획 (+튜브 대용량 85ml),34000,35.0,8.0,59.0,26.0,38.0,36.0,1900,실측
A000000249649,크림,동아제약,[멜라닌양개선] 동아제약 색소침착 프로 크림제 40ml,29400,33.0,12.0,78.0,33.0,29.0,38.0,1252,실측
A000000249777,크림,이즈앤트리,[NCT 재민PICK] 이즈앤트리 어니언 뉴페어 겔크림 플러스 50ml 더블 기획 (+20ml),49000,31.0,18.0,74.0,51.0,40.0,9.0,5889,실측
A000000249903,크림,유세린,[2700만개 판매] 유세린 하이알루론 3X 나이트크림 50ml,36900,48.46,5.22,66.05,21.99,56.67,21.59,4,예측
A000000250474,크림,에스네이처,[1+1/1등 모공 수분천재크림] 에스네이처 아쿠아 스쿠알란 수분크림 60ml 더블기획 (+발렌 파우치키링),43000,42.0,8.0,73.0,25.0,73.0,1.0,35270,실측
A000000250667,크림,한율,[1+1] 한율 쑥히알 크림 60ml 기획 (+62ml),19900,18.0,34.0,76.0,37.0,62.0,1.0,2762,실측
A000000251274,크림,아벤느,[손상/장벽 리페어] 아벤느 시칼파트 플러스 S.O.S 크림 100ml 2입 기획(딥모100ml+헤어핀),41900,52.0,5.0,72.0,57.0,42.0,1.0,2469,실측
A000000252191,크림,유세린,[10년연속1위] 유세린 하이알루론 3X 아이크림 15ml 기획 (+나이트크림 20ml+화장솜),35900,41.0,4.0,66.0,21.0,38.0,42.0,11385,실측
A000000252917,크림,라로슈포제,[온라인단독/한정수량]라로슈포제 시카플라스트 밤B5+& 멀티리페어 크림 B5 100ml 기획 (+시카에센스 50%용량),93000,41.0,9.0,70.0,56.0,38.0,7.0,41462,실측
A000000253623,크림,센텔리안24,[1등 진정/흔적] 센텔리안24 마데카 크림 타임리버스 50ml 더블기획 (+15ml 2ea+푸린 피크닉매트 포켓몬),76000,50.0,7.0,81.0,33.0,60.0,7.0,3877,실측
A000000257834,크림,퍼셀,[잡티저격/TXA] 퍼셀 80억/mL 글루타치온 TXA 캡슐 크림 80ml,33000,57.0,5.0,77.0,9.0,45.0,46.0,65,실측
A000000258859,크림,코이,[고현정 PICK]코이 플로우 리프팅 랩핑 크림 포어앤쿨 50g,57000,35.34,9.45,75.46,31.61,43.66,25.49,0,예측
A000000259298,크림,아비브,아비브 히알루로닉 붐 크림 워터튜브 75ml 더블 기획,28600,30.0,10.0,76.0,38.0,62.0,0.0,298,실측
A000000261415,크림,레이어랩,[8월9일 단독론칭]레이어랩 판테놀 인텐시브 크림 플러스 60ml,32500,37.49,8.54,74.95,27.9,45.84,13.13,0,예측
A000000263530,크림,피지오겔,피지오겔 DMT 페이셜 크림 200ml 대용량 기획 (+토너50ml+마스크1매),47500,0.0,0.0,0.0,0.0,0.0,0.0,7235,실측
A000000260522,클렌징폼_젤,비플레인,[8월올영픽/2천만돌파]비플레인 녹두 약산성 클렌징폼 160ml 더블 기획,23900,26.0,14.0,72.0,49.19,40.49,1.73,18729,실측
A000000223233,클렌징폼_젤,식물나라,[선크림 세정] 식물나라 제주 탄산수 딥 모공 클렌징 폼 150ml (단품/더블기획),10800,21.0,22.0,58.0,57.15,35.83,9.01,12283,실측
A000000253102,클렌징폼_젤,센카,[온라인단독/3입] 센카 퍼펙트 휩 페이셜 워시 FA 120g 트리플 기획,17900,23.0,27.0,83.0,26.05,62.56,8.33,675,실측
A000000230821,클렌징폼_젤,라곰,[유트루PICK/수분민감] 라곰 셀럽 마이크로 폼 클렌저 기획 택1,24600,32.0,13.0,73.0,39.71,47.37,12.52,22598,실측
A000000232081,클렌징폼_젤,제로이드,제로이드 포밍 클렌저 240ml 기획(+ 리필 240ml),38700,38.0,7.0,74.0,35.83,62.51,2.48,6033,실측
A000000186409,클렌징폼_젤,블랑네이처,[8월올영픽/여드름 기능성] 블랑네이처 아크네 클렌징 폼 기획/단품,19200,26.0,35.0,90.0,58.32,26.5,10.93,26515,실측
A000000187479,클렌징폼_젤,비플레인,[말끔모공/국민클폼]비플레인 녹두 약산성 클렌징폼기획 160ml+40ml 기획,18600,28.0,16.0,68.0,49.19,40.49,1.73,17919,실측
A000000207982,클렌징폼_젤,마녀공장,[쫀쫀버블] 마녀공장 퓨어 소이빈 클렌징폼 160mlx2 더블기획,12600,24.0,17.0,64.0,48.95,56.86,8.17,55102,실측
A000000232913,클렌징폼_젤,이니스프리,[4950만개/1+1] 이니스프리 화산송이 바하 모공 클렌징폼 130g 더블 기획,13200,16.0,32.0,54.0,61.3,30.58,7.91,6734,실측
A000000260188,클렌징폼_젤,풀리,[폼폼푸린 에디션/한정기획] 풀리 토마토 팩클렌저 기획 2종 택1 (그린/레드),18400,27.0,24.0,60.0,52.4,31.8,15.67,593,실측
A000000230822,클렌징폼_젤,라곰,[수분민감/아침세안] 라곰 셀럽 젤 투 워터 클렌저 170ml x 2,25400,43.0,11.0,81.0,37.04,52.05,15.75,3217,실측
A000000217511,클렌징폼_젤,휩드,[클렌징밤 본품 절반 증정] 휩드 비건 팩클렌저 130g 기획 4종 (피치페어/머그트리/무화버터/유자몽),19500,41.0,10.0,69.0,59.02,34.57,11.13,15688,실측
A000000214907,클렌징폼_젤,아렌시아,[1등블랙헤드말끔/15g증정기획] 아렌시아 떡솝 프레시 클렌저 120g 기획 3종 (그린/로즈힙/블루히솝),19500,28.0,18.0,54.0,56.13,45.89,5.48,15916,실측
A000000251339,클렌징폼_젤,아렌시아,[모공 속 피지 강력흡착]아렌시아 찹쌀떡솝 클렌저 150g 3종 (그린티/라이스/라벤더),22400,26.0,15.0,54.0,60.27,40.77,14.03,1673,실측
A000000245096,클렌징폼_젤,에스트라,에스트라 아토베리어365 포밍 클렌저 150ml,16100,35.0,6.0,71.0,30.45,75.23,0.0,2486,실측
A000000204014,클렌징폼_젤,한율,[쫀득팩폼] 한율 피지흡착 쑥떡팩폼 120ml 기획세트,21000,17.0,31.0,55.0,53.08,48.6,7.07,17785,실측
A000000259047,클렌징폼_젤,바이오더마,바이오더마 세비엄 젤 무쌍 400ml,23750,17.0,33.0,78.0,41.09,51.12,2.93,5426,실측
A000000190494,클렌징폼_젤,에스네이처,[20ml증정/선크림순싹/수분쌀뜨물폼] 에스네이처 아쿠아 라이스 약산성 클렌징폼 160ml 기획 (+클렌징폼 20ml),15900,38.0,7.0,77.0,56.7,35.15,3.29,8633,실측
A000000237394,클렌징폼_젤,메디힐,[장도연 PICK/미니어처 증정] 메디힐 더마 크림 팩클렌저 120ml 단품/기획 2종 (+20ml 추가증정),16400,43.0,14.0,84.0,47.69,44.37,4.54,10092,실측
A000000259066,클렌징폼_젤,아벤느,[미피 핸드타올 증정] 아벤느 클리낭스 클렌징젤 400ml 2입 기획 (+미피 핸드타올),30900,21.0,18.0,61.0,30.09,65.28,3.59,1841,실측
A000000245046,클렌징폼_젤,에스트라,에스트라 아토베리어365 클렌징폼 200ml,17500,42.0,7.0,73.0,32.33,75.32,0.0,516,실측
A000000209910,클렌징폼_젤,제로이드,제로이드 포밍 클렌저 240ml,24000,39.0,7.0,75.0,35.83,62.51,2.48,3875,실측
A000000145581,클렌징폼_젤,라곰,[유트루PICK/수분민감] 라곰 셀럽 마이크로 폼 클렌저 120ml,15000,27.0,15.0,69.0,33.87,52.49,5.28,10415,실측
A000000175915,클렌징폼_젤,토리든,[단독기획] 토리든 다이브인 저분자 히알루론산 클렌징폼 150ml 기획 (+30ml 증정),9980,42.0,8.0,75.0,31.31,61.32,3.91,8160,실측
A000000152767,클렌징폼_젤,에스트라,에스트라 테라크네365 클리어 딥 클렌징 폼 200g,19500,17.0,22.0,69.0,44.46,58.16,0.0,5045,실측
A000000222790,클렌징폼_젤,아누아,[박희선Pick] 아누아 어성초 피지쏙 모공 폼 150ml 2입 기획,23800,25.0,20.0,66.0,65.73,48.2,6.42,3793,실측
A000000248626,클렌징폼_젤,브링그린,[고밀도효소거품] 브링그린 티트리 시카 딥클렌징폼 기획 (더블/대용량),11200,15.0,37.0,58.0,61.01,39.93,4.15,5355,실측
A000000145580,클렌징폼_젤,라곰,[수분민감/아침세안] 라곰 셀럽 젤 투 워터 클렌저 170ml 2종,16000,41.0,11.0,79.0,37.04,52.05,15.75,5932,실측
A000000255984,클렌징폼_젤,제로이드,[8월 올영픽]제로이드 핌프로브 젤 클렌저 180ml 기획 (+ 핌프로브 크림 10ml),27900,18.0,21.0,62.0,65.44,33.74,0.0,443,실측
A000000250100,클렌징폼_젤,라로슈포제,[약알카리성폼] 라로슈포제 에빠끌라 딥 클렌징 포밍 크림 125ml 기획 (+에빠듀오 3ml*2+에빠세럼 3ml*2),30000,15.0,40.0,60.0,55.47,30.92,12.94,2459,실측
A000000148023,클렌징폼_젤,닥터지,[추가증정/저자극] 닥터지 약산성 클렌징 젤 폼 200ml 기획 2종 (100ml 증정/더블기획),25000,32.0,6.0,86.0,54.33,49.48,1.47,12408,실측
A000000212703,클렌징폼_젤,풀리,[폼폼푸린 에디션/한정기획] 풀리 비건 팩클렌저 기획 5종 택1 (그린/레드/쌀반죽),18400,28.0,21.0,66.0,52.38,31.22,15.61,14765,실측
A000000261673,클렌징폼_젤,포들,[리뷰이벤트/임나영PICK] 포들 밤 바하 모공 딥 클렌저 150ml,14450,30.0,20.0,95.0,68.86,34.52,11.66,148,실측
A000000211480,클렌징폼_젤,토르홉,[단독기획/피지/요철] 토르홉 카모스 블랙 소금거품 클렌저 130g(+5g 미니 증정),15800,19.0,27.0,44.0,55.25,40.92,8.34,5499,실측
A000000177051,클렌징폼_젤,아크네스,아크네스 클리어&화이트 포밍워시 1+1 기획,15600,17.0,26.0,69.0,62.34,41.63,0.0,6181,실측
A000000259724,클렌징폼_젤,청미정,[성분천재/알로에 11%] 청미정 알로에발효 약알칼리성 클렌징폼,20070,36.0,24.0,81.0,58.97,42.13,0.72,42,실측
A000000148408,클렌징폼_젤,아비브,[약산성저자극] 아비브 아크네 폼 클렌저 어성초 폼 대용량 250ml,16800,23.0,14.0,71.0,62.26,34.12,2.41,7013,실측
A000000154644,클렌징폼_젤,라운드랩,[대용량/약산성] 라운드랩 1025 독도 클렌저 250ml,15900,32.0,10.0,75.0,32.28,71.81,0.16,15428,실측
A000000245043,클렌징폼_젤,에스트라,에스트라 아토베리어365 포밍 클렌저 150ml+150ml 리필 기획,32400,41.0,7.0,76.0,30.45,75.23,0.0,1538,실측
A000000209853,클렌징폼_젤,몰바니,[김재원PICK/모공케어] 몰바니 저자극 LHA 율피 젤 클렌저 200ml+50ml 추가 증정기획,15900,35.0,12.0,75.0,35.47,66.46,2.95,15890,실측
A000000254204,클렌징폼_젤,라로슈포제,라로슈포제 똘러리앙 포밍 클렌저 125ml 기획 (+클렌징밀크 50ml),31000,27.0,19.0,72.0,34.71,60.96,3.78,6049,실측
A000000145728,클렌징폼_젤,닥터지,[증정/약산성] 닥터지 약산성 레드 블레미쉬 클리어 수딩 폼 기획2종 택 1(150ml+75ml/150ml+150ml),20000,21.0,17.0,73.0,59.56,37.3,3.37,11945,실측
A000000215155,클렌징폼_젤,스트라이덱스,[뽀득촉촉] 스트라이덱스 약알칼리성 저자극 클렌징폼 기획(150ml+50ml),8840,13.0,45.0,45.0,59.79,26.47,14.33,14322,실측
A000000253619,클렌징폼_젤,마녀공장,[쫀쫀버블] 마녀공장 퓨어 소이빈 클렌징폼 120ml 2입 기획,10800,27.0,15.0,71.0,57.64,50.07,5.74,42251,실측
A000000244763,클렌징폼_젤,뉴트로지나,[여드름기능성/세안밴드세트증정/김고은PICK] 뉴트로지나 아크네 포밍 클렌저 150g 더블기획,15900,18.0,24.0,65.0,46.88,38.18,3.45,1847,실측
A000000244733,클렌징폼_젤,퐁당,퐁당 포어 딥 클린 버블 클렌저 145g 단품/기획,14310,29.0,15.0,85.0,49.56,49.6,2.16,5565,실측
A000000156007,클렌징폼_젤,마녀공장,[아침세안] 마녀공장 약산성 퓨리파잉 소다폼 150ml X2 기획,12510,29.0,11.0,67.0,60.41,35.18,1.57,7382,실측
A000000217419,클렌징폼_젤,주미소,[여드름기능성/대용량]주미소 포어 퓨리파잉 살리실산 포밍 클렌저 150g 더블기획,21000,32.0,24.0,77.0,72.69,21.08,1.46,2776,실측
A000000189875,클렌징폼_젤,토리든,[1+1] 토리든 다이브인 저분자 히알루론산 클렌징폼 더블기획 (150ml+150ml),26000,42.0,8.0,76.0,31.31,61.32,3.91,16239,실측
A000000258934,클렌징폼_젤,센카,[한정기획] 센카 퍼펙트 휩 페이셜 워시 120g+15g 기획,6800,23.0,29.0,54.0,26.05,62.56,8.33,581,실측
A000000209905,클렌징폼_젤,제로이드,제로이드 더마뉴얼 클렌징젤 200ml,22000,41.0,9.0,80.0,50.35,55.35,0.0,1154,실측
A000000167832,클렌징폼_젤,바닐라코,[여드름 기능성/뽀득클렌징] 바닐라코 클린잇제로 포어 클래리파잉 폼 클렌저 150ml 더블기획,12480,15.0,32.0,60.0,59.48,53.21,6.03,5350,실측
A000000259619,클렌징폼_젤,메디필,[슈야토야 히퍼/모공쏙폼] 메디필 레드 락토 콜라겐 클리어 폼클렌징 2.0 300ml 한정기획,13200,27.0,27.0,85.0,27.23,38.76,21.87,17932,실측
A000000247859,클렌징폼_젤,원더바스,[성한빈 PICK 오토 버블] 원더바스 레몬청 팩클렌저 200ml 기획 (+50ml),15200,36.0,12.0,86.0,35.78,67.31,4.7,2040,실측
A000000189179,클렌징폼_젤,아비브,[약알칼리성] 아비브 딥 클린 폼 클렌저 수분초 히알루론 폼 150ml,11200,32.0,17.0,67.0,36.45,66.23,1.38,2025,실측
A000000257369,클렌징폼_젤,션리,[우주먼지 에디션]션리 다시마 앰플 클렌징폼 120ml 기획(+헤어집게핀+스티커증정),16000,34.0,15.0,95.0,62.27,27.21,9.14,16435,실측
A000000165177,클렌징폼_젤,라운드랩,[저자극/약산성] 라운드랩 1025 독도 클렌저 200ml+200ml,23500,30.0,12.0,77.0,32.28,71.81,0.16,1269,실측
A000000261422,클렌징폼_젤,센카,[리뉴얼/버블클렌저] 센카 퍼펙트 휩 스피디 FA 150ml 2입 기획,21900,25.55,20.18,64.9,30.62,55.79,4.67,5,예측
A000000113670,클렌징폼_젤,메이크프렘,[박지훈PICK] 메이크프렘 세이프 미 릴리프 모이스처 클렌징폼 150ml 1+1 기획,18000,31.0,10.0,76.0,47.83,52.55,0.0,29706,실측
A000000190589,클렌징폼_젤,이니스프리,[4950만판매] 이니스프리 화산송이 바하 모공 클렌징폼 150g,9100,15.0,35.0,55.0,61.3,30.58,7.91,3145,실측
A000000184658,클렌징폼_젤,메디필,[트러블클렌저] 메디필 그린 시카 콜라겐 클리어 젤 클렌저 2.0 대용량 300ml 기획,14800,22.0,19.0,75.0,61.63,43.9,0.0,8600,실측
A000000184643,클렌징폼_젤,메디필,[모공쏙폼] 메디필 레드 락토 콜라겐 클리어 폼 2.0 대용량 300ml 기획 (+해면),13200,20.0,28.0,62.0,63.58,31.23,0.9,23840,실측
A000000261405,클렌징폼_젤,센카,[한정기획] 센카 퍼펙트 휩 화이트 클레이 120g+15g 기획,7300,23.0,26.0,60.0,28.74,54.71,8.09,295,실측
A000000233335,클렌징폼_젤,션리,[화해1위/모공쫀쫀 팩폼] 션리 다시마 앰플 클렌징폼 120ml,12800,35.0,13.0,94.0,62.27,27.21,9.14,13466,실측
A000000245641,클렌징폼_젤,제로이드,제로이드 포밍 클렌저 240ml 리필 2개입 기획 (총 480ml),38000,36.0,9.0,78.0,35.83,62.51,2.48,236,실측
A000000232687,클렌징폼_젤,비플레인,[말끔모공듀오]비플레인 녹두 더블 클렌징 세트 (폼 160ml+오일 200ml),29000,34.0,11.0,67.0,47.65,48.36,3.05,199,실측
A000000222811,클렌징폼_젤,휩드,[모공피지케어/손목세안밴드 증정] 휩드 머그트리 비건 쿠키 클레이 팩클렌저 180ml (단품/기획),23800,16.0,36.0,46.0,52.89,23.6,17.38,2632,실측
A000000247219,클렌징폼_젤,바이오더마,바이오더마 센시비오 젤무쌍 200ml,20000,48.0,9.0,80.0,24.13,68.76,11.57,99,실측
A000000253940,클렌징폼_젤,코스알엑스,코스알엑스 살리실산 데일리 젠틀 클렌저 150ml 2입 기획,12800,13.0,39.0,54.0,52.91,38.29,7.27,79,실측
A000000262513,클렌징폼_젤,비건이펙트,비건이펙트 청보리 라하 젤 클렌저 205ml 기획 (+20ml),22000,0.0,0.0,100.0,69.2,30.12,0.0,4191,실측
A000000251689,클렌징폼_젤,라운드랩,[더블/피지말끔] 라운드랩 소나무 진정 시카 클렌저 100ml+100ml,13900,11.0,22.0,74.0,59.74,27.36,0.0,6609,실측
A000000167857,클렌징폼_젤,코스알엑스,코스알엑스 약산성 굿모닝 젤 클렌저 150ml 더블 기획,10900,34.0,12.0,74.0,63.58,39.92,2.48,8299,실측
A000000223235,클렌징폼_젤,식물나라,[미세먼지 세정] 식물나라 제주 탄산수 휩 파워 클렌징 폼 120ml (단품/1+1기획),4900,24.0,20.0,58.0,31.39,49.1,10.41,8054,실측
A000000211181,클렌징폼_젤,우르오스,[맨즈케어 클렌징 1위] 우르오스 페이스워시 더블 기획,20600,23.0,28.0,66.0,44.25,65.53,0.93,1229,실측
A000000185429,클렌징폼_젤,프리메라,[1+1] 프리메라 필링 투 폼 클렌저 120ml 1+1 기획/단품,15000,25.0,10.0,60.0,61.51,32.16,1.19,694,실측
B000000198680,클렌징폼_젤,맥스클리닉,[클렌징 오일 30g + 폼30g 증정] 맥스클리닉 히알루론 비타 오일폼 310g,31050,25.0,0.0,75.0,33.1,56.05,11.52,63,실측
A000000244786,클렌징폼_젤,바닐라코,[수분충전] 바닐라코 클린잇제로 피그베리 팩클렌저 180g 기획 (+리무버 패드 30매),16800,34.0,11.0,56.0,49.65,47.96,6.05,1572,실측
A000000183509,클렌징폼_젤,에뛰드,[올영 단독] 에뛰드 순정 약산성 6.5 휩 클렌저 250ml 대용량 기획 (250ml + 리필 250ml),18900,37.0,8.0,80.0,32.96,61.14,1.52,3359,실측
A000000010476,클렌징폼_젤,라로슈포제,라로슈포제 에빠끌라 퓨리파잉 포밍 젤+M 200ml,28800,20.0,18.0,70.0,37.87,58.98,10.88,1192,실측
A000000207898,클렌징폼_젤,아누아,[박희선Pick] 아누아 어성초 피지쏙 모공 폼 150ml 기획 (+25ml 증정),13500,21.0,21.0,63.0,65.73,48.2,6.42,2147,실측
A000000202904,클렌징폼_젤,주미소,[여드름기능성/피지케어] 주미소 포어 퓨리파잉 살리실산 클렌징폼 120g 기획 (+20g),18000,17.0,27.0,75.0,72.69,21.08,1.46,977,실측
A000000236899,클렌징폼_젤,라운드랩,[수분촉촉] 라운드랩 자작나무 수분 클렌저 150ml 기획 (+20ml),12900,48.0,6.0,74.0,53.41,55.69,1.09,3813,실측
A000000147647,클렌징폼_젤,아크네스,[여드름기능성/뽀득폼] 아크네스 퍼펙트 솔루션 폼클렌저 125ml+75ml 증량기획,8900,12.0,37.0,58.0,56.66,44.95,5.06,4070,실측
A000000254433,클렌징폼_젤,뉴트로지나,[세안밴드세트증정/산뜻개운] 뉴트로지나 딥클린 포밍 클렌저 150g 더블기획,11900,13.0,25.0,46.0,44.31,45.1,7.96,280,실측
A000000203577,클렌징폼_젤,이즈앤트리,[NCT 재민PICK] 이즈앤트리 어니언 뉴페어 클렌징폼 150ml 2입,19900,16.0,35.0,64.0,35.35,59.59,9.57,4863,실측
A000000208895,클렌징폼_젤,아이디얼포맨,[선크림세정] 아이디얼포맨 퍼펙트 클렌징 올인원 폼 150ml,11000,22.0,20.0,60.0,43.14,34.17,5.75,710,실측
A000000142520,클렌징폼_젤,비플레인,비플레인 녹두 약산성 클렌징폼 80ml,10900,24.0,17.0,67.0,49.19,40.49,1.73,5917,실측
A000000216311,클렌징폼_젤,아벤느,[피지말끔/약산성] 아벤느 클리낭스 클렌징 젤 400ml 더블 기획,30900,23.0,18.0,69.0,32.18,65.67,2.89,13671,실측
A000000253108,클렌징폼_젤,센카,[온라인 단독] 센카 퍼펙트 휩 콜라겐 인 FA 120g 더블 기획 (+클렌징오일 20ml),14500,15.0,25.0,48.0,31.59,43.66,10.47,710,실측
A000000248100,클렌징폼_젤,에스네이처,[단독1+1/선크림순싹 쌀뜨물폼] 에스네이처 아쿠아 라이스 약산성 클렌징폼 160ml 더블기획,29000,34.0,9.0,75.0,56.7,35.15,3.29,8904,실측
A000000174687,클렌징폼_젤,스트라이덱스,스트라이덱스 약알칼리성 저자극 클렌징폼 150mlx2,13600,10.0,47.0,43.0,59.79,26.47,14.33,12962,실측
A000000249583,클렌징폼_젤,제로이드,[트러블 피부 추천/여드름균 항균 클렌징] 제로이드 핌프로브 젤 클렌저 180ml,27900,23.0,29.0,78.0,74.1,25.87,0.0,443,실측
A000000164374,클렌징폼_젤,이즈앤트리,[피지감소] 이즈앤트리 어니언 뉴페어 클렌징폼 150ml,10900,11.0,33.0,60.0,35.35,59.59,9.57,4863,실측
A000000259621,클렌징폼_젤,메디필,[슈야토야 거울키링/여드름 진정] 메디필 그린 시카 콜라겐 젤클렌징 2.0 300ml 한정기획,14800,27.0,18.0,73.0,61.63,43.9,0.0,8657,실측
A000000165751,클렌징폼_젤,넘버즈인,[1+1] 넘버즈인 2번 딥클린 생크림 클렌징폼 1+1 기획 (120ml+120ml),9900,20.0,23.0,60.0,39.07,45.93,9.05,7686,실측
A000000240103,클렌징폼_젤,바닐라코,[수분버블/약산성] 바닐라코 클린잇제로 버블 클렌저 300ml,13500,31.0,9.0,83.0,35.49,56.21,0.94,493,실측
A000000189492,클렌징폼_젤,라곰,[저자극/수분약산성] 라곰 수분 약산성 피에이치 큐어 클렌저 120ml,13410,34.0,13.0,71.0,48.16,58.27,1.84,250,실측
A000000114996,클렌징폼_젤,케어존,[대용량] 케어존 약산성 폼 330ml,10900,26.0,13.0,68.0,36.09,47.08,17.8,1523,실측
A000000185793,클렌징폼_젤,아비브,[약산성저자극] 아비브 아크네 폼 클렌저 어성초 폼 150ml,16000,26.0,14.0,69.0,62.26,34.12,2.41,5196,실측
A000000231392,클렌징폼_젤,비플레인,[여행용/소용량]비플레인 녹두 약산성 클렌징폼 40ml,6000,31.0,15.0,63.0,49.19,40.49,1.73,331,실측
A000000204632,클렌징폼_젤,설화수,설화수 순행 클렌징폼 (100ml/200ml/400ml),25200,37.0,3.0,74.0,56.28,27.71,2.43,285,실측
A000000179750,클렌징폼_젤,토리든,토리든 밸런스풀 시카 클렌징 젤 200ml,14000,23.0,21.0,78.0,67.6,30.54,2.97,323,실측
A000000211369,클렌징폼_젤,휩드,[NEW피치페어] 휩드 비건 팩클렌저 튜브형 130g (6종 중 택1),29000,44.0,8.0,73.0,44.92,32.78,16.95,3073,실측
A000000163762,클렌징폼_젤,더파이에센셜,[디렉터파이 MADE] 더파이 시카베타 앰플투폼 클렌저 200ml,18500,34.0,10.0,79.0,49.84,51.47,1.65,364,실측
A000000235157,클렌징폼_젤,라운드랩,[NEW] 라운드랩 독도 클렌징 오일 200ml + 독도 클렌저 150ml 기획,27900,36.86,10.33,76.44,35.7,61.85,0.77,20,예측
A000000232344,클렌징폼_젤,비플레인,[결광케어/팥팩폼]비플레인 팥 콜라겐 팩투폼 클렌저 100ml 기획 (+5ml*4ea),18000,33.0,13.0,65.0,55.08,41.87,3.54,600,실측
A000000236671,클렌징폼_젤,아누아,[수지pick/수분촉촉] 아누아 피디알엔 히알루론산 수분 클렌징폼 150ml,12900,47.0,7.0,81.0,41.02,62.43,1.37,167,실측
A000000216611,클렌징폼_젤,브링그린,브링그린 사철쑥 카밍EX 모델링팩투폼 클렌저 120mL 더블기획,16900,31.0,18.0,56.0,46.49,54.42,12.54,685,실측
A000000222702,클렌징폼_젤,바이오던스,[모공피지케어] 바이오던스 콜라겐 팩 투 폼 클렌저 150ml (+20ml 증정),16900,43.0,7.0,71.0,41.42,41.74,7.69,1759,실측
A000000234354,클렌징폼_젤,오브제,오브제 포어제로 원스텝 클렌저 200ml,16900,36.0,19.0,86.0,59.1,43.47,2.26,81,실측
A000000240799,클렌징폼_젤,주닥,[장벽강화/클렌징밀크 20ml 증정기획] 주닥 약산성 락토 프로폴리스 64% 클렌징폼 160ml,26000,51.0,6.0,94.0,50.89,57.4,0.07,1872,실측
A000000256046,클렌징폼_젤,토리든,[NEW/한정기획] 토리든 다이브인 저분자 히알루론산 클렌징폼 150ml 더블기획 (+클렌징밀크 55ml),26000,38.0,10.0,70.0,31.31,61.32,3.91,16903,실측
A000000144053,클렌징폼_젤,폴라초이스,폴라초이스 스킨 발란싱 클렌저 473ml,53000,18.0,19.0,82.0,40.26,53.09,0.0,130,실측
A000000016704,클렌징폼_젤,라로슈포제,라로슈포제 시카플라스트 젤 라방 B5+ 클렌저 200ml,25000,40.0,8.0,79.0,31.21,69.24,0.0,937,실측
A000000242355,클렌징폼_젤,이즈앤트리,[NCT 재민PICK/NEW] 이즈앤트리 참마 비건 약산성 클렌저 120ml,15900,50.0,8.0,96.0,49.18,62.91,0.0,298,실측
A000000255449,클렌징폼_젤,몰바니,[김재원 PICK/피부톤개선] 몰바니 당근 비타 젤 클렌저 200ml,15900,46.0,8.0,87.0,51.27,49.82,0.46,101,실측
A000000214997,클렌징폼_젤,브링그린,[수분개운폼]브링그린 대나무 히알루 수분 클렌징 폼 120mL (2입기획/단품),10600,33.0,14.0,64.0,39.76,44.42,4.46,1758,실측
A000000233142,클렌징폼_젤,키엘,[8월올영픽] 키엘 칼렌듈라 딥 클렌징 포밍 페이스 워시 (75ml/230ml),46840,25.0,13.0,63.0,49.93,49.88,0.35,50,실측
A000000230093,클렌징폼_젤,숨37,[모공딥톡스] 숨37 마이크로액티브 핑크비타민 버블톡스 마스크팩/그린비타민 버블톡스 팩클렌저 마스크 100ml,22400,35.0,8.0,76.0,33.41,56.1,9.02,404,실측
A000000204961,클렌징폼_젤,세타필,세타필 하이드레이팅 폼 클렌저 236ml,14320,47.0,4.0,77.0,33.95,55.41,7.8,154,실측
A000000168594,클렌징폼_젤,케어존,케어존 아크네 폼클렌저 1+1 기획(130ml+130ml),22000,11.0,35.0,61.0,50.29,46.3,6.53,906,실측
A000000150690,클렌징폼_젤,코스알엑스,[단독기획] 코스알엑스 퓨어핏 시카 크리미 폼 클렌저 더블 기획 (150ml+150ml),9900,18.0,22.0,63.0,37.81,57.21,1.68,1962,실측
A000000229228,클렌징폼_젤,일리윤,[여행용 단독증정/저자극 촉촉] 일리윤 젠틀 딥 페이셜 클렌저 기획(250ML+30ML),21000,40.0,8.0,78.0,39.2,62.37,0.0,399,실측
A000000237817,클렌징폼_젤,한율,[광채] 한율 달빛유자 비타민 톤업팩폼 120ml 기획,21000,32.0,12.0,65.0,35.46,31.42,9.59,696,실측
A000000016269,클렌징폼_젤,코스알엑스,코스알엑스 약산성 굿모닝 젤 클렌저 150ml,7400,29.0,16.0,76.0,71.75,26.27,1.3,5119,실측
A000000006837,클렌징폼_젤,바이오더마,바이오더마 세비엄 젤무쌍 100ml,13000,17.0,31.0,71.0,41.09,51.12,2.93,4856,실측
A000000185249,클렌징폼_젤,라운드랩,[피지말끔] 라운드랩 소나무 진정 시카 클렌저 150ml,12920,18.0,31.0,66.0,59.74,27.36,0.0,1866,실측
A000000231470,클렌징폼_젤,메노킨,[1위 버블클렌저]메노킨 30초 버블 클렌저 4종 택1,19600,47.0,13.0,93.0,42.88,45.44,7.26,1851,실측
A000000189941,클렌징폼_젤,아이소이,[피지폼] 아이소이 아크니 닥터 1st 블랙 딥 클렌징 폼 75ml,19900,7.0,35.0,52.0,56.07,35.62,10.07,85,실측
A000000161316,클렌징폼_젤,유세린,유세린 더머토클린 리프레싱 클렌징젤 200ml,19600,31.0,13.0,76.0,33.14,68.35,0.0,1033,실측
A000000260487,클렌징폼_젤,비브리즈,비브리즈 제주 밤양갱 팩클렌저 120g,19600,16.0,26.0,94.0,36.89,61.75,8.67,96,실측
A000001001252,클렌징폼_젤,브링그린,브링그린 징크테카 약산성 클렌징 젤 200ml,12500,26.42,12.98,71.03,60.85,48.97,3.07,3,예측
A000000226493,클렌징폼_젤,메디큐브,[저자극클렌저] 메디큐브 PDRN 젤투폼 클렌저 200ml 기획(+클렌징브러쉬 증정),19500,39.0,12.0,63.0,30.65,70.33,1.29,679,실측
A000000231397,클렌징폼_젤,닥터슈라클,[피지 흡착/젤to오일] 닥터슈라클 오알파 멜팅 클렌징 젤 150ml,18700,35.0,14.0,94.0,36.49,54.3,13.12,732,실측
A000000225565,클렌징폼_젤,미닉,[선크림&메이크업 클렌징] 미닉 퍼펙트 콜라드 그린 진정 원 스텝 클렌저 200ml,18500,15.0,32.0,79.0,61.61,53.28,1.43,47,실측
A000000163444,클렌징폼_젤,아크웰,[민감피부/아침세안] 아크웰 버블프리 클렌징 젤 160ml 1+1 기획,18000,39.0,10.0,86.0,56.9,54.11,2.45,5951,실측
A000000006181,클렌징폼_젤,아크네스,[멘톨함유/마일드스크럽] 아크네스 데일리 딥 클렌저,8100,12.0,37.0,35.0,46.82,41.22,0.0,3284,실측
A000000144054,클렌징폼_젤,폴라초이스,폴라초이스 스킨 발란싱 클렌저 237ml,37000,15.0,23.0,74.0,40.26,53.09,0.0,130,실측
A000000200462,클렌징폼_젤,더페이스샵,더페이스샵 미감수 브라이트 클렌징폼 150ml,6000,30.0,13.0,74.0,24.16,35.08,21.6,1395,실측
A000000253117,클렌징폼_젤,센카,[진정클렌징] 센카 퍼펙트 휩 아크네 케어 F 100g,7800,19.0,27.0,61.0,60.21,28.93,11.62,1375,실측
A000000182476,클렌징폼_젤,셀퓨전씨,[저자극클렌징/여드름기능성클렌저] 셀퓨전씨 트리악 데일리 트러블 케어 폼 클렌저 130ml,10900,14.0,22.0,57.0,45.79,45.58,7.42,644,실측
A000000244704,클렌징폼_젤,식물나라,[촉촉약산성] 식물나라 어린녹차 산뜻 클렌징 폼 150ml (단품/더블기획),6800,26.0,14.0,62.0,51.85,46.1,6.56,1986,실측
A000000248707,클렌징폼_젤,유이크,[RIIZE소희PICK]유이크 바이옴 레미디 올인원 앰플 클렌저 200ml,17000,25.0,11.0,92.0,53.11,55.16,0.0,534,실측
A000000253164,클렌징폼_젤,메이크프렘,[박지훈PICK/장벽결광] 메이크프렘 PDRN 밀크 에센스 버블클렌저 145ml 기획 (+PDRN 클렌징밀크 21ml),17000,31.0,11.0,73.0,33.66,47.12,6.88,331,실측
A000000180508,클렌징폼_젤,블라이드,[블랙헤드/모공케어] 블라이드 스플래쉬 머드팩투폼 120ml,16800,28.0,21.0,88.0,51.69,34.37,15.83,1637,실측
A000000006177,클렌징폼_젤,아크네스,아크네스 클리어&화이트 포밍워시150ml,16500,14.0,26.0,66.0,53.23,35.07,0.0,3880,실측
A000000197299,클렌징폼_젤,스킨푸드,[1+1/단독기획] 스킨푸드 블랙슈가 퍼펙트 스크럽 폼 더블기획 (180g+180g),16100,32.0,22.0,58.0,34.7,54.06,7.31,1293,실측
A000000206998,클렌징폼_젤,바이오힐보,[약산성] 바이오힐보 판테셀 리페어시카 수딩 클렌저 160ml [단품/더블기획],15000,29.0,11.0,73.0,31.41,54.72,15.52,836,실측
A000000148109,클렌징폼_젤,아벤느,[피지말끔/약산성] 아벤느 클리낭스 클렌징 젤 100ml,9900,22.0,19.0,67.0,32.18,65.67,2.89,946,실측
A000000175709,클렌징폼_젤,로벡틴,[19.56% 모공축소/블랙헤드] 로벡틴 포어케어 타이트닝 클렌징폼 150ml,9900,23.0,21.0,62.0,55.66,35.68,3.83,1551,실측
A000000254898,클렌징폼_젤,아크네스,[풍성산뜻거품세안] 아크네스 포밍워시 200mL 리필 기획 (+리필200ml),15600,17.0,25.0,66.0,46.99,40.56,16.97,830,실측
A000000199802,클렌징폼_젤,메디필,[트러블 진정] 메디필 그린 시카 콜라겐 클리어 젤 클렌저 2.0 300ml,14800,22.0,19.0,71.0,61.63,43.9,0.0,130,실측
A000000197885,클렌징폼_젤,해피바스,해피바스 마이크로 클린 버블 클렌징폼 300ML(솝베리/딥),8900,26.0,16.0,74.0,55.99,35.79,6.29,2071,실측
A000000229796,클렌징폼_젤,톤28,톤28 클렌징 세안바 S1 로즈힙+호호바오일 80g,8900,42.0,16.0,74.0,48.06,47.64,0.0,38,실측
A000000253737,클렌징폼_젤,셀라듀,셀라듀 피치 PDRN 버블 딥 클렌저 90g,29000,18.0,19.0,84.0,66.68,43.05,9.06,147,실측
A000000219330,클렌징폼_젤,SVR,[관리 전후 데일리 시카 클렌저]SVR 시카비트+ 젤무쌍 200ml,28800,38.0,13.0,82.0,32.5,66.49,0.89,149,실측
A000000258348,클렌징폼_젤,멜라노CC,멜라노CC 엔자임 페이스 워시 130g,8500,17.0,24.0,92.0,40.3,32.74,29.72,59,실측
A000000203685,클렌징폼_젤,헤라,헤라 리프레싱 클렌징 폼 160g,28000,29.0,8.0,71.0,41.56,31.91,22.39,194,실측
A000000252274,클렌징폼_젤,식물나라,[NEW/보습클렌징] 식물나라 검은쌀 쫀득 클렌징 폼 150ml (단품/더블기획),12800,39.0,9.0,62.0,47.6,43.77,6.82,252,실측
A000000197992,클렌징폼_젤,마몽드,[약알칼리성] 마몽드 어메이징 딥 민트 클렌징 폼 120ml 기획 (+30ml),12750,21.0,35.0,64.0,58.31,29.83,12.37,759,실측
A000000103765,클렌징폼_젤,코스알엑스,코스알엑스 살리실산 데일리 젠틀 클렌저 150ml,7400,10.0,50.0,46.0,52.89,38.28,7.11,4495,실측
A000000151185,클렌징폼_젤,라운드랩,[저자극/약산성] 라운드랩 1025 독도 클렌저 150ml,11700,33.0,10.0,75.0,32.28,71.81,0.16,12607,실측
A000000164117,클렌징폼_젤,센카,센카 올 클리어 더블 워시 120g,7200,21.0,19.0,54.0,31.01,58.06,8.61,3696,실측
A000000199283,클렌징폼_젤,유세린,[1+1/저자극 유분케어] 유세린 더모퓨리파이어 폼클렌저 150g 기획(150g+150g),24700,32.0,22.0,68.0,31.79,56.99,6.55,436,실측
A000000182308,클렌징폼_젤,센카,[여행용]센카 퍼펙트 휩 아크네 케어 50g,4900,16.0,26.0,56.0,60.21,28.93,11.62,5087,실측
A000000231746,클렌징폼_젤,아비브,[1분 피지흡착]아비브 포어 클레이 팩 클렌저 어성초 차콜 팩 투 폼 120ml,24000,19.0,28.0,63.0,65.33,27.17,14.36,378,실측
A000000247855,클렌징폼_젤,비페스타,[촉촉젤폼] 비페스타 클렌징폼 세럼 모이스트 더블기획 (130ml+130ml),24000,25.86,18.16,76.01,37.24,54.91,9.55,12,예측
A000000247907,클렌징폼_젤,아비브,[1분 피지흡착]아비브 포어 클레이 팩 클렌저 어성초 차콜 팩 투 폼 120ml 기획 (+30ml),24000,25.0,30.0,64.0,65.33,27.17,14.36,846,실측
A000000168480,클렌징폼_젤,해피바스,[지성피부추천] 해피바스 마이크로 클린 딥 클렌징 폼 150G,6900,10.0,45.0,47.0,59.48,11.28,21.58,1747,실측
A000000182906,클렌징폼_젤,아벤느,아벤느 젠틀 포밍 클렌저 150ml,23800,38.0,5.0,69.0,35.51,66.28,8.74,198,실측
A000000183512,클렌징폼_젤,에뛰드,[단독기획] 에뛰드 순정 약산성 5.5 폼클렌저 1+1 기획 (150ml+150ml),10900,39.0,7.0,74.0,33.51,68.0,0.08,1029,실측
A000000242647,클렌징폼_젤,헤브블루,[쫀쫀버블/PDRN클렌징] 헤브블루 살몬 케어링 센텔라 버블 클렌져 200ml,23400,50.0,5.0,86.0,60.84,34.76,0.0,446,실측
A000000218711,클렌징폼_젤,리얼베리어,[조슈아PICK/1+1] 리얼베리어 세라마이드 모이스처 클렌징폼 150ml 1+1,22800,40.0,9.0,72.0,30.84,66.9,2.54,394,실측
A000000168398,클렌징폼_젤,비알머드,[쫀쫀버블/저자극] 비알머드 릴리프 머드 팩투폼 클렌저 110ml,10400,16.0,19.0,83.0,66.18,50.26,7.73,1526,실측
A000000152488,클렌징폼_젤,프리메라,[트러블케어] 프리메라 바하 버블 필링 클렌저 200ml,22000,16.0,28.0,68.0,39.92,33.03,8.85,445,실측
A000000231123,클렌징폼_젤,듀댑,듀댑 모공비움 팩클렌저 150ml 3종 (시카티/듀톡스/바이틱스),22000,35.0,14.0,87.0,51.35,53.85,8.59,389,실측
A000000261471,클렌징폼_젤,토리든,토리든 밸런스풀 시카 포어 컨트롤 클렌징폼 150ml,9980,26.0,24.07,67.96,41.21,34.49,15.99,2,예측
A000000135934,클렌징폼_젤,듀이트리,[1+1/산뜻뽀득] 듀이트리 하이 아미노 올 클렌저 150ml (기획/단품),9900,18.0,22.0,65.0,27.72,69.47,2.06,2556,실측
A000000226698,클렌징폼_젤,비페스타,[쫀득크림폼] 비페스타 클렌징폼 퍼펙트 컨트롤 더블기획 (130g+130g),9900,10.0,16.0,55.0,35.04,44.31,7.16,251,실측
A000000255447,클렌징폼_젤,블랑네이처,블랑네이처 아크네 클렌징폼 20ml,2900,26.0,30.0,62.0,56.67,30.41,5.02,239,실측
A000000149133,클렌징폼_젤,셀리맥스,[모공청소/쫀쫀버블] 셀리맥스 베이킹 소다 딥 포어 지우개 폼 클렌징 150ml,5900,17.0,25.0,53.0,55.59,49.92,6.78,357,실측
A000000211368,클렌징폼_젤,휩드,휩드 비건 팩클렌저 단지형 80g (5종 중 택1),20400,38.0,10.0,66.0,51.18,33.51,17.13,559,실측
A000000190929,클렌징폼_젤,바이오힐보,[촉촉버블] 바이오힐보 판테셀 리페어시카 논터치 버블 클렌저 150ml,20000,43.0,6.0,80.0,41.77,48.07,7.1,571,실측
A000000236983,클렌징폼_젤,원더바스,[성한빈 PICK 오토 버블] 원더바스 슈퍼 베지톡스 팩클렌저 200ml,19900,22.0,22.0,81.0,60.15,34.39,2.14,37,실측
A000000232365,클렌징폼_젤,마몽드,[NEW/화잘먹 클렌징] 마몽드 어메이징 딥 민트차콜릿 팩클렌저 135g 기획 (+25g),19700,11.0,36.0,55.0,59.26,22.68,30.27,55,실측
A000000232455,클렌징폼_젤,에이프릴스킨,[피지뽑는] 에이프릴스킨 트라넥삼산 딥클렌저 120g 기획 (+15g 미니어처),19600,21.0,27.0,42.0,56.62,32.31,4.32,657,실측
A000000016881,클렌징폼_젤,비페스타,[폼증정] 비페스타 클렌징 무스폼 세럼 모이스트 200g (촉촉보습),8900,42.0,10.0,71.0,31.15,74.24,0.55,445,실측
A000000115210,클렌징폼_젤,케어존,[대용량] 케어존 CK 딥클린 포밍클렌저 330ml,8900,17.0,24.0,53.0,21.71,42.71,9.61,3171,실측
A000000253111,클렌징폼_젤,센카,[온라인 단독]센카 퍼펙트 휩 화이트 클레이 FA 120g 더블 기획 (+클렌징오일 20ml),19400,26.0,24.0,47.0,28.74,54.71,8.09,268,실측
A000000227935,클렌징폼_젤,리얼베리어,[여드름/쿨링] 리얼베리어 컨트롤-T 티트리 AC 쿨링 클렌징젤 200ml 기획 (+30ml),19000,29.04,18.12,69.23,35.03,50.08,2.66,22,예측
A000000231332,클렌징폼_젤,토르홉,[모공/피지/팩폼] 토르홉 프로니 소금우유 단백질 고마쥬 필링 팩클렌저 90ml,18900,36.0,12.0,76.0,32.61,43.75,10.44,637,실측
A000000229311,클렌징폼_젤,런드리유,[서예지 PICK/쿨링클렌저] 런드리유 페이스 가글 젤 투 폼 클렌저 스트롱 160g+30g 기획,18700,17.0,43.0,46.0,44.22,63.63,1.28,15652,실측
A000000183308,클렌징폼_젤,셀퓨전씨,[선크림클렌징/모공딥클렌징] 셀퓨전씨 포어 썬 클렌징 폼 150ml,18000,23.0,17.0,59.0,50.52,37.54,9.7,369,실측
A000000199134,클렌징폼_젤,아크웰,[저자극/말끔모공] 아크웰 감초수 피에이치 밸런싱 포어 클렌징 젤 폼 1+1,18000,27.0,17.0,86.0,52.45,34.4,12.18,939,실측
A000000225606,클렌징폼_젤,듀댑,듀댑 모공비움 팩클렌저 150ml+15ml 3종 (시카티/듀톡스/바이틱스),17900,36.0,13.0,90.0,52.17,53.48,6.64,7158,실측
A000000247898,클렌징폼_젤,비페스타,[건성/복합성/지성] 비페스타 피부맞춤 클렌징폼 3종,6500,52.0,13.0,75.0,28.03,58.68,5.98,520,실측
A000000214174,클렌징폼_젤,키엘,키엘 울트라 훼이셜 클렌저 75ml/150ml,17320,47.0,2.0,75.0,41.14,41.35,12.75,76,실측
A000000159838,클렌징폼_젤,아벤느,[피지말끔/약산성] 아벤느 클리낭스 클렌징 젤 200ml,17000,25.0,22.0,67.0,32.18,65.67,2.89,8871,실측
A000000152468,클렌징폼_젤,더랩바이블랑두,[저자극]더랩바이블랑두 저분자 히알루론산 폼클렌저 120ml,16900,39.0,10.0,87.0,45.66,48.09,1.52,83,실측
A000000200549,클렌징폼_젤,리얼베리어,[피지감소] 리얼베리어 컨트롤-T 클렌징폼 200ml 기획 (+80ml),16900,17.0,29.0,69.0,54.22,60.45,0.01,902,실측
A000000252321,클렌징폼_젤,일소,[피지흡착/쫀득팩폼] 일소 그레인 포테이토 클렌징 팩폼 150ml 기획 (+헤어밴드),16900,27.56,16.43,59.68,56.13,57.95,8.78,6,예측
A000000252632,클렌징폼_젤,VT,[저자극/수분폼클] VT PDRN 베리어 클렌저 200ml,16900,54.0,5.0,83.0,54.11,42.71,1.34,238,실측
A000000154706,클렌징폼_젤,플리프,플리프 시카-알로에 클렌징 젤 폼 200ml (여드름기능성/약산성/저자극테스트완료),16000,12.0,41.0,79.0,60.52,30.48,8.19,202,실측
A000000233625,클렌징폼_젤,리솔츠,리솔츠 솔트 마사지 라벤더 클렌징바 90g,16000,29.3,13.05,62.06,32.56,52.92,7.77,7,예측
A000000184967,클렌징폼_젤,몰바니,[김재원PICK/모공케어] 몰바니 저자극 LHA 율피 젤 클렌저 200ml,15900,27.0,14.0,67.0,35.47,66.46,2.95,5631,실측
A000000253100,클렌징폼_젤,센카,[NEW/여행용] 센카 퍼펙트 휩 페이셜 워시 FA 50g,4200,25.0,21.0,49.0,26.05,62.56,8.33,350,실측
A000000207365,클렌징폼_젤,토르홉,[피지케어/요철관리] 토르홉 카모스 블랙 소금거품 클렌저 130g,15800,16.0,29.0,52.0,55.25,40.92,8.34,947,실측
A000000224739,클렌징폼_젤,동구밭,동구밭 앰플 세안바 다시마 폼클렌징,15800,28.81,17.96,65.65,38.75,38.25,17.28,8,예측
A000000170003,클렌징폼_젤,파티온,파티온 노스카나인 클렌징 젤 200ml,15400,21.0,18.0,76.0,36.88,54.93,3.6,493,실측
A000000186990,클렌징폼_젤,비플레인,[약알칼리] 비플레인 핑크솔트 아하 바하 클렌징폼,15400,10.0,40.0,72.0,36.87,56.53,9.06,109,실측
A000000257296,클렌징폼_젤,듀이트리,[PDRN/수분클렌징] 듀이트리 하이 아미노 올 수분 젤 클렌저 180ml 기획 (+20ml),15200,49.0,9.0,83.0,34.28,70.1,2.77,402,실측
A000000260213,클렌징폼_젤,성분에디터,성분에디터 그린토마토 딥 포어 클렌징 울트라 휘핑 폼 120g,6720,20.3,26.58,63.64,33.32,51.37,6.15,14,예측
A000000233631,클렌징폼_젤,리솔츠,리솔츠 솔트 마사지 오션 클렌징바 90g,14400,30.21,12.72,64.73,34.94,48.72,0.0,4,예측
A000000259049,클렌징폼_젤,아크네스,아크네스 모공 클리어 젤 클렌저 125ml 1+1 기획,14400,0.0,100.0,100.0,67.56,28.68,2.8,181,실측
B000000145805,클렌징폼_젤,맥스클리닉,[블랙헤드 브러시 증정] 맥스클리닉 히알루론 비타 오일폼 110g,14400,14.0,0.0,71.0,33.94,55.9,7.58,109,실측
A000000223813,클렌징폼_젤,아리얼,[미세버블]아리얼 더 퍼펙트 레몬진저 버블 클렌저 180ml,13900,32.0,12.0,91.0,34.47,49.81,1.88,4795,실측
A000000226559,클렌징폼_젤,클리어디어,[모공피지케어] 클리어디어 미나리 모공 앰플클렌저 80ml,13500,24.0,20.0,90.0,51.97,35.79,2.68,157,실측
A000000188563,클렌징폼_젤,조선미녀,조선미녀 산뜻청매실클렌저 100ml,13000,41.0,6.0,73.0,55.53,34.55,2.7,78,실측
A000000191341,클렌징폼_젤,스킨푸드,[NEW] 스킨푸드 블랙슈가 퍼펙트 버블 폼 200ml,13000,26.0,14.0,71.0,55.28,34.41,6.12,181,실측
A000000191344,클렌징폼_젤,살사랑,[쌀반죽클렌저] 살사랑 라이스 밸런스 클렌저 120ml,13000,31.0,15.0,91.0,50.41,49.59,7.57,2191,실측
A000000251915,클렌징폼_젤,브링그린,[NEW]브링그린 징크테카 약산성 클렌징 젤 200mL,12500,38.0,12.0,80.0,60.85,48.97,3.07,66,실측
A000000160292,클렌징폼_젤,온더바디,온더바디 라이스테라피 쌀겨스크럽폼 150ml 1+1 기획,11900,12.0,37.0,43.0,44.42,33.93,16.0,975,실측
A000000254432,클렌징폼_젤,뉴트로지나,[세안밴드세트증정/저자극장벽케어] 뉴트로지나 딥클린 젠틀 포밍 클렌저 150g 더블기획,11900,25.0,18.0,70.0,38.03,63.41,1.3,672,실측
A000000253525,클렌징폼_젤,아임프롬,[꿀광보습] 아임프롬 팩클렌저 2종 택1 (허니시럽/피그젤라또),9520,69.0,3.0,77.0,38.89,62.71,2.67,35,실측
A000000147648,클렌징폼_젤,아크네스,[약산성/보습] 아크네스 더마릴리프 모이스처 폼클렌저 200ml,11500,25.0,14.0,71.0,52.78,43.87,3.07,2549,실측
A000000167241,클렌징폼_젤,웰라쥬,[약산성] 웰라쥬 리얼 히알루로닉 아미노 클렌징 폼 150ml,11400,65.0,0.0,75.0,31.54,67.28,0.91,52,실측
A000000206155,클렌징폼_젤,스킨푸드,[NEW/매끈결] 스킨푸드 파인애플 바하 필링 클렌징폼 150ml,11000,24.0,19.0,57.0,52.79,38.52,4.99,97,실측
A000000165714,클렌징폼_젤,센카,센카 올 클리어 더블 워시 폼 150ml,10900,25.0,18.0,63.0,24.2,69.42,5.97,1273,실측
A000000253114,클렌징폼_젤,센카,센카 퍼펙트 휩 콜라겐 인 FA 120g,10800,39.0,14.0,67.0,31.59,43.66,10.47,173,실측
A000000114688,클렌징폼_젤,우르오스,[맨즈케어 클렌징 1위] 우르오스 페이스워시 100g,10600,16.0,24.0,60.0,44.25,65.53,0.93,1047,실측
A000000130399,클렌징폼_젤,그레이멜린,그레이멜린 센텔라 크레이지 폼 클렌저 500ml,10600,31.0,9.0,64.0,37.18,36.3,7.22,215,실측
A000000224974,클렌징폼_젤,딘시,딘시 프리미엄 비건 약산성 히알루론산 폼클렌저 150ml,9900,46.0,10.0,87.0,32.4,61.06,3.85,3891,실측
A000000259832,클렌징폼_젤,식물나라,식물나라 어린녹차 촉촉 클렌징밀크/버블클렌저,9800,45.0,6.0,58.0,30.94,50.26,13.55,33,실측
A000000258673,클렌징폼_젤,식물나라,[NEW/구름세안] 식물나라 어린녹차 촉촉 버블 클렌저 150ml,8800,34.0,5.0,64.0,38.6,60.57,6.06,58,실측
A000000122210,클렌징폼_젤,다슈,다슈 맨즈 아쿠아 딥 씨워터 폼 클렌징 150ml,8400,11.0,27.0,65.0,46.75,38.19,5.75,238,실측
A000000120533,클렌징폼_젤,한스킨,[피지모공/메이크업] 한스킨 클렌징폼&블랙헤드 120ml,7900,20.0,22.0,79.0,62.34,31.88,12.03,1393,실측
A000000151127,클렌징폼_젤,뉴트로지나,[매끈클린모공폼] 뉴트로지나 아크네 포밍 클렌저 100g,7900,18.0,26.0,66.0,49.16,38.22,2.12,1621,실측
A000000197881,클렌징폼_젤,해피바스,해피바스 티트리 아크네 클렌징폼 150G,5900,12.0,24.0,47.0,54.82,36.42,3.35,446,실측
A000000226076,클렌징폼_젤,포인트앤,포인트앤 딥 클린 미니 클렌징 트래블 키트 (립앤아이 리무버 롱패드 3ea+오일 15ml+폼15ml),5880,45.0,14.0,73.0,31.36,65.64,4.3,66,실측
A000000184568,클렌징폼_젤,포인트앤,[모든 원료 비건] 포인트앤 딥 클린 휩 클렌징 폼 100g,5780,19.0,28.0,90.0,28.13,55.67,2.97,988,실측
A000000231596,클렌징폼_젤,아렌시아,[1등 팩클렌저 / 모공세정] 아렌시아 떡솝 프레시 그린 클렌저 15g,5000,26.0,21.0,49.0,57.96,44.12,3.29,268,실측
A000000231597,클렌징폼_젤,아렌시아,[촉촉피부 결광세안] 아렌시아 떡솝 프레시 로얄 로즈힙 클렌저 15g,5000,46.0,6.0,47.0,58.94,35.33,8.74,148,실측
A000000010048,클렌징폼_젤,눅스,[꿀보습클렌징]눅스 레브드미엘 원스텝 클렌징 젤 200ml,26100,55.0,6.0,81.0,29.21,72.68,2.2,173,실측
A000000101749,클렌징폼_젤,불독,불독 오리지널 페이스워시 150ml,15900,16.0,12.0,72.0,45.81,65.26,2.07,1048,실측
A000000101981,클렌징폼_젤,우노,[간편/펌핑클렌징] 우노 휩 스피디 150ml,8900,26.4,20.31,64.75,29.35,58.25,8.54,7,예측
A000000101991,클렌징폼_젤,네오젠,[녹차수60%/모공케어] 네오젠 리얼 프레쉬 클렌징폼 그린티 160g,11900,30.0,13.0,72.0,38.35,47.14,7.77,518,실측
A000000104141,클렌징폼_젤,크리니크,크리니크 안티-블레미쉬 솔루션 클렌징 폼 125ml,41650,20.48,26.08,62.07,65.04,34.01,1.55,25,예측
A000000104939,클렌징폼_젤,로벡틴,[8층 수분/젤투폼클렌저] 로벡틴 아쿠아 젠틀 클렌징 젤 175ml,11700,37.0,8.0,80.0,37.96,67.46,0.43,927,실측
A000000117745,클렌징폼_젤,메이크프렘,[증량] 메이크프렘 세이프미 릴리프 모이스처 클렌징폼 250ml,27000,33.0,10.0,71.0,46.31,59.41,0.0,1183,실측
A000000122740,클렌징폼_젤,아크네스,[아미노산/약산성/기획] 아크네스 더마릴리프 모이스처 폼클렌저 더블기획 (125ml+125ml),16500,28.0,15.0,74.0,61.88,43.71,1.04,1509,실측
A000000126914,클렌징폼_젤,바닐라코,[저자극폼] 바닐라코 클린잇제로 폼클렌저 150ml,8400,28.0,18.0,65.0,44.5,43.82,4.77,208,실측
A000000128116,클렌징폼_젤,코스알엑스,코스알엑스 에이씨 컬렉션 카밍 폼 클렌저 150ml,10400,15.0,32.0,54.0,55.26,38.57,4.31,3346,실측
A000000130393,클렌징폼_젤,그레이멜린,그레이멜린 차콜 크레이지폼 클렌저 500ml,10600,12.0,32.0,55.0,44.29,63.12,4.89,311,실측
A000000130396,클렌징폼_젤,그레이멜린,그레이멜린 아스타잔틴 크레이지 폼 클렌저 500ml,10600,27.0,10.0,60.0,43.68,38.17,8.45,347,실측
A000000131596,클렌징폼_젤,비욘드,비욘드 엔젤아쿠아 모이스처 클렌징폼 300ml,9890,28.0,10.0,65.0,26.68,63.24,6.96,1568,실측
A000000137168,클렌징폼_젤,엠도씨,엠도씨 세붐 스트라이크 안티 아크네 폼 150g,12000,16.75,30.94,63.9,66.07,25.35,9.12,8,예측
A000000137444,클렌징폼_젤,비오템,비오템 옴므 아쿠아파워 클렌져 125ml,45050,31.0,22.0,64.0,27.26,53.13,4.3,82,실측
A000000137478,클렌징폼_젤,바르테라,바르테라 클렌징 폼,11900,9.0,52.0,73.0,58.22,33.7,16.53,33,실측
A000000140668,클렌징폼_젤,아크네스,아크네스 퍼펙트 솔루션 폼클렌저 125ml,10800,12.0,41.0,58.0,56.66,44.95,5.06,1143,실측
A000000141736,클렌징폼_젤,네오젠,[약산성/딥클렌징] 네오젠 카밍 시카&티트리 클렌징폼 200ml,10900,33.59,14.67,79.74,59.59,52.28,0.0,20,예측
A000000142142,클렌징폼_젤,미프,미프 비타에너지 클렌징폼 150ml,9400,25.16,19.76,64.46,59.39,25.62,10.42,15,예측
A000000143499,클렌징폼_젤,아크네스,[뽀득만점/여드름기능성] 아크네스 포맨 퍼펙트 폼클렌저 더블 기획 (150g+150g),15200,10.0,38.0,58.0,56.49,26.52,6.78,226,실측
A000000144399,클렌징폼_젤,헤이미쉬,헤이미쉬 올클린 화이트 클레이폼 150g,12000,21.0,19.0,71.0,47.13,49.79,5.83,188,실측
A000000144800,클렌징폼_젤,에이트루,에이트루 오리진 퓨어 밸런싱 클렌징폼 150ml,7900,27.0,12.0,70.0,56.94,49.89,6.52,273,실측
A000000145274,클렌징폼_젤,닥터디퍼런트,[당김제로/폼타입] 닥터디퍼런트 제로 클렌저 200ml (중건성),22500,47.0,3.0,86.0,42.77,54.63,0.72,155,실측
A000000145275,클렌징폼_젤,닥터디퍼런트,[말끔피지/폼타입] 닥터디퍼런트 제로 클렌저 200ml (지성),22400,9.0,55.0,72.0,42.03,55.1,1.76,173,실측
A000000145526,클렌징폼_젤,피지오겔,피지오겔 DMT 클렌징 젤 150ml,19500,41.0,8.0,81.0,46.13,63.95,0.0,469,실측
A000000145527,클렌징폼_젤,엠도씨,엠도씨 블랙헤드 퍼펙트 스크럽 폼 150g,12000,25.93,20.25,56.77,27.69,49.32,12.43,15,예측
A000000146774,클렌징폼_젤,마녀공장,마녀공장 퓨어 아쿠아 필링 젤 120ml,9900,14.0,21.0,52.0,44.97,51.65,6.86,276,실측
A000000148112,클렌징폼_젤,아벤느,[피지말끔/약산성] 아벤느 클리낭스 클렌징 젤 400ml,20900,23.0,18.0,73.0,32.18,65.67,2.89,7722,실측
A000000148139,클렌징폼_젤,라네즈,[뽀득클렌저] 라네즈옴므 액티브워터 폼클렌저 150ml,12000,58.0,8.0,90.0,24.89,52.7,4.31,106,실측
A000000149261,클렌징폼_젤,휘게,휘게 약산성 히알루론 젤 클렌저 400ml,14800,36.0,7.0,84.0,29.72,67.01,0.87,441,실측
A000000150169,클렌징폼_젤,땡큐파머,땡큐파머 강화 교동쌀 맑음 팩 폼 클렌저 150ml,13500,49.0,8.0,88.0,64.23,17.6,17.59,236,실측
A000000151125,클렌징폼_젤,뉴트로지나,[저자극장벽케어] 뉴트로지나 젠틀 포밍 클렌저 100g,9900,30.0,13.0,68.0,38.03,63.41,1.3,620,실측
A000000152418,클렌징폼_젤,니들리,니들리 마일드 클렌징 젤 235ml,24900,26.0,22.0,69.0,63.68,31.64,0.0,192,실측
A000000155191,클렌징폼_젤,하다라보,하다라보 히아풀베리어 포어 클렌징 폼 150g,7500,32.0,13.0,70.0,42.19,56.79,0.0,315,실측
A000000155218,클렌징폼_젤,폴라초이스,폴라초이스 클리어 포어 노말라이징 클렌저 177ml,36000,21.0,22.0,60.0,64.12,31.75,0.75,58,실측
A000000155279,클렌징폼_젤,더말로지카,[당김제로/수분세안] 더말로지카 젤투폼 스페셜 클렌징 젤 50ml,17000,43.0,9.0,74.0,38.74,36.43,18.93,52,실측
A000000155423,클렌징폼_젤,더말로지카,[당김제로/수분세안] 더말로지카 젤투폼 스페셜 클렌징 젤 250ml,55000,28.0,6.0,81.0,38.74,36.43,18.93,82,실측
A000000155963,클렌징폼_젤,에스네이처,[온가족클렌저/화해1위] 에스네이처 블랑쉬 클렌저 260ml,18900,46.0,5.0,82.0,59.72,45.98,0.0,278,실측
A000000158114,클렌징폼_젤,랩시리즈,랩시리즈 멀티액션 훼이스 워시 100ml,51000,14.0,30.0,57.0,48.75,40.17,10.69,61,실측
A000000158614,클렌징폼_젤,셀퓨전씨,[피부당김NO/수분세안] 셀퓨전씨 약산성 패리어 클렌징 폼 165ml,9400,35.0,7.0,67.0,43.28,49.29,2.84,294,실측
A000000159537,클렌징폼_젤,디어클레어스,[미산성 세안제] 클레어스 젠틀 블랙 페이셜 클렌저 140ml,13500,29.0,11.0,88.0,64.4,46.09,0.0,56,실측
A000000160291,클렌징폼_젤,온더바디,온더바디 라이스테라피 사철쑥약산성폼 150ml 1+1 기획,12900,25.0,6.0,63.0,46.53,41.76,2.33,388,실측
A000000163840,클렌징폼_젤,비알티씨,BRTC 시카 바이옴 블랙헤드 클렌징 폼 150ml,21000,24.0,16.0,81.0,32.8,58.57,0.35,894,실측
A000000164035,클렌징폼_젤,온그리디언츠,온그리디언츠 제주 그린티 클렌징 볼,15000,31.0,14.0,95.0,38.73,53.89,8.99,1982,실측
A000000164039,클렌징폼_젤,온그리디언츠,온그리디언츠 제주 시카 클렌징 볼,15000,28.0,12.0,93.0,54.12,51.56,8.04,1387,실측
A000000164048,클렌징폼_젤,온그리디언츠,[채소 Pick] 온그리디언츠 버터플라이피 클렌징 볼,15000,33.0,9.0,94.0,49.1,55.02,4.13,1608,실측
A000000166473,클렌징폼_젤,크리니크,크리니크 포맨 페이스 워시 오일리 스킨 포뮬라 200ml,40800,29.14,15.55,75.76,33.53,67.57,7.91,9,예측
A000000166478,클렌징폼_젤,닥터자르트,닥터자르트 포어레미디 리뉴잉 폼 클렌저 150ml,15000,24.0,21.0,70.0,48.57,59.09,1.87,463,실측
A000000167039,클렌징폼_젤,랩시리즈,랩시리즈 데일리 레스큐 젤 클렌저 100ml,53000,32.01,12.48,69.51,42.64,60.77,0.88,9,예측
A000000167269,클렌징폼_젤,피캄,[피지/모공케어] 피캄 언더포어 바테카 폼 클렌징 150ml,22000,13.0,28.0,83.0,73.77,28.52,2.15,1238,실측
A000000168479,클렌징폼_젤,해피바스,[약알칼리성] 해피바스 마이크로 클린 솝베리 클렌징 폼 150G,6900,20.0,21.0,60.0,58.7,17.31,17.52,405,실측
A000000170613,클렌징폼_젤,크리니크,크리니크 올 어바웃 클린 린스-오프 포밍 클렌저 150ml,38250,32.54,13.08,75.9,35.41,61.85,8.74,18,예측
A000000170614,클렌징폼_젤,크리니크,크리니크 올 어바웃 클린 2-in-1 클렌징 + 엑스폴리에이팅 젤리 안티 폴루션 150ml,45050,29.93,20.28,69.53,47.69,25.12,13.7,9,예측
A000000171506,클렌징폼_젤,어바웃미,어바웃미 쌀 막걸리 클렌징 폼 120ml,10500,27.0,11.0,78.0,50.51,57.68,0.67,1133,실측
A000000171653,클렌징폼_젤,피캄,"[대용량, 피지/모공케어] 피캄 언더포어 바테카 폼 클렌징 250ml",16500,25.0,22.0,74.0,73.77,28.52,2.15,1238,실측
A000000171677,클렌징폼_젤,아토뮤,[여드름기능성/약알칼리성] 아토뮤 아크리스 폼클렌저 120ml,14800,12.0,35.0,67.0,52.63,49.89,6.74,263,실측
A000000177099,클렌징폼_젤,오브제,오브제 클라우드 딥 클렌징폼 150ml,9900,32.0,29.0,72.0,54.6,38.79,8.91,75,실측
A000000178633,클렌징폼_젤,에스네이처,[화해1위/촉촉쌀뜨물폼] 에스네이처 아쿠아 라이스 약산성 클렌징폼 160ml,15900,34.0,7.0,83.0,56.7,35.15,3.29,901,실측
A000000178948,클렌징폼_젤,클라뷰,클라뷰 피톤치드 마일드 클렌징 폼 150ml,9800,35.97,10.03,77.63,49.77,50.1,0.0,18,예측
A000000180558,클렌징폼_젤,닥터지,[트러블] 닥터지 에이클리어 밸런싱 버블 폼 150ml,25000,23.0,19.0,63.0,53.89,40.05,0.0,240,실측
A000000181313,클렌징폼_젤,디오디너리,[폼클렌저] 디오디너리 글루코사이드 포밍 클렌저 150ml,19000,29.1,12.5,54.42,40.53,28.15,6.2,21,예측
A000000182318,클렌징폼_젤,톤28,톤28 얼굴씻을거리 세안바 S9 (어성초&병풀) 100g,12000,22.0,20.0,64.0,42.99,52.91,5.51,132,실측
A000000182319,클렌징폼_젤,톤28,톤28 얼굴씻을거리 세안바 S14 (초유/온가족용) 100g,10800,29.07,13.87,67.21,49.43,42.21,0.0,20,예측
A000000183227,클렌징폼_젤,라운드랩,[말끔세안] 라운드랩 포 맨 자작나무 쉐이빙 클렌징 폼 120ml,11500,25.0,10.0,63.0,61.58,42.9,0.29,491,실측
A000000183817,클렌징폼_젤,차앤박,차앤박(CNP) 인비져블 필링 클렌징 젤 170ml(2304),14300,27.0,20.0,63.0,36.92,55.61,5.72,379,실측
A000000187232,클렌징폼_젤,오휘,오휘 미라클 토닝 젤리 클렌저 180ml,30400,30.17,13.49,73.62,39.92,58.82,1.31,20,예측
A000000188178,클렌징폼_젤,포맨트,포맨트 시그니처 폼클렌저 120ml,18000,39.0,25.0,67.0,49.44,31.62,20.18,143,실측
A000000189393,클렌징폼_젤,스킨푸드,[당근수분폼] 스킨푸드 캐롯 카로틴 밸런싱 클렌징폼,11200,46.0,8.0,77.0,57.72,47.56,0.0,216,실측
A000000189394,클렌징폼_젤,스킨푸드,[여드름기능성] 스킨푸드 미나리 리프레쉬 클렌징폼,11200,14.0,40.0,74.0,63.81,46.85,2.04,227,실측
A000000190795,클렌징폼_젤,믹순,믹순 병풀 클렌징 폼 150ml,15300,27.0,17.0,75.0,56.32,41.02,2.56,556,실측
A000000191343,클렌징폼_젤,스킨푸드,[NEW] 스킨푸드 블랙슈가 퍼펙트 스크럽 폼 180g,14000,28.0,16.0,37.0,34.7,54.06,7.31,228,실측
A000000191888,클렌징폼_젤,코스알엑스,코스알엑스 어드벤스드 스네일 뮤신 젤 클렌저 150ml,16200,29.95,13.82,73.02,40.89,55.75,2.1,12,예측
A000000192136,클렌징폼_젤,런드리유,런드리유 클린 페이스 가글 젤투폼 클렌저 마일드 160g,19800,22.0,30.0,69.0,49.34,50.87,1.13,84,실측
A000000192201,클렌징폼_젤,아크네스,아크네스 퍼펙트 솔루션 폼클렌저 125ml 1+1 기획,15300,6.0,40.0,61.0,56.66,44.95,5.06,4070,실측
A000000192292,클렌징폼_젤,라라레서피,라라레서피 유자 셀프포밍 3in1 클렌저 200ml,24000,41.0,13.0,85.0,60.34,39.68,5.03,53,실측
A000000197879,클렌징폼_젤,해피바스,해피바스 마이크로 클린 딥 클렌징 폼 150G*2 더블기획,12800,16.0,36.0,53.0,59.48,11.28,21.58,2209,실측
A000000200461,클렌징폼_젤,닥터벨머,닥터벨머 아미노클리어 아크네 클렌징폼 150ml,7900,20.0,28.0,74.0,50.88,42.56,4.97,481,실측
A000000200823,클렌징폼_젤,아이오페,아이오페 바이오 컨디셔닝 에센스 클렌징 폼 180ml,24000,35.43,9.11,72.89,25.52,43.35,21.6,27,예측
A000000200834,클렌징폼_젤,피캄,[U자모공 말끔 흡착케어] 피캄 레티놀라겐 앰플샷 폼클렌저 120ml,13000,39.29,11.49,65.96,37.53,56.35,7.86,15,예측
A000000201784,클렌징폼_젤,센카,[여행용]센카 퍼펙트 휩 비타민C 포어리스 글로우 50g,4900,24.0,12.0,49.0,59.79,30.13,11.29,2737,실측
A000000203294,클렌징폼_젤,비알머드,[대용량/ 쫀쫀버블] 비알머드 릴리프 머드 팩투폼 클렌저 310ml,29900,34.0,17.0,80.0,66.18,50.26,7.73,1526,실측
A000000204392,클렌징폼_젤,스킨푸드,[NEW/모공청정] 스킨푸드 도토리 모공 탄력 클렌징폼 150ml,11200,31.99,15.61,75.5,46.11,49.39,7.78,24,예측
A000000204656,클렌징폼_젤,더후,더후 공진향 클렌징 폼 180ml,37300,53.0,6.0,92.0,30.53,48.47,22.94,36,실측
A000000205047,클렌징폼_젤,수이스킨,[블랙헤드개선] 수이스킨 어린 새싹 딥 클렌징 폼 150ml,16000,22.0,32.0,88.0,51.21,48.15,3.28,333,실측
A000000206969,클렌징폼_젤,구달,[피지케어/저자극] 구달 어성초 히알루론 수딩 모공 클렌징폼,12900,28.0,19.0,66.0,72.76,26.83,2.69,51,실측
A000000207068,클렌징폼_젤,빌리프,[투명광채/모공청소/수분진정] 빌리프 슈퍼나이츠 비건 팩 클렌저 150ml 단품/기획 (브라이트/포어퍼밍/하이수딩),21560,40.0,9.0,72.0,74.04,1.85,16.92,1319,실측
A000000207127,클렌징폼_젤,아렌시아,[촉촉피부 결광세안] 아렌시아 떡솝 프레시 로얄 로즈힙 클렌저 120g,19500,40.0,8.0,59.0,58.94,35.33,8.74,251,실측
A000000207664,클렌징폼_젤,오브베이스,[블랙헤드클렌저] 오브베이스 픽팩 클렌저 백년초&청귤 200ml,18200,27.0,14.0,97.0,45.57,56.7,6.23,261,실측
A000000207666,클렌징폼_젤,오브베이스,[모공팩클렌저] 오브베이스 픽팩 클렌저 2종 택1,18200,35.0,13.0,95.0,53.28,36.72,7.67,1739,실측
A000000207964,클렌징폼_젤,숨37,숨37 타임에너지 브라이트 클레이 팩 클렌저 150ml,40800,34.05,13.05,70.68,38.52,30.9,24.49,2,예측
A000000208064,클렌징폼_젤,포엘리에,[모공팩] 포엘리에 옴므 클레이 팩 클렌저 200ml 트러블 완화 + 모공 축소 + 블랙헤드 케어,12500,11.0,20.0,90.0,60.69,18.06,26.2,71,실측
A000000208189,클렌징폼_젤,닥터벨머,닥터벨머 아미노클리어 약산성 젤 폼 190ml,11500,27.0,13.0,82.0,41.1,55.15,2.97,45,실측
A000000209129,클렌징폼_젤,로레알맨,로레알파리 맨 이드라파워 아쿠아 클렌징폼 100ml,10890,28.34,15.87,63.77,46.21,49.55,8.27,20,예측
A000000209204,클렌징폼_젤,뉴트로지나,[약산성/젤투폼/묵은각질OUT] 뉴트로지나 딥클린 페이셜 젤 클렌저 100g (젤투폼 클렌저),7100,27.0,6.0,66.0,61.25,24.85,3.13,79,실측
A000000209232,클렌징폼_젤,무슈제이,무슈제이 젠틀 클레이 클렌저 150ml,12900,29.31,13.08,71.85,59.7,30.33,8.3,15,예측
A000000209739,클렌징폼_젤,티엘스,[모공/피지 클렌징] 티엘스 화이트 티트리 아크 플러스 팩클렌저 100ml,15900,24.0,25.0,74.0,65.73,34.8,3.91,726,실측
A000000209909,클렌징폼_젤,제로이드,제로이드 인텐시브 페이셜 크림 클렌저 180ml,27000,57.0,4.0,72.0,34.77,69.23,0.0,423,실측
A000000209965,클렌징폼_젤,뉴트로지나,[히알루론/수분충전/온라인단독] 뉴트로지나 딥클린 하이드레이팅 포밍 클렌저 150g,14900,26.0,21.0,41.0,34.99,65.68,2.02,112,실측
A000000209999,클렌징폼_젤,에센허브,에센허브 티트리 릴리프 폼클렌저 150ml,14400,15.0,40.0,63.0,63.19,42.71,4.9,79,실측
A000000210249,클렌징폼_젤,로레알맨,로레알파리 맨 퓨어앤매트 숯파우더 클렌징폼 100ml,10890,19.43,27.56,66.4,60.11,40.64,8.58,10,예측
A000000210944,클렌징폼_젤,운스트라움,운스트라움 디 오리진 페이스 워시 120ml,12750,23.75,19.31,68.75,52.4,25.97,10.44,10,예측
A000000211061,클렌징폼_젤,모나이트,모나이트 크림 클렌저 100g 5종 중 택 1,24000,29.0,14.0,62.0,42.69,46.2,11.91,421,실측
A000000211174,클렌징폼_젤,메이크프렘,[약알칼리성] 메이크프렘 세이프 미 아미노 리프레시 클렌징폼 150ml 기획 (+50ml),13500,19.0,25.0,62.0,31.87,54.92,3.8,1920,실측
A000000212950,클렌징폼_젤,모나이트,모나이트 차콜 블렌디드 크림 클렌저 100g,24000,25.23,21.83,56.21,42.16,52.63,12.72,24,예측
A000000212952,클렌징폼_젤,모나이트,모나이트 펌킨 블렌디드 크림 클렌저 100g,18500,25.68,19.41,65.54,44.01,46.14,4.28,10,예측
A000000212953,클렌징폼_젤,모나이트,모나이트 제주녹차 블렌디드 크림 클렌저 100g,24000,33.0,17.0,59.0,35.63,42.03,10.69,129,실측
A000000212997,클렌징폼_젤,베이스킨,[보습장벽]베이스킨 마일드 젤 투 폼 클렌저 [재구매율 69.9%],16000,45.0,6.0,92.0,51.42,53.94,0.0,722,실측
A000000214198,클렌징폼_젤,케어놀로지,케어놀로지 비파인 더 아크 포어 딥 클렌저 120ml*,19800,22.12,25.66,73.43,62.84,30.37,0.7,25,예측
A000000215310,클렌징폼_젤,모나이트,모나이트 감귤 블렌디드 솝 150g,15000,34.98,14.27,69.71,26.44,67.82,14.49,20,예측
A000000215311,클렌징폼_젤,모나이트,모나이트 블루베리 블렌디드 솝 150g,15000,34.48,13.91,69.66,28.82,63.49,23.15,21,예측
A000000215312,클렌징폼_젤,모나이트,모나이트 허브 앤 오트 블렌디드 솝 150g,12000,32.25,13.55,70.5,27.38,75.85,22.47,12,예측
A000000215458,클렌징폼_젤,더말로지카,[진정/수분충전] 더말로지카 버블 프리 울트라카밍 클렌저 250ml,57000,30.61,12.87,77.28,57.83,36.89,1.96,0,예측
A000000216668,클렌징폼_젤,아리얼,[200ml대용량] 아리얼 애플사이다 휘핑 크림 팩 클렌저 200ml,16800,34.0,14.0,65.0,54.85,54.94,7.63,3257,실측
A000000218398,클렌징폼_젤,유리아쥬,[트러블*케어 클렌저] 유리아쥬 이제악 클렌징 젤 150ml,17000,21.0,9.0,66.0,45.39,63.3,0.0,56,실측
A000000218743,클렌징폼_젤,아렌시아,[톤결케어/민감피부용] 아렌시아 떡솝 라이스 뮤신 클렌저 120g,19500,35.0,18.0,70.0,59.63,47.25,1.51,100,실측
A000000218926,클렌징폼_젤,아임프롬,[약알칼리폼] 아임프롬 피그 폼 클렌저 150ml,12600,16.0,26.0,68.0,39.58,55.58,5.24,31,실측
A000000219426,클렌징폼_젤,메디필,[스킨케어링클렌저] 메디필 멜라논 엑스 앰플 클렌저 150ml,21000,40.0,16.0,95.0,34.52,43.84,24.71,364,실측
A000000219558,클렌징폼_젤,빌리프,[버블폭탄] 빌리프 모이스춰라이징 밤 소프트 클라우드 클렌저 150ml 기획 (+소프트 클렌징 패드),23100,40.0,8.0,82.0,28.32,71.66,1.31,2002,실측
A000000219931,클렌징폼_젤,숨37,[결톤케어] 숨37 시크릿 라이스 누룩 필링 투 폼 클렌저 160g/120g/40g 단품/기획,28800,23.0,13.0,35.0,63.97,45.76,2.86,62,실측
A000000222687,클렌징폼_젤,에이프릴스킨,[여드름성피부/피지제거] 에이프릴스킨 캐로틴 아크네 폼클렌저 120ml,11900,11.0,29.0,69.0,56.7,46.62,1.16,70,실측
A000000222816,클렌징폼_젤,파넬,[혁명템] 파넬 아하 오미자 도자기 버블 필링 클렌저 180ml,10900,50.0,7.0,71.0,52.57,49.93,3.14,100,실측
A000000222912,클렌징폼_젤,풀리,풀리 그린 토마토 젤라또 팩 클렌저 100ml,26000,39.0,15.0,94.0,49.92,52.32,6.37,326,실측
A000000223420,클렌징폼_젤,닥터엘시아,닥터엘시아 그린 릴리프 아미노 젤 클렌저 100ml,16150,31.0,15.0,96.0,54.37,53.43,0.0,75,실측
A000000223712,클렌징폼_젤,오가나셀,오가나셀 더마알엑스 클렌저 120ml,51000,36.74,6.51,78.86,34.39,57.85,8.89,8,예측
A000000224301,클렌징폼_젤,아렌시아,[올리브영 단독] 아렌시아 프레시 클렌저 15g 3종 기프트 세트 (그린+로즈힙+블루),16000,58.0,3.0,70.0,56.13,45.89,5.48,77,실측
A000000224443,클렌징폼_젤,마미케어,[모공딥클렌징] 마미케어 바다포도 클렌징폼 120ml,9900,20.07,26.21,59.92,62.53,59.72,0.0,29,예측
A000000224542,클렌징폼_젤,레이지소사이어티,레이지소사이어티 트러블 솔루션 폼 클렌저 120ml,12900,23.08,24.55,72.2,53.33,33.44,7.53,6,예측
A000000224740,클렌징폼_젤,동구밭,동구밭 세안비누 콜라겐,8500,26.0,4.0,74.0,33.77,65.16,0.0,46,실측
A000000224747,클렌징폼_젤,비건이펙트,[여드름기능성/약알카리성] 비건이펙트 청보리 LHA 딥클렌징 폼 165ml,19000,36.0,17.0,81.0,48.2,29.76,13.58,243,실측
A000000225077,클렌징폼_젤,땡큐파머,[화해1위] 땡큐파머 피토 릴리풀 시카 약산성 젤클렌저 120ml,14400,45.0,15.0,89.0,67.99,34.61,2.86,1767,실측
A000000225490,클렌징폼_젤,랩시리즈,랩시리즈 클리어 LS 딥 포어 퓨리파잉 클렌저 125ml,53000,24.3,18.56,66.65,63.77,36.7,4.59,0,예측
A000000225518,클렌징폼_젤,아렌시아,아렌시아 떡솝 라이스 뮤신 클렌저 120g 기획 (+그린 클렌저 15g),19500,35.0,9.0,65.0,55.1,38.06,6.24,175,실측
A000000225538,클렌징폼_젤,바이유어,바이유어 클린 리셋 젤 스크럽워시 120g,11200,28.0,10.0,95.0,55.49,36.99,6.28,37,실측
A000000225889,클렌징폼_젤,아이레시피,아이레시피x리틀트윈스타 세라마이드 유자 약산성 클렌징폼 150ml 더블 기획 (+스티커),21000,49.0,4.0,89.0,26.39,70.4,1.53,239,실측
A000000226142,클렌징폼_젤,라네즈,[촉촉/약산성] 라네즈 워터뱅크 젠틀 젤 클렌저 250ml,21600,38.93,8.24,75.04,28.12,73.31,2.06,18,예측
A000000226688,클렌징폼_젤,디어도어,[스킨케어링클렌저/수분광채] 디어도어 비건 대즐링 팩클렌저 100ml,9850,27.44,15.87,82.73,52.62,41.33,5.1,17,예측
A000000226689,클렌징폼_젤,디어도어,[스킨케어링클렌저/모공축소] 디어도어 비건 팩클렌저 100ml 2종 택1,17900,39.0,15.0,93.0,62.13,43.06,6.41,538,실측
A000000226690,클렌징폼_젤,온그리디언츠,[피지순삭/저자극]온그리디언츠 스킨 베리어 모이스처 딥 클렌저 120ml 기획(+50ml 미니어처),18000,44.0,8.0,89.0,46.94,32.32,24.63,439,실측
A000000227205,클렌징폼_젤,아로마티카,[피지흡착] 아로마티카 슈퍼티트리 클레이 마스크 팩 클렌저 150ml,22400,20.0,30.0,54.0,73.58,11.05,20.55,354,실측
A000000227217,클렌징폼_젤,브리올옴므,브리올옴므 브라이트닝 대용량 폼클렌징 500ml,19000,39.76,9.31,73.61,39.79,63.33,2.3,29,예측
A000000227663,클렌징폼_젤,아누아,[브라이트닝] 아누아 복숭아 나이아신 스프레드 클렌징폼 150ml,13300,49.0,10.0,62.0,45.43,61.63,4.51,154,실측
A000000229231,클렌징폼_젤,아임프롬,[매끈결광] 아임프롬 피그 젤라또 팩클렌저120g,11860,19.29,31.53,68.99,54.53,11.55,26.73,21,예측
A000000229385,클렌징폼_젤,아임프롬,[60초팩클렌징] 아임프롬 팩클렌저 120g 3종 (허니/피그/애프리콧),9520,32.0,18.0,85.0,60.56,24.83,11.78,2756,실측
A000000229731,클렌징폼_젤,딘시,딘시 프리미엄 비건 마이크로바이옴 라이스 폼클렌저 150ml,18000,47.0,17.0,97.0,36.37,33.2,7.74,315,실측
A000000229819,클렌징폼_젤,톤28,톤28 클렌징 세안바 S4 티트리+칼라민 90g,12000,24.03,16.56,58.02,39.41,59.32,8.93,21,예측
A000000229939,클렌징폼_젤,라운드랩,"[9,900원 특가] 라운드랩 동백/소나무 팩 클렌저 150ml 기획 (+클렌징해면퍼프)",9900,37.0,16.0,54.0,67.82,27.44,10.92,831,실측
A000000230500,클렌징폼_젤,직택,[조현영PICK] 직택 베리 스무디 스크럽 클렌저 130ml,17900,33.0,13.0,85.0,69.29,24.09,9.28,791,실측
A000000230939,클렌징폼_젤,SVR,[미네랄 수분 부스팅 클렌징젤] SVR 피지오퓨어 젤리 무쌍 400ml,32000,29.16,11.28,74.19,37.57,58.68,2.13,4,예측
A000000231389,클렌징폼_젤,닥터슈라클,[수분 클렌저] 닥터슈라클 프로밸런스 수딩 클렌징 폼 150ml,17000,32.7,13.85,82.65,46.28,40.85,4.9,14,예측
A000000231390,클렌징폼_젤,닥터슈라클,[모공/피지/유분 세정] 닥터슈라클 오알파 클리어링 클렌징 폼 200ml,17000,27.11,26.3,73.79,45.36,39.91,15.25,19,예측
A000000231395,클렌징폼_젤,닥터슈라클,[티트리 고함량/피부 진정] 닥터슈라클 티트리 클렌징 폼 150ml,24650,23.45,18.03,73.92,67.03,22.94,2.07,4,예측
A000000231429,클렌징폼_젤,비디비치,비디비치 클리어 클렌징 폼 2종,23500,30.0,23.0,94.0,32.79,61.8,9.33,373,실측
A000000231806,클렌징폼_젤,넛세린,넛세린 민트 초코 클렌징 팩 폼 130g,26000,26.12,14.4,63.24,63.99,45.43,0.0,11,예측
A000000232631,클렌징폼_젤,셀리맥스,[여드름피부/촉촉버블] 셀리맥스 더 리얼 노니 아크네 버블 폼 클렌징 155ml,18000,24.0,12.0,67.0,69.23,44.64,0.0,42,실측
A000000232676,클렌징폼_젤,키엘,키엘 울트라 훼이셜 베리어 클렌저 (75ml/150ml),20600,46.0,0.0,89.0,59.72,46.22,0.09,37,실측
A000000232686,클렌징폼_젤,풀리,[레이PICK/미백광채] 풀리 레몬 비타 버블 팩클렌저 150ml,19200,35.0,13.0,94.0,31.58,43.49,21.35,197,실측
A000000232947,클렌징폼_젤,폰즈,폰즈 클리어 스파 클렌징폼 150ml [단품/기획],12900,26.0,16.0,84.0,34.3,45.08,2.99,463,실측
A000000233629,클렌징폼_젤,리솔츠,리솔츠 솔트 마사지 로제 클렌징바 90g,14400,30.37,10.17,63.3,37.74,58.55,0.0,8,예측
A000000233997,클렌징폼_젤,LBB,[올인원 클렌저]LBB 4 in1 마이크로 폼 클렌저 100ml,29400,24.0,0.0,94.0,39.76,57.31,0.35,43,실측
A000000235516,클렌징폼_젤,아이소이,[로즈PDRN/촉촉광채] 아이소이 브라이트닝 팩 클렌징 폼 125ml,19190,32.0,6.0,76.0,38.43,39.9,10.5,365,실측
A000000236410,클렌징폼_젤,더페이스샵,[브러시증정/수분진정] 미감수 약산성 클렌징 밀크앤폼(단품/기획),20700,51.0,7.0,85.0,42.54,53.09,6.56,485,실측
A000000236437,클렌징폼_젤,랑콤,랑콤 클라리피끄 포어 리파이닝 클렌징 폼 125ml,62900,20.53,30.42,67.34,58.22,21.58,21.03,5,예측
A000000236502,클렌징폼_젤,숨37,[NEW] 숨37 월레스와 그로밋 콜라보 기획 4종,33600,11.0,25.0,57.0,38.16,62.88,4.73,1155,실측
A000000236673,클렌징폼_젤,아누아,[수지pick/단독기획] 아누아 피디알엔 히알루론산 수분 클렌징폼 150ml 기획 (+피디알엔 패드 2매입*2EA),12900,43.0,3.0,66.0,41.02,62.43,1.37,886,실측
A000000236941,클렌징폼_젤,포인트앤,[NEW] 포인트앤 비타 로즈 세럼잼 팩클렌저 100g,17920,49.0,6.0,83.0,27.53,54.46,8.12,295,실측
A000000236942,클렌징폼_젤,포인트앤,[NEW] 포인트앤 비타 로즈 휩 클렌징폼 200g,10430,30.19,16.07,66.64,29.51,42.56,18.01,10,예측
A000000236972,클렌징폼_젤,지피덤,[장벽진정] 지피덤 셀트리온EGF 스킨베리어 클렌징폼 120ml,16800,36.0,6.0,94.0,25.5,66.18,5.42,119,실측
A000000237650,클렌징폼_젤,아이소이,[로즈PDRN] 아이소이 브라이트닝 팩 클렌징폼 125ml 기획 (+잡티세럼 10ml),19190,42.0,6.0,74.0,32.98,23.34,28.29,1098,실측
A000000238598,클렌징폼_젤,우노,[유분/딥클렌징] 우노 휩 워시 블랙 130g,9800,37.67,7.91,77.25,33.67,53.88,6.03,22,예측
A000000240031,클렌징폼_젤,파파레서피,"파파레서피 젤라또 팩클렌저 100ml 4종 (라이스,가지,티트리,센텔라)",16000,23.0,13.0,81.0,51.04,49.83,11.43,108,실측
A000000242749,클렌징폼_젤,빌리프,빌리프 프라블럼 솔루션 비건 클렌징 폼 100ml,22330,38.0,10.0,79.0,52.46,46.83,3.37,73,실측
A000000244488,클렌징폼_젤,폰즈,폰즈 모공 타이트닝 매듭 팩클렌저 150ml,13900,26.0,23.0,64.0,21.11,38.59,28.94,2580,실측
A000000244573,클렌징폼_젤,가쉬,가쉬 뮤신 베라 제로 비건 클렌저 210ml,28000,26.88,14.01,71.34,62.41,36.51,0.0,4,예측
A000000244694,클렌징폼_젤,키엘,[NEW] 키엘 훼이셜 퓨얼 인비고레이팅 페이스 워시 250ml,37820,30.37,10.82,75.93,48.65,47.36,6.37,1,예측
A000000245081,클렌징폼_젤,디퍼,[두유세안/팩클렌저] 디퍼 소이큐브 엑소리페어 두유 팩투폼 클렌저 120ml,17400,31.0,12.0,87.0,46.1,48.25,5.75,52,실측
A000000245904,클렌징폼_젤,토르홉,[블랙헤드/수분탄력] 토르홉 카모스 블랙 소금거품 클렌저 130g 기획 (+무민 여행용 파우치),18600,21.0,21.0,44.0,55.25,40.92,8.34,6141,실측
A000000247841,클렌징폼_젤,BOHO,보호 하이퍼 딥 클렌징 젤 150ml,25000,29.2,15.12,67.3,49.46,46.8,10.85,21,예측
A000000247851,클렌징폼_젤,비페스타,[피지쏙폼] 비페스타 클렌징폼 오일 클리어 더블기획 (130g+130g),24000,0.0,65.0,60.0,32.62,52.59,4.28,211,실측
A000000248337,클렌징폼_젤,듀이트리,[약산성/쿨링진정] 듀이트리 AC 딥 진정 폼클렌저 150ml,14400,10.0,20.0,40.0,65.22,52.43,1.0,112,실측
A000000248602,클렌징폼_젤,CKD,CKD 청매실 AHABHA 피지제로 팩솝 클렌저 130g,14900,44.0,11.0,80.0,48.93,37.31,10.79,45,실측
A000000250293,클렌징폼_젤,비오템,[NEW] 비오템옴므 아쿠아파워 아미노 클렌저 125ml,45050,22.39,20.05,70.34,58.06,22.37,19.74,11,예측
A000000251426,클렌징폼_젤,폰즈,폰즈 모공 타이트닝 매듭 팩클렌저 150ml 더블기획 (+15ml 증정),29000,27.0,22.0,64.0,21.11,38.59,28.94,3289,실측
A000000251578,클렌징폼_젤,아페리레,[1분쿨링/노폐물OUT] 아페리레 비 프로즌 빙하토 포어 팩 투 폼 클렌저 120g,14500,16.0,15.0,84.0,49.24,33.62,22.48,171,실측
A000000251951,클렌징폼_젤,인포디플러스,인포디플러스 엑세스피316 젤 클렌저 125ml,33000,39.0,15.0,99.0,32.96,62.74,0.0,271,실측
A000000253098,클렌징폼_젤,센카,[NEW/수분클렌징] 센카 퍼펙트 휩 페이셜 워시 FA 120g,9800,38.0,20.0,71.0,26.05,62.56,8.33,561,실측
A000000253107,클렌징폼_젤,센카,센카 퍼펙트 휩 페이셜 워시 FA 120g 2입,17600,25.54,22.61,64.49,26.05,62.56,8.33,8,예측
A000000253112,클렌징폼_젤,센카,센카 퍼펙트 휩 화이트 클레이 FA 120g,7500,24.0,26.0,50.0,28.74,54.71,8.09,297,실측
A000000253113,클렌징폼_젤,센카,[NEW/여행용] 센카 퍼펙트 휩 화이트 클레이 FA 50g,4900,38.0,8.0,67.0,28.74,54.71,8.09,63,실측
A000000253119,클렌징폼_젤,센카,[약산성] 센카 퍼펙트 휩 로우 pH 카밍 시카 100g,8600,33.0,12.0,73.0,42.23,52.69,2.8,3339,실측
A000000254922,클렌징폼_젤,바닐라코,[NEW/속눈썹전용] 바닐라코 오일프리 래쉬 클렌저 45ml (+전용 브러쉬 2종),12480,39.63,7.99,75.53,28.12,51.26,16.33,9,예측
A000000255135,클렌징폼_젤,라운드랩,[약산성/더블] 라운드랩 1025 독도 클렌저 120ml 더블 기획,19000,33.0,9.0,70.0,32.28,71.81,0.16,5152,실측
A000000255982,클렌징폼_젤,플리프,[30초 모공청소] 플리프 PDRN 포어엑스 차콜비드 팩클렌저 150ml,25000,22.65,25.6,56.45,59.49,27.03,16.76,0,예측
A000000256096,클렌징폼_젤,피캄,"[한정기획/피지,노폐물 강력흡착] 피캄 홀리바질 그린캡슐 팩투폼 클렌저 120ml 기획 (+미니언즈 손목세안밴드 증정)",16800,25.89,23.6,59.93,57.88,58.27,10.42,6,예측
A000000257311,클렌징폼_젤,토리든,[NEW] 토리든 밸런스풀 시카 포어 컨트롤 팩 클렌저120ml,14700,30.39,16.42,79.02,56.55,44.55,0.89,8,예측
A000000257744,클렌징폼_젤,수이사이,[NEW/깐달걀효소폼클렌저] 수이사이 뷰티 클리어 효소 페이스트 워시 120g,17010,28.21,17.68,63.17,46.03,19.46,34.64,2,예측
A000000259043,클렌징폼_젤,바이오더마,바이오더마 세비엄 젤 무쌍 200ml,20000,15.0,41.0,77.0,41.09,51.12,2.93,5426,실측
A000000259466,클렌징폼_젤,투비건,투비건 컬러푸드시리즈 블루 밸런싱 폼클렌저 150ml,15200,16.43,33.13,56.04,46.29,50.6,0.74,0,예측
A000000259633,클렌징폼_젤,아로셀,[피지흡착/촉촉세안] 아로셀 슈퍼 콜라겐 앰플 팩 투 폼 클렌저 120g,21300,36.98,10.67,70.44,28.01,47.95,27.04,12,예측
A000000259760,클렌징폼_젤,비오템,비오템옴므 티쀼르 어드밴스드 클렌저 125ml (온),45050,20.49,23.69,67.55,61.09,24.94,4.49,0,예측
A000000260490,클렌징폼_젤,비브리즈,비브리즈 서울 인삼 팩클렌저 120g,19600,41.0,19.0,97.0,42.9,44.45,6.63,32,실측
A000000261421,클렌징폼_젤,센카,[리뉴얼/버블클렌저] 센카 퍼펙트 휩 스피디 FA 150ml,13800,25.55,20.18,64.9,30.62,55.79,4.67,4,예측
A000000261557,클렌징폼_젤,아리얼,아리얼 애플 사이다 휘핑 크림 클렌저 200ml 기획 (+30ml),16800,0.0,0.0,0.0,53.32,54.09,6.45,3257,실측
B000000145804,클렌징폼_젤,맥스클리닉,[블랙헤드 브러시 증정] 맥스클리닉 로즈 비타민 브라이트닝 오일폼 110g,14400,11.0,11.0,56.0,40.65,57.4,4.77,112,실측
B000000145806,클렌징폼_젤,맥스클리닉,[블랙헤드 브러시 증정] 맥스클리닉 퓨리티톡 브라이트닝 오일폼 110g,14400,29.0,0.0,100.0,23.64,84.91,4.88,80,실측
B000000198681,클렌징폼_젤,맥스클리닉,[클렌징 오일 30g + 폼30g 증정] 맥스클리닉 퓨리티톡 브라이트닝 오일폼 310g,31050,43.86,7.38,74.01,20.38,78.14,5.16,27,예측
B000000198682,클렌징폼_젤,맥스클리닉,[클렌징 오일 30g + 폼30g 증정] 맥스클리닉 로즈 비타민 브라이트닝 오일폼 310g,31050,0.0,0.0,0.0,33.78,64.07,3.7,37,실측
B000000217180,클렌징폼_젤,맥스클리닉,[클렌징오일+폼 샘플 증정] 맥스클리닉 포어리스 딥 클렌징폼 150g,11900,29.97,20.13,75.78,50.94,42.02,6.73,15,예측
B000000223853,클렌징폼_젤,블랙몬스터,블랙몬스터 머드 팩 앤 클렌징 폼,13500,22.09,26.73,61.33,51.35,25.04,22.76,2,예측
A000000212951,클렌징폼_젤,모나이트,모나이트 오트밀 블렌디드 크림 클렌저 100g,18500,19.0,14.0,56.0,44.01,46.14,4.28,97,실측
A000000249797,클렌징폼_젤,비플레인,[말끔모공/ 대용량] 비플레인 녹두 약산성 클렌징폼 160ml 더블 기획,23900,29.0,15.0,66.0,49.19,40.49,1.73,28237,실측
A000000249000,클렌징폼_젤,바이오던스,[1+1/한정기획] 바이오던스 콜라겐 팩 투 폼 클렌저 150ml 2입 기획,21900,40.0,10.0,70.0,41.42,41.74,7.69,2012,실측
A000000260486,클렌징폼_젤,비브리즈,비브리즈 부산 딸기 찹쌀떡 팩클렌저 120g,19600,25.0,18.0,93.0,46.31,43.39,7.01,102,실측
A000000002878,클렌징폼_젤,아크네스,아크네스 포밍워시 200㎖,9900,14.0,31.0,69.0,46.99,40.56,16.97,3708,실측
A000000006022,클렌징폼_젤,이아소,닥터이아소 스킨케어 포 맨 멀티 액션 폼 클렌저,22000,17.0,19.0,60.0,48.31,44.28,6.67,47,실측
A000000010482,클렌징폼_젤,라로슈포제,라로슈포제 똘러리앙 퓨리파잉 포밍 클렌저 125ml,31000,20.0,17.0,70.0,44.96,47.16,4.21,3133,실측
A000000015861,클렌징폼_젤,데저트 에센스,[리뷰이벤트]데저트에센스 클린 페이스워시 - 오리지널,15900,23.0,19.0,84.0,38.05,52.28,0.3,89,실측
A000000105753,클렌징폼_젤,참존,참존징코 내츄럴 클렌징폼 더블 기획 (180ml+180ml),14500,20.0,15.0,61.0,39.43,51.5,5.48,414,실측
A000000114267,클렌징폼_젤,라로슈포제,라로슈포제 에빠끌라 딥 클렌징 포밍 크림,30000,7.0,49.0,62.0,67.07,26.41,3.75,2179,실측
A000000128108,클렌징폼_젤,닥터자르트,닥터자르트 컨트롤에이 티트리먼트 클렌징 폼 120ml,24000,14.0,30.0,70.0,81.13,24.28,0.0,373,실측
A000000131508,클렌징폼_젤,케어존,케어존 약산성폼 30ml,2000,28.0,11.0,59.0,36.09,47.08,17.8,3358,실측
A000000134573,클렌징폼_젤,케어존,케어존 약산성폼 더블 기획 (200ml+200ml),22000,29.0,10.0,68.0,36.09,47.08,17.8,2352,실측
A000000144371,클렌징폼_젤,아비브,아비브 카밍 페이셜 솝 어성초 스톤 100g,9800,21.0,20.0,72.0,34.79,64.86,2.08,851,실측
A000000147008,클렌징폼_젤,리우젤,리우젤 아스트리젠트 폼 토너 200ml,29000,23.75,17.69,66.09,50.8,51.9,0.0,2,예측
A000000147867,클렌징폼_젤,메디필,메디필 더치 티 버블클렌저 160ml,16800,32.0,9.0,70.0,54.53,52.68,0.0,99,실측
A000000152926,클렌징폼_젤,나이팅게일,[초미세먼지세정/약산성/저자극] 나이팅게일 데일리더마 클렌징폼 마일드 애씨드 1+1,13500,49.0,9.0,84.0,43.42,44.25,2.3,69,실측
A000000153028,클렌징폼_젤,마녀공장,마녀공장 약산성 퓨리파잉 소다폼 150ml,12500,28.0,13.0,65.0,60.41,35.18,1.57,3015,실측
A000000153714,클렌징폼_젤,잇퍼,잇퍼 에브리데이 밸런싱 약산성 쑥쑥 클렌징폼 120ml,13500,29.0,9.0,97.0,56.73,52.3,0.32,101,실측
A000000155001,클렌징폼_젤,아크네스,아크네스 클리어&화이트 크리미 워시 100g,13500,25.0,22.0,62.0,47.91,27.57,24.99,423,실측
A000000155190,클렌징폼_젤,하다라보,하다라보 히아풀베리어 수딩 클렌징 젤 150g,16000,46.0,3.0,70.0,40.78,58.94,1.1,145,실측
A000000156410,클렌징폼_젤,수이스킨,수이스킨 맑은 아보밥 비누 100g,11200,33.0,11.0,93.0,51.61,60.26,0.0,532,실측
A000000157682,클렌징폼_젤,블리블리,블리블리 찹쌀떡 딥 클렌저 140ml,17000,33.7,13.5,60.76,32.39,39.14,9.1,12,예측
A000000160397,클렌징폼_젤,닥터지,[진정/민감성] 닥터지 레드 블레미쉬 포맨 젠틀 클렌징 폼 150ml,12000,22.0,17.0,62.0,65.68,37.59,0.0,1498,실측
A000000161574,클렌징폼_젤,스킨1004,스킨1004 마다가스카르 센텔라 앰플 폼 125ml,14450,37.0,11.0,82.0,63.0,41.4,0.21,1157,실측
A000000163430,클렌징폼_젤,아크웰,[1+1/올영단독]아크웰 피에이치 밸런싱 수딩 클렌징 폼 더블 기획 (150ml+150ml),16200,30.0,11.0,70.0,55.04,51.09,0.92,875,실측
A000000172130,클렌징폼_젤,AHC,AHC 에센스케어 클렌징폼 에메랄드 듀오세트,14000,30.0,14.0,78.0,38.76,40.46,11.64,281,실측
A000000173944,클렌징폼_젤,토리든,토리든 다이브인 저분자 히알루론산 클렌징 폼 150ml,10500,45.0,10.0,73.0,31.31,61.32,3.91,285,실측
A000000174518,클렌징폼_젤,랩시리즈,[대용량] 랩시리즈 멀티 액션 훼이스 워시 200ml,82000,25.0,25.0,47.0,48.75,40.17,10.69,32,실측
A000000174793,클렌징폼_젤,일소,[미세버블/저자극] 일소 센서티브 버블 릴렉싱 클렌저 200g,22000,37.0,12.0,73.0,48.37,36.76,0.0,348,실측
A000000181234,클렌징폼_젤,멘톨로지,멘톨로지 슈퍼쿨 클렌징폼 140ml,20000,6.0,49.0,40.0,55.74,27.71,1.55,67,실측
A000000183360,클렌징폼_젤,메디필,[모공딥클렌저] 메디필 레드 락토 콜라겐 클리어 폼 2.0,13200,14.0,29.0,61.0,27.23,38.76,21.87,1034,실측
A000000183816,클렌징폼_젤,차앤박,차앤박(CNP) 하이드로세라 퍼펙트 베리어 클렌저 1+1 기획(2304),12900,34.0,8.0,60.0,26.62,63.43,2.35,739,실측
A000000186944,클렌징폼_젤,아리얼,아리얼 애플사이다 휘핑 크림 클렌저 100ml,24000,22.0,17.0,75.0,54.85,54.94,7.63,1090,실측
A000000187682,클렌징폼_젤,포인트앤,[1+1/모든 원료 비건] 포인트앤 딥 클린 휩 클렌징 폼 120g 1+1 기획,10000,17.0,21.0,56.0,28.13,55.67,2.97,988,실측
A000000188224,클렌징폼_젤,씨드비,씨드비 이슬로 페이셜 이슬솝 100g,12900,28.0,13.0,89.0,31.68,61.23,2.59,858,실측
A000000189014,클렌징폼_젤,후시다인,후시다인 더마 트러블 버블 클렌저 155g,22000,34.0,19.0,82.0,71.62,33.31,2.09,206,실측
A000000190417,클렌징폼_젤,런드리유,[쿨링/단독기획] 런드리유 클린 페이스 가글 젤투폼 클렌저 스트롱 160g+모공브러쉬 (+여행용*2ea),18700,23.0,35.0,67.0,49.34,50.87,1.13,15518,실측
A000000191446,클렌징폼_젤,달팡,달팡 인트랄 에어 무스 클렌저 125ml,26440,19.77,24.59,64.43,63.24,32.03,4.67,4,예측
A000000192138,클렌징폼_젤,런드리유,런드리유 클린 페이스 가글 젤투폼 클렌저 스트롱 160g,19800,23.0,36.0,67.0,49.34,50.87,1.13,88,실측
A000000192281,클렌징폼_젤,아비브,[약알칼리성] 아비브 딥 클린 폼 클렌저 수분초 히알루론 폼 250ml,21000,26.0,18.0,70.0,36.45,66.23,1.38,2689,실측
A000000199065,클렌징폼_젤,콴디,콴디 퓨어 어니스티 모닝 클렌저 150ml *,25000,32.0,10.0,96.0,55.07,45.61,1.53,643,실측
A000000199066,클렌징폼_젤,콴디,콴디 플러피 클라우드 버블팩 클렌저 200ml *,25000,30.0,13.0,97.0,51.5,36.54,3.01,64,실측
A000000199656,클렌징폼_젤,슬로소피,슬로소피 더 세럼 클렌저 150ml,32000,37.0,11.0,83.0,46.23,46.84,7.73,136,실측
A000000199976,클렌징폼_젤,달팡,달팡 인트랄 클렌징밀크 200ml,28690,27.26,13.91,69.99,20.53,46.07,21.72,1,예측
A000000200460,클렌징폼_젤,닥터벨머,닥터벨머 아미노클리어 아크네 버블 폼 클렌저 150ml,8500,22.0,18.0,80.0,64.12,32.94,5.19,318,실측
A000000203872,클렌징폼_젤,VT,VT 리들샷 클렌저 80ml,16100,30.0,16.0,45.0,47.42,44.95,5.72,122,실측
A000000204411,클렌징폼_젤,아리얼,[시나모롤 핸디톡증정] 아리얼 애플사이다 휘핑 크림 클렌저 100ml 기획,24000,28.0,17.0,63.0,54.85,54.94,7.63,1325,실측
A000000205090,클렌징폼_젤,라운드랩,[더블] 라운드랩 소나무 진정 시카 클렌저 100ml+100ml,28000,18.0,31.0,66.0,59.74,27.36,0.0,6581,실측
A000000205334,클렌징폼_젤,뉴트로지나,[저자극장벽케어] 뉴트로지나 딥클린 젠틀 포밍 클렌저 150g 기획(+100g),12900,29.0,12.0,65.0,28.59,65.38,5.51,1098,실측
A000000205860,클렌징폼_젤,닥터자르트,닥터자르트 더마클리어 피에이치 폼 클렌저 120ml,25000,41.0,7.0,77.0,33.56,51.67,3.41,44,실측
A000000205938,클렌징폼_젤,디마르3,[균제거 클렌저] 디마르3 DX 시타 듀 젤 클렌저 2.0 225g,28600,21.0,22.0,82.0,58.27,39.94,0.0,591,실측
A000000206421,클렌징폼_젤,더바디샵,더바디샵 티트리 3-in-1 워시 스크럽 마스크 125ML,27550,17.26,32.49,54.48,61.94,9.17,16.27,10,예측
A000000207124,클렌징폼_젤,아렌시아,[피지각질 매끈피부] 아렌시아 떡솝 프레시 로얄 블루 히솝 클렌저 120g,19500,29.0,19.0,65.0,38.93,45.4,7.83,282,실측
A000000207126,클렌징폼_젤,아렌시아,[블랙헤드 모공세정] 아렌시아 떡솝 프레시 그린 클렌저 120g,19500,30.0,18.0,64.0,59.32,44.63,3.96,3595,실측
A000000207128,클렌징폼_젤,아렌시아,아렌시아 그린 아르티장 클렌저 120g,29400,35.0,8.0,61.0,33.57,44.76,7.02,242,실측
A000000207267,클렌징폼_젤,메이크프렘,메이크프렘 세이프 미 아미노 리프레시 클렌징폼 150ml,18000,23.0,30.0,71.0,31.87,54.92,3.8,1140,실측
A000000208733,클렌징폼_젤,스콧해미쉬,스콧해미쉬 블루 프리덤 캡슐 클렌징폼 150ml,17500,23.57,30.58,64.46,52.84,29.02,12.78,7,예측
A000000208792,클렌징폼_젤,닥터자르트,닥터자르트 더마클리어 클렌징폼 120ml,9900,49.0,10.0,66.0,26.97,54.93,8.96,41,실측
A000000210018,클렌징폼_젤,로우퀘스트,로우퀘스트 베리어 인핸싱 클렌저 190ml,12500,61.0,4.0,81.0,45.15,51.03,0.64,104,실측
A000000211194,클렌징폼_젤,아누아,아누아 어성초 석시닉 모이스처 클렌징폼 150ml,13500,38.0,10.0,70.0,55.16,35.4,8.26,128,실측
A000000212025,클렌징폼_젤,벨프리모,벨프리모 안티크네 약산성 젤클렌저 125g 기획 (+30g),19900,22.0,21.0,80.0,54.53,49.51,5.25,563,실측
A000000212153,클렌징폼_젤,이즈앤트리,[이즈앤트리X몰티즈] 이즈앤트리 어니언 뉴페어 클렌징폼 150ml 기획 (+스마트톡),18000,16.0,32.0,64.0,35.35,59.59,9.57,4443,실측
A000000212954,클렌징폼_젤,모나이트,모나이트 로즈오일 블렌디드 크림 클렌저 100g,24000,26.13,23.86,61.49,42.31,53.17,6.62,16,예측
A000000215551,클렌징폼_젤,앰플엔,앰플엔 아크네샷 폼 클렌저 150ml,6430,61.0,12.0,93.0,80.61,19.93,0.3,57,실측
A000000216235,클렌징폼_젤,아크네스,[모공케어] 아크네스 모공 클리어 젤 클렌저 125ml 기획(+50ml),10800,21.0,20.0,62.0,67.56,28.68,2.8,1727,실측
A000000219146,클렌징폼_젤,에르쯔틴,에르쯔틴 리제너레이티브 실트 클렌징 폼 150ml,19500,36.18,13.12,77.16,45.85,64.88,0.21,11,예측
A000000222605,클렌징폼_젤,비플레인,[천만돌파/1+1] 비플레인 녹두 약산성 클렌징폼 160ml+160ml 기획,26000,29.0,15.0,71.0,49.19,40.49,1.73,24744,실측
A000000223236,클렌징폼_젤,식물나라,식물나라 뽀얀쌀 맑은 클렌징 폼 120ml 단품/1+1기획,9200,41.0,9.0,66.0,55.24,55.59,1.77,2032,실측
A000000225274,클렌징폼_젤,닥터지,[NEW/딱풀팩] 닥터지 그린딥 포어 아보카도 팩 투 폼 150ml,18000,18.0,26.0,53.0,47.74,43.04,6.47,74,실측
A000000225872,클렌징폼_젤,뉴트로지나,[산뜻개운/딥클린/온라인단독] 뉴트로지나 딥클린 포밍 클렌저 100g 2입,14900,18.0,23.0,56.0,44.31,45.1,7.96,132,실측
A000000225964,클렌징폼_젤,일리윤,[피지각질+선크림 말끔세정] 일리윤 젠틀 딥 페이셜 클렌저 250ML,16800,32.0,15.0,78.0,39.2,62.37,0.0,100,실측
A000000227293,클렌징폼_젤,런드리유,[단독기획] 런드리유 클린 페이스 가글 젤투폼 클렌저 마일드 160g+30g,18700,43.0,22.0,92.0,48.07,62.66,2.76,618,실측
A000000228853,클렌징폼_젤,아크네스,[여드름기능성/뽀득폼] 아크네스 퍼펙트 솔루션 폼클렌저 200mL 마루에디션 (+마루키링 2종 랜덤증정),10800,19.0,35.0,61.0,55.08,42.66,6.04,3325,실측
A000000228854,클렌징폼_젤,아크네스,[매끈모공/약산성] 아크네스 모공 클리어 젤 클렌저 125mL 마루에디션 (+마루파우치 2종 랜덤증정),10800,26.0,21.0,69.0,67.56,28.68,2.8,1157,실측
A000000229229,클렌징폼_젤,아임프롬,[각질순삭/쿨링] 아임프롬 애프리콧 셔벗 팩클렌저 120g,24000,24.59,26.69,76.17,56.28,28.72,10.69,2,예측
A000000231666,클렌징폼_젤,휩드,휩드 비건 팩클렌저 25g 3종 (머그트리/무화버터/유자몽),7000,33.0,13.0,59.0,52.33,25.92,16.94,164,실측
A000000232019,클렌징폼_젤,아렌시아,[30g증정 한정기획] 아렌시아 프레시 로얄 블루 히솝 클렌저 120g 기획 (+그린 클렌저 30g),19500,28.0,17.0,54.0,57.61,45.64,4.38,435,실측
A000000232027,클렌징폼_젤,아렌시아,[50g증정/한정기획] 아렌시아 라이스 LHA 딥 포어 떡솝 클렌저 150g 기획 (+그린티 50g),22400,33.0,15.0,68.0,69.38,36.99,0.0,346,실측
A000000232107,클렌징폼_젤,리덴스,[데일리&스페셜케어] 리덴스 청포도 젤라또 포어 팩클렌저 100mL,25900,35.0,21.0,90.0,64.63,18.87,25.17,105,실측
A000000236412,클렌징폼_젤,더페이스샵,더페이스샵 미감수 브라이트 클렌징폼 150ml 2입 기획(+다이노탱 헤어핀),12000,28.0,6.0,56.0,24.16,35.08,21.6,36,실측
A000000236648,클렌징폼_젤,아크네스,[풍성산뜻거품세안] 아크네스 포밍워시 200mL 리필 기획 (+리필200ml+포하오일2mL2매),15600,20.0,23.0,71.0,46.99,40.56,16.97,701,실측
A000000236982,클렌징폼_젤,원더바스,[성한빈 PICK 오토 버블] 원더바스 레몬청 팩클렌저 200ml,15200,37.0,11.0,87.0,35.78,67.31,4.7,2812,실측
A000000238291,클렌징폼_젤,아렌시아,[2025어워즈]아렌시아 그린티 LHA 딥 포어 떡솝 클렌저 150g 어워즈 한정기획(+프레시떡솝15g 3종+스크런치),22400,31.0,18.0,61.0,62.93,52.42,6.84,7184,실측
A000000247451,클렌징폼_젤,아렌시아,[피지쏙/클밤15g증정기획] 아렌시아 그린티 LHA 딥 포어 떡솝 클렌저 150g 기획 (+클렌징밤 3g*6개),22400,25.0,18.0,51.0,60.27,40.77,14.03,4593,실측
A000000251116,클렌징폼_젤,뉴트로지나,[모공딥톡스/트러블케어] 뉴트로지나 딥클린 아크네 포밍 클렌저 100g 1+1 기획 (+10g*2개),11800,17.0,26.0,60.0,46.88,38.18,3.45,2089,실측
A000000251313,클렌징폼_젤,비건이펙트,[모공순싹 탱글젤]비건이펙트 청보리 라하 젤 클렌저 205ml 기획 (+클렌징오일 20g) *,20000,36.0,12.0,65.0,57.06,38.02,3.18,6551,실측
A000000262663,클렌징폼_젤,더페이스샵,더페이스샵 미감수 브라이트 클렌징폼 150ml,4980,29.7,10.98,66.02,24.16,35.08,21.6,7,예측
A000000146512,티슈_패드,아리얼,[1등 클렌징 티슈] 아리얼 더 퍼펙트 클렌징 티슈 플러스 100매,6400,23.0,13.0,51.0,37.71,43.69,13.69,36658,실측
A000000013302,티슈_패드,비페스타,[폼증정] 비페스타 클렌징티슈 브라이트닝 46매 (모공&각질),6900,22.0,18.0,59.0,33.56,60.85,8.34,12052,실측
A000000147672,티슈_패드,아리얼,[1등 클렌징 티슈] 아리얼 더 퍼펙트 클렌징 티슈 플러스 20매,1900,23.0,13.0,46.0,33.36,53.97,12.93,37712,실측
A000000170538,티슈_패드,식물나라,식물나라 제주 탄산수 딥 클렌징티슈 (20매/80매/100매/더블),4300,23.0,13.0,49.0,38.01,60.25,2.35,32894,실측
A000000136713,티슈_패드,셀리맥스,[낱장포장/파우치필수템] 셀리맥스 수정화장 패드 30매,12800,24.0,14.0,51.0,57.48,31.71,10.25,3283,실측
A000000160578,티슈_패드,클라뷰,클라뷰 리얼 비건 퀵 클렌징 패드 50매,9800,29.0,9.0,69.0,47.3,56.91,0.06,1108,실측
A000000102967,티슈_패드,나이팅게일,[딥클렌징/모공&각질] 나이팅게일 데일리더마 클렌징패드 마일드 (70매),11000,29.0,12.0,54.0,47.75,50.43,9.32,3015,실측
A000000179865,티슈_패드,정샘물,정샘물 더블 클린 수정 화장 패드 20매,13600,25.0,15.0,66.0,52.31,37.06,5.14,364,실측
A000000149066,티슈_패드,아리얼,[1등 클렌징 티슈] 아리얼 더 퍼펙트 클렌징 티슈 플러스 더블기획 (100매x2개입),19800,22.0,13.0,54.0,33.36,53.97,12.93,5518,실측
A000000128591,티슈_패드,비페스타,비페스타 클렌징티슈 세럼 모이스트 더블기획 (46매+46매),18000,36.0,6.0,63.0,38.63,55.31,8.57,359,실측
A000000186362,티슈_패드,SRB,SRB 쌀뜨물 미강 클렌징 패드 60매,15900,35.0,14.0,84.0,59.39,32.46,9.45,296,실측
A000000257814,티슈_패드,폰즈,[리무버 맛집] 폰즈 클리어 스파 마일드 리무빙 클렌징 티슈 100매,6400,26.0,13.0,61.0,42.6,61.63,0.0,614,실측
A000000141661,티슈_패드,나이팅게일,[미세먼지세정/약산성/저자극] 나이팅게일 데일리더마 클렌징패드 마일드 애씨드 70매 (10매 증정),14000,40.0,9.0,61.0,49.71,48.39,6.03,1160,실측
A000000137298,티슈_패드,키노닉스,[딥클렌징/모공세정] 키노닉스 카모 원스텝 클렌징 패드 70매,13900,33.0,9.0,69.0,52.23,41.43,6.46,812,실측
A000000125016,티슈_패드,비페스타,비페스타 클렌징티슈 브라이트닝 더블기획 (46매+46매),13500,22.0,16.0,63.0,33.56,60.85,8.34,564,실측
A000000213922,티슈_패드,포인트앤,[올영단독100매] 포인트앤 딥 클린 올킬 클렌징티슈 100매,11900,24.0,11.0,52.0,26.13,73.04,7.81,7922,실측
A000000183941,티슈_패드,아리얼,[한장클렌징]아리얼 더 퍼펙트 클렌징 오일 패드 EX 60매,11800,39.0,9.0,51.0,39.6,49.43,0.35,1787,실측
A000000224806,티슈_패드,아리얼,[딥클렌징듀오] 아리얼 딥 클린 클렌징 스페셜 기획 (클렌징 폼 120ml + 리무버 패드 30매),7300,32.0,12.0,72.0,51.24,47.68,2.0,70555,실측
A000000205062,티슈_패드,비페스타,[폼증정] 비페스타 클렌징티슈 퍼펙트 글로우 46매 (피부광채),6900,29.0,10.0,66.0,32.51,55.39,15.04,648,실측
A000000114711,티슈_패드,비페스타,[폼증정] 비페스타 클렌징티슈 세럼 모이스트 10매입 (휴대용),3800,34.0,8.0,65.0,38.63,55.31,8.57,670,실측
A000000160370,티슈_패드,라운드랩,[간편쓱싹] 라운드랩 1025 독도 클렌징 티슈 30매,4500,26.0,10.0,68.0,37.5,60.36,8.38,556,실측
A000000013305,티슈_패드,비페스타,[폼증정] 비페스타 클렌징티슈 세럼 모이스트 46매 (보습개선),10000,39.0,8.0,64.0,38.63,55.31,8.57,7671,실측
A000000149962,티슈_패드,마녀공장,마녀공장 퓨어 클렌징 티슈 80매,9800,19.0,9.0,50.0,48.81,56.46,7.01,104,실측
A000000200463,티슈_패드,더페이스샵,더페이스샵 미감수 브라이트 클렌징티슈 50매,6000,28.0,12.0,58.0,32.79,65.65,9.13,370,실측
A000000170198,티슈_패드,식물나라,식물나라 제주 탄산수 딥 클렌징 티슈 (20매/80매/100매/200매),4300,24.0,12.0,47.0,38.01,60.25,2.35,24443,실측
A000000006469,티슈_패드,케어존,케어존 닥터솔루션 클렌징 티슈 60매,12000,25.0,11.0,53.0,30.22,60.24,3.7,2777,실측
A000000141025,티슈_패드,해서린,해서린 선셋 원킬 리무버 패드 70매/170ml,10500,45.0,6.0,48.0,31.53,59.82,1.14,520,실측
A000000147835,티슈_패드,비페스타,비페스타 클렌징티슈 브라이트닝 트리플기획 (46매X3),26000,26.0,14.0,64.0,33.56,60.85,8.34,687,실측
A000000149954,티슈_패드,아리얼,아리얼 더 퍼펙트 클렌징 티슈 플러스 트리플 기획 (20매x3개입),5200,21.0,13.0,53.0,33.36,53.97,12.93,727,실측
A000000161466,티슈_패드,비페스타,[폼증정] 비페스타 클렌징티슈 퍼펙트 클리어 46매 (마스카라올킬),10000,33.0,10.0,59.0,36.57,56.11,0.52,3644,실측
A000000164175,티슈_패드,아리얼,[깐달걀피부]아리얼 애플사이다 올 킬 클렌징 버블 패드 60매,16800,9.0,17.0,64.0,61.1,32.17,4.05,283,실측
A000000165718,티슈_패드,센카,센카 올 클리어 시트 프레시 30매,5900,23.0,10.0,56.0,36.9,62.65,0.29,673,실측
A000000172281,티슈_패드,비플레인,비플레인 녹두 약산성 클렌징 워터 티슈 20매,5000,30.0,11.0,58.0,39.7,67.78,11.76,401,실측
A000000172996,티슈_패드,오브제,오브제 원스텝 포어 클렌징시트 135g (32매입),7600,27.0,20.0,80.0,52.3,35.4,3.27,30,실측
A000000175523,티슈_패드,비페스타,비페스타 클렌징티슈 퍼펙트 클리어 트리플기획 (46매X3),26000,31.0,8.0,63.0,36.57,56.11,0.52,104,실측
A000000183960,티슈_패드,궁중비책,궁중비책 마일드 선클렌징 티슈 30매,4700,53.0,4.0,74.0,36.81,33.81,16.65,229,실측
A000000223317,티슈_패드,파파레서피,파파레서피 리얼 센텔라 시카 워터리 클렌징 티슈 100매,7000,27.0,11.0,65.0,43.17,54.07,7.81,203,실측
A000000228829,티슈_패드,한스킨,[무자극/1초클렌징] 한스킨 클렌징패드&블랙헤드 70매,9500,35.0,5.0,51.0,44.22,54.12,2.29,83,실측
A000000236668,티슈_패드,듀이트리,[이지피커/딥클렌징] 듀이트리 픽앤퀵 뜯어쓰는 클렌징 빅 패드 60매,23000,35.0,12.0,69.0,43.53,51.28,1.72,580,실측
A000000236995,티슈_패드,포인트앤,[NEW] 포인트앤 비타 로즈 멀티 클렌징패드 60매,19120,35.26,7.64,62.56,33.8,54.27,10.96,5,예측
A000000237632,티슈_패드,셀리맥스,[초간편클렌징/약산성] 셀리맥스 지우개 원스텝 마일드 클렌징패드 60매 기획 (+10매),20000,30.0,8.0,57.0,34.21,63.46,5.1,326,실측
A000000263715,티슈_패드,식물나라,식물나라 제주 탄산수 딥 클렌징티슈 100매 더블 기획 (온),9800,0.0,0.0,100.0,38.01,60.25,2.35,11103,실측
A000000147836,티슈_패드,비페스타,비페스타 클렌징티슈 세럼 모이스트 트리플기획 (46매X3),18900,36.0,7.0,68.0,38.63,55.31,8.57,441,실측
A000000148208,티슈_패드,라운드랩,[빅사이즈/저자극] 라운드랩 자작나무 수분 클렌징 패드 60매,14900,34.0,9.0,62.0,41.44,59.64,5.25,2376,실측
A000000125546,티슈_패드,비알티씨,[NEW] BRTC 모공 클렌징패드 80매,14850,27.0,12.0,79.0,45.1,71.68,3.41,365,실측
A000000140957,티슈_패드,참존,참존 징코 수딩 앤 클렌징 티슈 70매,11000,25.0,9.0,58.0,50.9,39.69,0.27,1437,실측
A000000162365,티슈_패드,마녀공장,마녀공장 블랙헤드 퓨어 클렌징 오일 킬패드 기획 50매 (+10매 증정),20000,24.0,14.0,51.0,52.3,47.69,6.56,1526,실측
A000000170200,티슈_패드,식물나라,식물나라 제주 탄산수 딥 클렌징티슈 20매X3ea,6600,36.0,13.0,63.0,38.01,60.25,2.35,4985,실측
A000000209125,티슈_패드,에딧비,[모공&각질딥클렌징] 에딧비 조이풀 하트 올인원 클렌징패드 30매,2900,32.0,12.0,63.0,49.27,44.45,3.55,7201,실측
A000000171427,패드,메디힐,[단독기획] 메디힐 더마 패드 200매 대용량 기획 세트 7종 골라담기,28900,39.44,10.59,73.85,42.43,47.32,10.14,78585,예측
A000000258881,패드,코스알엑스,[가나디 콜라보] 코스알엑스 원스텝 오리지널 패드 4종 택 1,19900,47.22,7.03,78.24,30.5,64.18,0.76,1732,예측
A000000255585,패드,스킨푸드,[1+1/한정기획] 스킨푸드 캐롯 카로틴 카밍 워터 패드 60매 더블기획 (+PDRN 패드 2매*3),26200,39.81,10.38,75.18,32.5,54.68,3.31,104891,예측
A000000255682,패드,메디큐브,[1등/아이돌 모공패드] 메디큐브 제로 모공 패드 1+1 140매 리필 기획 (본품70매+리필 70매),28900,24.31,26.09,72.07,61.42,43.15,4.31,12461,예측
A000000173588,패드,토리든,토리든 다이브인/밸런스풀 패드 증정기획 2종 택 1 (+10매 증정)(수분/진정),15300,31.46,15.09,77.68,56.56,38.23,0.77,13519,예측
A000000205435,패드,셀퓨전씨,[핑구콜라보 빙하수쿨링패드] 셀퓨전씨 포스트 알파 쿨링 패드 70매 1+1 기획,24900,31.49,14.56,78.69,58.71,46.86,0.0,11413,예측
A000000171426,패드,메디힐,[87관왕 No.1] 메디힐 더마 토너패드 100매 7종 피부 고민별 골라담기,17900,39.44,10.59,73.85,42.43,47.32,10.14,82874,예측
A000000182630,패드,넘버즈인,[8월올영픽/대용량140매] 넘버즈인 1번 시카 갈아만든 초록패드 70매 리필기획 (+70매 리필),26400,24.26,18.76,74.11,62.16,42.54,0.0,27784,예측
A000000236767,패드,리쥬란,[126매 대용량/올리브영 단독] 리쥬란 포어 타이트닝 토너 패드 60매 더블 한정 기획,37000,31.61,11.37,68.17,27.53,42.37,10.28,2837,예측
A000000114166,패드,스트라이덱스,[각질/피지] 스트라이덱스 센시티브 패드 90매,10420,23.28,17.27,65.21,55.5,32.95,2.98,29529,예측
A000000243162,패드,아누아,[수지pick/올영단독] 아누아 패드 리필 기획 3종(어성초/피디알엔/카테킨),29500,34.5,13.41,66.49,55.51,46.89,3.4,1863,예측
A000000177758,패드,넘버즈인,"[추가증정] 넘버즈인 토너패드 증정 기획 중 택 1(1번, 3번, 5번)",18900,26.55,18.61,69.99,57.38,28.58,16.42,28734,예측
A000000254249,패드,라운드랩,[최초케이스증정] 라운드랩 자작나무 수분 패드 80매 더블기획(+패드 케이스+내장집게),28000,35.3,11.1,76.35,39.75,55.55,0.82,14233,예측
A000000239969,패드,듀이트리,[꿈돌이 콜라보/열감진정] 듀이트리 AC 딥 진정 모공 패드 100매 단품/기획 (+꿈돌이 파우치),20900,30.62,13.59,75.1,50.93,65.81,0.0,15949,예측
A000000223603,패드,더마토리,[양의지PICK/모공케어/리필기획] 더마토리 살리시닉 포어 클리어 블랙 모공 토너패드 70매 기획 (+70매 리필),25300,21.18,27.23,64.99,56.02,41.75,9.15,8764,예측
A000000205870,패드,스트라이덱스,[여드름/좁쌀] 스트라이덱스 맥스플러스패드 55매,10960,22.21,26.94,65.41,58.07,33.15,2.22,8847,예측
A000000229788,패드,구달,[1+1 리필기획] 구달 청귤 비타C 잡티케어 패드 알파 70매 기획 (+70매 리필),26500,30.67,13.04,77.47,35.83,29.86,33.43,1882,예측
A000000215305,패드,바이오던스,[모공탄력/수분진정] 바이오던스 겔 토너 패드 60매 단품/기획(+4매 증정) (콜라겐/세라놀/캐비어 PDRN),19900,38.97,11.77,79.13,35.84,50.24,6.96,7033,예측
A000000161681,패드,메디큐브,[1등모공패드] 메디큐브 제로 모공 패드 2.0 70매,17900,26.86,27.59,74.53,63.38,41.75,3.99,15059,예측
A000000259474,패드,한율,[최초/1+1] 한율 패드 리필 기획 2종 택1 (쑥시카 트러블진정/쑥히알 속수분),26200,32.41,13.47,74.57,43.62,44.61,2.43,6568,예측
A000000255579,패드,스킨푸드,[고민영PICK/한정기획] 스킨푸드 당근 PDRN 속수분 패드 100매 기획 (+10매*3),19200,38.56,10.31,79.38,32.42,49.1,9.63,1632,예측
A000000228902,패드,닥터지,[열감쿨링] 닥터지 레드 블레미쉬 순무 시카 아이싱 패드 60매 리필 기획 (+60매 리필),29000,32.81,12.01,77.64,53.73,54.59,0.0,6127,예측
A000000185115,패드,브링그린,[1분진정] 브링그린 티트리 시카 트러블 수딩 토너패드 90매 (리필/단품),22400,22.44,22.7,67.81,82.53,24.43,1.16,12199,예측
A000000240549,패드,셀리맥스,[민감/여드름피부/토너패드] 셀리맥스 지우개 시카 바하 블레미쉬 토너 패드 60매 기획 (+60매),26500,20.39,24.05,67.68,74.05,31.74,0.0,2637,예측
A000000255685,패드,메디큐브,[쿨링광채]메디큐브 PDRN 핑크 콜라겐 토닝 겔 토너패드 70매 기획(본품70매+겔패드10매),17500,33.55,12.04,76.71,42.07,42.32,0.77,4596,예측
A000000205830,패드,에스네이처,[1등 쿨링진정패드] 에스네이처 아쿠아 오아시스 판테알란 카밍패드 60매,19500,37.51,12.06,77.98,42.87,59.36,0.0,2845,예측
A000000255375,패드,넘버즈인,"[대용량140매] 넘버즈인 토너패드 리필 기획(3번, 5번)",26900,28.42,16.59,70.05,45.27,44.65,6.05,21344,예측
A000000252000,패드,코스알엑스,[리뉴얼/원조패드]코스알엑스 원스텝 패드 100매 4종 중 택1,19900,39.22,6.18,73.96,39.83,54.04,12.86,943,예측
A000000183736,패드,한율,[트러블진정] 한율 어린쑥 5분 트러블진정패드 60+10매 (어린쑥패드),18200,32.41,13.47,74.57,43.62,44.61,2.43,4932,예측
A000000219555,패드,아비브,아비브 어성초 흔적 에센스 패드 클리어터치 70매 리필기획 (+70매 리필),40000,29.54,15.2,71.04,52.8,36.81,5.46,27951,예측
A000000240555,패드,셀리맥스,[수분결광/TXA] 셀리맥스 트라넥삼산 브라이트닝 잡티 패드 80매 기획 (+20매),29500,32.5,20.04,73.37,33.45,37.35,20.77,5932,예측
A000000218547,패드,에스트라,에스트라 에이시카365 쿨링진정패드 pH4.5 60매,23800,29.17,10.77,71.35,53.29,33.18,13.77,1934,예측
A000000219564,패드,구달,[텔레토비 콜라보] 구달 어성초 히알루론 수딩 클리어 패드 70매 리필 기획 (+70매 리필)(+마켓백),26500,34.15,14.02,76.48,49.38,53.87,1.04,3905,예측
A000000255059,패드,빌리프,[8월올영픽/쿨링진정패드] 빌리프 아쿠아 밤 프로즌 프렙 패드 60매 기획 (+30매 리필 증정),24900,49.33,5.76,75.96,23.31,61.9,24.12,719,예측
A000000162037,패드,웰라쥬,[화잘먹패드] 웰라쥬 리얼 히알루로닉 블루 토너 패드 70매 기획 (+원데이키트1ea),18240,39.33,9.19,78.53,27.2,70.3,2.4,3567,예측
A000000227936,패드,셀리맥스,[각질제거/피부결/토너패드] 셀리맥스 어성초 바하 지우개 필링 패드 60매 기획(+10매),11500,29.36,15.09,72.21,51.04,38.42,15.1,1931,예측
A000000225053,패드,니들리,[데토패/각질&요철블러] 니들리 데일리 토너 패드 80매 (+20매 증정기획) (OY단독),24900,27.86,22.83,67.58,58.68,43.88,2.21,7184,예측
A000000114731,패드,스트라이덱스,[각질/피지] 스트라이덱스 센시티브 패드 55매,9260,23.28,17.27,65.21,55.5,32.95,2.98,14811,예측
A000000236862,패드,유이크,[RIIZE앤톤PICK]유이크 바이옴 레미디 포어리셋 쿨링패드 80매,18900,28.49,19.15,71.22,42.54,36.53,13.78,1202,예측
A000000212817,패드,토리든,[1+1] 토리든 패드 다이브인/밸런스풀 리필기획 2종 택 1(수분/진정),38000,34.72,14.99,78.18,60.46,49.57,0.64,5026,예측
A000000202305,패드,듀이트리,[대용량] 듀이트리 픽앤퀵 뜯어쓰는 더블 패드 100매 (화장발/카밍풀/모공탄력/비타광채),17700,29.95,14.74,71.97,61.29,55.62,2.2,1981,예측
A000000248205,패드,아비브,아비브 패드 4종 택 1(어성초/수분초/글루타치온좀/LHA),16800,35.79,13.03,71.84,53.79,40.06,4.59,55443,예측
A000000167392,패드,스킨1004,스킨1004 마다가스카르 센텔라 퀵카밍 패드,22950,32.64,13.21,78.97,44.02,58.01,0.0,2162,예측
A000000203518,패드,피캄,[화해 트러블1위] 피캄 베리어 사이클 토너패드 60매 (+60매 리필기획),26300,21.64,24.86,78.42,73.77,28.52,2.15,717,예측
A000000250772,패드,넘버즈인,[화잘먹] 넘버즈인 3번 모공제로 화잘먹 패드 70매 기획 (+패드 6매+마스크팩 1매),18900,37.96,10.45,68.46,38.91,57.05,11.9,20310,예측
A000000214190,패드,메디큐브,[대용량/미백토닝] 메디큐브 딥 비타 씨 패드 리필기획 (70매+70매),28900,44.94,6.53,74.05,20.33,46.19,30.07,618,예측
A000000167203,패드,셀퓨전씨,[빙하수쿨링패드/화잘먹치트키] 셀퓨전씨 포스트 알파 쿨링 패드 70매 (쿨링/시카 쿨링/비타 쿨링),19000,30.23,14.69,68.6,54.58,29.66,5.71,5908,예측
A000000166709,패드,스킨푸드,[단독기획] 스킨푸드 패드 레시피 11종 모음,17600,40.65,9.86,75.39,40.86,63.87,5.51,119357,예측
A000000233723,패드,식물나라,[녹차패드] 식물나라 어린녹차 촉촉 진정 토너 패드 4매입/80매입,990,34.33,11.5,77.67,53.22,41.19,0.09,1388,예측
A000000253521,패드,브링그린,[NEW/밀착진정] 브링그린 징크테카 트러블 세럼 패드 100매 (리필/단품),28900,42.1,12.93,79.15,37.33,55.95,7.55,329,예측
A000000235348,패드,한율,[우즈PICK][뽑아쓰는패드] 한율 어린쑥 속수분 쑥히알 패드 60매 기획 (+10매),18200,35.74,12.89,76.93,33.81,64.4,0.38,1715,예측
A000000223604,패드,더마토리,[담곰이 에디션/쿨링진정] 더마토리 시카 PDRN 흔적 진정 거즈 패드 70매 리필 기획 (+70매 리필+패드 케이스),25300,31.19,15.68,73.89,47.02,35.96,15.16,2206,예측
A000000259885,패드,셀리맥스,[베스트 토너패드] 지우개패드 기획 3종 택 1,11500,25.31,21.43,71.9,66.31,34.82,0.86,116,예측
A000000187310,패드,한율,[모공청소] 한율 부들밤 모공수축 패드 60매(+10매 기획),18200,41.64,7.52,72.84,22.09,59.02,7.26,1797,예측
A000000169906,패드,듀이트리,[트러블/진정] 듀이트리 AC 딥 진정 모공 패드 60매 기획 (+20매 증정),18000,29.64,13.62,71.71,49.67,61.71,0.01,8639,예측
A000000224995,패드,리쥬란,[모공 c-PDRN/피부결리셋] 리쥬란 더마 힐러 포어 타이트닝 토너 패드 60매 더블 기획(본품 60매+리필 60매),37000,31.61,11.37,68.17,27.53,42.37,10.28,627,예측
A000000202534,패드,구달,[단독기획] 구달 어성초 히알루론 수딩 클리어 패드 70매 (+10매 증정),16900,34.15,14.02,76.48,49.38,53.87,1.04,2652,예측
A000000224490,패드,바이오힐보,[열감진정|밀착겔] 바이오힐보 판테셀 리페어 시카좀 겔링패드 80매,16800,36.2,10.61,72.78,37.04,49.58,11.44,1423,예측
A000000206889,패드,스킨푸드,[5년연속수상/단독기획] 스킨푸드 패드 레시피 3종(본품+30매 리필 기획) (당근/감자/복숭아),21700,30.1,14.2,73.32,54.67,45.45,10.1,1880,예측
A000000218937,패드,셀리맥스,[수분결광/TXA] 셀리맥스 트라넥삼산 브라이트닝 잡티 패드 40매 기획 (+10매),20000,32.5,20.04,73.37,33.45,37.35,20.77,5932,예측
A000000258614,패드,바이오던스,[NEW/양면겔패드] 바이오던스 캐비어 PDRN 듀얼 겔 토너 패드 60매,19900,29.95,14.54,65.87,35.72,45.41,4.66,344,예측
A000000233459,패드,이옴,이옴 트러블 컨트롤 패드 70매,28000,29.41,15.89,71.23,57.2,38.23,3.57,85,예측
A000000243079,패드,리쥬란,[피부결 리셋패드] 리쥬란 더마 힐러 포어 타이트닝 토너 패드 60매 [한정기획(+포어 앰플 2mlX6)/단품],27900,31.17,13.71,65.72,33.54,32.1,19.37,2020,예측
A000000200396,패드,스킨푸드,[열감진정] 스킨푸드 감자 마데카소사이드 수딩 패드 60매,17600,29.89,18.48,73.31,46.67,34.61,21.97,338,예측
A000000153407,패드,아이소이,[빠른진정] 아이소이 아크니닥터 1st 응급진정패드 60매,16600,26.42,14.42,62.16,60.34,30.05,0.0,1460,예측
A000000236291,패드,파티온,[여드름기능성] 파티온 노스카나인 트러블 패드 60매,16500,19.39,29.56,67.41,55.09,36.15,0.0,269,예측
A000000157639,패드,키노닉스,[쿨링진정/모공관리] 키노닉스 양배추 각질 진정 패드 증정 기획 (70매+10매),14900,31.3,15.35,73.43,52.86,61.44,4.98,5054,예측
A000000253631,패드,닥터엘시아,닥터엘시아 스트레치핏 카밍 패드 50매,22500,33.17,15.68,71.82,40.78,54.85,2.0,25,예측
A000000240786,패드,셀리맥스,[미백+결광 토너패드] 모공잡티 토너패드 기획 2종 택 1,20000,31.35,21.75,66.57,38.66,45.69,27.21,1428,예측
A000000206151,패드,이니스프리,[톤업광채] 이니스프리 비타민C 톤업 광채 패드 60매 기획 (+리필 10매),19600,28.54,12.08,66.36,43.19,25.28,33.44,3817,예측
A000000206624,패드,러븀,러븀 위치하젤 히알루론산 토너 패드 60매 (+10매 증정기획),19500,32.39,14.6,74.71,42.11,46.23,4.86,945,예측
A000000155077,패드,더랩바이블랑두,[산뜻진정] 더랩바이블랑두 그린 플라보노이드 2.5 패드 90매 기획 (+12매),18400,27.93,18.44,74.05,56.41,36.92,0.0,4694,예측
A000000230143,패드,한율,[잡티톤업] 한율 달빛유자 비타톤업 애플존 패드 60매 기획 (+10매),18200,30.15,10.28,63.55,36.86,27.07,15.97,460,예측
A000000188750,패드,몰바니,[김재원 PICK] 몰바니 아티초크 수딩 아크네 포어 토너 패드 70매,17900,34.72,13.53,73.31,33.95,35.47,12.45,445,예측
A000000165544,패드,라운드랩,[쿨링/결진정] 라운드랩 소나무 진정 시카 패드 50매,17500,32.1,14.76,72.44,50.21,40.81,3.33,3658,예측
A000000191799,패드,센텔리안24,[기미잡티패드] 센텔리안24 마데카 멜라 캡처 앰플 패드 60매,16900,36.65,9.88,75.94,34.73,47.55,7.65,463,예측
A000000203759,패드,바이오힐보,[모공고민|닦팩토듀얼] 바이오힐보 프로바이오덤 콜라겐 리모델링 세럼 패드 70매,16800,42.11,9.26,75.15,37.83,69.6,3.26,4388,예측
A000000204741,패드,로벡틴,[모공순삭/피지쓱싹] 로벡틴 포어케어 노세범 패드 60매 (+10매 증정기획),13900,29.72,14.38,74.32,48.38,57.5,1.84,1298,예측
A000000200373,패드,아크네스,[진정/각질케어] 아크네스 3초진정 토너패드(+40매 리필기획),13230,24.35,29.55,72.12,61.59,57.63,0.0,678,예측
A000000186925,패드,센텔리안24,[모공/진정] 동국제약 센텔리안24 마데카 리얼 그린 포어 패드 60매 (병풀 패드),28000,33.31,10.7,69.19,32.35,35.3,10.42,34,예측
A000000110262,패드,스트라이덱스,[각질/피지] 스트라이덱스 센시티브 패드 더블 기획 (90매+90매),26700,23.73,18.27,61.78,42.4,37.19,15.95,2782,예측
A000000213955,패드,연작,[화잘먹패드] 연작 스킨 퍼펙팅 글로우 프렙 패드 45매,26600,33.76,11.31,76.68,59.0,46.09,0.0,130,예측
A000000218012,패드,더마토리,[모공케어] 더마토리 살리시닉 포어 클리어 블랙 모공 토너패드 70매 기획 (+휴대용 10매 증정),26000,21.18,27.23,64.99,56.02,41.75,9.15,3619,예측
A000000229334,패드,비플레인,[모공청정/필터패드] 비플레인 녹두 모공 클리어링 필터 패드 70매 (+10매 증정기획),24000,34.4,8.54,65.76,20.97,44.38,19.19,384,예측
A000000209153,패드,아리얼,[여행필수템]아리얼 스트레스 릴리빙 데일리 픽 필링 패드 기획 (30매 x 3개입),10900,22.55,21.09,66.32,70.59,35.74,0.0,1547,예측
A000000175188,패드,파파레서피,파파레서피 가지 클리어링 수분 각질 필링 패드 토너 70매,20000,27.41,16.68,70.88,64.34,37.24,1.14,301,예측
A000000227480,패드,네오젠,[1위/잡티케어/미백] 네오젠 리얼 나이아신아마이드 데일리 마스크 토너 패드 40매 (+10매 증정 기획),19900,29.53,19.82,71.6,53.41,39.79,3.99,396,예측
A000000172635,패드,아드망,[수분진정] 아드망 마린 켈프 아쿠아 모이스처 토너패드 60매,19800,26.08,13.4,69.42,46.82,42.91,3.18,1083,예측
A000000203263,패드,다자연,[5초진정]다자연 어성초 목화솜 토너 패드 더블기획 (80매+80매),19800,32.23,13.46,76.46,50.97,52.51,1.38,11,예측
A000000172634,패드,아드망,[각질케어] 아드망 베르가못 포어 클리어링 토너패드 60매,18800,21.36,18.16,71.51,66.68,25.98,2.41,602,예측
A000000254199,패드,노프랍,[퀵 수분진정] NEW 노프랍 하이드로겔 패드 3종 (콜라겐/수분/모공),18240,36.61,10.5,69.54,31.48,49.22,15.57,320,예측
A000000219408,패드,듀이트리,[트러블/잡티] 듀이트리 AC 딥 진정 패드 2종 택1 (모공/미백),18000,28.26,17.29,71.88,52.42,55.12,0.0,2164,예측
A000000161669,패드,메디큐브,[저자극/모공각질] 메디큐브 제로 모공 패드 마일드 70매,17900,26.26,19.95,66.74,50.28,41.86,5.58,655,예측
A000000175428,패드,메디큐브,[비타민/미백토닝] 메디큐브 딥 비타 씨 패드 70매,17900,44.94,6.53,74.05,20.33,46.19,30.07,320,예측
A000000188794,패드,이즈앤트리,[NCT 재민PICK] 이즈앤트리 어니언 뉴페어 클리어 패드 60매 (+20매 리필 증정기획),17900,40.86,11.45,77.27,34.17,57.61,5.78,7664,예측
A000000253647,패드,스킨푸드,[NEW/고민영PICK] 스킨푸드 당근 PDRN 속수분 패드 100매,17900,38.56,10.31,79.38,32.42,49.1,9.63,747,예측
A000000230574,패드,아이소이,[잡티/미백] 아이소이 브라이트닝 잡티 패드 60매,17800,28.75,14.6,71.27,40.41,34.24,4.82,1606,예측
A000000170181,패드,피캄,[화해 트러블1위] 피캄 베리어 사이클 토너 패드 60매,16900,21.64,24.86,78.42,73.77,28.52,2.15,349,예측
A000000230534,패드,토리든,[NEW] 토리든 셀메이징 비타C 브라이트닝 토닝 패드 70매,16100,32.4,11.49,56.57,21.21,27.77,39.52,18,예측
A000000229519,패드,성분에디터,[모공탄력케어] 성분에디터 그린토마토 NMN 포어 필링 패드 60매,15900,30.1,16.98,71.93,45.05,39.43,4.68,78,예측
A000000209289,패드,네오젠,[광채/수분/탄력] 네오젠 파하 거즈 필링 토너 패드 30매 (3종 택1),12900,32.31,18.23,69.47,57.36,51.05,0.0,1802,예측
A000000107759,패드,나이팅게일,[저자극/각질&피지케어] 나이팅게일 티트리 카밍패드(60매),12000,30.73,17.2,63.86,24.45,31.59,18.55,462,예측
A000000141735,패드,네오젠,[진정패드/대용량] 네오젠 카밍 시카&티트리 진정 토너 패드 90매,11900,37.07,11.79,75.96,44.19,66.87,5.15,1498,예측
A000000208005,패드,비원츠,[여행용패드] 비원츠 시카콜라겐 카밍 토너패드 10매,4050,40.83,9.77,73.34,39.82,50.0,8.27,411,예측
A000000205183,패드,로벡틴,[피지쓱싹/수정화장] 로벡틴 포어케어 노세범 패드 휴대용(20매),5900,29.72,14.38,74.32,48.38,57.5,1.84,1777,예측
A000000110642,패드,비알티씨,BRTC V10 비타민 필링패드 80매,15000,33.2,10.92,70.83,42.06,60.78,8.36,1529,예측
A000000117241,패드,스트라이덱스,[각질/피지] 스트라이덱스 센시티브 패드 트리플 기획 (90매+90매+90매),38400,23.28,17.27,65.21,55.5,32.95,2.98,782,예측
A000000121558,패드,네오젠,[모공청소/피지&각질&블랙헤드 쓱-싹] 네오젠 리얼 참숯 토너 패드 60매,11900,33.32,8.53,67.49,34.97,53.19,21.0,405,예측
A000000131773,패드,스트라이덱스,[각질/피지] 스트라이덱스 센시티브 패드 더블 기획 (55매+55매),18270,23.28,17.27,65.21,55.5,32.95,2.98,2227,예측
A000000141727,패드,네오젠,[리뷰1위/실시간1위] 레몬 광채 필링 토너 패드,12900,29.67,17.32,66.87,49.43,45.57,8.86,1187,예측
A000000141729,패드,네오젠,[광채필링] 와인 탄력필링 토너 패드 30매,12900,30.25,18.6,74.44,47.6,49.81,9.12,205,예측
A000000141730,패드,네오젠,[수분필링] 그린티 모이스트 수분필링 토너 패드 30매,12900,28.55,21.49,71.41,67.9,25.7,4.87,867,예측
A000000146230,패드,셀퓨전씨,[즉각모공축소/데일리필링] 셀퓨전씨 트리악 모공톡스 패드 (60매),14820,34.23,13.17,75.8,52.36,36.05,4.31,1223,예측
A000000147680,패드,마녀공장,마녀공장 비피다 바이옴 앰플 패드 70매,24000,37.09,12.06,77.71,46.71,58.23,0.0,177,예측
A000000158794,패드,파파레서피,파파레서피 티트리 진정 컨트롤 패드 70매,22500,33.55,13.95,66.55,49.66,30.8,2.69,74,예측
A000000160795,패드,라운드랩,[저자극/각질] 라운드랩 1025 독도 패드 70매 기획 (+10매),17500,32.28,11.92,75.28,49.25,55.97,1.06,3395,예측
A000000161656,패드,다자연,[5초진정]다자연 어성초 목화솜 토너 패드 기획 80매,11900,32.23,13.46,76.46,50.97,52.51,1.38,436,예측
A000000167143,패드,더랩바이블랑두,[데일리수분패드]더랩바이블랑두 올리고 히알루론산 7 멀티 포뮬라 패드 60매 기획 (+10매),28000,30.59,15.88,72.0,52.14,41.99,3.45,817,예측
A000000167155,패드,더랩바이블랑두,[산뜻진정/대용량기획] 더랩바이블랑두 그린 플라보노이드 2.5 패드 90매 리필 기획 (+90매),45000,27.93,18.44,74.05,56.41,36.92,0.0,7770,예측
A000000169028,패드,휴캄,휴캄 수분결 토너 패드 90매,13900,27.25,17.12,74.03,51.69,41.29,0.78,693,예측
A000000169031,패드,포밤,포밤 문라이트 토너패드 70매,18900,32.42,13.69,74.89,50.97,51.37,1.99,323,예측
A000000171827,패드,키노닉스,[급속수분충전/화잘먹] 키노닉스 아줄렌 수분 밀착 패드 증정 기획 (80매+10매),16900,35.66,11.9,80.34,40.11,65.36,0.0,1423,예측
A000000172643,패드,시초,[민들레패드] 시초 단델리온 래디언스 세럼 패드 90매,24650,39.19,10.58,75.48,47.24,45.86,3.84,3228,예측
A000000175352,패드,아페리레,[수분진정/화해1위] 아페리레 순수 블루 빙하수 토너 패드 70매,28000,27.66,18.99,71.31,57.24,43.91,1.44,142,예측
A000000176335,패드,제이준,[비건진정대왕패드] 제이준 잇 비건 편백 시카 카밍 패드 50매 (+20매 증정기획),11900,36.58,12.6,78.07,41.4,57.21,1.6,224,예측
A000000181380,패드,에필로우,에필로우 어성초 마데카소사이드 트러블 수딩 패드 100매,15600,36.01,9.72,76.53,35.23,52.98,7.81,394,예측
A000000182711,패드,잇츠스킨,[모공/각질] 잇츠스킨 파워10 포뮬라 엘아이 토너패드 60매,25000,33.86,14.31,74.29,42.12,56.61,6.19,2367,예측
A000000182816,패드,메디앤서,메디앤서 비타 콜라겐 글로우 패드 80매,15600,38.43,7.42,69.64,30.87,41.93,25.07,161,예측
A000000185135,패드,스킨푸드,[올영단독] 스킨푸드 미나리 마스크시트 7매 (+3매 증정기획),21000,25.0,18.0,72.0,77.0,23.0,1.0,2997,실측
A000000186812,패드,빌리프,빌리프 프라블럼 솔루션 비건 토너 패드 70매,28490,35.0,12.99,62.64,45.45,54.42,3.33,117,예측
A000000187231,패드,오휘,오휘 미라클 토닝 워터 패드 70매,35150,37.27,9.94,72.83,31.77,63.43,12.3,88,예측
A000000188922,패드,일소,[모공탄력] 일소 모링가 퓨리파잉 포어 패드 60매,18400,41.27,10.64,78.98,27.59,53.13,5.67,62,예측
A000000189173,패드,니들리,니들리 비타C 글로우 젤리 패드 60매,25000,32.09,16.89,74.36,50.23,38.28,11.53,43,예측
A000000190704,패드,키노닉스,[쿨링진정/모공관리] 키노닉스 양배추 각질 진정 토너 패드 70매 (+70매 리필기획),34000,30.16,18.0,70.97,53.58,46.09,5.77,947,예측
A000000191303,패드,원씽,[물광수분필링] 원씽 시카 필링 토너 패드 65매,19900,40.61,9.29,78.37,30.47,59.58,7.95,74,예측
A000000192273,패드,글로웍스,글로웍스 필리 앰플 명주실 패드 70매,36000,33.97,15.28,69.64,37.0,44.72,12.61,187,예측
A000000192274,패드,글로웍스,글로웍스 죽순 시카 패드 60매,23800,33.97,15.28,69.64,37.0,44.72,12.61,8,예측
A000000199207,패드,한율,[원터치캡] 한율 패드 4종 중 택1 (어린쑥/쑥히알/달빛유자/부들밤),18200,30.15,10.28,63.55,36.86,27.07,15.97,14552,예측
A000000199282,패드,숨37,숨37 시크릿 멀티 패드 70매 (+30매 기획/단품),42500,31.63,17.69,71.15,50.54,47.65,0.0,60,예측
A000000203005,패드,오브제,오브제 인텐스 칠링 패드 70매,19400,35.08,18.59,70.06,33.36,39.24,19.87,10,예측
A000000205780,패드,메이크프렘,[트러블/각질케어]메이크프렘 인테카 트러블 수딩 패드 70매,28000,42.53,8.2,76.6,24.05,67.82,3.48,182,예측
A000000205838,패드,이즈앤트리,[NCT 재민PICK/쿨링진정] 이즈앤트리 초저분자 히아루론산 징크 쿨링 패드 60매,16500,32.51,11.56,77.54,40.84,68.19,1.15,34,예측
A000000208004,패드,비원츠,[수분진정] 비원츠 시카콜라겐 카밍 토너패드 60매,19600,40.83,9.77,73.34,39.82,50.0,8.27,96,예측
A000000208060,패드,에딧비,[쿨링진정/찢어쓰는패드] 에딧비 진정 톡 시카 어성초 트러블 패드 70매,18200,25.8,18.23,68.13,62.9,47.05,0.0,3147,예측
A000000209151,패드,아리얼,[여행필수템]아리얼 스트레스 릴리빙 데일리 픽 토닝 패드 기획 (30매 x 3개입),17700,25.59,20.8,71.06,63.06,38.24,0.55,1380,예측
A000000210308,패드,듀이셀,듀이셀 큐라힐스 히알루로닉 패드 70매,23800,36.64,12.36,70.82,40.68,41.33,14.55,2,예측
A000000212732,패드,아누아,아누아 비타민씨 나이아신 톤업 잡티 패드 60매,18500,34.31,14.37,76.12,42.23,61.14,9.78,173,예측
A000000213322,패드,더마펌,[나띠PICK] 더마펌 수딩 리페어 토닝 패드 R4 70매 기획 (+리필 70매),27300,44.37,7.67,62.44,18.52,54.85,18.81,2076,예측
A000000214304,패드,코이,[고현정 PICK] 코이 플로우 인텐시브 크림 패드 50매,30000,43.35,8.66,78.49,25.35,68.45,5.47,10,예측
A000000214510,패드,포레스트 서울,포레스트 서울 히알 피톤시카 세럼패드 70매,16380,36.08,12.26,74.83,35.02,46.18,11.24,105,예측
A000000215203,패드,그라운드플랜,[결정돈패드] 그라운드플랜 필링패드 50매,29000,31.88,16.06,71.72,62.17,37.34,0.7,45,예측
A000000215315,패드,테라비코스,[수분탄력/모공탄력] 테라비코스 히알루론산 3000 앰플 패드 70매,19900,33.46,12.07,75.1,32.67,73.37,1.57,23,예측
A000000218011,패드,더마토리,[쿨링진정] 더마토리 시카 PDRN 흔적 진정 거즈 패드 70매+10매 기획,26000,31.19,15.68,73.89,47.02,35.96,15.16,463,예측
A000000218013,패드,더마토리,[수분충전/리뉴얼] 더마토리 히알루론 수분샘 엠보 토너패드 60매+10매 기획,26000,31.08,15.32,73.36,52.52,50.62,2.1,204,예측
A000000219195,패드,비욘드,비욘드 엔젤 티트리올 트러블 토너 패드 130매,18200,34.11,13.28,77.75,51.6,50.37,2.76,235,예측
A000000221625,패드,닥터지,닥터지 바쿠치올 포어젯 스피큘 패드 30매,19900,33.68,13.14,69.23,35.63,40.44,10.43,20,예측
A000000222817,패드,파넬,[NEW / 한겹필링패드] 파넬 아하 오미자 도자기 패드 60매,14900,34.35,12.58,76.99,51.32,55.28,2.03,54,예측
A000000222910,패드,셀퓨전씨,[민감진정/리얼시카패드] 셀퓨전씨 포스트 알파 시카 쿨링 패드 70매 더블기획,29900,30.31,18.14,72.78,58.77,42.7,0.0,1054,예측
A000000223605,패드,더마토리,[120매/갈라쓰는 수분패드]더마토리 히알루론 수분샘 엠보 토너패드 60매 기획 (+60매 리필),25300,31.08,15.32,73.36,52.52,50.62,2.1,673,예측
A000000224648,패드,밀크터치,밀크터치 서양송악 그린히알루론 6초 수분 진정 패드 60매,19500,34.42,11.76,76.28,45.15,57.51,1.46,21,예측
A000000224659,패드,비긴스 바이 정샘물,[모공/결 ]비긴스 바이 정샘물 포어 클리어 패드 70매,19250,27.79,11.72,66.09,46.13,34.91,6.19,21,예측
A000000225023,패드,SNP,[잡티집착/화잘먹]SNP 글루타치온 PDRN 잡티 광채 밴딩 토너 패드 60매,18200,41.01,9.43,75.56,23.6,48.91,24.2,343,예측
A000000225601,패드,비플레인,[각질패드/모공청정] 비플레인 녹두 모공 클리어링 필터 패드 70매,18000,34.4,8.54,65.76,20.97,44.38,19.19,179,예측
A000000229786,패드,구달,[잡티톤업/착색이별] 구달 청귤 비타C 잡티케어 패드 알파 70매 기획 (+10매),18200,30.67,13.04,77.47,35.83,29.86,33.43,1882,예측
A000000231584,패드,아임프롬,[매끈수분광/화잘먹패드] 아임프롬 비트 리프레쉬 패드 60매,18000,32.47,14.45,73.05,41.28,32.59,12.43,4,예측
A000000235352,패드,로벡틴,[응급진정/쿨링패드] 로벡틴 닥터 마스크 시카 토너 패드 60매 기획 (+10매),14850,35.48,12.93,73.97,41.64,53.62,5.43,527,예측
A000000239672,패드,아크네스,아크네스 올케어 시카 패드 100매,14040,34.52,13.86,77.96,47.9,47.9,4.94,139,예측
A000000244844,패드,오어스,[부루부루도그 콜라보] 오어스 탄력 진정 PDRN 카테킨 치크 패드 90매 (+포토카드 랜덤 증정),17250,42.83,9.61,77.93,36.14,61.5,4.22,250,예측
A000000244845,패드,오어스,[부루부루도그 콜라보] 오어스 탄력 진정 PDRN 카테킨 치크 패드 90매 기획 (+30매+띠부씰+포토카드),22130,42.83,9.61,77.93,36.14,61.5,4.22,250,예측
A000000245944,패드,파믹,[미백&주름개선/사과패드] 파믹 애플타치온 토닝 토너 패드 60매,26600,38.5,10.29,68.57,30.77,39.94,12.94,1327,예측
A000000246667,패드,오브제,[초간편 진정 패드] 오브제 맥스 이지 픽 토너 패드 60매,16900,32.97,16.52,76.95,47.29,55.69,3.99,66,예측
A000000248397,패드,아누아,[수지pick]아누아 패드 4종 단품(어성초/피디알엔/카테킨/TXA),19200,40.32,12.7,69.5,32.36,44.77,16.12,858,예측
A000000251995,패드,코스알엑스,코스알엑스 원스텝 오리지널 펩타이드 콜라겐 리프팅 글로우 패드 100매,19900,43.32,8.17,77.52,29.14,57.43,5.02,9,예측
A000000253398,패드,오브제,오브제 액티브 퀵 카밍 마스크(20매입),8900,36.06,10.81,81.05,37.63,45.39,5.5,96,예측
A000000219557,패드,아비브,아비브 어성초 흔적 에센스 패드 클리어터치 70매,16800,29.54,15.2,71.04,52.8,36.81,5.46,26932,예측
A000000228412,패드,닥터지,[NEW/열감쿨링] 닥터지 레드 블레미쉬 순무 시카 아이싱 패드 60매,19900,32.81,12.01,77.64,53.73,54.59,0.0,5631,예측
A000000117108,패드,비알티씨,BRTC V10 비타민 필링패드 더블기획 (80매+80매),29000,33.2,10.92,70.83,42.06,60.78,8.36,1332,예측
A000000141930,패드,시카고,[시카술톤패드] 시카고 시카 스피디 카밍 패드 100g 70매,20800,23.29,16.15,65.55,60.33,33.31,5.34,258,예측
A000000149229,패드,슈레피,[레오제이 Pick] 슈레피 겟리프 트윈 패드팩 20팩 (40매),24900,42.51,8.61,76.57,32.76,63.57,0.24,1107,예측
A000000150012,패드,슈레피,[레오제이 Pick] 슈레피 겟리프 트윈 패드팩 40팩 (80매),45000,42.51,8.61,76.57,32.76,63.57,0.24,498,예측
A000000150019,패드,키노닉스,키노닉스 양배추 각질 진정 패드 70매,22000,30.16,18.0,70.97,53.58,46.09,5.77,583,예측
A000000156400,패드,블리블리,블리블리 핑크 수분 패드 60매,23000,23.8,18.47,63.18,62.83,24.14,2.8,86,예측
A000000160785,패드,미샤,미샤 비타씨 플러스 잡티씨 앰플 패드,25000,26.32,16.24,65.35,47.02,31.72,17.79,993,예측
A000000163086,패드,토리든,토리든 다이브인 저분자 히알루론산 멀티패드 80매,16100,34.72,14.99,78.18,60.46,49.57,0.64,314,예측
A000000170195,패드,키노닉스,[급속수분충전/화잘먹] 키노닉스 아줄렌 수분 밀착 패드 80매,16900,37.62,10.96,78.23,39.75,64.3,0.0,280,예측
A000000172637,패드,시초,[매끈결패드] 시초 딜라이트 토너패드 80매,22950,39.84,11.18,74.5,43.73,52.26,0.17,1648,예측
A000000172713,패드,바비모,바비모 시카 리페어 카밍 패드 60매,19000,35.2,11.78,74.0,35.89,35.97,19.09,0,예측
A000000174039,패드,뉴트리스톰,뉴트리스톰 23초 토탈 퀵 케어 패드 10매,18800,32.7,16.05,73.05,37.88,36.69,22.63,54,예측
A000000176334,패드,제이준,[비건수분대왕패드] 제이준 잇 비건 탠지 워터리 패드 50매,27000,34.52,12.71,76.69,33.34,60.55,2.04,118,예측
A000000180832,패드,앱솔룹,앱솔룹 원샷 포어 클리어 패드 60매,32000,29.55,16.01,64.6,41.34,39.33,6.49,569,예측
A000000180954,패드,잇츠스킨,[쿨링/진정]잇츠스킨 파워10 포뮬라 엘아이 젤리패드 감초줄렌 70매 기획 (+10매) *,25000,27.32,18.25,75.4,68.35,33.66,0.0,3046,예측
A000000181381,패드,에필로우,에필로우 차가버섯 콜라겐 LHA 매끈결 모공 패드 70매,15600,31.99,13.8,71.96,50.92,44.62,6.92,75,예측
A000000182870,패드,라타플랑,[열감진정/대왕패드] 라타플랑 미나리 시카트러블 진정 패드 기획세트 (60매+10매),25000,29.89,15.77,76.23,58.17,40.42,4.65,349,예측
A000000188762,패드,스트라이덱스,[진정/수분] 스트라이덱스 어성초 카밍 패드 70매,19000,35.24,12.02,78.85,39.69,60.69,3.44,1240,예측
A000000190448,패드,식물나라,식물나라 뽀얀쌀 맑은톤 클리어패드 리필 기획(100매+100매 리필),18800,32.78,10.75,75.62,58.57,42.58,0.82,1940,예측
A000000191038,패드,믹순,믹순 두유패드 10개입,20000,33.58,12.99,78.5,50.45,48.58,0.13,124,예측
A000000191893,패드,후시다인,후시다인 더마 트러블 클리어 토너패드 60매,28000,32.43,17.88,75.08,43.28,56.41,3.25,559,예측
A000000201208,패드,잇츠스킨,[쿨링/진정]잇츠스킨 파워10 포뮬라 엘아이 젤리 패드 감초줄렌 70매 (+70매 리필기획) *,24000,25.47,18.9,72.62,65.21,37.63,1.2,2542,예측
A000000208089,패드,오어스,[수분결광 / 예민한피부] 오어스 민들레 진정 토너패드 90매,18900,34.94,11.79,77.81,36.89,58.15,0.0,528,예측
A000000211029,패드,메디큐브,[요철/트러블진정] 메디큐브 엑소좀 시카 진정 패드 100매,17900,28.87,15.39,73.31,50.55,45.66,5.54,1951,예측
A000000211170,패드,셀리맥스,[민감/여드름피부/토너패드] 셀리맥스 시카 지우개 패드 60+20매 기획세트,17900,20.39,24.05,67.68,74.05,31.74,0.0,4698,예측
A000000213115,패드,파이코어,파이코어 디퍼런씨 블루바이옴 리페어 토너패드 70매,25800,40.63,9.88,78.95,35.9,61.35,5.16,34,예측
A000000213266,패드,아임프롬,[촉촉광채] 아임프롬 라이스 토너 패드 60매,26000,40.7,8.39,75.23,27.51,35.67,24.86,79,예측
A000000214305,패드,코이,[고현정 PICK] 코이 플로우 소프트 코튼 필 패드 70매,30000,47.67,4.97,71.69,21.2,75.35,7.98,26,예측
A000000214306,패드,코이,[고현정 PICK] 코이 플로우 셀코드 마스크 패드 50매,30000,34.83,10.02,68.78,29.65,43.82,8.57,7,예측
A000000215314,패드,테라비코스,테라비코스 히알루론산 3000 링클 앰플 패드 60매,39000,38.32,11.13,75.01,30.98,75.81,3.35,2,예측
A000000215412,패드,로우퀘스트,로우퀘스트 에키네시아 토너 패드 60매,26000,41.83,14.34,80.21,29.49,60.72,4.15,8,예측
A000000217867,패드,마몽드,[모공피지] 마몽드 포어 슈링커 바쿠치올 패드 70매,18200,36.07,10.18,71.0,37.03,57.74,1.08,408,예측
A000000218991,패드,셀로라바이,셀로라바이 포텐션 모공 더블케어 패드 70매,24500,35.18,13.58,78.48,42.93,67.13,0.06,40,예측
A000000224712,패드,비건이펙트,[수분촉촉/각질정돈]비건이펙트 청보리 LHA 토너패드 *,22000,32.22,13.34,74.33,55.4,39.46,0.0,464,예측
A000000231668,패드,셀퓨전씨,[진로 콜라보/아이스 쿨러 증정]셀퓨전씨 포스트 알파 쿨링 패드 70매 기획(본품 70매+ 아이스 쿨러),23000,31.49,14.56,78.69,58.71,46.86,0.0,18243,예측
A000000233195,패드,바이오던스,[최다증정] 바이오던스 콜라겐 겔 토너 패드 60매 기획 (+10매),19900,34.65,18.73,74.94,38.27,49.72,6.53,4590,예측
A000000247819,패드,바이오던스,[1+1특가/한정기획] 바이오던스 바이오 콜라겐 겔 토너 패드 60매 2입 기획,52000,34.65,18.73,74.94,38.27,49.72,6.53,5741,예측
A000000233470,패치,메디힐,"[단독기획] 메디힐 콜라겐 캡슐 패치 60+60매 더블 기획 2종 (레티놀, 비타민C)",26400,37.0,6.0,66.0,24.0,38.0,39.0,6651,실측
A000000233468,패치,메디힐,"메디힐 콜라겐 캡슐 패치 60매 2종 (레티놀, 비타민C)",15400,42.0,7.0,79.0,17.0,39.0,44.0,6651,실측
A000000254492,패치,바이오던스,[NEW/눈가탄력] 바이오던스 아이패치 60매 2종 택 1 (콜라겐/캐비어 PDRN),18900,53.0,4.0,86.0,12.0,52.0,36.0,881,실측
A000000261813,패치,노프랍,[NEW/페이백이벤트] 노프랍 하이드로겔 아이패치 듀얼 3종 (온),16400,57.0,8.0,99.0,12.0,68.0,19.0,113,실측
A000000229778,패치,구달,[집게 내장] 구달 청귤 비타C 잡티케어 아이패치 알파 60매,16500,37.0,8.0,69.0,18.0,32.0,50.0,1111,실측
A000000210015,패치,바이오힐보,[눈가탄력|PDRN] 바이오힐 보 프로바이오덤 콜라겐 리모델링 아이패치 60매,23000,40.0,4.0,65.0,26.0,44.0,30.0,1554,실측
A000000257873,패치,스킷,"스킷 페이스 겔 패치 8매입 3종 택1(광채, 진정, 수분)",13200,38.0,11.0,81.0,26.0,60.0,14.0,88,실측
A000000229781,패치,구달,[리뉴얼] 구달 청귤 비타C 잡티케어 아이패치 알파 60매 더블기획,39000,34.0,7.0,72.0,21.0,31.0,48.0,1111,실측
A000000236948,패치,조선미녀,조선미녀 인삼 레티날 탄력 아이패치 60매입,16000,39.47,7.81,74.58,36.64,44.05,16.17,24,예측
A000000254380,패치,SNP,[대왕패치] SNP 빅 패치 2종 [콜라겐 퍼펙션 / 글루타치온 다크제로] 60매입,28000,41.0,5.0,79.0,19.0,40.0,41.0,1563,실측
A000000248048,패치,마녀공장,[미백잡티/다크서클개선] 마녀공장 글루타치온 7 다크스팟 세럼 패치 30매,24000,36.0,5.0,76.0,20.0,31.0,49.0,1982,실측
A000000183254,패치,더마토리,[눈가탄력] 더마토리 레티날 콜라겐 아이패치 60매,22000,45.0,4.0,62.0,18.0,38.0,44.0,2881,실측
A000000259591,패치,셀리맥스,[잡티/다크/TXA] 셀리맥스 트라넥삼산 브라이트닝 아이패치 60매,21700,45.0,7.0,93.0,10.0,38.0,52.0,271,실측
A000000258880,패치,아이소이,[로즈PDRN/눈밑꺼짐개선] 아이소이 브라이트닝 아이&미간 패치 90매,19800,27.0,4.0,83.0,12.0,28.0,60.0,141,실측
A000000005485,패치,페이스인페이스,Faith in Face 아이엠낫타이어드 아이패치 4입,5600,36.0,5.0,57.0,28.0,43.0,28.0,991,실측
A000000174611,패치,메디필,[눈가 탄력] 메디필 레드락토 콜라겐 아이패치 60매,23000,35.0,8.0,65.0,24.0,32.0,44.0,120,실측
A000000176920,패치,SNP,SNP 골드 콜라겐 듀얼 아이패치 60매,25000,42.0,3.0,69.0,15.0,38.0,47.0,711,실측
A000000178343,패치,아비브,[착붙콜라겐] 아비브 콜라겐 아이패치 부활초 젤리 60매,16100,46.0,5.0,71.0,21.0,48.0,31.0,4417,실측
A000000189076,패치,더멀매트릭스,더멀매트릭스 퀵 바이탈라이징 패치 10매,25000,42.43,9.11,75.11,16.57,52.8,8.76,11,예측
A000000190208,패치,바이오힐보,[99.9콜라겐] 바이오힐 보 프로바이오덤 99.9 멜팅 콜라겐 아이필름 기획 [5매입/28매입],15900,48.0,4.0,72.0,16.0,38.0,46.0,1726,실측
A000000202908,패치,CKD,CKD 비타씨테카 트리플 흔적패치 60매,18200,28.0,6.0,61.0,28.0,22.0,50.0,152,실측
A000000206350,패치,이지듀,[기미잡티집착템] 이지듀 EX DW-EGF 멜라토닝 패치 5g*4매,18000,37.0,4.0,61.0,24.0,30.0,46.0,1651,실측
A000000207817,패치,비원츠,[눈가영양] 비원츠 피토콜라겐 아이세럼패치 60매,24000,54.0,4.0,79.0,8.0,54.0,38.0,73,실측
A000000211482,패치,아비브,[착붙콜라겐] 아비브 콜라겐 아이패치 부활초 젤리 60매 (+60매 더블 기획),41000,44.0,5.0,66.0,27.0,47.0,26.0,4915,실측
A000000229640,패치,비원츠,[눙눙이PICK] 비원츠 피토콜라겐 아이세럼패치 60매 기획 (+눙눙이스티커 2종),19200,60.0,0.0,80.0,40.0,53.0,7.0,73,실측
A000000244646,패치,정샘물,[NEW] 정샘물 에센셜 물 링클 리프팅 듀오 패치 5매,30000,40.93,8.24,63.65,13.32,54.05,21.53,6,예측
A000000254370,패치,SNP,[대왕패치] SNP 빅 패치 2종 [콜라겐 퍼펙션 / 글루타치온 다크제로] 4매입,16000,39.08,5.76,75.11,13.91,31.57,41.86,9,예측
A000000254487,패치,잇츠스킨,잇츠스킨 포어 리프트 콜라겐 멜팅 패치 5매 기획(+크림 10ml),22100,41.0,3.0,89.0,14.0,56.0,30.0,63,실측
A000000258882,패치,아이소이,[로즈PDRN/눈밑꺼짐개선] 아이소이 브라이트닝 아이&미간패치 90매 더블기획(+90매),31190,37.81,8.93,71.53,15.71,44.98,17.93,21,예측
A000000259737,패치,토리든,[NEW] 토리든 다이브인 수분볼륨 아이패치 60매,15400,42.83,5.38,73.91,17.07,48.61,17.18,5,예측
A000000260107,패치,아비브,아비브 아이패치 3종 택1 (부활초/글루타치온/PDRN),16100,38.0,12.0,62.0,23.0,15.0,62.0,4477,실측
A000000231229,패치,정샘물,[굴리굴리 에디션] 정샘물 키즈 수딩 아토 패치 7매,22400,38.48,7.83,66.93,25.66,43.93,4.33,7,예측
A000000188227,패치,SNP,[주름패치]SNP 골드 콜라겐 퍼펙션 아이패치 60매,16100,40.0,6.0,71.0,18.0,32.0,50.0,3736,실측
A000000228077,패치,닥터지,[NEW/잡티케어] 닥터지 비타 클리어 하이드로겔 잡티 패치 4회분(2매*4),12000,38.23,6.08,65.76,18.18,45.14,25.97,28,예측
A000000142771,패치,더마픽스,더마픽스 리얼 콜라겐 텐션업 링클패치,5800,41.0,6.0,69.0,17.0,32.0,50.0,395,실측
A000000198829,패치,아이소이,[키짱Pick/퀭한눈가패치] 아이소이 블레미쉬 케어 아이&미간 패치 90매 더블기획,31190,41.0,5.0,62.0,22.0,38.0,40.0,5020,실측
A000000198852,패치,아이소이,[퀭한눈가패치/키짱PICK] 아이소이 블레미쉬 케어 아이&미간 패치 90매,19800,41.0,6.0,74.0,14.0,37.0,49.0,5020,실측
A000000208472,패치,에이바자르,에이바자르 멜라컨트롤 화이트닝 아이패치 1매,2500,39.0,3.0,63.0,24.0,25.0,50.0,103,실측
A000000209139,패치,SNP,[대왕톤업패치/1+1]SNP 글루타치온 다크 제로 토닝 패치 더블 기획(60매+60매),28900,38.0,6.0,74.0,15.0,34.0,51.0,3157,실측
A000000209294,패치,비원츠,[광채콜라겐] 비원츠 피토콜라겐 아이세럼패치 더블기획 (60매+60매),28800,50.0,0.0,68.0,29.0,55.0,16.0,73,실측
A000000231225,패치,정샘물,[굴리굴리 에디션] 정샘물 키즈 수딩 아토 2종 기획(아토패치7매+점착밴드),32000,38.48,7.83,66.93,25.66,43.93,4.33,3,예측
A000000258670,페이셜백,마몽드,[8월 올영픽/한정기획/지성화잘먹] 마몽드 포어 컨트롤 피어니 리퀴드 마스크 외 1종 리필 기획 (+80ml 리필),24900,15.0,53.0,60.0,40.0,53.0,7.0,19492,실측
A000000234422,페이셜백,메노킨,[1위 원조 버블팩] 메노킨 30초 퀵 버블 마스크 6종 택1(+팩브러쉬 증정),25300,54.0,6.0,76.0,18.0,76.0,6.0,24474,실측
A000000202947,페이셜백,토르홉,[한혜진팩/온열소금팩/화잘먹] 토르홉 사우난지앙 솔트마스크 90+7g 미니 기획,25800,22.0,19.0,39.0,42.0,49.0,10.0,8083,실측
A000000198780,페이셜백,리터니티,[원조율무팩] 리터니티 율무 요철모공 팩 120g 기획세트,25900,29.0,8.0,55.0,45.0,42.0,12.0,4403,실측
A000000260528,페이셜백,비플레인,[8월올영픽/3분모공팩] 비플레인 녹두 모공 클레이 팩 200ml 기획 (+실리콘 브러쉬),19000,27.0,21.0,54.0,54.0,32.0,14.0,9547,실측
A000000200805,페이셜백,마몽드,[NEW/화잘먹 3종] 마몽드 리퀴드 마스크 80ml_로즈/피어니(지성)/데이지(미백),19800,39.0,13.0,57.0,27.0,67.0,6.0,19801,실측
A000000010497,페이셜백,린제이,[72관왕/1위] 린제이 모델링 팩 (컵팩) 7종 택1,2500,29.0,17.0,63.0,65.0,29.0,6.0,91480,실측
A000000202914,페이셜백,메디힐,[쿨링진정] 메디힐 모델링팩&앰플 풀세트 5종 골라담기,3400,32.0,14.0,68.0,63.0,34.0,3.0,31537,실측
A000000240243,페이셜백,닥터자르트,[간편모델링] 닥터자르트 크라이오 러버 마스크 4종 택1,6900,43.0,7.0,65.0,44.0,47.0,9.0,5081,실측
A000000235842,페이셜백,가쉬,[대용량버블팩] 가쉬 모공/기미/PDRN버블팩 골라담기 (150회분),29800,50.0,7.0,82.0,18.0,60.0,22.0,3038,실측
A000000198875,페이셜백,브링그린,[피지흡착팩] 브링그린 티트리 시카 포어 클레이팩 스트롱 100g(2입/단품),11900,15.0,33.0,45.0,75.0,20.0,5.0,15581,실측
A000000246270,페이셜백,아로셀,[3초완성/화잘먹] 아로셀 슈퍼 콜라겐 버블 세럼 마스크 (90회분),25600,49.0,6.0,86.0,10.0,78.0,11.0,3096,실측
A000000147080,페이셜백,린제이,[72관왕/1위] 린제이 프리미엄 쿨티트리 모델링 팩 1Kg,17100,19.0,25.0,60.0,81.0,18.0,1.0,8420,실측
A000000183747,페이셜백,한율,[1+1한정기획] 한율 달빛유자 수면팩 70ml+70ml,27100,41.0,6.0,69.0,22.0,54.0,24.0,7729,실측
A000000212247,페이셜백,오브제,오브제 포어 제로 무스 클레이 팩 100ml,19900,17.0,37.0,63.0,56.0,31.0,13.0,860,실측
A000000230459,페이셜백,페슬로,[온우pick/탄력광채] 페슬로 T3 베이비 콜라겐 글로우 마스크 50ml 기획(+젤리 브러쉬),22500,39.0,4.0,57.0,35.0,50.0,15.0,651,실측
A000000219193,페이셜백,메디큐브,[아이돌물광팩/한정기획] 메디큐브 콜라겐 나이트 랩핑 마스크 75ml (+브러쉬 증정기획),22000,76.0,4.0,84.0,9.0,81.0,10.0,9741,실측
A000000257072,페이셜백,넘버즈인,[NEW/화잘먹] 넘버즈인 3번 매끈결 PHA 프렙 버블팩 90ml,18900,42.0,10.0,74.0,22.0,71.0,7.0,1446,실측
A000000230467,페이셜백,페슬로,페슬로 스피큘 리본 필링 마스크 120g (온),25000,21.0,17.0,40.0,51.0,33.0,16.0,743,실측
A000000189093,페이셜백,스킨푸드,[각질순삭팩] 스킨푸드 블랙슈가 퍼펙트 에센셜 스크럽 2X 210g,14300,22.0,20.0,25.0,36.0,51.0,13.0,7450,실측
A000000204558,페이셜백,토리든,토리든 올인원 모델링 팩 2종(히알루론산/시카),3900,36.0,12.0,68.0,58.0,42.0,1.0,12596,실측
A000000224413,페이셜백,한율,[NEW/튜브용기] 한율 달빛유자 수면팩 70ml 기획 (+35ml+패드2매),27100,44.0,6.0,69.0,23.0,51.0,26.0,4026,실측
A000000170326,페이셜백,이즈앤트리,[NCT 재민PICK] 이즈앤트리 머그워트 카밍 클레이 마스크 100ml,13500,11.0,35.0,44.0,70.0,18.0,13.0,1623,실측
A000000226266,페이셜백,메디필,[원조랩핑] 메디필 레드락토 콜라겐 랩핑 마스크 70ml 대용량 기획 (+30ml),19000,40.0,7.0,75.0,25.0,59.0,17.0,14284,실측
A000000254466,페이셜백,바이오던스,[NEW/화잘먹버블팩] 바이오던스 리포좀 버블 부스터 95ml 2종 택 1 (콜라겐/캐비어 PDRN),22400,53.0,4.0,82.0,12.0,75.0,13.0,1179,실측
A000000189866,페이셜백,닥터자르트,[강력진정/수분장벽] 닥터자르트 시카페어 슬리페어 인텐시브 수딩 리페어 마스크 75ml,46000,41.0,11.0,78.0,64.0,34.0,2.0,180,실측
A000000202388,페이셜백,한율,[모공쫀쫀]한율 부들밤 말끔/깔끔 모공팩 100ml (15ml+모공패드 4매)기획,21600,15.0,32.0,41.0,54.0,30.0,16.0,7326,실측
A000000158243,페이셜백,브링그린,브링그린 프레시볼 팩 8g 8종,1000,29.0,16.0,50.0,56.0,35.0,9.0,52435,실측
A000000167662,페이셜백,아페리레,[화잘먹/쿨링모공팩]아페리레 스파 릴리프 비 프로즌 빙하토 포어 마스크 기획 (120g+팩 브러쉬),25000,21.0,26.0,43.0,73.0,21.0,6.0,5609,실측
A000000252979,페이셜백,이니스프리,이니스프리 수퍼 화산송이 모공 마스크 80g,11200,17.0,34.0,52.0,66.0,13.0,21.0,787,실측
A000000188402,페이셜백,이아이오,[열감진정] 이아이오 웰링 워시 오프 팩 110ml 기획 (+30g),23600,32.0,12.0,75.0,70.0,28.0,2.0,1596,실측
A000000202572,페이셜백,한율,[화잘먹]한율 부들밤 깔끔각질 모공팩 100ml (15ml+모공패드 4매)기획,21600,39.0,11.0,56.0,39.0,50.0,11.0,2112,실측
A000000202424,페이셜백,메디큐브,[3분모공청소]메디큐브 제로 모공 블랙헤드 머드팩 100g,14400,13.0,41.0,34.0,56.0,17.0,28.0,703,실측
A000000213094,페이셜백,조선미녀,[화해1위/워시오프팩] 조선미녀 맑은쌀 꿀채운 마스크 150ml,14400,53.0,7.0,64.0,22.0,66.0,12.0,281,실측
A000000219235,페이셜백,풀리,[쌀겨수/속보습개선] 풀리 쌀 반죽 모델링 마스크 4개입,19500,50.0,8.0,89.0,23.0,72.0,5.0,554,실측
A000000261859,페이셜백,셀올로지,셀올로지 율무 톡스 버블팩 100g,29800,20.87,25.67,53.26,70.76,26.44,5.0,11,예측
A000000222758,페이셜백,아임프롬,아임프롬 피그 스크럽 마스크 70g,14000,32.0,12.0,59.0,24.0,66.0,9.0,1804,실측
A000000161800,페이셜백,비알머드,[모공삭제팩] 비알머드 릴리프 머드 마스크 110ml,13900,19.0,21.0,65.0,55.0,35.0,10.0,2886,실측
A000000222747,페이셜백,CKD,[대용량] CKD 레티노콜라겐 저분자 300 타이트닝 물광 크림팩 80ml 기획 (+브러쉬 증정),18800,37.0,10.0,60.0,29.0,45.0,27.0,2003,실측
A000000160542,페이셜백,스킨푸드,[홈케어] 스킨푸드 푸드 마스크 120g 8종 중 택1,10500,27.0,21.0,40.0,46.0,42.0,12.0,1682,실측
A000000254708,페이셜백,닥터자르트,[10분쿨링진정] 닥터자르트 크라이오 소르베 아이시 페이셜 마스크 4개입,12900,28.0,12.0,75.0,70.0,29.0,1.0,499,실측
A000000232858,페이셜백,키엘,[모공 마스크] 키엘 레어 어스 포어 미니마이징 클레이 마스크 125ml,55250,20.3,31.88,59.31,65.92,13.67,16.45,10,예측
A000000198876,페이셜백,토르홉,[화잘먹 모공팩] 토르홉 사우난지앙 솔트 마스크 90g,25800,24.0,19.0,37.0,42.0,49.0,10.0,3795,실측
A000000205004,페이셜백,토르홉,[피지케어/화잘먹팩] 토르홉 무스타 콩테 체인저블 퀵 마스크 60g / 90g,24800,22.0,26.0,65.0,50.0,38.0,12.0,2252,실측
A000000211186,페이셜백,비플레인,[3분모공손절] 비플레인 녹두 모공 클레이팩 80ml (12mlx2매 증정),14400,19.0,22.0,47.0,62.0,27.0,11.0,10144,실측
A000000238198,페이셜백,피캄,[탄산버블/모공청소/화잘먹] 피캄 홀리바질 버블 딥 마스크 90g 기획 (+듀얼모공브러쉬),19900,18.0,26.0,46.0,62.0,29.0,9.0,3299,실측
A000000139075,페이셜백,라운드랩,[저자극] 라운드랩 1025 독도 수면팩 100ml,12600,34.0,11.0,73.0,35.0,64.0,2.0,1393,실측
A000000250258,페이셜백,마몽드,[NEW/미니 화잘먹] 마몽드 플로라 글로우 로즈 리퀴드 마스크 15ml,4140,36.0,6.0,47.0,38.0,57.0,5.0,283,실측
A000000225056,페이셜백,일소,[집중진정/트러블앰플팩] 일소 노 트러블럼 스팟 소프트너 150g 기획 (+초밀착 화장솜 40매),17900,17.0,24.0,75.0,87.0,11.0,1.0,727,실측
A000000229708,페이셜백,아로셀,[24시간광채지속] 아로셀 슈퍼 콜라겐 랩핑 마스크 80ml(+미니 브러쉬 증정),35000,42.0,9.0,83.0,16.0,64.0,20.0,213,실측
A000000173540,페이셜백,블라이드,[모공청소/세수팩] 블라이드 세수팩 수딩 앤 힐링 그린티 기획 세트 (150ml + 70ml),31900,26.0,17.0,78.0,65.0,35.0,0.0,2129,실측
A000000164419,페이셜백,빌리프,[투명생기충전] 빌리프X바나나킥 슈퍼나이츠 멀티 비타민 마스크 75ml 기획/단품,30800,50.0,6.0,70.0,17.0,55.0,28.0,5859,실측
A000000235430,페이셜백,가쉬,[PDRN/EGF 진정케어]가쉬 10초 마이크로 버블팩 트리플 슈퍼 리페어 150회분,29800,47.0,5.0,84.0,54.0,44.0,1.0,134,실측
A000000226513,페이셜백,빌리프,[투명생기충전] 빌리프 슈퍼나이츠 멀티 비타민 마스크 30ml 단품,12710,49.0,6.0,59.0,23.0,48.0,29.0,5859,실측
A000000215978,페이셜백,토르홉,[광채/탄력/톤업] 토르홉 오로라 별빛 광채 슬리핑마스크 60g 단품/기획,26500,49.0,5.0,78.0,17.0,70.0,14.0,1013,실측
A000000245901,페이셜백,토르홉,[단독/화잘먹팩] 토르홉 사우난지앙 솔트 마스크 90g 기획 (+무민 스트레스볼 3종 중 랜덤 증정),25800,30.0,18.0,43.0,38.0,53.0,9.0,10395,실측
A000000228056,페이셜백,메디필,[블랙헤드케어] 메디필 엑스트라 슈퍼 9 플러스 3X 랩핑 마스크 70ml 기획(+30ml),25000,41.0,12.0,66.0,38.0,50.0,12.0,129,실측
A000000219324,페이셜백,SVR,[민감 피부 진정 보습]SVR 센시파인 SOS 크림 마스크 75ml,24300,39.0,1.0,73.0,62.0,38.0,0.0,106,실측
A000000193133,페이셜백,브링그린,브링그린 모델링 팩 28g [티트리 시카/대나무 히알루/슈퍼 레몬 글루타치온],4800,30.0,15.0,64.0,62.0,30.0,8.0,9265,실측
A000000230392,페이셜백,아페리레,[대용량] 아페리레 스파 릴리프 비 프로즌 빙하토 포어 마스크 200g,24000,17.0,35.0,62.0,79.0,14.0,7.0,124,실측
A000000257192,페이셜백,리터니티,[3초결광팩] 리터니티 율무 PDRN 버블 부스터 팩 85ml,21900,33.0,4.0,81.0,25.0,59.0,16.0,85,실측
A000000210926,페이셜백,비건이펙트,[모공탄력/매끈쫀광]비건이펙트 콜라겐 랩핑 마스크팩80ml(+브러쉬증정),21300,47.0,6.0,75.0,17.0,64.0,19.0,2224,실측
A000000226573,페이셜백,빌리프,[윤광끌올] 빌리프 슈퍼나이츠 비타콜라겐 랩핑마스크 70ml 기획 (70ml + 듀얼 팩 브러쉬),20020,51.0,3.0,71.0,17.0,53.0,31.0,598,실측
A000000226686,페이셜백,풀리,[레이PICK/피부결케어] 풀리 율무 나이아신 곡물 팩 120ml,19800,25.0,18.0,55.0,37.0,38.0,25.0,181,실측
A000000209928,페이셜백,브링그린,브링그린 슈퍼레몬 글루타치온 슬리핑팩 100mL 기획 (+실리콘 브러쉬),19000,37.0,10.0,62.0,19.0,32.0,49.0,2697,실측
A000000186144,페이셜백,스킨1004,스킨1004 마다가스카르 센텔라 히알루-시카 슬리핑팩 100ml,18700,42.0,17.0,80.0,33.0,63.0,4.0,81,실측
A000000104812,페이셜백,미팩토리,미팩토리 돼지 시멘트 필오프 팩,18000,14.0,29.0,21.0,57.0,19.0,24.0,1013,실측
A000000147125,페이셜백,린제이,[72관왕/1위] 린제이 프리미엄 비타민 모델링 팩 1Kg,17100,32.0,6.0,68.0,29.0,37.0,34.0,670,실측
A000000230801,페이셜백,비긴스 바이 정샘물,[생기결광/온열스팀팩] 비긴스 바이 정샘물 핑크 구아바 글루타치온 흔적 워시오프 팩 90g,16900,55.0,6.0,72.0,14.0,61.0,25.0,71,실측
A000000229630,페이셜백,스킨푸드,스킨푸드 블랙슈가 마스크 워시오프 120g 더블기획 (본품+본품),16800,26.0,18.0,26.0,36.0,52.0,12.0,9810,실측
A000000226805,페이셜백,파파레서피,파파레서피 블레미쉬 버블 머드 마스크 140g,15600,22.0,24.0,53.0,41.0,43.0,15.0,827,실측
A000000222760,페이셜백,아임프롬,[화잘먹꿀템] 아임프롬 비트 퓨리파잉 마스크 70g,14000,19.0,13.0,46.0,54.0,31.0,15.0,48,실측
A000000015118,페이셜백,스웨디쉬,[빅토리아]스웨덴에그팩 싱글,12000,15.0,35.0,54.0,43.0,38.0,18.0,143,실측
A000000175190,페이셜백,파파레서피,파파레서피 가지 클리어링 수부지 머드 크림 마스크 100ml,10500,21.0,18.0,54.0,60.0,35.0,5.0,1967,실측
A000000103258,페이셜백,린제이,[72관왕/1위] 린제이 매직(앰플) 모델링 팩 (컵팩) 3종 택1,3000,33.0,12.0,63.0,54.0,42.0,4.0,2687,실측
A000000206428,페이셜백,오어스,[급속쿨링진정 / 모공쪼임] 오어스 쿨 시카 티트리 모델링 팩 풀패키지,3510,31.0,16.0,83.0,69.0,29.0,2.0,1510,실측
A000000230656,페이셜백,원씽,[유튜버최애템] 원씽 모델링팩(컵팩) 2종 택1(어성초/히알루론산),2900,36.0,15.0,61.0,64.0,35.0,1.0,1054,실측
A000000235785,페이셜백,마몽드,[초고속 화잘먹] 마몽드 로즈 PHA 볼 마스크 1매,2250,48.0,10.0,55.0,23.0,62.0,15.0,407,실측
A000000015119,페이셜백,스웨디쉬,[빅토리아]스웨덴에그팩 모이스춰 싱글,12000,24.0,24.0,58.0,41.0,40.0,19.0,132,실측
A000000015120,페이셜백,스웨디쉬,[빅토리아] 스웨덴에그팩 모이스춰 듀오,10000,27.0,15.0,61.0,43.0,43.0,14.0,435,실측
A000000104777,페이셜백,코스알엑스,코스알엑스 찹쌀쫀쫀팩 60ml,16000,39.0,12.0,75.0,22.0,76.0,3.0,439,실측
A000000110704,페이셜백,착한팩토리,착한팩토리 광채 수면크림팩,18000,38.0,14.0,74.0,33.0,64.0,3.0,234,실측
A000000111913,페이셜백,아임프롬,아임프롬 진생마스크 120g,25200,53.0,4.0,46.0,27.0,65.0,8.0,122,실측
A000000113988,페이셜백,비알티씨,BRTC V10 비타민 화이트닝 슬리핑팩 100ml,22800,46.0,4.0,59.0,13.0,54.0,33.0,332,실측
A000000115195,페이셜백,블라이드,[모공피지/세수팩] 블라이드 패팅 스플래쉬 마스크 수딩 앤 힐링 그린티 150ml,23200,22.0,16.0,75.0,72.0,27.0,1.0,1815,실측
A000000115197,페이셜백,블라이드,[모공각질/ 세수팩] 블라이드 패팅 스플래쉬 마스크 에너지 옐로우 시트러스 앤 허니 150ml,29000,37.0,6.0,80.0,21.0,46.0,33.0,143,실측
A000000140821,페이셜백,SNP,SNP 바다제비집 워터 슬리핑 팩 (스틱형),11200,50.0,7.0,63.0,20.0,73.0,7.0,30,실측
A000000140824,페이셜백,SNP,SNP 골드 콜라겐 슬리핑 팩 (스틱형),11200,34.0,9.0,45.0,27.0,52.0,20.0,44,실측
A000000147124,페이셜백,린제이,[72관왕/1위] 린제이 프리미엄 콜라겐 모델링 팩 1Kg,20000,39.0,8.0,72.0,40.0,51.0,9.0,808,실측
A000000147126,페이셜백,린제이,[72관왕/1위] 린제이 진정약초 모델링팩 330g,8900,24.0,15.0,68.0,77.0,22.0,1.0,1872,실측
A000000152139,페이셜백,아비브,아비브 라이스 프로바이오틱스 오버나이트 마스크 배리어 젤리 80ml,19600,58.0,3.0,79.0,27.0,69.0,5.0,256,실측
A000000152153,페이셜백,린제이,[72관왕/1위] 린제이 진정약초 모델링 팩 (컵팩) 28g,3000,26.0,17.0,65.0,74.0,25.0,1.0,90715,실측
A000000154515,페이셜백,원씽,[대용량/50회분] 원씽 히알루론산 모델링팩 1kg (수분),25900,39.0,13.0,73.0,42.0,56.0,2.0,98,실측
A000000161352,페이셜백,아페리레,[-8.8도 즉각쿨링] 아페리레 스파 릴리프 비 프로즌 빙하토 포어 마스크120g,14500,14.0,24.0,42.0,77.0,17.0,6.0,1142,실측
A000000170215,페이셜백,아페리레,[진정/피지케어] 아페리레 스파 릴리프 베리 프리티 포어 마스크 120g,13500,22.0,19.0,65.0,61.0,28.0,12.0,232,실측
A000000172636,페이셜백,비알머드,[1&1/모공삭제팩] 비알머드 릴리프 머드 마스크팩 110ml+110ml,32800,17.0,23.0,46.0,59.0,29.0,12.0,3108,실측
A000000175291,페이셜백,스킨푸드,[뽀얀피부] 스킨푸드 라이스 데일리 브라이트닝 마스크 워시오프 210g,14300,26.0,14.0,46.0,19.0,23.0,58.0,669,실측
A000000180099,페이셜백,빌리프,[저속노화템] 빌리프 슈퍼나이츠 리제너레이팅 나이트 마스크 75ml/30ml 기획(+50ml 추가 증정)/단품,30800,60.0,2.0,79.0,13.0,72.0,15.0,1551,실측
A000000181265,페이셜백,스킨푸드,[모공청정] 스킨푸드 에그 화이트 포어 마스크 120g,10500,26.0,24.0,58.0,39.0,32.0,29.0,552,실측
A000000185342,페이셜백,듀이트리,[각질/모공/피지] 듀이트리 AC컨트롤 딥 그린 카밍 클레이 젤 모공팩 100ml (기획/단품),14370,24.0,18.0,56.0,72.0,26.0,2.0,1038,실측
A000000185893,페이셜백,CKD,[대용량] CKD 레티노콜라겐 저분자 300 타이트닝 물광 크림팩 80ml,18800,49.0,7.0,65.0,17.0,48.0,34.0,2946,실측
A000000188609,페이셜백,조선미녀,조선미녀 붉은 팥 모공정화 마스크 140ml,20000,46.0,11.0,61.0,38.0,56.0,6.0,314,실측
A000000191946,페이셜백,토르홉,[기획/대용량] 토르홉 로일리 그린머드 콜라겐 마스크 150g,46200,29.0,15.0,70.0,55.0,37.0,8.0,261,실측
A000000191947,페이셜백,토르홉,[기획/대용량] 토르홉 온열 소금팩 사우난지앙 솔트 마스크 150g,45100,20.0,20.0,45.0,42.0,49.0,9.0,1413,실측
A000000200577,페이셜백,린제이,[72관왕/1위] 린제이 차콜 모델링 팩 (컵팩) 28g,3000,36.0,16.0,68.0,53.0,43.0,4.0,91480,실측
A000000201134,페이셜백,토르홉,[비건/모공탄력] 토르홉 로일리 그린머드 콜라겐 마스크 90g,26100,24.0,17.0,61.0,51.0,40.0,9.0,547,실측
A000000201324,페이셜백,메디필,[원조랩핑] 메디필 레드 락토 콜라겐 랩핑 마스크 70ml (+70ml 더블 기획),38000,88.0,2.0,93.0,5.0,90.0,5.0,11437,실측
A000000201981,페이셜백,유리숲,[모공개선] 유리숲 모델링팩 500g (15회분),18100,34.0,19.0,80.0,74.0,24.0,1.0,76,실측
A000000201982,페이셜백,유리숲,[모공개선] 유리숲 모델링팩 1회분,4000,21.0,14.0,56.0,74.0,25.0,2.0,57,실측
A000000205293,페이셜백,닥터자르트,[워터젤리/수분팩] 닥터자르트 바이탈 하이드라 솔루션 하이드로 플럼프 오버나이트 마스크 75ml (온),23400,50.0,10.0,57.0,27.0,73.0,0.0,30,실측
A000000205338,페이셜백,메디필,메디필 비건 콜라겐 모델링팩 4종택1(레드락토/히알루론/비타/그린시카),3000,34.0,8.0,68.0,45.0,48.0,7.0,306,실측
A000000205709,페이셜백,믹순,믹순 그린 시카 모델링팩 5개입,17000,27.33,19.8,73.09,64.99,45.44,11.93,24,예측
A000000207698,페이셜백,설화수,설화수 여윤팩 120ml,63000,63.0,3.0,59.0,22.0,69.0,9.0,32,실측
A000000207699,페이셜백,설화수,설화수 옥용팩 120ml,47700,21.0,21.0,40.0,28.0,39.0,33.0,57,실측
A000000207872,페이셜백,제트티유,제트티유 리즈핏 콜라겐 크림 마스크 (20회분) [탄력/광채],43200,52.0,9.0,88.0,10.0,83.0,7.0,89,실측
A000000208600,페이셜백,토리든,토리든 모델링 팩 5개입 리필 기획 2종(다이브인/밸런스풀),24000,38.0,13.0,74.0,55.0,43.0,1.0,1769,실측
A000000210076,페이셜백,퍼셀,[장벽강화팩] 퍼셀 픽셀바이옴 오투 인핸서 모델링 마스크 240g,28000,27.13,21.69,72.35,57.06,44.18,3.92,25,예측
A000000211217,페이셜백,빌리프,빌리프 슈퍼나이츠 리제너레이팅 마스크 30ml 단품,12710,56.0,5.0,74.0,17.0,65.0,17.0,7373,실측
A000000211237,페이셜백,프롬더스킨,[스파출라일체형] 프롬더스킨 글루타치온 콜라겐 팩 50g,35000,49.0,7.0,87.0,12.0,66.0,22.0,3321,실측
A000000211601,페이셜백,써니콘,[500억유산균팩] 써니콘 마이크로바이옴 유산균 모델링팩 (7개입),20700,44.0,12.0,89.0,38.0,59.0,4.0,421,실측
A000000214722,페이셜백,올리고더미,올리고더미 카렌듈라 마스크 50ml,29750,28.83,19.61,58.73,46.09,32.53,17.05,12,예측
A000000214742,페이셜백,올리고더미,올리고더미 리바이탈라이징 마스크 50ml,28000,27.31,21.69,59.22,40.45,23.37,22.38,9,예측
A000000214743,페이셜백,올리고더미,올리고더미 린덴 마스크 50ml,29750,31.26,20.51,63.03,38.32,45.08,7.76,4,예측
A000000214749,페이셜백,올리고더미,올리고더미 스트로베리 마스크 50ml,29750,28.2,19.2,56.68,43.41,32.04,26.88,24,예측
A000000214750,페이셜백,올리고더미,올리고더미 린덴 마스크 110ml,57600,31.26,20.51,63.03,38.32,45.08,7.76,3,예측
A000000214794,페이셜백,라네즈,[탱글결광/콜라겐팩] 라네즈 바운시&펌 슬리핑 마스크 60ml 기획 (+20ml 추가증정),30600,45.0,5.0,70.0,21.0,63.0,15.0,216,실측
A000000215199,페이셜백,그라운드플랜,[수면보습팩] 그라운드플랜 나이트팩 45ml,48000,38.89,9.93,68.49,27.24,57.21,7.08,21,예측
A000000215367,페이셜백,원씽,[5중모공개선] 원씽 어성초 모델링팩 7개입,13900,46.0,11.0,89.0,46.0,53.0,2.0,398,실측
A000000215368,페이셜백,원씽,[5중모공개선] 원씽 히알루론산 모델링팩 7개입,13900,30.62,17.93,68.56,54.91,37.01,10.06,12,예측
A000000215371,페이셜백,원씽,[대용량/50회분] 원씽 콜라겐 모델링팩 1kg (온),25900,30.23,17.12,74.09,56.55,40.76,5.17,15,예측
A000000215464,페이셜백,더말로지카,[비타민부스트] 더말로지카 멀티비타민 파워 리커버리 워시오프 마스크 75ml,89000,43.8,9.15,76.21,23.61,50.46,15.75,10,예측
A000000216227,페이셜백,CKD,[비타민랩핑팩/대용량] CKD 비타씨테카 잡티흔적 크림팩 80ml 기획세트 (+브러쉬 증정),30000,46.0,3.0,74.0,12.0,37.0,51.0,153,실측
A000000216963,페이셜백,넛세린,넛세린 슈퍼 넛 허니 밤 팩 100g,24900,61.0,8.0,89.0,9.0,88.0,3.0,179,실측
A000000219929,페이셜백,숨37,[NEW] 숨37 마이크로액티브 슈퍼 말차 포어 마스크 100ml,33600,33.0,18.0,85.0,47.0,46.0,7.0,577,실측
A000000221952,페이셜백,리얼베리어,[탄력] 리얼베리어 레티니올 리프팅 랩핑 마스크 80ml,20000,52.25,4.95,73.66,23.32,48.44,21.88,7,예측
A000000221953,페이셜백,리얼베리어,[2분 모공순삭] 리얼베리어 컨트롤-T 애씨드 포어 클레이 팩 80ml,14000,24.58,22.66,54.24,56.23,34.65,15.53,6,예측
A000000222759,페이셜백,아임프롬,[화잘먹꿀광] 아임프롬 허니 마스크 70ml,22000,61.0,6.0,87.0,10.0,88.0,2.0,1966,실측
A000000222762,페이셜백,아임프롬,[열감진정] 아임프롬 머그워트 마스크 70g,20000,60.0,10.0,70.0,72.0,28.0,0.0,60,실측
A000000223792,페이셜백,아임프롬,[올영단독/화잘먹] 아임프롬 피그 스크럽 마스크 70g 더블 기획,28000,29.0,13.0,59.0,27.0,65.0,8.0,2527,실측
A000000223793,페이셜백,아임프롬,[올영단독] 아임프롬 허니 마스크 70ml 더블 기획,24800,58.0,4.0,85.0,11.0,87.0,1.0,1966,실측
A000000224347,페이셜백,에스테덤,[20%추가증정]에스테덤 젠틀 딥포어 클렌저 75ml 기획(+젠틀 클렌저15ml),44100,28.0,25.0,55.0,47.0,38.0,16.0,582,실측
A000000225560,페이셜백,정샘물,[화잘먹랩핑] 정샘물 에센셜 물 랩핑 마스크 80ml,28000,58.0,4.0,86.0,12.0,81.0,7.0,108,실측
A000000225771,페이셜백,식물나라,식물나라 어린녹차 산뜻모공 클레이팩 100ml,8800,20.0,25.0,55.0,69.0,26.0,5.0,443,실측
A000000225778,페이셜백,아비브,아비브 리프팅 콜라겐 랩핑 마스크 부활초 필름 100ml (+스패츌러) (온),19600,53.0,5.0,72.0,23.0,62.0,16.0,174,실측
A000000225782,페이셜백,아비브,아비브 잡티 콜라겐 랩핑 마스크 글루타치온 필름 100ml (+스패츌러) (온),28000,47.0,6.0,60.0,24.0,43.0,33.0,87,실측
A000000228387,페이셜백,원씽,[유튜버최애템/모공개선] 원씽 어성초 모델링팩(컵팩) 28g,2900,30.0,18.0,71.0,74.0,25.0,1.0,511,실측
A000000228388,페이셜백,원씽,[유튜버최애템/수분진정] 원씽 히알루론산 모델링팩(컵팩) 28g,2900,49.0,9.0,73.0,46.0,51.0,3.0,296,실측
A000000229160,페이셜백,비원츠,"[PDRN 필오프팩] 비원츠 씨위드 PDRN 글로우 필오프 젤리마스크 기획 (+헤어밴드,스파츌라)",18900,36.0,8.0,80.0,27.0,63.0,10.0,1699,실측
A000000229632,페이셜백,스킨푸드,스킨푸드 라이스 마스크 워시오프 120g 더블기획,28000,35.0,3.0,55.0,25.0,43.0,32.0,2429,실측
A000000230540,페이셜백,라네즈,[진정시카] 라네즈 시카 슬리핑 마스크 60ml 기획 (+슬리핑 마스크 미니 3종),27200,38.0,13.0,73.0,62.0,36.0,2.0,175,실측
A000000230567,페이셜백,바닐라코,[NEW/모공청소] 바닐라코 클린 잇 제로 차콜 캡슐 포어 클레이 마스크 100g,12600,12.0,33.0,63.0,67.0,28.0,5.0,43,실측
A000000231242,페이셜백,비건이펙트,[급속쿨링/열감진정]비건이펙트 청보리 알로에 랩핑 마스크팩80ml(+브러쉬증정),22500,21.0,15.0,82.0,79.0,21.0,0.0,33,실측
A000000231289,페이셜백,원씽,[5중모공개선/쿨링진정] 원씽 모델링팩 7개입 3종 택1,13900,29.83,15.84,57.97,60.4,50.59,7.14,3,예측
A000000231977,페이셜백,SNP,[10초보들결팩/각질케어] SNP 맑은 결톤 생기 마스크 100ml,24000,29.0,20.0,66.0,33.0,44.0,23.0,1203,실측
A000000231979,페이셜백,SNP,[모공쫀쫀/크림클레이팩]SNP 모공 탄탄 클레이 마스크 100ml,24000,25.0,18.0,43.0,54.0,21.0,25.0,1231,실측
A000000231980,페이셜백,SNP,[피지순삭/포밍팩폼]SNP 피지 쏙쏙 거품 마스크 100ml,24000,36.0,18.0,55.0,55.0,36.0,9.0,1214,실측
A000000231983,페이셜백,SNP,[8시간촉촉/슬리핑팩]SNP 수분 촉촉 푹잠 마스크 100ml,24000,46.0,15.0,85.0,8.0,92.0,0.0,1216,실측
A000000232669,페이셜백,비원츠,[PDRN 필오프팩] 비원츠 씨위드 PDRN 글로우 필오프 젤리마스크 100ml,28000,69.0,1.0,86.0,19.0,80.0,1.0,1699,실측
A000000233884,페이셜백,에스테덤,[수면팩]에스테덤 히알루로닉 플러스 마스크 50ml,39200,79.0,0.0,79.0,3.0,92.0,5.0,45,실측
A000000234367,페이셜백,일소,[피지흡착] 일소 라이스 포테이토 포어 프레쉬 워시오프 150g 기획 (+세안밴드) (부실감자 콜라보),19500,17.0,21.0,67.0,45.0,41.0,14.0,257,실측
A000000235257,페이셜백,마몽드,[화잘먹] 마몽드 오리지널 레시피 모델링팩 4종 (단품/리필),6300,39.0,5.0,75.0,43.0,56.0,1.0,106,실측
A000000235431,페이셜백,가쉬,[멜라제로/11가지 비타민 미백케어]가쉬 10초 마이크로 버블팩 퍼펙트 멜라제로 150회분,36900,43.0,2.0,78.0,11.0,40.0,49.0,128,실측
A000000235434,페이셜백,가쉬,[고순도 히알루론산/수분케어] 가쉬 에어버블 10초 마이크로 버블팩 울트라 아쿠아 브이 150회분,29800,61.0,5.0,85.0,16.0,82.0,2.0,133,실측
A000000235435,페이셜백,가쉬,[콜라겐/탄력케어] 가쉬 10초 마이크로 버블팩 리프트부스트 150회분,36900,49.0,3.0,81.0,14.0,61.0,26.0,236,실측
A000000235758,페이셜백,마몽드,[화잘먹 말랑광] 마몽드 로즈 PHA 슬리핑 마스크 80ml 기획 (+팩브러쉬),21600,30.0,9.0,69.0,27.0,61.0,11.0,70,실측
A000000236121,페이셜백,토르홉,[붓기쏙/광채팡] 토르홉 핀란데 오로라 밤하늘 광채마스크 60g 기획 (+괄사스푼),26500,49.0,3.0,66.0,24.0,68.0,8.0,1231,실측
A000000237833,페이셜백,오휘,[NEW] 오휘 에이지 리커버리 콜라겐 랩핑 마스크 70ml (+실리콘 브러쉬 증정),34000,46.38,6.08,71.05,24.73,54.5,11.04,1,예측
A000000238215,페이셜백,아비브,아비브 PDRN 콜라겐 오버나이트 마스크 퍼밍젤리 80ml,28000,44.01,6.61,72.29,16.57,51.99,15.46,8,예측
A000000245906,페이셜백,토르홉,[단독/미백톤업]토르홉 핀란데 오로라 밤하늘 광채 슬리핑마스크 60g 기획 (+무민 헤어고정시트 2개 증정),26500,45.0,3.0,66.0,27.0,62.0,10.0,1167,실측
A000000247905,페이셜백,샤르드,샤르드 멜라케어 필크림 필오프 마스크팩 50ml,32500,43.0,6.0,65.0,21.0,49.0,30.0,218,실측
A000000248750,페이셜백,피캄,"[피부볼륨, 치밀도개선] 피캄 PDRN 카페인 1000 오버나이트 랩핑 마스크 50ml",13650,32.68,14.87,60.0,43.92,35.94,7.42,4,예측
A000000248767,페이셜백,피캄,[탄산버블/브라이트닝] 피캄 붉은 쌀 버블 딥 마스크 90g,19900,26.29,24.78,65.17,57.79,31.47,2.94,12,예측
A000000248768,페이셜백,피캄,[탄산버블/트러블관리] 피캄 터메릭 버블 딥 마스크 90g,19900,21.3,31.11,59.07,66.49,30.49,3.06,9,예측
A000000255145,페이셜백,닥터자르트,[4종한정기획] 닥터자르트 크라이오 스파 마스크 콜렉션 4매입,24900,35.0,5.0,76.0,48.0,48.0,4.0,1668,실측
A000000255811,페이셜백,피캄,[한정기획/탄산버블/모공청소/화잘먹] 피캄 홀리바질 버블 딥 마스크 90g 미니언즈 기획(+미니언즈 헤어고정시트 증정),20400,15.0,26.0,46.0,68.0,26.0,6.0,3299,실측
A000000257820,페이셜백,비원츠,[즉각쿨링] 비원츠 펩타이드 엑스 쿨링 버블 마스크 100ml,21000,42.0,10.0,80.0,38.0,60.0,2.0,1014,실측
A000000258938,페이셜백,프리메이,[콜라겐/히알루론산 퀵 버블마스크]프리메이 글로우 부스터 버블 마스크 95ml 2종 택 1(핑크 콜라겐/블루 모이스춰),13900,40.0,5.0,95.0,14.0,74.0,11.0,1034,실측
A000000258939,페이셜백,프리메이,[히알루론산/퀵 버블마스크]프리메이 블루 모이스춰 글로우 부스터 버블 마스크 95ml,13900,26.0,0.0,100.0,36.0,60.0,5.0,42,실측
A000000260410,페이셜백,포들,[박한별PICK] 포들 밤 콜라겐 언빌리-버블 앰플 115g,27000,38.94,11.18,74.54,38.7,54.66,4.91,0,예측
A000000260449,페이셜백,에스테덤,[리뉴얼]에스테덤 라이트닝 버핑 마스크 75ml (저자극 각질팩),42750,23.88,30.18,55.45,63.81,26.75,9.2,0,예측
A000000230538,페이셜백,라네즈,[쿨링진정/수분광채] 라네즈 워터 슬리핑 마스크 70ml 기획 (+슬리핑 마스크 미니 3종),25600,47.0,7.0,76.0,24.0,75.0,1.0,1161,실측
A000000224585,페이셜백,빌리프,[쿨링냉찜질팩] 빌리프 아쿠아 밤 프로즌 모델링 마스크 1 SET 옵션 택 1,6930,39.0,7.0,65.0,59.0,41.0,0.0,167,실측
A000000015117,페이셜백,스웨디쉬,[빅토리아]스웨덴에그팩 듀오,10000,7.0,49.0,54.0,48.0,28.0,24.0,233,실측
A000000113390,페이셜백,에이프릴스킨,[블랙헤드/피지] 에이프릴스킨 리얼 카렌둘라 필 오프 팩 100g,18200,18.0,23.0,38.0,51.0,29.0,20.0,6148,실측
A000000140593,페이셜백,AHC,AHC 365 레드세럼 랩핑 모델링 40g,6500,45.0,6.0,64.0,25.0,57.0,18.0,271,실측
A000000149874,페이셜백,에스테덤,[저자극 모공팩] 에스테덤 젠틀 딥 포어 클렌저 75ml,49000,21.0,24.0,69.0,45.0,41.0,14.0,582,실측
A000000149877,페이셜백,에스테덤,[화잘먹 각질팩] 에스테덤 라이트닝 버핑 마스크 75ml,57000,30.0,21.0,69.0,36.0,33.0,31.0,89,실측
A000000152154,페이셜백,린제이,[72관왕/1위] 린제이 쿨링밤 오리지널 모델링팩 330g,10900,21.0,28.0,58.0,80.0,20.0,1.0,1713,실측
A000000154514,페이셜백,원씽,[유튜버 마켓대란템/50회분] 원씽 어성초 모델링팩 대용량 1kg (진정),25900,23.0,15.0,65.0,79.0,20.0,0.0,215,실측
A000000169304,페이셜백,마리엔메이,[피부보습] 마리엔메이 로즈 히알루로닉 하이드라 워시오프팩 125g,28900,40.0,11.0,74.0,26.0,69.0,5.0,304,실측
A000000173298,페이셜백,에스테덤,[여행용 미스트증정/모공팩]에스테덤 젠틀 딥 포어 클렌저 75ml 기획(+미스트 30ml 증정),49000,20.0,23.0,62.0,35.0,44.0,21.0,582,실측
A000000186480,페이셜백,선덕제주,선덕제주 케라바이옴엑스 로제 멀티 마스크 스틱 3종 중 택 1,27500,22.47,23.9,58.23,54.87,27.71,16.45,13,예측
A000000186482,페이셜백,선덕제주,선덕제주 케라바이옴엑스 리벨런스 프레쉬 버블팩,28500,25.91,23.88,55.29,50.09,47.41,0.83,12,예측
A000000189105,페이셜백,이아이오,이아이오 웰링 워시 오프 팩 페탈 110ml,38000,35.0,9.0,86.0,21.0,48.0,31.0,108,실측
A000000199215,페이셜백,어글리러블리,어글리러블리 광채 보습 캐롯 마스크 100ml,26000,51.0,5.0,89.0,13.0,82.0,5.0,509,실측
A000000199228,페이셜백,어글리러블리,어글리러블리 생기 톤업 유자 마스크 100ml,28000,31.0,7.0,77.0,15.0,44.0,41.0,1122,실측
A000000199229,페이셜백,어글리러블리,어글리러블리 매끈 보들 피그 마스크 100ml,28000,44.0,2.0,67.0,19.0,75.0,6.0,61,실측
A000000199943,페이셜백,메디필,메디필 히알루론산 레이어 물톡스 랩핑 마스크 70ml 기획 (본품+브러쉬 구성),25000,48.0,7.0,67.0,24.0,70.0,6.0,349,실측
A000000207700,페이셜백,설화수,설화수 백삼팩 120ml,64800,37.9,8.88,58.71,31.45,60.34,6.92,10,예측
A000000208245,페이셜백,인워드,인워드 아가스 아큐 허벌 마스크 5.5 120ml,29000,27.0,45.0,82.0,55.0,45.0,0.0,185,실측
A000000208289,페이셜백,라네즈,[탱글결광] 라네즈 바운시&펌 슬리핑 마스크 60ml,30600,48.34,4.67,75.37,19.31,63.4,8.72,8,예측
A000000210738,페이셜백,라운드랩,[모공진정/당김제로] 라운드랩 포 맨 소나무 진정 시카 클레이 팩 100ml,12830,15.0,37.0,59.0,73.0,21.0,6.0,579,실측
A000000212748,페이셜백,어글리러블리,어글리러블리 트레블러스 키트(캐롯/유자/피그) 30ml*3종,28000,48.0,8.0,81.0,20.0,76.0,4.0,237,실측
A000000214307,페이셜백,코이,[고현정 PICK] 코이 플로우 소프트 크레마 마스크 70ml,58000,31.74,17.23,54.81,36.47,58.04,4.57,6,예측
A000000214745,페이셜백,올리고더미,올리고더미 딥클렌징 마스크 50ml,29750,21.97,24.84,60.42,56.0,28.91,16.98,7,예측
A000000214747,페이셜백,올리고더미,올리고더미 캄파 마스크 50ml,29750,27.28,17.65,59.56,38.94,41.41,18.67,14,예측
A000000214752,페이셜백,올리고더미,올리고더미 아이시무스 30g,58500,34.73,13.4,61.08,53.98,48.95,3.23,15,예측
A000000214762,페이셜백,올리고더미,올리고더미 스트로베리 마스크 125ml,59400,28.2,19.2,56.68,43.41,32.04,26.88,24,예측
A000000214767,페이셜백,올리고더미,올리고더미 딥클렌징 마스크 110ml,57600,21.97,24.84,60.42,56.0,28.91,16.98,7,예측
A000000214769,페이셜백,올리고더미,올리고더미 카렌듈라 마스크 110ml,57600,28.83,19.61,58.73,46.09,32.53,17.05,12,예측
A000000215369,페이셜백,원씽,[탄력/진정] 원씽 콜라겐 모델링팩 7개입,13900,30.23,17.12,74.09,56.55,40.76,5.17,10,예측
A000000216737,페이셜백,필킨,[진정수딩/광채톤업] 필킨X약손명가 모델링팩 5매입 2종 택1,14000,27.0,6.0,92.0,42.0,34.0,24.0,2272,실측
A000000216955,페이셜백,아비브,아비브 모델링 크림 마스크 어성초/부활초 스쿱 2종 택1,8000,40.0,9.0,67.0,55.0,42.0,3.0,1166,실측
A000000224503,페이셜백,에이프릴스킨,[1+1 더블기획] 에이프릴스킨 리얼 카렌둘라 필오프팩 더블 기획세트(100g+100g),23200,19.0,25.0,29.0,46.0,26.0,29.0,6148,실측
A000000228413,페이셜백,어나더페이스,[급속 쿨링&진정] 어나더페이스 펩타테놀 수분 밸런스 모델링 팩 28g,7000,33.84,12.41,69.46,45.42,56.87,8.05,15,예측
A000000228945,페이셜백,메디필,[원조랩핑] 메디필 레드락토 콜라겐 랩핑 마스크 70ml 기획 (+테디베어 키링),25000,32.0,7.0,55.0,29.0,51.0,20.0,11253,실측
A000000231898,페이셜백,샤이샤이샤이,샤이샤이샤이 알로에 PDRN 쿨링 머드 마스크 100ml (온),18300,49.0,5.0,54.0,65.0,32.0,3.0,37,실측
A000000244040,페이셜백,라네즈,[수분광채/리필증정] 라네즈 워터 슬리핑 마스크 70ml 기획 (+40ml 리필+슬리핑마스크 미니 2종),25600,40.0,12.0,74.0,28.0,70.0,2.0,5759,실측
A000000260104,페이셜백,비플레인,[NEW/쿨링진정] 비플레인 녹두 모공 크라이오 마스크 120ml,17650,45.28,8.57,70.73,25.02,42.54,14.11,15,예측
A000000261493,페이셜백,라네즈,[탱글결광/콜라겐팩] 라네즈 바운시&펌 슬리핑 마스크 60ml 기획 (+슬리핑 마스크 미니 3종),30600,43.7,6.74,75.17,20.86,59.43,6.71,0,예측
A000000262516,페이셜백,라네즈,[쿨링진정/수분광채] 라네즈 워터 슬리핑 마스크 70ml 기획 (+슬리핑 마스크 미니 3종),25600,0.0,0.0,0.0,0.0,0.0,0.0,1161,실측
A000000258917,필링_스크럼,일소,[7월 올영픽/짱구 콜라보] 일소 슈퍼 멜팅 세범 소프트너 150ml 기획 (+스티커2종+제거기+솜40매),18900,20.0,33.0,45.0,55.94,38.39,1.11,15759,실측
A000000162279,필링_스크럼,닥터지,[화잘먹/저자극] 닥터지 브라이트닝 필링젤 기획 (120+60+세럼2ml/120ml+120ml),17700,22.0,16.0,50.0,46.43,51.46,3.02,44583,실측
A000000258964,필링_스크럼,일소,[짱구 콜라보] 일소 노 트러블럼 필링 스왑 10매 기획 (+키캡 키링),15000,20.0,20.0,33.0,55.44,48.91,0.0,2002,실측
A000000261788,필링_스크럼,풀리,[단독기획/피지지우개] 풀리 멜팅크림 투오일 50ml 기획 (+쌀반죽폼 증정),17300,21.0,34.0,77.0,38.73,51.46,10.98,245,실측
A000000231310,필링_스크럼,프리메라,[1+1] 프리메라 마일드 앤 퍼펙트 페이셜 필링 100ml 리필기획,15000,34.0,13.0,66.0,47.87,40.12,2.34,13579,실측
A000000219984,필링_스크럼,스킨시그널,[머랭솝/팩브러쉬증정] 스킨시그널 클레이 효소클렌저 70g 팩브러쉬 증정기획 (핑크/그린),18900,26.0,21.0,63.0,59.02,27.94,8.68,5865,실측
A000000260526,필링_스크럼,비플레인,[8월올영픽/두유필링]비플레인 녹두 밀크 필링젤 120ml 1+1 기획,19800,38.0,8.0,68.0,50.28,51.38,2.05,3398,실측
A000000185512,필링_스크럼,파파레서피,"파파레서피 효소 파우더 클렌저 50g (블레미쉬(광채), 가지(보습), 티트리(진정)",14400,20.0,22.0,49.0,57.9,47.07,8.95,14641,실측
A000000213972,필링_스크럼,파파레서피,[온라인 단독] 파파레서피 블레미쉬 효소 파우더 클렌저 50g 더블기획 (+브러쉬+블레미쉬 크림 7ml),28800,15.0,26.0,52.0,60.87,44.59,8.05,1206,실측
A000000228792,필링_스크럼,비플레인,비플레인 녹두 모공 스케일링 워터 150ml 기획 (+초밀착 화장솜 40매),17200,19.0,31.0,49.0,45.74,55.0,0.18,1104,실측
A000000229956,필링_스크럼,닥터멜락신,[카디비 PICK/미국 1위 필링젤] 닥터멜락신 필 샷 각질 케어 쌀 앰플 고마쥬 필링 젤 80ml 2종 택1,22900,30.0,15.0,75.0,36.28,58.18,9.18,716,실측
A000000224468,필링_스크럼,메디필,[피지연화제] 메디필 엑스트라 슈퍼9 플러스 3X 250ml 기획 (+화장솜40매),14900,18.0,40.0,41.0,22.85,39.65,18.05,3858,실측
A000000231693,필링_스크럼,닥터지,[여행용/소단량] 닥터지 브라이트닝 필링젤 60g,8000,24.0,22.0,45.0,36.86,70.42,0.0,294,실측
A000000232726,필링_스크럼,셀퓨전씨,셀퓨전씨 파하 엔자임 그레뉼 필스 파우더 60g 기획(+1g*7개),14900,22.0,23.0,64.0,51.1,36.91,10.89,128,실측
A000000000150,필링_스크럼,싸이닉,[1+1] 싸이닉 퍼펙트필링젤 더블 기획 (120ml+120ml),8000,22.0,16.0,52.0,48.89,49.71,6.07,7564,실측
A000000205458,필링_스크럼,바닐라코,[저자극 필링] 바닐라코 클린잇제로 티트리 포어 필링 젤 120ml (+50ml),12600,22.0,19.0,52.0,42.78,60.26,7.78,2326,실측
A000000184949,필링_스크럼,라씨엘르,[초마드PICK]라씨엘르 엔자임 곡물 클렌징 파우더워시 60g 기획 (+미니어처 10g),16800,23.0,17.0,54.0,62.28,53.45,0.33,7501,실측
A000000163814,필링_스크럼,라운드랩,[각질말끔] 라운드랩 1025 독도 필링젤 120ml 기획 (+클렌저 20ml),13500,27.0,14.0,61.0,35.34,64.01,1.58,1879,실측
A000000170402,필링_스크럼,원데이즈유,[올영단독] 원데이즈유 피지쏙쏙 노 모어 블랙헤드 100ml 기획 (+코팩 패드 10매 증정),14900,15.0,31.0,31.0,64.88,38.03,0.2,3959,실측
A000000259624,필링_스크럼,메디필,[슈야토야 핸드타올/피지제거] 메디필 엑스트라 슈퍼 9 플러스 3X 250ml 한정기획,14900,21.0,31.0,50.0,22.79,46.23,14.07,2743,실측
A000000231796,필링_스크럼,테라비코스,[블랙헤드/피지개선] 테라비코스 차콜 엔자임 워싱 파우더 40g,14600,22.0,34.0,89.0,75.49,16.47,4.16,1548,실측
A000000187817,필링_스크럼,비플레인,[보들촉촉필링] 비플레인 녹두 밀크 필링 젤 120ml+40ml 기획,17600,30.0,14.0,67.0,50.28,51.38,2.05,3345,실측
A000000149985,필링_스크럼,마녀공장,마녀공장 갈락토미 엔자임 필링젤 75ml,11700,29.0,12.0,49.0,45.37,57.63,2.8,1108,실측
A000000139762,필링_스크럼,수이사이,"[깐달걀효소세안제] 수이사이 뷰티 클리어 파우더 워시 6종 (오리지널, 블랙, 골드, 그린, 핑크, 탄산피지)",24000,23.0,16.0,61.0,55.15,45.99,14.1,2324,실측
A000000201377,필링_스크럼,SRB,SRB 쌀뜨물 미강 효소 세안제 100g 대용량,26000,34.0,9.0,70.0,66.53,36.77,4.15,2808,실측
A000000140257,필링_스크럼,수이사이,"[15p/깐달걀효소세안제] 수이사이 뷰티 클리어 파우더 워시 15개입 5종 (오리지널, 블랙, 골드, 그린, 핑크)",11050,23.0,16.0,58.0,55.15,45.99,14.1,1512,실측
A000000237473,필링_스크럼,일소,"[화잘먹/1분퀵필링] 일소 노 트러블럼 필링 스왑 3종 (1매,8매,10매 기획)",15000,17.0,29.0,32.0,55.44,48.91,0.0,1388,실측
A000000209871,필링_스크럼,더마토리,[모공케어] 더마토리 살리시닉 포어 트러블 멜팅패드 30매 단품,14400,20.0,30.0,50.0,57.65,60.64,0.0,837,실측
A000000230670,필링_스크럼,수이사이,수이사이 뷰티 클리어 파우더워시 산리오 콜라보 6종 택1,22100,20.0,14.0,58.0,63.46,39.5,6.27,2599,실측
A000000154158,필링_스크럼,더말로지카,더말로지카 효소 엔자임 파우더 클렌징 데일리마이크로폴리언트 (13G 더블 단독기획),43300,28.0,15.0,52.0,65.67,19.36,9.27,1439,실측
A000000257291,필링_스크럼,토리든,[NEW] 토리든 다이브인 저분자 히알루론산 수분 필링 젤 150ml,13300,41.0,12.0,83.0,29.85,62.33,8.72,41,실측
A000000142777,필링_스크럼,수이사이,수이사이 뷰티 클리어 파우더 워시 N 32ea 더블기획,38760,23.0,21.0,73.0,46.51,49.14,15.17,224,실측
A000000213949,필링_스크럼,연작,연작 전초 폼 앤 엑스폴리언트 80g,38000,26.01,17.08,64.51,40.48,43.71,8.22,18,예측
A000000228967,필링_스크럼,라씨엘르,[레오제이 셀렉트스토어 선정] 라씨엘르 엔자임 신선초 파우더 워시 60g,16800,19.0,22.0,79.0,59.33,39.15,7.02,281,실측
A000000224371,필링_스크럼,아리얼,[효소세안]아리얼 더 퍼펙트 율무 효소 스크럽 파우더 클렌저 55g,12900,22.0,15.0,50.0,68.57,23.71,6.24,1918,실측
A000000153372,필링_스크럼,마이달리아,마이달리아 밤 블랙헤드 스틱 20g,12500,15.0,23.0,39.0,44.92,45.59,7.94,1370,실측
A000000155992,필링_스크럼,케어존,[증량] 케어존 딥클린 젠틀필링젤 200ml,11900,23.0,13.0,62.0,51.2,42.61,7.78,3345,실측
A000000155402,필링_스크럼,더말로지카,[데일리/각질진정] 더말로지카 효소 엔자임 파우더 클렌징 데일리마이크로폴리언트 13g,25000,23.0,22.0,50.0,65.67,19.36,9.27,254,실측
A000000179842,필링_스크럼,더말로지카,"[데일리/각질 진정] 더말로지카 효소 엔자임 파우더 클렌징 폴리언트 13g 3종 택 1 (마이크로,밀크,수퍼)",25000,41.0,16.0,71.0,55.18,30.9,9.4,131,실측
A000000215177,필링_스크럼,아이오페,아이오페 프로 필링 소프트젤 100ml,24000,30.0,10.0,40.0,43.2,36.72,13.07,33,실측
A000000233000,필링_스크럼,빌리프,[NEW 효소] 빌리프 슈퍼 나이츠 히알루론 효소 파우더 팩 클렌저 55g,23870,34.0,13.0,59.0,53.06,43.56,14.98,61,실측
A000000216496,필링_스크럼,식물나라,식물나라 뽀얀쌀 효소 파우더 클렌저 50g,10800,25.0,19.0,52.0,45.52,44.11,7.38,692,실측
A000000188561,필링_스크럼,조선미녀,조선미녀 꽃담필링젤 100ml,10400,42.0,3.0,63.0,57.71,45.94,3.36,86,실측
A000000172796,필링_스크럼,수이사이,수이사이 뷰티 클리어 블랙 파우더 워시 32개입,20400,18.0,28.0,60.0,48.01,34.95,16.08,158,실측
A000000225083,필링_스크럼,수이사이,수이사이 뷰티 클리어 그린/핑크 파우더워시 4종 택1 (15개입/32개입),13000,30.0,15.0,71.0,54.03,45.37,5.93,266,실측
A000000205064,필링_스크럼,성분에디터,[블랙헤드케어/면봉증정기획] 성분에디터 블랙헤드 멜팅 클리어 패드 기획 (+압출면봉 30개),19500,23.0,30.0,47.0,66.63,41.96,1.08,1326,실측
A000000242464,필링_스크럼,니들리,니들리 마일드 효소 클렌징 파우더 60g,18900,16.0,37.0,66.0,72.25,14.98,4.3,329,실측
A000000172601,필링_스크럼,이즈앤트리,[NCT 재민PICK] 이즈앤트리 머그워트 카밍 파우더 워시 1g*25ea,15900,18.0,22.0,55.0,58.37,39.04,4.89,1955,실측
A000000223204,필링_스크럼,브링그린,브링그린 티트리 시카 피지 클리닝젤 50ml 기획 (+피지 클리너),13900,19.0,30.0,46.0,61.1,40.82,0.07,740,실측
A000000170733,필링_스크럼,코스알엑스,코스알엑스 약산성 굿나잇 소프트 필링젤 120ml (젤 클렌저 20ml 증정기획),12720,28.0,15.0,67.0,60.06,20.45,18.68,496,실측
A000000190416,필링_스크럼,수이사이,수이사이 뷰티 클리어 골드 파우더워시 15개입,11900,40.0,7.0,70.0,48.01,34.95,16.08,151,실측
A000000241228,필링_스크럼,일소,"[화잘먹/1분퀵필링] 일소 노 트러블럼 필링 스왑 3종 (1매,8매,10매 기획)",15000,31.0,29.0,43.0,55.44,48.91,0.0,1508,실측
A000000203931,필링_스크럼,한스킨,[모공디톡스/화잘먹] 한스킨 딥클리어링 모공 필링젤 75ml,7800,25.0,16.0,86.0,50.28,49.78,0.54,1361,실측
A000000106871,필링_스크럼,내츄레인,내츄레인 아쿠아 필링 젤 모이스처 300ml,17430,29.0,11.0,60.0,52.86,57.01,0.25,280,실측
A000000113981,필링_스크럼,불독,불독 오리지널 페이스 스크럽 125ml,22900,23.27,19.6,62.82,54.92,36.11,5.97,18,예측
A000000144853,필링_스크럼,그레이멜린,그레이멜린 파인애플 마일드 필링젤 100ml,9900,23.0,15.0,56.0,60.59,35.12,2.35,662,실측
A000000147251,필링_스크럼,스킨푸드,스킨푸드 블랙슈가 퍼펙트 엔자임 파우더 워시 30ea,24000,22.0,16.0,60.0,45.55,56.36,2.42,209,실측
A000000154256,필링_스크럼,수이사이,수이사이 뷰티 클리어 블랙 파우더 워시 15개입,13000,15.0,30.0,52.0,48.01,34.95,16.08,678,실측
A000000155399,필링_스크럼,더말로지카,[지성/각질피지순삭] 더말로지카 효소 엔자임 파우더 클렌징 데일리수퍼폴리언트 13g,28000,23.0,27.0,34.0,67.74,22.35,7.26,140,실측
A000000155409,필링_스크럼,더말로지카,[데일리/각질진정] 더말로지카 데일리 마이크로폴리언트 [13G*2개입/74G],89000,31.0,15.0,59.0,65.67,19.36,9.27,1221,실측
A000000160577,필링_스크럼,클라뷰,클라뷰 피톤치드 필링 젤 80ml,14000,27.0,15.0,72.0,41.7,57.19,5.01,329,실측
A000000160994,필링_스크럼,닥터지,[모공세정/각질케어] 닥터지 그린딥 포밍 스크럽 120g,23000,18.0,21.0,40.0,50.71,53.35,0.0,1673,실측
A000000162370,필링_스크럼,마녀공장,[더블기획] 마녀공장 갈락 필링젤 대용량 120mlX2 더블 기획,35000,20.0,17.0,52.0,45.37,57.63,2.8,3061,실측
A000000180976,필링_스크럼,숨37,숨37 마이크로액티브 파우더워시 60g,49300,34.0,8.0,80.0,47.66,33.1,20.21,88,실측
A000000190582,필링_스크럼,스킨시그널,스킨시그널 클레이 효소클렌저 3종 택1,20000,27.0,19.0,71.0,60.67,25.87,8.07,2595,실측
A000000197728,필링_스크럼,플루,[저자극필링/화잘먹] 플루 브라이트닝 필링젤 피치 100g,8900,36.0,13.0,90.0,34.68,54.78,3.16,1720,실측
A000000200813,필링_스크럼,메디필,메디필 레드 락토 콜라겐 곤약 필링젤 95ml 기획 (+레드락토폼 15ml),16000,26.0,15.0,55.0,49.47,55.07,4.52,336,실측
A000000203004,필링_스크럼,오브제,오브제 블랙헤드 스크럽 밤 20g,17800,65.0,8.0,83.0,62.62,40.07,3.87,563,실측
A000000206157,필링_스크럼,스킨푸드,[NEW/매끈결] 스킨푸드 파인애플 필링 젤 100ml,13000,24.0,11.0,71.0,40.44,57.85,2.45,38,실측
A000000206801,필링_스크럼,바이오던스,바이오던스 하이드로 세라마이드 클렌징파우더 30EA,32000,31.0,2.0,77.0,49.86,42.52,5.57,214,실측
A000000208186,필링_스크럼,닥터벨머,닥터벨머 아미노클리어 필링젤 130ml,8900,20.0,11.0,71.0,74.39,25.08,0.01,94,실측
A000000211371,필링_스크럼,휩드,[저자극 스크럽] 휩드 비건 팩스크럽 210g (4종 중 택1),30000,33.0,12.0,51.0,37.7,61.7,6.56,692,실측
A000000213510,필링_스크럼,수이사이,[온라인단독] 수이사이 뷰티 클리어 파우더워시 골드 32ea 더블기획,41990,25.4,19.35,60.91,48.01,34.95,16.08,16,예측
A000000215337,필링_스크럼,바버,[올인원클렌저]바버 리파이닝 엔자임 앤 비타민C 클렌저 40g 효소 세안 파우더,45000,27.14,18.69,70.32,62.6,21.29,13.3,1,예측
A000000218923,필링_스크럼,아임프롬,[저자극결케어] 아임프롬 피그 엔자임 파우더 클렌저 50g,24000,39.0,13.0,85.0,56.03,30.53,6.24,465,실측
A000000222793,필링_스크럼,아누아,[쫀쫀/딥클렌징] 아누아 라이스 효소 브라이트닝 클렌징 파우더 40g,18900,32.0,11.0,60.0,57.13,29.42,8.68,53,실측
A000000223422,필링_스크럼,닥터엘시아,닥터엘시아 프리미엄 퀵 스텝 세범 클렌저 100ml,16150,13.0,45.0,88.0,58.53,56.97,0.59,78,실측
A000000224478,필링_스크럼,마미케어,마미케어 바다포도 피지연화제 145ml,15700,13.0,31.0,70.0,59.78,39.74,0.0,105,실측
A000000226415,필링_스크럼,닥터지,[NEW/화잘먹] 닥터지 하이퍼 글로우 30% 앰플필링 2-STEP 프로그램 (앰플필링 15ml+진정패드 13g*4매),22000,25.0,18.0,40.0,48.35,48.66,0.0,447,실측
A000000227661,필링_스크럼,아누아,[한정기획] 아누아 라이스 효소 브라이트닝 클렌징 파우더 40g 기획 (+팩브러쉬),18900,47.0,16.0,59.0,57.13,29.42,8.68,102,실측
A000000229071,필링_스크럼,차앤박,[효소클렌저/결케어] 차앤박 프로폴리스 레스큐 파우더워시 70g,21600,27.21,18.88,68.62,61.45,25.58,7.33,5,예측
A000000230370,필링_스크럼,메디큐브,[NEW/여드름성 피부 완화 기능성] 메디큐브 레드 아크네 석시닉 애씨드 필 40g,33600,21.55,27.69,40.43,53.27,41.89,3.15,24,예측
A000000231391,필링_스크럼,닥터슈라클,[미세먼지 세정/각질 제거] 닥터슈라클 나이트 엔자임 워시 50g,25500,30.0,13.0,89.0,61.28,30.52,8.24,148,실측
A000000231393,필링_스크럼,닥터슈라클,[파우더워시 원조/아침 세안] 닥터슈라클 모닝 엔자임 워시 50g,23800,28.64,16.29,60.05,61.63,24.44,8.0,7,예측
A000000232002,필링_스크럼,듀이트리,[단독기획/쫀득버블] 듀이트리 하이 아미노 올 효소 파우더워시 50g 기획 (+해면스펀지),15200,29.0,17.0,71.0,55.79,51.02,9.64,262,실측
A000000238597,필링_스크럼,우노,[쿨링/지성추천] 우노 휩 워시 스크럽 130g,9800,22.89,19.75,47.54,42.92,31.21,11.16,26,예측
A000000244697,필링_스크럼,메이영,[각질케어 앰플] 메이영 모공 리페어 스피큘 필링 앰플 50ml,38000,24.0,14.0,83.0,57.05,41.11,3.13,78,실측
A000000252640,필링_스크럼,더말로지카,[민감성/매끈결광/대용량] 더말로지카 효소 엔자임 파우더 클렌징 데일리밀크폴리언트 74g,63000,26.13,17.76,60.33,45.72,44.93,10.99,2,예측
A000000252646,필링_스크럼,더말로지카,[지성/각질피지순삭/대용량] 더말로지카 효소 엔자임 파우더 클렌징 데일리수퍼폴리언트 57g,69000,26.45,17.69,64.55,67.74,22.35,7.26,1,예측
A000000254347,필링_스크럼,케어존,케어존 홈에스테틱 필링 스왑 5입,6000,21.0,25.0,59.0,60.49,37.05,7.04,63,실측
A000000261636,필링_스크럼,록키스,[리뉴얼/각질케어] 록키스 티트리 필링젤 120ml 기획 (+60ml),8900,0.0,100.0,100.0,61.12,31.93,3.91,1454,실측
A000000225736,필링_스크럼,일소,[1등피지클리너] 일소 슈퍼 멜팅 세범 소프트너 150g 기획 (+착붙솜40매+모공팩1매),18900,28.0,28.0,52.0,33.57,54.66,4.75,30222,실측
A000000235440,필링_스크럼,더말로지카,"더말로지카 데일리 마이크로폴리언트 13g 2입 기획 (+에스테틱 볼, 거품브러쉬)",29900,38.0,9.0,59.0,65.67,19.36,9.27,1092,실측
A000000237644,필링_스크럼,파파레서피,[올영단독] 파파레서피 블레미쉬 효소파우더 클렌저 130g 대용량기획 (+팩붓+오일/크림 3ml*3),28800,23.0,20.0,53.0,32.48,60.91,10.18,1545,실측
A000000212924,필링_스크럼,테라비코스,[민감성/여드름성피부적합] 테라비코스 엔자임 워싱 파우더 40g,23800,29.0,20.0,96.0,60.24,26.75,10.0,3272,실측
A000000131507,필링_스크럼,케어존,케어존 딥클린 젠틀 필링젤 30ml,3000,24.0,15.0,60.0,52.15,41.61,7.1,1671,실측
A000000132344,필링_스크럼,SRB,SRB 쌀뜨물 미강 효소세안제 70g *,22000,27.0,13.0,58.0,59.82,52.97,0.61,2327,실측
A000000150105,필링_스크럼,마녀공장,[1+1] 마녀공장 갈락 필링젤 1+1 기획 (75ml+75ml),11700,23.0,16.0,52.0,45.37,57.63,2.8,5413,실측
A000000153138,필링_스크럼,디어클레어스,클레어스 젠틀 블랙 슈거 페이셜 폴리쉬 110g,22900,12.0,38.0,26.0,24.45,61.53,12.13,67,실측
A000000156411,필링_스크럼,수이스킨,수이스킨 바른 약콩 파우더 워시 50g,15400,30.0,18.0,83.0,70.38,22.35,4.94,136,실측
A000000160568,필링_스크럼,록키스,[단독기획] 록키스 티트리 필링젤 (본품120ml+60ml추가 증정),9900,21.0,18.0,56.0,62.75,34.05,4.32,1451,실측
A000000165068,필링_스크럼,바이오힐보,[저자극필링젤] 바이오힐 보 세라마이드 아쿠아 토닝 필링 젤 120mL 기획 (+60mL),10800,30.0,10.0,64.0,37.54,50.78,10.69,1249,실측
A000000181322,필링_스크럼,비욘드,비욘드 엔젤아쿠아 소프트 페이셜 필링젤 더블기획(100mlX2입)(비건),17000,21.0,12.0,57.0,48.75,53.13,9.15,471,실측
A000000185438,필링_스크럼,메디필,[블랙헤드제거] 메디필 엑스트라 슈퍼9 액티브 스틱,18500,13.0,32.0,44.0,39.11,46.87,21.58,3616,실측
A000000189877,필링_스크럼,닥터원더,닥터원더 원더 블랙헤드 석션워터 150ml,21800,24.24,24.98,57.74,66.72,33.3,0.0,12,예측
A000000197742,필링_스크럼,플루,[톤업스크럽/화잘먹] 플루 소프트 페이셜 스크럽 허니앤슈가 100g,8900,29.0,19.0,78.0,34.68,54.78,3.16,1581,실측
A000000199224,필링_스크럼,후르디아,[최대할인] 후르디아 아보카도 약산성 릴리프 필링젤 120g,16000,25.0,17.0,68.0,50.74,53.51,1.42,170,실측
A000000200621,필링_스크럼,아리얼,[버블메이커 증정]아리얼 더 퍼펙트 율무 효소 스크럽 파우더 클렌저 55g 기획,22000,25.0,13.0,74.0,68.57,23.71,6.24,1736,실측
A000000203930,필링_스크럼,한스킨,[맑은결광/멀티팩폼] 한스킨 딥클리어링 모공 파우더 클렌저 효소 세안제 50g,9800,23.0,19.0,89.0,73.78,16.95,5.1,1326,실측
A000000204371,필링_스크럼,수이사이,수이사이 뷰티 클리어 골드 파우더 워시 32개입,26000,38.0,6.0,63.0,48.01,34.95,16.08,48,실측
A000000208181,필링_스크럼,비프로젝트,[블랙헤드관리/김다혜PICK] 비프로젝트 바이 블랙헤드 멜팅 리무버 30ml,24000,27.0,18.0,48.0,44.97,56.08,8.46,553,실측
A000000211195,필링_스크럼,아누아,아누아 어성초 라하 모이스처 필링젤 120ml,16200,34.0,10.0,67.0,74.61,30.46,0.0,99,실측
A000000211240,필링_스크럼,듀이트리,[피부결/각질개선] 듀이트리 하이 아미노 올 효소 파우더워시 50g,15200,25.0,11.0,73.0,55.79,51.02,9.64,112,실측
A000000212540,필링_스크럼,주미소,[피지클리너] 주미소 블랙헤드 멜팅 소프트너 150ml 기획 (+밀착패드40매),15750,24.0,28.0,66.0,56.92,43.67,0.0,749,실측
A000000216304,필링_스크럼,스킨푸드,스킨푸드 블랙슈가 퍼펙트 엔자임 파우더워시 65g,26000,15.0,13.0,62.0,45.55,56.36,2.42,61,실측
A000000217746,필링_스크럼,런드리유,[단독기획] 런드리유 클린 포어 리퀴드 울트라 피지연화제 기획 (+피지전용화장솜 15매 증정),19500,28.0,37.0,92.0,36.96,51.52,10.97,3686,실측
A000000219415,필링_스크럼,메디필,[피지연화제] 메디필 엑스트라 슈퍼9 플러스 3X 250ml 기획 (+스크래퍼+화장솜 40매),17800,17.0,38.0,43.0,22.85,39.65,18.05,3858,실측
A000000222686,필링_스크럼,런드리유,[단독기획] 런드리유 하이드로 퓨리파잉 워시 효소파우더 50ml 기획 (+팩볼/브러쉬),22500,38.0,21.0,95.0,57.32,44.29,4.35,2108,실측
A000000225088,필링_스크럼,수이사이,수이사이 뷰티 클리어 Fizzy 탄산 파우더 워시 2종 (16개입/32개입),14000,25.74,23.31,68.49,56.5,32.25,5.18,10,예측
