goods_no,리뷰수,평점,복합성에 좋아요,건성에 좋아요,지성에 좋아요,보통이에요,아주 만족해요,다소 아쉬워요,자극없이 순해요,자극이 느껴져요,진정에 좋아요,보습에 좋아요,주름/미백에 좋아요,예상보다 길어요,예상보다 짧아요,아주 촉촉해요,매트해요,지속이 오래돼요,아주 개운해요,보습이 뛰어나요,보습이 약해요
A000000000463,3351,4.6,56,33,11,30,47,4,63,7,,,,,,,,,,,
A000000002652,83138,4.9,60,28,12,26,66,1,72,1,,,,,,,,,,,
A000000002838,356,4.5,50,36,14,21,46,7,77,2,,,,,,,,,,,
A000000002839,3076,4.8,61,27,13,21,,,79,1,64,35,0,,,,,,,,
A000000002844,308,4.8,56,14,30,33,66,1,65,2,,,,,,,,,,,
A000000002848,3196,4.7,38,8,53,31,,,67,1,52,25,23,,,,,,,,
A000000004434,12614,4.8,51,39,10,22,,,77,1,30,69,1,,,,,,,,
A000000006014,24,4.6,65,19,15,50,,,50,0,50,46,4,,,,,,,,
A000000006564,3498,4.9,58,20,21,36,,,62,1,37,61,2,,,,,,,,
A000000006565,5989,4.9,59,35,6,36,,,63,1,30,69,1,,,,,,,,
A000000007088,671,4.6,53,30,17,27,,,71,1,23,75,1,,,,,,,,
A000000010471,705,4.7,33,9,58,32,,,60,8,63,35,3,,,,,,,,
A000000011084,196,4.7,61,26,13,48,,,50,2,65,34,0,,,,,,,,
A000000011085,169,4.8,41,17,42,35,,,64,1,49,47,4,,,,,,,,
A000000011086,544,4.7,68,22,10,38,,,61,1,33,46,21,,,,,,,,
A000000011088,148,4.7,41,21,38,40,,,60,0,43,52,5,,,,,,,,
A000000013189,3358,4.7,58,36,7,36,56,4,59,5,,,,,,,,,,,
A000000013194,37921,4.9,63,24,13,21,72,1,78,1,,,,,,,,,,,
A000000014359,2085,4.6,53,39,9,23,48,8,72,5,,,,,,,,,,,
A000000014360,534,4.7,56,34,10,23,60,1,76,0,,,,,,,,,,,
A000000015026,2781,4.8,58,29,13,23,65,1,76,1,,,,,,,,,,,
A000000015971,955,4.8,64,27,10,33,,,65,2,34,61,4,,,,,,,,
A000000016749,968,4.8,68,21,11,48,,,50,2,35,60,6,,,,,,,,
A000000016751,1132,4.8,62,24,14,48,,,50,2,51,45,4,,,,,,,,
A000000016808,1207,4.8,39,59,2,32,,,65,2,17,60,23,,,,,,,,
A000000016873,996,4.7,40,56,4,21,,,77,1,23,77,1,,,,,,,,
A000000102238,446,4.8,62,27,11,32,57,3,66,3,,,,,,,,,,,
A000000102240,277,4.8,54,40,7,24,63,4,72,4,,,,,,,,,,,
A000000103320,344,4.6,55,18,28,30,,,68,2,43,55,1,,,,,,,,
A000000104144,127,4.9,39,11,50,41,,,30,29,83,13,4,,,,,,,,
A000000104167,399,4.7,61,20,19,51,,,30,20,68,26,6,,,,,,,,
A000000104169,254,4.7,48,9,43,49,,,25,27,71,20,8,,,,,,,,
A000000104173,1156,4.8,39,58,3,21,,,76,3,16,82,1,,,,,,,,
A000000104176,1179,4.8,54,17,29,31,,,67,1,37,61,2,,,,,,,,
A000000104970,34,4.7,53,42,6,28,,,72,0,36,61,3,,,,,,,,
A000000104972,17,4.9,67,33,0,28,,,72,0,11,89,0,,,,,,,,
A000000104976,23,4.4,71,14,14,48,,,29,24,57,38,5,,,,,,,,
A000000107759,462,4.7,,,,,,,,,,,,,,,,,,,
A000000107837,4,5,0,0,0,0,,,0,0,0,0,0,,,,,,,,
A000000107841,204,4.8,65,22,12,34,,,63,3,15,28,58,,,,,,,,
A000000110262,2782,4.8,,,,,,,,,,,,,,,,,,,
A000000110642,1529,4.6,,,,,,,,,,,,,,,,,,,
A000000111657,71,4.6,68,29,3,27,40,1,73,0,,,,,,,,,,,
A000000112714,3943,4.8,54,36,10,21,54,3,78,1,,,,,,,,,,,
A000000112890,170,4.7,60,32,8,20,,,78,2,42,56,2,,,,,,,,
A000000113008,46,4.4,53,14,33,30,,,70,0,53,42,5,,,,,,,,
A000000113009,59,4.6,49,30,21,43,,,57,0,61,38,1,,,,,,,,
A000000113010,96,4.4,50,19,31,21,,,75,4,64,36,0,,,,,,,,
A000000113011,135,4.6,60,22,18,25,,,75,1,76,24,0,,,,,,,,
A000000113012,158,4.7,50,31,19,10,,,87,2,55,43,2,,,,,,,,
A000000113806,1159,4.7,59,15,26,33,,,66,1,85,15,0,,,,,,,,
A000000114166,29529,4.7,,,,,,,,,,,,,,,,,,,
A000000114713,296,4.9,62,29,9,40,58,2,60,0,,,,,,,,,,,
A000000114731,14811,4.7,,,,,,,,,,,,,,,,,,,
A000000115384,609,4.7,60,25,15,24,,,75,2,72,27,1,,,,,,,,
A000000115386,48,4.6,44,35,21,17,,,81,2,34,60,6,,,,,,,,
A000000115419,598,4.7,44,15,41,27,,,72,1,73,27,1,,,,,,,,
A000000115420,511,4.7,58,13,29,33,,,62,5,79,19,2,,,,,,,,
A000000115499,94,4.8,33,64,3,33,,,67,0,18,79,3,,,,,,,,
A000000115502,115,4.9,63,26,11,18,,,81,1,26,71,3,,,,,,,,
A000000115910,192,4.7,59,28,13,26,,,71,3,67,31,2,,,,,,,,
A000000116004,110,4.6,58,35,7,19,,,79,2,57,39,4,,,,,,,,
A000000116032,158,4.8,41,53,6,14,,,86,0,17,82,1,,,,,,,,
A000000116658,954,4.7,49,32,19,24,,,76,1,61,38,1,,,,,,,,
A000000116659,2997,4.8,40,55,5,17,,,81,2,20,79,1,,,,,,,,
A000000117108,1332,4.6,,,,,,,,,,,,,,,,,,,
A000000117241,782,4.8,,,,,,,,,,,,,,,,,,,
A000000117541,7818,4.8,69,21,10,38,,,62,1,32,67,1,,,,,,,,
A000000117624,273,4.7,51,43,5,30,,,68,2,24,73,3,,,,,,,,
A000000117807,844,4.6,45,48,6,24,,,75,1,18,73,9,,,,,,,,
A000000117809,1217,4.8,55,30,15,22,,,77,1,28,67,6,,,,,,,,
A000000117997,374,4.6,50,10,41,44,,,49,8,77,17,6,,,,,,,,
A000000118247,25,4.7,42,42,15,20,,,80,0,31,69,0,,,,,,,,
A000000118797,1137,4.8,28,71,1,23,,,76,2,15,83,2,,,,,,,,
A000000118798,912,4.7,64,26,9,27,,,69,4,22,76,2,,,,,,,,
A000000118803,5009,4.8,55,40,4,31,,,68,1,15,34,51,,,,,,,,
A000000118918,25,4.9,79,18,4,21,68,7,79,0,,,,,,,,,,,
A000000119534,2782,4.6,51,40,9,40,46,6,57,3,,,,,,,,,,,
A000000121246,333,4.7,61,19,20,25,,,75,1,64,35,1,,,,,,,,
A000000121268,2593,4.7,56,22,22,17,,,82,1,43,56,1,,,,,,,,
A000000121269,716,4.7,61,21,18,21,,,78,1,60,40,1,,,,,,,,
A000000121558,405,4.4,,,,,,,,,,,,,,,,,,,
A000000121934,552,4.7,64,21,15,21,,,78,1,80,19,1,,,,,,,,
A000000122126,349,4.7,41,54,5,21,,,77,2,11,68,21,,,,,,,,
A000000122212,326,4.8,59,31,10,35,,,65,0,28,68,4,,,,,,,,
A000000124493,80,4.7,66,17,17,59,,,23,18,85,15,0,,,,,,,,
A000000124495,146,4.8,67,14,18,41,,,23,36,82,16,1,,,,,,,,
A000000124496,35,4.7,69,28,3,41,,,34,25,75,22,3,,,,,,,,
A000000124499,46,4.7,64,20,16,50,,,24,26,76,24,0,,,,,,,,
A000000124501,78,4.7,69,20,11,40,,,30,30,72,26,1,,,,,,,,
A000000124502,553,4.8,64,19,16,50,,,30,20,77,22,1,,,,,,,,
A000000124503,249,4.7,66,18,16,42,,,25,34,80,18,2,,,,,,,,
A000000124507,1707,4.8,67,17,16,49,,,24,28,80,19,1,,,,,,,,
A000000124508,64,4.5,69,19,11,46,,,29,25,79,21,0,,,,,,,,
A000000124509,331,4.8,64,20,16,43,,,36,21,75,25,0,,,,,,,,
A000000124511,25,4.2,73,15,12,54,,,23,23,81,15,4,,,,,,,,
A000000124512,55,4.6,61,24,15,46,,,21,33,84,14,2,,,,,,,,
A000000125012,131,4.8,54,32,14,16,,,83,1,30,70,1,,,,,,,,
A000000125507,1490,4.6,58,26,16,18,,,81,1,56,44,0,,,,,,,,
A000000126470,773,4.7,44,48,8,21,,,78,1,41,58,1,,,,,,,,
A000000128084,2981,4.9,50,40,10,13,,,87,1,26,58,16,,,,,,,,
A000000128107,486,4.6,55,14,31,39,,,53,8,83,16,1,,,,,,,,
A000000128323,158,4.8,58,7,35,44,,,44,13,90,9,1,,,,,,,,
A000000128656,228,4.6,62,21,17,16,,,84,0,74,26,0,,,,,,,,
A000000128988,1562,4.8,60,29,11,24,63,2,74,1,,,,,,,,,,,
A000000129443,1300,4.7,45,44,11,20,,,79,1,26,73,1,,,,,,,,
A000000129444,964,4.8,49,41,10,18,,,81,1,27,72,1,,,,,,,,
A000000129474,3108,4.7,42,53,5,20,,,79,1,17,82,1,,,,,,,,
A000000129575,1369,4.7,50,45,5,24,,,75,1,16,81,3,,,,,,,,
A000000129771,3922,4.8,51,41,8,18,,,81,1,38,61,1,,,,,,,,
A000000130319,53425,4.9,62,26,13,22,70,1,77,1,,,,,,,,,,,
A000000130513,69,4.9,61,26,13,47,,,53,0,60,40,0,,,,,,,,
A000000130838,35,4.5,64,31,6,31,,,69,0,11,56,33,,,,,,,,
A000000131595,1667,4.7,66,23,12,32,54,2,66,2,,,,,,,,,,,
A000000131773,2227,4.7,,,,,,,,,,,,,,,,,,,
A000000132162,23395,4.8,59,26,16,21,,,78,1,54,45,1,,,,,,,,
A000000134609,1801,4.8,60,25,15,21,62,2,78,1,,,,,,,,,,,
A000000134691,14160,4.8,28,68,3,22,,,76,2,29,70,1,,,,,,,,
A000000135340,961,4.6,61,27,12,18,,,81,1,34,65,1,,,,,,,,
A000000135672,9691,4.7,51,41,8,28,,,70,2,67,31,2,,,,,,,,
A000000136077,2684,4.6,61,30,9,22,,,78,1,43,55,2,,,,,,,,
A000000136537,34,4.8,33,67,0,11,,,89,0,56,44,0,,,,,,,,
A000000136849,875,4.7,58,32,10,17,49,4,83,1,,,,,,,,,,,
A000000137078,3257,4.8,58,20,22,19,,,80,0,41,58,0,,,,,,,,
A000000137162,15,4.3,53,7,40,13,,,73,13,13,47,40,,,,,,,,
A000000137180,12348,4.8,61,24,15,20,,,79,1,56,44,1,,,,,,,,
A000000137386,479,4.8,58,13,29,38,,,60,2,55,39,6,,,,,,,,
A000000137388,439,4.8,60,13,26,38,,,59,3,73,24,3,,,,,,,,
A000000137417,46,4.8,24,18,58,34,,,60,6,56,38,6,,,,,,,,
A000000137445,163,4.9,70,10,21,37,,,62,1,41,55,3,,,,,,,,
A000000137470,31,5,59,9,31,9,,,81,9,25,59,16,,,,,,,,
A000000137482,226,4.7,62,24,14,26,,,73,1,49,50,1,,,,,,,,
A000000137488,1140,4.9,60,26,14,36,,,62,2,38,58,3,,,,,,,,
A000000137652,457,4.8,61,30,9,44,,,55,1,34,63,2,,,,,,,,
A000000137657,570,4.8,62,27,12,47,,,52,1,40,57,3,,,,,,,,
A000000139298,8712,4.8,56,32,12,21,49,3,78,1,,,,,,,,,,,
A000000139347,1602,4.8,51,43,5,21,,,78,1,32,67,1,,,,,,,,
A000000139348,963,4.9,49,47,4,19,,,81,1,31,68,1,,,,,,,,
A000000140891,334,4.9,62,26,12,9,,,91,0,55,33,12,,,,,,,,
A000000141028,359,4.7,52,32,16,24,,,75,1,36,64,0,,,,,,,,
A000000141309,286,4.6,49,31,20,30,,,65,5,24,70,6,,,,,,,,
A000000141317,223,4.7,36,49,15,20,,,69,11,19,69,12,,,,,,,,
A000000141321,507,4.6,48,38,13,34,,,56,10,22,37,41,,,,,,,,
A000000141327,152,4.7,36,30,34,32,,,31,38,28,34,38,,,,,,,,
A000000141330,186,4.7,48,18,34,45,,,35,20,49,25,26,,,,,,,,
A000000141662,156,4.8,21,75,4,20,,,79,1,12,86,1,,,,,,,,
A000000141712,303,4.7,57,36,7,17,,,83,0,50,48,2,,,,,,,,
A000000141723,413,4.8,54,30,16,29,,,70,0,37,63,0,,,,,,,,
A000000141727,1187,4.9,,,,,,,,,,,,,,,,,,,
A000000141729,205,4.7,,,,,,,,,,,,,,,,,,,
A000000141730,867,4.7,,,,,,,,,,,,,,,,,,,
A000000141735,1498,4.5,,,,,,,,,,,,,,,,,,,
A000000141900,1741,4.7,58,26,16,30,,,69,2,55,43,3,,,,,,,,
A000000141930,258,4.7,,,,,,,,,,,,,,,,,,,
A000000142618,49,4.8,51,16,33,31,,,67,2,18,80,2,,,,,,,,
A000000142737,444,4.7,57,32,11,14,,,86,0,29,71,0,,,,,,,,
A000000143010,663,4.7,60,26,14,33,53,2,66,2,,,,,,,,,,,
A000000143011,717,4.7,68,22,10,37,53,2,62,1,,,,,,,,,,,
A000000143193,382,4.8,58,33,9,40,,,59,0,28,67,5,,,,,,,,
A000000143196,516,4.8,61,29,9,46,,,53,1,30,66,4,,,,,,,,
A000000143244,57,4.9,59,27,14,38,,,59,4,54,46,0,,,,,,,,
A000000143958,1930,4.8,35,61,4,20,,,80,1,19,80,0,,,,,,,,
A000000143959,7076,4.8,35,63,3,17,,,82,1,18,82,0,,,,,,,,
A000000144041,40,4.5,49,5,46,41,,,59,0,62,31,8,,,,,,,,
A000000144052,284,4.6,49,7,44,39,,,51,10,57,34,9,,,,,,,,
A000000144120,20,4.8,40,50,10,10,,,90,0,25,70,5,,,,,,,,
A000000144122,83,4.8,41,54,5,20,,,80,0,24,75,1,,,,,,,,
A000000144551,2148,4.9,44,48,7,16,,,83,1,18,80,2,,,,,,,,
A000000144618,639,4.7,68,21,11,42,,,56,2,50,44,5,,,,,,,,
A000000144803,111,4.9,57,25,18,15,,,84,1,34,63,3,,,,,,,,
A000000144808,928,4.9,51,37,12,9,,,90,1,25,74,1,,,,,,,,
A000000144843,2289,4.8,47,46,7,20,,,79,1,24,75,1,,,,,,,,
A000000144917,864,4.8,42,52,5,24,,,74,1,17,81,1,,,,,,,,
A000000144918,294,4.8,42,53,5,26,,,73,1,19,80,0,,,,,,,,
A000000145285,1143,4.6,57,33,10,57,,,32,12,19,18,62,,,,,,,,
A000000145286,3260,4.7,56,34,10,55,,,31,14,20,16,64,,,,,,,,
A000000145287,487,4.6,56,38,6,44,,,49,6,12,22,66,,,,,,,,
A000000145331,532,4.8,43,52,5,15,,,85,0,21,78,2,,,,,,,,
A000000145332,339,4.7,52,46,1,22,,,77,1,18,72,10,,,,,,,,
A000000145333,576,4.7,39,12,49,23,,,75,1,38,62,0,,,,,,,,
A000000145360,402,4.8,38,58,4,21,,,79,0,17,82,1,,,,,,,,
A000000145555,596,4.7,51,43,6,32,,,67,2,15,38,48,,,,,,,,
A000000145576,6900,4.8,60,28,12,24,,,75,1,39,60,1,,,,,,,,
A000000145579,6166,4.7,57,25,17,27,,,72,1,38,61,1,,,,,,,,
A000000145662,350,4.9,42,53,5,29,,,70,1,26,73,1,,,,,,,,
A000000145833,349,4.8,51,26,23,21,,,78,1,62,36,2,,,,,,,,
A000000145835,118,4.7,51,20,29,32,,,68,0,69,31,0,,,,,,,,
A000000146230,1223,4.6,,,,,,,,,,,,,,,,,,,
A000000146262,198,4.8,35,64,1,21,,,78,1,10,88,2,,,,,,,,
A000000146263,279,4.8,36,63,1,21,,,79,0,13,86,1,,,,,,,,
A000000146589,5464,4.8,60,23,17,24,,,75,1,75,25,1,,,,,,,,
A000000146808,102,4.8,56,24,20,37,,,61,2,37,54,9,,,,,,,,
A000000146894,21,4.8,52,29,19,24,,,67,10,19,57,24,,,,,,,,
A000000146896,19,4.7,65,35,0,35,,,65,0,25,70,5,,,,,,,,
A000000147002,37,4.9,55,35,10,48,,,50,3,53,48,0,,,,,,,,
A000000147087,94,4.7,32,62,6,17,,,83,0,21,78,1,,,,,,,,
A000000147109,618,4.7,50,46,4,24,,,74,3,24,75,1,,,,,,,,
A000000147119,1210,4.7,55,35,10,19,,,81,1,71,28,2,,,,,,,,
A000000147130,1110,4.8,28,70,3,17,,,82,1,13,86,1,,,,,,,,
A000000147164,44,4.8,53,47,0,20,,,80,0,7,67,27,,,,,,,,
A000000147357,297,4.8,48,47,5,8,,,91,1,7,81,11,,,,,,,,
A000000147360,982,5,46,46,8,6,,,93,1,14,69,17,,,,,,,,
A000000147577,71,4.9,67,22,11,41,,,59,0,70,30,0,,,,,,,,
A000000147660,339,4.8,63,30,7,44,,,56,1,38,59,3,,,,,,,,
A000000147661,366,4.8,59,33,8,40,,,60,0,33,64,3,,,,,,,,
A000000147680,177,4.7,,,,,,,,,,,,,,,,,,,
A000000148024,660,4.7,57,28,15,26,62,2,72,3,,,,,,,,,,,
A000000148252,702,4.7,54,36,9,21,,,79,0,32,68,0,,,,,,,,
A000000148285,6528,4.8,60,30,10,26,,,73,1,43,54,3,,,,,,,,
A000000148409,8198,4.8,43,53,4,17,,,82,1,22,75,3,,,,,,,,
A000000148729,728,4.7,55,29,16,47,,,44,9,21,23,56,,,,,,,,
A000000149064,98,4.8,65,22,14,27,,,73,0,45,55,0,,,,,,,,
A000000149118,229,4.9,43,39,18,11,,,81,8,20,71,8,,,,,,,,
A000000149122,1263,4.8,64,20,15,46,,,40,14,78,21,1,,,,,,,,
A000000149138,633,4.7,52,19,29,22,,,77,0,41,58,1,,,,,,,,
A000000149140,9862,4.8,62,24,14,29,54,2,69,2,,,,,,,,,,,
A000000149211,1492,4.8,61,32,7,38,,,61,1,34,62,4,,,,,,,,
A000000149214,696,4.8,60,19,22,38,,,61,1,49,48,3,,,,,,,,
A000000149229,1107,4.7,,,,,,,,,,,,,,,,,,,
A000000149427,68,4.8,64,13,23,43,,,57,0,45,54,1,,,,,,,,
A000000149717,984,4.6,47,13,40,28,,,68,4,62,35,3,,,,,,,,
A000000149810,2614,4.6,48,31,21,24,,,75,1,53,46,1,,,,,,,,
A000000150012,498,4.6,,,,,,,,,,,,,,,,,,,
A000000150019,583,4.6,,,,,,,,,,,,,,,,,,,
A000000150094,1097,4.8,56,33,10,20,,,79,1,25,70,5,,,,,,,,
A000000150145,3820,4.8,58,28,14,19,,,80,1,31,69,1,,,,,,,,
A000000150214,443,4.8,62,13,25,45,,,54,1,66,31,3,,,,,,,,
A000000150815,611,4.7,53,7,40,37,,,61,2,83,16,1,,,,,,,,
A000000150816,525,4.7,59,12,29,31,,,68,2,66,33,1,,,,,,,,
A000000150817,391,4.5,59,8,33,38,,,58,4,95,5,0,,,,,,,,
A000000150818,661,4.8,61,15,25,17,,,82,1,64,35,1,,,,,,,,
A000000151356,355,4.8,60,25,16,19,,,79,2,55,44,1,,,,,,,,
A000000151358,832,4.8,63,21,15,19,71,2,78,3,,,,,,,,,,,
A000000151831,24,4.7,25,75,0,8,,,92,0,17,79,4,,,,,,,,
A000000151890,44,4.4,25,73,2,27,,,73,0,14,86,0,,,,,,,,
A000000152004,18,4.8,56,39,6,11,,,89,0,11,50,39,,,,,,,,
A000000152046,21935,4.8,54,36,10,23,,,76,1,21,77,1,,,,,,,,
A000000152286,232,4.8,61,33,6,31,,,66,3,28,64,8,,,,,,,,
A000000152514,469,4.8,37,11,52,35,,,62,3,72,25,3,,,,,,,,
A000000152580,461,4.8,47,45,8,26,,,73,1,59,39,2,,,,,,,,
A000000152593,786,4.8,58,33,9,31,60,1,68,1,,,,,,,,,,,
A000000152601,1993,4.8,63,25,12,30,59,2,69,1,,,,,,,,,,,
A000000153407,1460,4.8,,,,,,,,,,,,,,,,,,,
A000000153859,1275,4.8,52,38,10,24,,,74,1,46,53,1,,,,,,,,
A000000153874,2161,4.7,60,33,7,37,,,59,3,20,33,47,,,,,,,,
A000000153913,815,4.8,56,24,19,20,,,80,0,38,61,1,,,,,,,,
A000000154177,4385,4.8,61,23,16,25,,,74,1,62,37,1,,,,,,,,
A000000154199,2325,4.9,64,19,17,35,,,63,2,37,58,5,,,,,,,,
A000000154375,259,4.8,66,14,21,47,,,18,35,85,14,1,,,,,,,,
A000000154506,1409,4.8,57,20,23,24,,,75,1,81,18,1,,,,,,,,
A000000154540,4514,4.8,57,24,18,23,,,75,2,79,21,1,,,,,,,,
A000000154625,1689,4.7,35,62,2,32,,,66,2,14,59,27,,,,,,,,
A000000154626,10,4.5,60,40,0,30,,,60,10,30,70,0,,,,,,,,
A000000154627,843,4.7,49,45,6,31,,,66,3,17,37,45,,,,,,,,
A000000155077,4694,4.8,,,,,,,,,,,,,,,,,,,
A000000155253,15406,4.8,59,25,16,24,,,75,1,73,27,1,,,,,,,,
A000000155291,4501,4.8,59,27,14,21,,,78,1,68,31,0,,,,,,,,
A000000155320,482,4.7,49,47,4,32,,,67,1,11,43,46,,,,,,,,
A000000155351,11,4.5,70,30,0,30,,,70,0,30,70,0,,,,,,,,
A000000155413,32,4.5,59,30,11,41,,,56,4,30,70,0,,,,,,,,
A000000155994,480,4.9,60,33,8,38,,,59,3,26,55,19,,,,,,,,
A000000155995,326,4.9,61,33,5,36,,,63,2,27,67,6,,,,,,,,
A000000156040,323,4.8,57,10,32,31,,,66,2,83,16,1,,,,,,,,
A000000156146,188,4.8,64,18,18,34,,,65,1,70,29,1,,,,,,,,
A000000156230,21935,4.8,53,38,9,22,,,77,1,21,78,1,,,,,,,,
A000000156400,86,4.8,,,,,,,,,,,,,,,,,,,
A000000156779,10,4.4,50,50,0,30,,,70,0,70,30,0,,,,,,,,
A000000156792,46,4.7,30,68,2,32,,,64,4,13,85,2,,,,,,,,
A000000156837,14,4.7,43,50,7,21,,,79,0,7,71,21,,,,,,,,
A000000156843,19,4.2,63,37,0,32,,,68,0,26,63,11,,,,,,,,
A000000157178,5696,4.8,51,39,10,21,,,78,1,34,66,1,,,,,,,,
A000000157285,2338,4.8,57,40,3,33,,,65,1,20,40,41,,,,,,,,
A000000157294,1245,4.8,33,59,8,18,,,82,0,18,82,0,,,,,,,,
A000000157484,164,4.8,51,37,12,15,,,85,1,27,73,1,,,,,,,,
A000000157639,5054,4.7,,,,,,,,,,,,,,,,,,,
A000000157768,9,4.9,78,22,0,22,,,78,0,33,67,0,,,,,,,,
A000000158038,6386,4.8,44,52,5,22,,,77,1,21,76,3,,,,,,,,
A000000158113,71,4.7,71,16,13,60,,,40,0,46,53,1,,,,,,,,
A000000158308,392,4.8,37,59,4,18,,,81,2,14,84,3,,,,,,,,
A000000158322,498,4.7,61,22,17,39,,,53,7,28,24,48,,,,,,,,
A000000158369,3160,4.8,61,28,10,21,,,77,2,40,60,0,,,,,,,,
A000000158475,76,4.7,54,32,14,16,,,84,0,82,18,0,,,,,,,,
A000000158513,14543,4.8,54,34,12,20,56,2,80,0,,,,,,,,,,,
A000000158794,74,4.8,,,,,,,,,,,,,,,,,,,
A000000158920,81,4.9,63,17,20,15,,,85,0,79,21,0,,,,,,,,
A000000158921,92,4.9,59,34,8,32,,,68,0,64,35,1,,,,,,,,
A000000158930,190,4.9,41,54,5,19,,,79,1,18,80,2,,,,,,,,
A000000159291,643,4.7,53,39,8,36,,,60,4,23,47,30,,,,,,,,
A000000159466,31,4.7,47,50,3,13,,,88,0,22,75,3,,,,,,,,
A000000159595,58,4.5,47,50,3,28,,,69,3,12,29,59,,,,,,,,
A000000159598,31,4.6,63,34,3,44,,,44,13,9,9,81,,,,,,,,
A000000159743,1,5,100,0,0,100,0,0,0,0,,,,,,,,,,,
A000000159747,22,5,27,73,0,9,,,91,0,14,86,0,,,,,,,,
A000000159748,42,4.8,49,49,2,29,,,71,0,20,49,32,,,,,,,,
A000000159802,516,4.7,36,62,2,29,,,70,1,13,67,20,,,,,,,,
A000000159901,126,4.9,37,62,2,25,,,75,1,20,74,6,,,,,,,,
A000000159921,3505,4.8,53,39,8,26,,,72,2,47,52,1,,,,,,,,
A000000159982,1970,4.7,58,29,13,21,,,78,0,51,48,1,,,,,,,,
A000000160562,828,4.7,52,22,26,60,,,21,19,66,28,6,,,,,,,,
A000000160584,740,4.8,50,41,9,15,,,84,1,54,42,4,,,,,,,,
A000000160650,290,4.6,60,23,17,32,,,65,3,63,31,7,,,,,,,,
A000000160733,2866,4.7,50,44,6,24,,,75,1,33,67,0,,,,,,,,
A000000160785,993,4.8,,,,,,,,,,,,,,,,,,,
A000000160795,3395,4.8,,,,,,,,,,,,,,,,,,,
A000000160902,1612,4.9,51,32,16,14,64,1,86,0,,,,,,,,,,,
A000000160906,1639,4.9,54,35,11,22,56,2,78,1,,,,,,,,,,,
A000000161036,128,4.8,56,18,26,44,,,54,2,74,25,1,,,,,,,,
A000000161314,1590,4.8,58,29,14,22,,,76,1,52,46,2,,,,,,,,
A000000161444,203,4.6,38,56,6,24,,,73,3,17,83,0,,,,,,,,
A000000161508,16463,4.8,58,31,11,24,,,75,1,33,66,1,,,,,,,,
A000000161571,500,4.8,52,32,17,19,,,77,4,59,37,4,,,,,,,,
A000000161573,486,4.8,50,30,20,11,,,86,2,49,48,2,,,,,,,,
A000000161654,87,4.9,63,24,13,24,,,74,1,20,28,52,,,,,,,,
A000000161656,436,4.7,,,,,,,,,,,,,,,,,,,
A000000161669,655,4.7,,,,,,,,,,,,,,,,,,,
A000000161681,15059,4.7,,,,,,,,,,,,,,,,,,,
A000000161776,5953,4.9,54,39,7,35,,,65,0,30,69,1,,,,,,,,
A000000161777,4143,4.8,60,29,11,26,,,74,0,49,49,3,,,,,,,,
A000000161778,17772,4.8,61,15,25,41,,,59,0,48,48,3,,,,,,,,
A000000161804,489,4.8,65,25,10,21,,,78,1,39,61,1,,,,,,,,
A000000161805,558,4.8,49,46,5,24,,,76,1,39,61,1,,,,,,,,
A000000162037,3567,4.8,,,,,,,,,,,,,,,,,,,
A000000162054,66,4.6,43,56,1,26,,,72,1,26,72,1,,,,,,,,
A000000162058,52,4.8,65,35,0,44,,,52,4,52,48,0,,,,,,,,
A000000162356,1210,4.7,63,28,9,28,,,72,1,71,28,1,,,,,,,,
A000000162415,1465,4.8,51,32,17,21,,,79,1,38,61,1,,,,,,,,
A000000162589,715,4.8,49,39,12,14,,,85,1,28,71,2,,,,,,,,
A000000162615,48,4.8,60,36,4,26,,,74,0,14,46,40,,,,,,,,
A000000162977,85,4.9,60,24,16,15,,,85,0,83,17,0,,,,,,,,
A000000163086,314,4.7,,,,,,,,,,,,,,,,,,,
A000000163106,33,4.8,27,73,0,12,,,82,6,9,91,0,,,,,,,,
A000000163254,5224,4.7,55,28,17,23,,,76,1,32,67,1,,,,,,,,
A000000163493,2264,4.8,57,27,16,29,,,70,1,47,52,1,,,,,,,,
A000000163494,3512,4.8,53,30,16,27,,,73,1,35,65,1,,,,,,,,
A000000163496,1128,4.9,55,33,12,30,,,68,1,37,62,1,,,,,,,,
A000000163651,995,4.8,40,57,3,30,,,69,1,16,68,15,,,,,,,,
A000000163687,172,4.7,57,27,16,26,,,74,1,63,34,3,,,,,,,,
A000000163689,695,4.5,60,20,20,26,,,73,1,88,11,1,,,,,,,,
A000000163734,210,4.9,59,31,10,18,,,81,1,34,64,2,,,,,,,,
A000000163761,273,4.7,52,37,11,14,,,85,1,31,68,1,,,,,,,,
A000000164211,921,4.9,52,19,30,25,,,75,0,66,33,0,,,,,,,,
A000000164251,780,4.8,42,36,22,25,,,72,3,42,50,8,,,,,,,,
A000000164342,1213,4.7,59,29,12,26,,,73,1,49,49,2,,,,,,,,
A000000164571,37,4.7,35,62,3,32,,,68,0,16,76,8,,,,,,,,
A000000164574,24,4.5,58,33,8,25,,,75,0,50,46,4,,,,,,,,
A000000164614,757,4.8,53,22,25,17,,,81,3,53,46,1,,,,,,,,
A000000164628,82,4.8,43,52,5,10,,,89,1,29,69,2,,,,,,,,
A000000164819,11,4.7,55,27,18,27,,,73,0,9,55,36,,,,,,,,
A000000165055,302,4.7,42,54,4,20,,,79,1,32,66,2,,,,,,,,
A000000165056,707,4.8,58,30,12,19,,,79,1,42,57,1,,,,,,,,
A000000165155,461,4.7,61,33,7,25,47,4,75,1,,,,,,,,,,,
A000000165192,776,4.7,44,52,4,32,,,68,0,13,54,33,,,,,,,,
A000000165303,18,4.8,55,35,10,40,,,60,0,55,45,0,,,,,,,,
A000000165355,944,4.8,58,18,25,38,,,60,2,60,34,7,,,,,,,,
A000000165360,66,4.6,61,31,8,49,,,49,2,57,43,0,,,,,,,,
A000000165364,73,4.6,60,36,4,36,,,64,0,37,60,3,,,,,,,,
A000000165366,48,4.8,50,33,17,29,,,69,2,54,38,8,,,,,,,,
A000000165544,3658,4.8,,,,,,,,,,,,,,,,,,,
A000000165551,6555,4.8,70,25,6,43,,,56,1,42,54,4,,,,,,,,
A000000165603,2428,5,64,22,13,21,,,78,0,24,67,10,,,,,,,,
A000000165887,611,4.8,59,16,25,23,,,75,1,78,21,1,,,,,,,,
A000000166383,803,4.8,59,24,17,24,,,76,1,61,39,1,,,,,,,,
A000000166418,256,4.8,46,46,7,16,,,84,0,35,64,1,,,,,,,,
A000000166427,66,4.7,55,32,13,24,,,76,0,29,58,13,,,,,,,,
A000000166474,4,5,100,0,0,50,,,50,0,50,50,0,,,,,,,,
A000000166586,10973,4.8,55,27,18,23,,,76,1,34,65,1,,,,,,,,
A000000166709,119357,4.8,,,,,,,,,,,,,,,,,,,
A000000166822,356,4.8,67,21,12,40,,,60,1,47,50,3,,,,,,,,
A000000166922,99,4.9,51,44,5,4,,,96,0,25,74,1,,,,,,,,
A000000167143,817,4.7,,,,,,,,,,,,,,,,,,,
A000000167155,7770,4.8,,,,,,,,,,,,,,,,,,,
A000000167170,915,4.8,48,37,15,26,,,73,1,42,57,1,,,,,,,,
A000000167203,5908,4.8,,,,,,,,,,,,,,,,,,,
A000000167259,147,4.9,51,35,14,13,,,83,3,14,46,40,,,,,,,,
A000000167261,208,4.9,50,41,9,12,,,87,1,15,45,40,,,,,,,,
A000000167276,2458,4.8,60,11,29,20,,,79,1,79,18,2,,,,,,,,
A000000167392,2162,4.9,,,,,,,,,,,,,,,,,,,
A000000167411,271,4.9,69,23,7,46,,,54,0,35,64,1,,,,,,,,
A000000167839,234,4.8,40,48,12,28,,,72,0,20,80,0,,,,,,,,
A000000167841,55,4.8,45,38,16,42,,,38,20,64,36,0,,,,,,,,
A000000167843,28,4.7,38,17,45,41,,,14,45,83,17,0,,,,,,,,
A000000167845,24,4.9,71,17,13,67,,,29,4,88,13,0,,,,,,,,
A000000167993,196,4.7,51,44,6,29,,,68,3,20,38,42,,,,,,,,
A000000168269,31,4.8,33,58,9,12,,,88,0,12,48,39,,,,,,,,
A000000168274,8,4.8,75,0,25,38,,,63,0,13,25,63,,,,,,,,
A000000168828,225,4.7,56,39,4,31,,,69,0,19,31,51,,,,,,,,
A000000168871,4314,4.9,53,44,4,32,,,67,2,16,41,43,,,,,,,,
A000000169028,693,4.9,,,,,,,,,,,,,,,,,,,
A000000169031,323,4.9,,,,,,,,,,,,,,,,,,,
A000000169179,205,4.9,55,33,12,36,,,63,1,38,61,1,,,,,,,,
A000000169180,511,4.8,54,39,7,32,,,67,1,29,70,1,,,,,,,,
A000000169182,382,4.9,58,31,10,35,,,65,1,39,60,1,,,,,,,,
A000000169480,323,4.8,57,29,14,19,,,81,0,34,66,0,,,,,,,,
A000000169509,5421,4.8,63,21,17,30,58,2,68,2,,,,,,,,,,,
A000000169683,874,4.8,42,49,9,19,,,80,1,35,65,0,,,,,,,,
A000000169906,8639,4.8,,,,,,,,,,,,,,,,,,,
A000000169999,63,4.8,46,44,10,27,,,73,0,40,57,3,,,,,,,,
A000000170025,81,4.8,49,36,15,21,,,77,2,40,58,2,,,,,,,,
A000000170034,1360,4.7,57,34,9,37,,,63,1,30,68,2,,,,,,,,
A000000170038,586,4.8,53,15,32,33,,,63,3,74,25,1,,,,,,,,
A000000170039,956,4.7,54,16,30,32,,,66,2,67,32,1,,,,,,,,
A000000170181,349,4.7,,,,,,,,,,,,,,,,,,,
A000000170195,280,4.9,,,,,,,,,,,,,,,,,,,
A000000170299,1222,4.8,53,35,13,24,,,76,1,34,65,1,,,,,,,,
A000000170397,1129,4.7,62,28,11,30,56,3,67,3,,,,,,,,,,,
A000000170418,50,5,58,36,6,10,,,90,0,12,88,0,,,,,,,,
A000000170638,126,4.8,61,13,26,35,,,63,2,80,19,2,,,,,,,,
A000000170690,554,4.8,53,42,5,29,,,71,1,24,57,19,,,,,,,,
A000000170691,426,4.7,62,33,5,34,,,65,1,21,42,38,,,,,,,,
A000000171034,24,4.7,64,36,0,8,,,88,4,0,96,4,,,,,,,,
A000000171132,2458,4.8,57,14,28,22,,,75,2,76,22,2,,,,,,,,
A000000171426,82874,4.8,,,,,,,,,,,,,,,,,,,
A000000171427,78585,4.8,,,,,,,,,,,,,,,,,,,
A000000171615,205,4.8,53,43,4,19,,,81,1,14,77,9,,,,,,,,
A000000171755,146,4.9,53,41,6,14,,,85,1,43,56,1,,,,,,,,
A000000171757,740,5,55,39,6,12,,,87,1,22,75,3,,,,,,,,
A000000171827,1423,4.9,,,,,,,,,,,,,,,,,,,
A000000171829,7076,4.8,27,70,2,19,,,81,0,19,81,0,,,,,,,,
A000000172040,6981,4.7,59,22,19,25,,,74,1,70,30,1,,,,,,,,
A000000172042,134,4.9,66,30,4,45,,,54,1,31,41,28,,,,,,,,
A000000172072,1412,4.8,62,26,12,22,,,76,1,54,35,10,,,,,,,,
A000000172075,713,4.9,63,27,10,16,,,82,2,15,24,61,,,,,,,,
A000000172157,356,4.8,54,26,20,12,,,88,0,23,52,25,,,,,,,,
A000000172207,175,4.9,39,51,10,5,,,95,0,26,70,4,,,,,,,,
A000000172453,4291,4.8,45,48,6,23,,,76,1,31,69,1,,,,,,,,
A000000172476,677,4.7,52,44,4,27,,,72,1,21,65,14,,,,,,,,
A000000172634,602,4.7,,,,,,,,,,,,,,,,,,,
A000000172635,1083,4.8,,,,,,,,,,,,,,,,,,,
A000000172637,1648,4.9,,,,,,,,,,,,,,,,,,,
A000000172643,3228,4.9,,,,,,,,,,,,,,,,,,,
A000000172713,0,0,,,,,,,,,,,,,,,,,,,
A000000173055,1007,4.9,55,31,13,14,,,85,1,46,52,1,,,,,,,,
A000000173140,760,4.7,42,56,2,28,,,71,2,14,69,18,,,,,,,,
A000000173180,2896,4.8,46,49,6,20,,,80,1,18,81,1,,,,,,,,
A000000173212,3296,4.8,48,49,3,29,,,70,1,19,74,7,,,,,,,,
A000000173588,13519,4.8,,,,,,,,,,,,,,,,,,,
A000000173672,697,4.9,67,23,10,32,,,67,1,28,54,19,,,,,,,,
A000000173994,137,4.8,41,43,16,9,,,91,0,18,80,1,,,,,,,,
A000000174016,6251,4.7,48,48,4,25,,,73,2,47,50,3,,,,,,,,
A000000174023,2047,4.8,50,41,9,24,,,75,1,41,58,1,,,,,,,,
A000000174039,54,4.9,,,,,,,,,,,,,,,,,,,
A000000174316,6251,4.7,47,47,6,29,,,70,1,57,42,1,,,,,,,,
A000000174356,821,4.7,47,30,23,22,,,77,1,45,55,0,,,,,,,,
A000000174370,11730,4.8,51,37,12,22,,,76,1,28,71,1,,,,,,,,
A000000174384,253,4.9,54,35,11,17,,,82,0,15,73,12,,,,,,,,
A000000174406,80,4.7,57,25,18,26,,,73,1,61,38,1,,,,,,,,
A000000174407,74,4.7,19,77,4,26,,,74,0,53,46,1,,,,,,,,
A000000174520,21,4.9,57,33,10,29,,,71,0,38,52,10,,,,,,,,
A000000174576,234,4.7,40,54,6,32,,,67,1,23,75,2,,,,,,,,
A000000174707,26,4.7,46,23,31,12,,,88,0,27,73,0,,,,,,,,
A000000174709,44,4.7,39,36,25,11,,,86,2,20,80,0,,,,,,,,
A000000174929,71,4.6,61,23,17,30,,,70,0,6,32,62,,,,,,,,
A000000175188,301,4.9,,,,,,,,,,,,,,,,,,,
A000000175198,464,4.8,37,60,3,16,,,84,0,15,84,0,,,,,,,,
A000000175204,137,4.7,47,49,4,15,69,1,85,1,,,,,,,,,,,
A000000175352,142,4.7,,,,,,,,,,,,,,,,,,,
A000000175354,739,4.9,38,57,5,22,,,77,1,20,80,1,,,,,,,,
A000000175428,320,4.8,,,,,,,,,,,,,,,,,,,
A000000175964,2667,4.9,64,29,7,20,,,80,0,27,69,4,,,,,,,,
A000000176050,496,4.7,60,34,5,24,,,74,3,14,39,47,,,,,,,,
A000000176058,146,5,56,34,9,8,,,91,1,20,76,4,,,,,,,,
A000000176059,5,5,80,20,0,20,,,80,0,20,60,20,,,,,,,,
A000000176320,1021,4.8,53,18,29,26,,,72,2,77,23,1,,,,,,,,
A000000176334,118,4.9,,,,,,,,,,,,,,,,,,,
A000000176335,224,4.8,,,,,,,,,,,,,,,,,,,
A000000176512,1991,5,58,15,26,10,,,89,1,79,20,1,,,,,,,,
A000000176899,876,4.8,64,24,12,35,,,64,1,37,61,2,,,,,,,,
A000000176978,302,4.8,56,36,8,22,,,78,0,50,50,0,,,,,,,,
A000000177383,1710,4.8,57,18,25,20,,,80,1,80,19,1,,,,,,,,
A000000177477,208,4.7,53,27,19,27,,,69,4,67,32,1,,,,,,,,
A000000177493,1321,4.6,40,45,15,15,,,83,2,38,59,3,,,,,,,,
A000000177757,7484,4.8,59,18,23,21,,,78,1,79,20,1,,,,,,,,
A000000177758,28734,4.8,,,,,,,,,,,,,,,,,,,
A000000177794,1455,4.8,41,55,4,22,,,78,0,21,78,1,,,,,,,,
A000000178061,371,4.7,73,17,10,51,,,49,1,27,18,55,,,,,,,,
A000000178075,44,5,41,50,9,18,,,80,2,11,89,0,,,,,,,,
A000000178076,29,5,62,31,7,38,,,62,0,24,72,3,,,,,,,,
A000000178494,608,4.7,48,45,7,21,,,78,2,17,83,0,,,,,,,,
A000000178512,10419,4.8,47,46,7,23,,,77,1,21,78,1,,,,,,,,
A000000178514,771,5,52,41,6,5,,,94,1,22,69,10,,,,,,,,
A000000178516,745,4.9,56,34,10,7,,,92,0,39,60,1,,,,,,,,
A000000178648,40,4.9,55,45,0,35,,,65,0,38,63,0,,,,,,,,
A000000178990,5,4.4,80,20,0,40,,,60,0,0,100,0,,,,,,,,
A000000179129,7471,4.8,55,41,4,34,,,64,2,19,39,42,,,,,,,,
A000000179132,3351,4.8,53,41,5,35,,,64,2,21,38,40,,,,,,,,
A000000179154,4135,4.7,58,17,25,23,,,76,1,70,30,0,,,,,,,,
A000000179255,552,4.9,40,54,6,15,,,84,1,23,73,4,,,,,,,,
A000000179257,284,4.8,51,40,9,27,,,72,0,37,60,3,,,,,,,,
A000000179544,652,4.8,54,24,21,21,,,78,0,78,21,0,,,,,,,,
A000000180024,841,4.7,48,43,9,25,,,73,2,51,48,1,,,,,,,,
A000000180075,1135,4.7,55,42,3,34,,,64,1,17,34,49,,,,,,,,
A000000180459,182,4.7,46,53,1,29,,,71,0,30,70,1,,,,,,,,
A000000180543,3407,4.7,62,23,15,46,,,41,13,21,22,57,,,,,,,,
A000000180559,3394,4.8,48,48,4,30,,,69,1,14,43,44,,,,,,,,
A000000180832,569,5,,,,,,,,,,,,,,,,,,,
A000000180913,430,4.8,48,46,6,19,,,81,0,28,72,0,,,,,,,,
A000000180918,132,4.8,54,36,10,22,,,78,0,22,64,14,,,,,,,,
A000000180934,31,4.8,65,23,13,26,,,74,0,58,42,0,,,,,,,,
A000000180935,27,4.9,48,30,22,15,,,81,4,19,74,7,,,,,,,,
A000000180954,3046,4.8,,,,,,,,,,,,,,,,,,,
A000000181062,5734,4.8,56,34,9,23,,,76,1,35,65,0,,,,,,,,
A000000181121,47,4.6,57,30,13,43,,,53,4,21,43,36,,,,,,,,
A000000181124,190,4.8,63,27,10,27,,,73,0,36,41,23,,,,,,,,
A000000181191,306,4.8,61,31,9,27,,,72,1,66,34,1,,,,,,,,
A000000181193,93,4.8,43,31,26,8,,,92,0,63,37,0,,,,,,,,
A000000181194,94,4.8,51,28,21,9,,,91,0,65,34,1,,,,,,,,
A000000181380,394,4.7,,,,,,,,,,,,,,,,,,,
A000000181381,75,4.9,,,,,,,,,,,,,,,,,,,
A000000181475,3021,4.8,48,20,33,26,,,72,2,73,26,1,,,,,,,,
A000000182072,1368,4.8,54,41,5,28,,,71,2,23,42,35,,,,,,,,
A000000182273,620,4.8,59,28,13,18,,,81,1,63,36,1,,,,,,,,
A000000182486,215,4.8,38,55,7,18,,,81,1,17,80,3,,,,,,,,
A000000182581,2972,4.8,62,25,13,29,,,70,1,70,29,1,,,,,,,,
A000000182583,731,4.9,64,22,14,22,,,77,1,72,28,0,,,,,,,,
A000000182584,635,4.8,57,27,16,26,,,72,2,64,34,2,,,,,,,,
A000000182630,27784,4.8,,,,,,,,,,,,,,,,,,,
A000000182685,930,4.7,50,16,34,26,,,71,3,66,33,1,,,,,,,,
A000000182686,1430,4.8,55,21,24,31,,,68,2,65,34,1,,,,,,,,
A000000182711,2367,4.8,,,,,,,,,,,,,,,,,,,
A000000182721,221,4.7,50,16,33,22,,,77,1,56,43,1,,,,,,,,
A000000182787,2634,4.8,54,21,25,22,,,76,2,73,25,2,,,,,,,,
A000000182795,2850,4.8,52,43,5,24,,,75,1,26,74,1,,,,,,,,
A000000182816,161,4.8,,,,,,,,,,,,,,,,,,,
A000000182831,1267,4.9,42,54,4,29,,,68,2,23,71,6,,,,,,,,
A000000182870,349,4.8,,,,,,,,,,,,,,,,,,,
A000000183229,3513,4.9,59,29,13,32,,,67,1,42,58,0,,,,,,,,
A000000183230,3513,4.9,58,30,12,26,,,73,0,37,63,1,,,,,,,,
A000000183429,11773,4.8,52,37,12,23,49,4,77,0,,,,,,,,,,,
A000000183498,2635,4.8,58,31,11,20,,,79,1,30,69,0,,,,,,,,
A000000183713,10099,4.8,52,23,25,24,,,75,1,70,30,1,,,,,,,,
A000000183736,4932,4.8,,,,,,,,,,,,,,,,,,,
A000000183744,2046,4.8,59,25,16,25,,,74,0,65,35,1,,,,,,,,
A000000183751,1282,4.8,58,30,12,30,,,69,1,65,35,0,,,,,,,,
A000000184066,389,4.8,57,39,4,16,,,81,2,20,79,1,,,,,,,,
A000000184196,391,4.8,58,28,14,24,65,3,74,2,,,,,,,,,,,
A000000184360,13,4.6,46,38,15,23,62,15,77,0,,,,,,,,,,,
A000000184579,27,4.9,57,39,4,11,,,89,0,18,82,0,,,,,,,,
A000000184624,3260,4.7,64,27,8,54,,,32,13,26,13,61,,,,,,,,
A000000184664,359,4.9,55,37,8,34,,,65,1,25,66,9,,,,,,,,
A000000184697,5021,4.9,65,28,8,42,,,57,1,32,58,9,,,,,,,,
A000000184770,380,4.8,52,35,13,28,,,71,1,28,71,1,,,,,,,,
A000000184771,2541,4.8,48,49,4,26,,,73,1,23,75,2,,,,,,,,
A000000184789,500,4.8,54,19,28,22,,,77,1,70,30,0,,,,,,,,
A000000184790,1301,4.8,53,27,20,25,,,74,0,72,28,1,,,,,,,,
A000000184805,114,4.8,57,28,15,21,,,77,2,19,57,24,,,,,,,,
A000000184919,99,4.6,58,39,3,33,,,60,7,21,36,42,,,,,,,,
A000000184935,58,4.8,67,23,11,25,,,75,0,32,61,7,,,,,,,,
A000000184965,3503,4.7,55,21,24,30,,,67,3,75,23,2,,,,,,,,
A000000185115,12199,4.8,,,,,,,,,,,,,,,,,,,
A000000185118,6235,4.8,59,22,19,34,59,2,65,2,,,,,,,,,,,
A000000185121,230,4.8,53,39,8,28,,,72,1,39,57,4,,,,,,,,
A000000185135,2997,4.8,56,25,18,27,,,72,1,77,23,1,,,,,,,,
A000000185156,257,4.8,65,23,12,48,,,51,2,59,39,2,,,,,,,,
A000000185157,116,4.8,59,34,7,47,,,53,0,45,48,7,,,,,,,,
A000000185235,2700,4.8,43,15,43,31,,,68,1,53,46,1,,,,,,,,
A000000185300,4998,4.9,62,30,8,39,,,61,1,33,59,8,,,,,,,,
A000000185306,181,5,53,42,5,9,,,90,1,7,69,24,,,,,,,,
A000000185308,11773,4.8,52,35,14,21,60,3,78,1,,,,,,,,,,,
A000000185367,29,4.8,39,46,14,21,,,71,7,21,71,7,,,,,,,,
A000000185456,2494,4.7,62,30,8,26,,,73,1,15,25,60,,,,,,,,
A000000185807,569,4.9,53,41,6,12,,,85,3,8,33,59,,,,,,,,
A000000186131,544,4.5,62,19,19,38,,,59,3,53,19,28,,,,,,,,
A000000186191,26,4.6,53,17,30,30,,,57,13,43,53,3,,,,,,,,
A000000186195,43,4.8,55,43,2,14,,,86,0,27,73,0,,,,,,,,
A000000186457,350,4.8,46,46,8,26,,,72,2,13,53,34,,,,,,,,
A000000186812,117,4.8,,,,,,,,,,,,,,,,,,,
A000000186860,1265,4.9,62,23,14,13,,,86,1,23,72,6,,,,,,,,
A000000186925,34,4.8,,,,,,,,,,,,,,,,,,,
A000000187231,88,4.9,,,,,,,,,,,,,,,,,,,
A000000187241,115,4.8,59,27,14,28,,,72,0,9,26,65,,,,,,,,
A000000187243,19,4.9,56,44,0,22,,,78,0,28,72,0,,,,,,,,
A000000187310,1797,4.8,,,,,,,,,,,,,,,,,,,
A000000187447,413,4.8,68,22,10,31,59,0,69,0,,,,,,,,,,,
A000000187652,81,5,55,27,18,39,,,61,0,22,78,0,,,,,,,,
A000000187655,62,4.9,69,23,8,50,,,50,0,23,69,8,,,,,,,,
A000000188048,4365,4.8,53,34,13,24,,,75,1,39,60,1,,,,,,,,
A000000188495,401,4.8,49,45,6,22,,,77,0,40,58,2,,,,,,,,
A000000188570,5251,4.9,47,45,8,11,,,86,2,11,45,44,,,,,,,,
A000000188598,57,4.9,50,30,20,15,,,80,5,35,60,5,,,,,,,,
A000000188750,445,4.8,,,,,,,,,,,,,,,,,,,
A000000188751,1058,4.8,47,39,14,16,,,82,1,42,57,1,,,,,,,,
A000000188762,1240,4.8,,,,,,,,,,,,,,,,,,,
A000000188794,7664,4.7,,,,,,,,,,,,,,,,,,,
A000000188830,106,4.7,36,58,7,21,,,74,6,25,64,11,,,,,,,,
A000000188831,166,4.8,41,49,10,25,,,68,7,26,61,13,,,,,,,,
A000000188874,3383,4.8,54,36,10,19,,,80,1,24,76,0,,,,,,,,
A000000188922,62,4.6,,,,,,,,,,,,,,,,,,,
A000000188948,485,4.9,49,49,3,27,,,72,0,24,68,8,,,,,,,,
A000000188950,676,4.8,43,54,3,24,,,75,0,21,73,5,,,,,,,,
A000000188971,91,4.9,51,10,39,17,,,80,2,62,34,4,,,,,,,,
A000000188990,38124,4.8,52,16,32,31,,,66,3,76,24,1,,,,,,,,
A000000189000,1702,4.8,49,46,5,20,,,79,1,20,79,1,,,,,,,,
A000000189056,1373,4.8,46,50,4,27,,,72,1,23,52,26,,,,,,,,
A000000189170,145,4.7,60,29,10,63,,,30,7,24,17,59,,,,,,,,
A000000189173,43,4.8,,,,,,,,,,,,,,,,,,,
A000000189181,39108,4.8,53,16,31,33,,,64,2,77,22,1,,,,,,,,
A000000189248,6932,4.8,58,28,14,23,,,75,2,58,41,2,,,,,,,,
A000000189404,84,4.8,56,25,19,30,,,68,2,61,39,0,,,,,,,,
A000000189488,5337,4.8,51,34,14,21,,,78,1,31,69,0,,,,,,,,
A000000189586,51,4.9,61,31,8,31,,,69,0,47,53,0,,,,,,,,
A000000189587,50,5,32,64,4,18,,,82,0,16,80,4,,,,,,,,
A000000189589,39,4.9,82,18,0,41,,,59,0,54,46,0,,,,,,,,
A000000190051,1245,4.7,63,24,14,36,,,61,3,24,36,40,,,,,,,,
A000000190369,10512,4.8,55,41,4,36,,,63,1,22,41,37,,,,,,,,
A000000190395,15182,4.8,52,21,26,24,,,75,1,70,30,0,,,,,,,,
A000000190420,153,4.7,52,27,21,18,,,82,0,54,44,2,,,,,,,,
A000000190448,1940,4.7,,,,,,,,,,,,,,,,,,,
A000000190704,947,4.7,,,,,,,,,,,,,,,,,,,
A000000191008,100,4.9,44,46,10,18,,,82,0,17,50,33,,,,,,,,
A000000191026,97,4.8,42,53,5,26,,,71,3,16,77,6,,,,,,,,
A000000191027,64,4.9,34,61,5,22,,,77,2,22,75,3,,,,,,,,
A000000191038,124,4.8,,,,,,,,,,,,,,,,,,,
A000000191179,38,4.8,65,35,0,30,,,70,0,25,53,23,,,,,,,,
A000000191303,74,4.7,,,,,,,,,,,,,,,,,,,
A000000191715,1415,4.8,49,22,28,29,,,70,1,48,51,1,,,,,,,,
A000000191733,2761,4.8,51,46,4,33,,,65,2,17,39,43,,,,,,,,
A000000191796,326,4.7,59,33,8,23,,,76,1,67,33,1,,,,,,,,
A000000191799,463,4.8,,,,,,,,,,,,,,,,,,,
A000000191805,29,4.9,70,30,0,20,,,80,0,10,87,3,,,,,,,,
A000000191823,122,4.8,46,54,1,16,,,83,1,11,58,32,,,,,,,,
A000000191827,54,4.7,45,52,4,36,,,61,4,25,64,11,,,,,,,,
A000000191893,559,4.9,,,,,,,,,,,,,,,,,,,
A000000191894,363,4.9,38,47,15,7,,,92,1,45,53,1,,,,,,,,
A000000191895,808,4.9,45,43,12,5,,,93,1,38,60,2,,,,,,,,
A000000191912,919,4.8,50,45,4,22,,,77,1,18,49,34,,,,,,,,
A000000192054,609,4.6,64,31,5,44,,,53,3,29,39,31,,,,,,,,
A000000192057,5,4.2,60,20,20,40,,,60,0,20,80,0,,,,,,,,
A000000192105,2869,4.7,56,39,5,38,,,60,2,22,36,42,,,,,,,,
A000000192219,196,5,49,46,5,17,,,83,1,13,52,34,,,,,,,,
A000000192273,187,4.9,,,,,,,,,,,,,,,,,,,
A000000192274,8,4.9,,,,,,,,,,,,,,,,,,,
A000000192300,807,4.9,46,49,4,13,,,87,0,12,75,13,,,,,,,,
A000000192405,8315,4.8,57,29,15,22,,,77,1,43,56,1,,,,,,,,
A000000192520,84,4.6,54,35,11,24,,,76,0,22,76,1,,,,,,,,
A000000192782,16557,4.8,53,38,9,24,,,75,1,23,76,1,,,,,,,,
A000000192787,1183,4.8,59,22,19,24,,,75,1,51,49,0,,,,,,,,
A000000195660,94,4.8,70,23,6,32,,,68,0,60,40,0,,,,,,,,
A000000195679,635,4.9,50,16,33,27,,,72,1,60,38,2,,,,,,,,
A000000195699,269,4.9,51,42,6,34,,,66,0,34,66,0,,,,,,,,
A000000197102,752,4.8,50,28,22,25,,,73,1,33,66,1,,,,,,,,
A000000197319,52,4.7,46,42,12,13,,,87,0,46,54,0,,,,,,,,
A000000197320,1,5,0,100,0,0,,,100,0,0,100,0,,,,,,,,
A000000197367,1377,4.7,54,33,12,22,50,4,78,1,,,,,,,,,,,
A000000197659,181,4.9,44,51,5,8,,,92,1,9,87,3,,,,,,,,
A000000197660,86,4.8,38,55,7,12,,,88,0,21,77,2,,,,,,,,
A000000197679,123,5,52,40,8,4,,,96,0,28,46,27,,,,,,,,
A000000197722,2434,4.9,42,16,43,22,,,78,0,41,58,1,,,,,,,,
A000000197739,2434,4.9,46,17,37,28,,,72,0,44,55,1,,,,,,,,
A000000198026,19,4.7,47,37,16,58,,,37,5,21,26,53,,,,,,,,
A000000198090,315,4.8,47,47,6,26,,,73,1,29,67,4,,,,,,,,
A000000198166,1094,4.8,41,55,5,22,,,77,1,20,79,1,,,,,,,,
A000000198199,876,4.7,31,66,3,25,,,73,2,20,78,1,,,,,,,,
A000000198320,7347,4.8,40,55,4,20,,,79,1,23,77,0,,,,,,,,
A000000198321,2191,4.8,46,50,4,21,,,78,1,25,75,0,,,,,,,,
A000000198539,3787,4.8,52,39,10,24,,,75,1,29,70,1,,,,,,,,
A000000198626,130,4.8,58,27,15,34,,,64,2,69,28,2,,,,,,,,
A000000198721,1314,4.8,58,24,18,23,,,75,2,71,28,1,,,,,,,,
A000000198833,218,4.9,57,39,4,17,,,83,1,33,58,9,,,,,,,,
A000000198834,41,4.4,57,35,8,15,,,80,5,50,48,3,,,,,,,,
A000000198853,39,4.8,67,26,8,18,,,82,0,10,38,51,,,,,,,,
A000000198874,1321,4.8,42,53,5,18,,,80,1,25,74,1,,,,,,,,
A000000198892,8444,4.9,50,43,6,15,,,84,1,23,55,22,,,,,,,,
A000000198947,224,4.8,58,27,15,38,,,62,0,30,47,23,,,,,,,,
A000000198949,997,4.8,60,33,8,12,,,86,1,10,32,58,,,,,,,,
A000000199153,5325,4.9,48,21,31,30,,,69,1,73,26,0,,,,,,,,
A000000199154,4574,4.9,50,19,30,30,,,69,1,67,32,1,,,,,,,,
A000000199155,1588,4.9,60,22,17,37,,,62,0,75,24,0,,,,,,,,
A000000199203,404,4.8,51,28,20,25,,,74,1,54,46,0,,,,,,,,
A000000199207,14552,4.8,,,,,,,,,,,,,,,,,,,
A000000199254,4,5,25,75,0,0,,,100,0,0,50,50,,,,,,,,
A000000199257,2469,4.9,37,60,3,14,,,86,0,18,81,2,,,,,,,,
A000000199270,1561,4.9,63,29,8,39,,,60,1,28,48,24,,,,,,,,
A000000199282,60,4.9,,,,,,,,,,,,,,,,,,,
A000000199404,1623,4.9,44,51,5,20,,,79,0,21,79,0,,,,,,,,
A000000199405,5016,4.9,43,52,5,19,,,80,0,19,80,1,,,,,,,,
A000000199411,46,4.9,46,48,7,22,,,76,2,15,85,0,,,,,,,,
A000000199486,6425,4.8,32,66,2,19,,,81,1,20,80,0,,,,,,,,
A000000199507,1819,4.9,54,35,11,12,,,87,1,56,43,1,,,,,,,,
A000000199594,59,4.5,70,20,10,40,,,58,2,40,33,27,,,,,,,,
A000000199651,6314,4.8,37,58,5,17,,,83,1,20,79,1,,,,,,,,
A000000199652,2475,4.8,44,54,2,27,,,72,1,25,74,1,,,,,,,,
A000000199665,2555,4.8,51,39,10,26,,,73,1,30,69,1,,,,,,,,
A000000199668,17,4.9,53,41,6,6,,,94,0,24,76,0,,,,,,,,
A000000199669,22,5,55,41,5,0,,,95,5,27,68,5,,,,,,,,
A000000199701,6437,4.9,41,56,3,30,,,69,1,17,58,26,,,,,,,,
A000000199714,2044,4.8,41,55,4,23,,,77,0,23,76,0,,,,,,,,
A000000199824,847,4.8,57,31,11,30,,,68,2,43,56,2,,,,,,,,
A000000199825,319,4.8,65,25,10,24,,,74,2,33,59,8,,,,,,,,
A000000199847,581,4.8,53,42,6,24,,,75,0,28,71,0,,,,,,,,
A000000199889,2481,4.8,45,45,10,19,,,80,1,24,75,1,,,,,,,,
A000000200039,1757,4.8,54,39,8,35,,,63,2,19,30,51,,,,,,,,
A000000200133,353,4.7,47,41,12,16,,,82,3,44,55,1,,,,,,,,
A000000200145,773,4.9,43,52,5,14,,,86,0,15,85,0,,,,,,,,
A000000200168,121,4.7,58,35,7,31,,,68,1,21,44,35,,,,,,,,
A000000200181,37,4.7,16,84,0,19,,,81,0,8,92,0,,,,,,,,
A000000200188,1123,4.8,53,33,15,25,,,74,0,43,56,1,,,,,,,,
A000000200201,10,5,50,40,10,50,,,50,0,40,50,10,,,,,,,,
A000000200229,249,4.7,67,16,17,37,,,63,0,57,42,1,,,,,,,,
A000000200356,3260,4.7,55,36,9,41,,,52,7,17,25,58,,,,,,,,
A000000200373,678,4.8,,,,,,,,,,,,,,,,,,,
A000000200396,338,4.7,,,,,,,,,,,,,,,,,,,
A000000200464,353,4.7,59,37,3,38,53,3,61,1,,,,,,,,,,,
A000000200480,11128,4.7,52,17,31,24,,,75,1,63,36,1,,,,,,,,
A000000200584,493,4.8,47,45,9,28,,,70,2,49,46,5,,,,,,,,
A000000200600,157,4.8,45,48,7,27,,,72,1,24,72,4,,,,,,,,
A000000200632,153,4.8,60,34,6,17,,,83,1,15,39,45,,,,,,,,
A000000200666,2042,4.8,60,31,9,32,,,68,1,27,44,29,,,,,,,,
A000000200725,10817,4.7,49,43,8,30,,,68,1,62,37,1,,,,,,,,
A000000200804,282,4.7,46,50,4,23,,,76,1,20,76,4,,,,,,,,
A000000200886,621,4.8,54,29,17,33,,,65,2,35,63,2,,,,,,,,
A000000201011,2799,4.6,50,42,8,26,,,73,1,21,60,19,,,,,,,,
A000000201049,993,4.9,54,37,9,17,77,1,83,1,,,,,,,,,,,
A000000201165,311,4.5,61,34,6,33,43,6,64,2,,,,,,,,,,,
A000000201185,167,4.7,62,26,12,43,43,2,56,1,,,,,,,,,,,
A000000201208,2542,4.8,,,,,,,,,,,,,,,,,,,
A000000201363,359,4.8,45,51,4,27,,,72,0,26,69,5,,,,,,,,
A000000201376,3423,4.9,53,43,4,26,,,74,0,29,70,1,,,,,,,,
A000000201378,1366,4.9,40,54,6,13,,,86,0,15,80,5,,,,,,,,
A000000201592,1635,4.9,54,38,8,14,,,85,1,42,56,3,,,,,,,,
A000000201643,528,5,47,46,7,10,,,90,0,13,83,3,,,,,,,,
A000000201650,1370,4.8,54,34,12,28,,,72,1,55,45,0,,,,,,,,
A000000202305,1981,4.8,,,,,,,,,,,,,,,,,,,
A000000202534,2652,4.8,,,,,,,,,,,,,,,,,,,
A000000202537,895,4.8,53,39,8,23,,,77,0,23,76,2,,,,,,,,
A000000202893,6689,4.8,39,25,36,23,,,77,1,47,52,0,,,,,,,,
A000000203005,10,4.6,,,,,,,,,,,,,,,,,,,
A000000203033,998,4.7,55,38,7,32,,,66,2,22,43,35,,,,,,,,
A000000203170,1918,4.7,50,43,7,24,,,75,1,24,61,14,,,,,,,,
A000000203171,1809,4.8,53,31,16,28,,,71,1,56,43,1,,,,,,,,
A000000203207,1301,4.9,44,53,3,31,,,69,1,24,63,13,,,,,,,,
A000000203247,1098,4.8,46,51,3,32,,,67,1,23,63,14,,,,,,,,
A000000203263,11,4.6,,,,,,,,,,,,,,,,,,,
A000000203440,44,4.8,38,55,7,7,,,93,0,5,95,0,,,,,,,,
A000000203518,717,4.7,,,,,,,,,,,,,,,,,,,
A000000203564,940,4.8,43,50,7,34,,,65,1,26,60,14,,,,,,,,
A000000203626,9230,4.9,57,29,14,21,74,1,78,1,,,,,,,,,,,
A000000203759,4388,4.7,,,,,,,,,,,,,,,,,,,
A000000203831,2788,4.8,51,38,11,18,,,81,1,23,76,1,,,,,,,,
A000000203855,669,4.8,58,38,4,26,,,74,0,25,74,1,,,,,,,,
A000000203992,3843,4.8,67,24,9,36,,,63,1,34,61,6,,,,,,,,
A000000203994,1255,4.8,65,27,9,35,,,64,1,48,48,4,,,,,,,,
A000000204158,79,4.9,51,39,10,30,,,67,3,33,65,3,,,,,,,,
A000000204171,422,4.7,52,37,11,26,,,72,2,20,31,49,,,,,,,,
A000000204308,1496,4.8,54,38,8,32,,,67,1,24,52,24,,,,,,,,
A000000204581,403,5,52,42,5,9,,,89,2,7,47,46,,,,,,,,
A000000204600,9840,4.9,49,46,5,27,,,72,1,17,43,41,,,,,,,,
A000000204623,135,4.9,44,50,5,31,,,68,1,20,70,10,,,,,,,,
A000000204627,250,4.8,51,49,0,36,,,64,0,27,59,14,,,,,,,,
A000000204639,2,5,0,100,0,0,,,100,0,0,100,0,,,,,,,,
A000000204640,0,0,0,0,0,0,,,0,0,0,0,0,,,,,,,,
A000000204649,7,4.6,57,43,0,57,,,43,0,57,29,14,,,,,,,,
A000000204652,13,4.4,38,54,8,38,,,62,0,23,62,15,,,,,,,,
A000000204654,49,5,43,53,4,24,,,76,0,16,43,41,,,,,,,,
A000000204741,1298,4.8,,,,,,,,,,,,,,,,,,,
A000000204747,1011,4.9,55,39,6,18,,,80,2,11,34,55,,,,,,,,
A000000204881,129,4.9,50,44,6,12,,,88,0,12,62,26,,,,,,,,
A000000204882,132,5,43,51,6,9,,,89,2,9,56,34,,,,,,,,
A000000204949,8444,4.9,47,49,5,22,,,77,2,29,61,10,,,,,,,,
A000000204963,682,4.8,51,39,10,30,62,1,68,2,,,,,,,,,,,
A000000205037,78,4.8,38,58,4,21,,,79,0,21,78,1,,,,,,,,
A000000205098,426,4.9,43,46,11,4,,,96,0,25,72,3,,,,,,,,
A000000205183,1777,4.8,,,,,,,,,,,,,,,,,,,
A000000205340,1126,4.7,41,17,42,44,,,51,5,61,36,4,,,,,,,,
A000000205391,2063,4.9,57,21,22,40,,,58,2,65,32,3,,,,,,,,
A000000205392,2019,4.9,50,28,22,35,,,63,2,52,47,1,,,,,,,,
A000000205435,11413,4.8,,,,,,,,,,,,,,,,,,,
A000000205780,182,4.9,,,,,,,,,,,,,,,,,,,
A000000205830,2845,4.8,,,,,,,,,,,,,,,,,,,
A000000205838,34,4.5,,,,,,,,,,,,,,,,,,,
A000000205870,8847,4.7,,,,,,,,,,,,,,,,,,,
A000000205871,54,4.3,43,35,22,37,,,19,44,11,15,74,,,,,,,,
A000000205885,4515,4.7,55,34,11,30,,,68,2,20,29,51,,,,,,,,
A000000205919,24,4.5,58,38,4,38,,,63,0,21,75,4,,,,,,,,
A000000206008,233,4.9,68,22,10,48,,,51,1,36,26,37,,,,,,,,
A000000206025,3591,4.8,43,46,11,22,,,78,0,25,75,0,,,,,,,,
A000000206053,11128,4.7,50,25,26,24,,,74,2,54,45,1,,,,,,,,
A000000206151,3817,4.9,,,,,,,,,,,,,,,,,,,
A000000206212,607,4.8,49,36,15,29,,,70,1,30,52,17,,,,,,,,
A000000206312,78,4.6,51,33,15,26,,,74,0,78,22,0,,,,,,,,
A000000206338,26,4.2,81,8,12,54,,,42,4,88,12,0,,,,,,,,
A000000206408,6,4.7,83,0,17,67,50,0,33,0,,,,,,,,,,,
A000000206409,5,4.2,80,0,20,20,,,40,40,100,0,0,,,,,,,,
A000000206418,303,4.7,57,15,29,57,,,25,18,90,10,0,,,,,,,,
A000000206419,195,4.9,58,23,19,51,,,29,20,85,14,1,,,,,,,,
A000000206422,7,4.9,14,29,57,14,,,86,0,71,29,0,,,,,,,,
A000000206424,17,4.6,76,0,24,35,,,65,0,100,0,0,,,,,,,,
A000000206572,2559,4.8,49,48,3,31,,,67,2,21,44,35,,,,,,,,
A000000206624,945,4.8,,,,,,,,,,,,,,,,,,,
A000000206692,445,4.8,55,26,20,30,,,69,1,40,60,0,,,,,,,,
A000000206694,279,4.9,51,34,15,32,,,67,1,35,63,1,,,,,,,,
A000000206889,1880,4.9,,,,,,,,,,,,,,,,,,,
A000000206904,26745,4.8,45,50,5,28,,,71,1,50,49,2,,,,,,,,
A000000206932,3364,4.8,60,28,12,27,70,0,73,0,,,,,,,,,,,
A000000207006,84,4.8,48,31,21,9,,,89,1,40,46,14,,,,,,,,
A000000207029,2387,4.9,49,45,6,17,,,82,1,27,61,11,,,,,,,,
A000000207031,50,4.8,54,44,2,23,,,77,0,33,63,4,,,,,,,,
A000000207054,4552,4.9,49,39,12,18,,,82,0,25,74,0,,,,,,,,
A000000207111,4012,4.9,54,30,16,27,,,72,1,32,67,1,,,,,,,,
A000000207456,111,4.7,,,,48,59,5,,,,,,40,5,50,3,,,,
A000000207459,3002,4.9,60,27,13,31,,,68,1,50,49,1,,,,,,,,
A000000207641,12,4.7,42,42,17,17,67,0,83,0,,,,,,,,,,,
A000000207735,151,4.9,64,22,14,27,62,3,71,2,,,,,,,,,,,
A000000208004,96,4.9,,,,,,,,,,,,,,,,,,,
A000000208005,411,5,,,,,,,,,,,,,,,,,,,
A000000208029,90,4.9,58,24,18,8,,,90,1,52,46,2,,,,,,,,
A000000208030,88,4.9,53,24,23,8,,,91,1,45,48,7,,,,,,,,
A000000208055,1448,4.9,52,36,12,18,,,82,0,49,51,0,,,,,,,,
A000000208060,3147,4.9,,,,,,,,,,,,,,,,,,,
A000000208089,528,4.9,,,,,,,,,,,,,,,,,,,
A000000208188,50,4.9,60,30,10,18,80,0,82,0,,,,,,,,,,,
A000000208331,4244,4.8,44,50,6,27,,,72,1,45,54,1,,,,,,,,
A000000208425,30,4.9,40,43,17,30,,,70,0,43,57,0,,,,,,,,
A000000208491,285,4.8,55,45,0,31,,,68,1,20,49,31,,,,,,,,
A000000208493,4244,4.8,43,51,6,25,,,74,1,43,55,1,,,,,,,,
A000000208718,79,5,39,50,11,6,,,94,0,17,78,6,,,,,,,,
A000000208721,68,5,50,25,25,13,,,75,13,25,38,38,,,,,,,,
A000000208724,23,4.9,30,65,4,17,,,83,0,22,61,17,,,,,,,,
A000000208896,614,4.8,53,33,14,36,,,63,0,31,57,12,,,,,,,,
A000000208897,760,4.8,63,28,9,47,,,52,0,37,54,9,,,,,,,,
A000000208986,21,4.8,56,31,13,50,,,44,6,44,56,0,,,,,,,,
A000000209092,28,4.9,25,71,4,11,,,89,0,14,86,0,,,,,,,,
A000000209130,32,4.8,85,12,3,44,,,56,0,41,59,0,,,,,,,,
A000000209151,1380,4.8,,,,,,,,,,,,,,,,,,,
A000000209153,1547,4.7,,,,,,,,,,,,,,,,,,,
A000000209289,1802,4.8,,,,,,,,,,,,,,,,,,,
A000000209308,13387,4.9,56,33,12,23,71,1,76,1,,,,,,,,,,,
A000000209380,649,4.9,26,72,2,15,,,84,0,23,76,0,,,,,,,,
A000000209418,5304,4.8,41,55,4,19,,,80,1,27,72,1,,,,,,,,
A000000209419,1159,4.8,49,44,6,20,,,79,1,32,68,1,,,,,,,,
A000000209588,27,4.7,68,32,0,21,,,79,0,11,46,43,,,,,,,,
A000000209590,87,4.7,63,29,8,29,,,71,0,14,31,55,,,,,,,,
A000000209608,240,4.8,61,22,17,24,,,75,1,73,24,3,,,,,,,,
A000000209641,66,4.9,56,32,12,17,,,83,0,27,41,32,,,,,,,,
A000000209705,7,5,43,57,0,43,,,57,0,29,71,0,,,,,,,,
A000000209712,16,4.5,100,0,0,67,,,33,0,67,33,0,,,,,,,,
A000000209714,5,4.8,100,0,0,80,,,20,0,80,20,0,,,,,,,,
A000000209747,2992,4.8,52,32,16,22,,,77,1,38,62,1,,,,,,,,
A000000209826,5420,4.9,49,33,17,19,,,80,1,43,51,6,,,,,,,,
A000000209889,237,4.9,47,28,25,16,,,82,1,57,37,5,,,,,,,,
A000000209904,1941,4.8,53,26,21,22,,,77,1,41,58,1,,,,,,,,
A000000209906,234,4.8,53,42,5,27,,,71,1,56,39,4,,,,,,,,
A000000209908,347,4.8,42,54,4,23,,,77,0,30,70,0,,,,,,,,
A000000210050,298,4.8,50,46,4,28,,,71,1,27,59,14,,,,,,,,
A000000210054,54,4.8,61,33,6,35,,,65,0,30,54,17,,,,,,,,
A000000210141,10,4.4,90,10,0,20,,,80,0,20,80,0,,,,,,,,
A000000210159,3,3,0,100,0,25,,,75,0,0,100,0,,,,,,,,
A000000210171,16,4.8,75,19,6,50,,,50,0,63,38,0,,,,,,,,
A000000210172,7,4.3,25,75,0,0,63,0,100,0,,,,,,,,,,,
A000000210196,631,4.5,63,20,17,29,,,67,3,29,12,59,,,,,,,,
A000000210288,2149,4.9,52,30,18,15,,,84,1,34,51,15,,,,,,,,
A000000210308,2,5,,,,,,,,,,,,,,,,,,,
A000000210415,2775,4.9,50,42,8,17,,,82,1,41,57,3,,,,,,,,
A000000210417,9335,4.9,40,53,7,16,,,84,1,24,73,2,,,,,,,,
A000000210452,428,4.9,52,32,16,12,,,88,0,19,68,13,,,,,,,,
A000000210471,28,4.9,76,24,0,53,,,35,12,41,59,0,,,,,,,,
A000000210473,45,5,38,62,0,24,,,76,0,20,80,0,,,,,,,,
A000000210476,5,5,100,0,0,80,,,20,0,100,0,0,,,,,,,,
A000000210495,495,4.8,50,42,8,19,,,80,1,13,38,49,,,,,,,,
A000000210550,1621,4.7,45,12,43,50,,,37,13,58,22,20,,,,,,,,
A000000210600,389,4.8,50,42,9,33,,,65,2,18,32,49,,,,,,,,
A000000210666,55,4.9,53,37,10,39,,,59,2,35,61,4,,,,,,,,
A000000210719,1928,4.8,54,39,7,38,,,61,1,29,70,2,,,,,,,,
A000000210922,13,4.8,62,38,0,31,,,69,0,31,46,23,,,,,,,,
A000000210924,1244,4.8,29,68,3,20,,,80,0,19,80,1,,,,,,,,
A000000210933,150,4.9,40,47,13,14,,,85,1,20,80,0,,,,,,,,
A000000210948,2,5,0,0,0,0,,,0,0,0,0,0,,,,,,,,
A000000210949,4,4.3,100,0,0,50,,,50,0,50,50,0,,,,,,,,
A000000210950,9,4.9,67,22,11,67,,,33,0,56,44,0,,,,,,,,
A000000210973,2005,4.7,42,55,4,24,,,74,2,25,75,1,,,,,,,,
A000000211003,3140,4.8,34,61,5,22,,,77,0,18,81,0,,,,,,,,
A000000211006,299,4.8,49,32,19,28,,,70,2,46,53,1,,,,,,,,
A000000211029,1951,4.6,,,,,,,,,,,,,,,,,,,
A000000211085,2342,4.6,59,24,18,31,,,65,4,29,45,26,,,,,,,,
A000000211109,1998,4.8,62,20,18,23,,,76,1,68,25,7,,,,,,,,
A000000211164,2390,4.7,49,44,7,31,,,66,3,22,36,42,,,,,,,,
A000000211170,4698,4.9,,,,,,,,,,,,,,,,,,,
A000000211188,2401,4.9,63,18,19,27,,,73,0,52,47,1,,,,,,,,
A000000211192,113,4.9,45,37,18,25,69,2,73,2,,,,,,,,,,,
A000000211213,9119,4.9,45,47,8,20,,,80,0,22,78,1,,,,,,,,
A000000211218,38,4.8,61,26,13,3,,,97,0,53,45,3,,,,,,,,
A000000211219,19,4.8,47,37,16,32,,,68,0,63,37,0,,,,,,,,
A000000211402,319,4.8,48,49,4,29,,,70,2,17,44,39,,,,,,,,
A000000211478,8626,4.8,42,53,4,22,,,78,0,19,79,3,,,,,,,,
A000000211493,10,4.8,60,30,10,50,,,50,0,40,60,0,,,,,,,,
A000000211548,534,4.9,36,56,9,7,,,92,0,29,70,1,,,,,,,,
A000000211858,96,4.8,58,18,24,20,,,80,0,44,50,6,,,,,,,,
A000000211928,35,4.9,49,51,0,9,,,91,0,11,37,51,,,,,,,,
A000000211930,46,5,52,43,4,9,,,91,0,11,85,4,,,,,,,,
A000000212010,148,4.9,49,48,3,12,,,88,1,9,56,35,,,,,,,,
A000000212016,4346,4.9,51,28,21,18,,,82,1,64,35,1,,,,,,,,
A000000212250,885,4.9,37,25,39,20,,,79,1,44,51,5,,,,,,,,
A000000212251,1143,4.9,31,16,53,22,,,76,2,43,49,8,,,,,,,,
A000000212690,2387,4.8,47,35,17,22,,,77,1,32,68,0,,,,,,,,
A000000212724,749,4.6,57,20,23,37,,,59,3,77,18,5,,,,,,,,
A000000212725,233,4.7,44,52,4,21,,,79,0,38,62,0,,,,,,,,
A000000212732,173,4.8,,,,,,,,,,,,,,,,,,,
A000000212792,112,4.7,64,29,7,34,,,63,3,56,41,3,,,,,,,,
A000000212817,5026,4.8,,,,,,,,,,,,,,,,,,,
A000000212882,773,4.9,47,45,8,17,,,82,1,26,55,20,,,,,,,,
A000000212908,641,4.8,60,12,28,37,,,61,2,72,24,4,,,,,,,,
A000000212912,78,4.8,40,46,14,22,,,73,5,41,54,5,,,,,,,,
A000000213097,94,4.8,40,45,15,24,,,72,3,30,59,12,,,,,,,,
A000000213112,1115,4.9,40,43,17,11,,,89,1,40,57,3,,,,,,,,
A000000213113,516,5,32,63,5,9,,,91,0,13,82,5,,,,,,,,
A000000213115,34,4.8,,,,,,,,,,,,,,,,,,,
A000000213171,6691,4.8,52,36,12,22,,,76,1,34,66,1,,,,,,,,
A000000213237,291,4.8,65,14,21,28,,,69,3,57,41,1,,,,,,,,
A000000213266,79,4.7,,,,,,,,,,,,,,,,,,,
A000000213288,4180,4.6,55,27,18,33,,,61,6,29,45,26,,,,,,,,
A000000213322,2076,5,,,,,,,,,,,,,,,,,,,
A000000213323,2532,4.9,46,48,6,12,,,87,1,15,67,18,,,,,,,,
A000000213383,91,5,37,58,5,6,,,94,0,7,73,20,,,,,,,,
A000000213385,38,5,37,55,8,5,,,95,0,16,71,13,,,,,,,,
A000000213387,33,5,39,48,12,3,,,88,9,21,55,24,,,,,,,,
A000000213402,133,4.6,46,47,6,20,,,78,2,18,74,9,,,,,,,,
A000000213407,81,4.7,46,51,4,14,,,85,1,14,81,5,,,,,,,,
A000000213409,1509,4.5,54,33,13,29,,,69,2,46,44,10,,,,,,,,
A000000213413,1547,4.8,43,53,4,25,,,74,1,23,76,1,,,,,,,,
A000000213492,749,4.8,53,36,11,21,,,77,1,34,47,19,,,,,,,,
A000000213535,153,4.8,59,34,8,28,,,70,2,79,20,1,,,,,,,,
A000000213615,2180,4.8,36,59,4,19,,,79,1,14,84,2,,,,,,,,
A000000213679,90,4.8,57,38,4,39,,,61,0,33,67,0,,,,,,,,
A000000213951,18,4.7,50,39,11,33,,,67,0,56,39,6,,,,,,,,
A000000213953,37,4.4,57,30,14,27,,,68,5,51,43,5,,,,,,,,
A000000213955,130,4.7,,,,,,,,,,,,,,,,,,,
A000000214034,36,4.9,58,42,0,17,,,83,0,11,89,0,,,,,,,,
A000000214141,28,4.1,46,43,11,29,,,50,21,43,50,7,,,,,,,,
A000000214159,27,4.5,67,19,15,48,,,48,4,63,37,0,,,,,,,,
A000000214168,1707,4.8,50,43,7,28,,,70,1,26,73,1,,,,,,,,
A000000214170,225,4.8,38,56,6,25,,,73,1,17,81,2,,,,,,,,
A000000214176,10,4.9,40,60,0,0,,,100,0,0,100,0,,,,,,,,
A000000214177,58,4.8,100,0,0,0,,,100,0,0,100,0,,,,,,,,
A000000214179,58,4.8,54,39,7,19,,,79,2,30,68,2,,,,,,,,
A000000214181,107,4.8,48,18,34,27,,,69,4,35,62,3,,,,,,,,
A000000214190,618,4.7,,,,,,,,,,,,,,,,,,,
A000000214201,18,5,44,39,17,0,,,100,0,11,89,0,,,,,,,,
A000000214203,4,5,50,25,25,0,,,100,0,25,75,0,,,,,,,,
A000000214222,125,4.9,41,54,5,6,,,92,2,23,72,5,,,,,,,,
A000000214226,110,5,46,49,5,5,,,95,0,26,71,3,,,,,,,,
A000000214254,20,4.7,25,35,40,25,,,65,10,40,55,5,,,,,,,,
A000000214262,11,4.9,18,82,0,100,,,0,0,9,9,82,,,,,,,,
A000000214288,771,4.9,51,44,5,23,,,76,1,15,51,34,,,,,,,,
A000000214296,14,4.6,57,43,0,36,,,64,0,14,64,21,,,,,,,,
A000000214302,8,4.8,75,25,0,50,,,50,0,38,38,25,,,,,,,,
A000000214303,7,4.7,71,29,0,57,,,43,0,43,14,43,,,,,,,,
A000000214304,10,4.9,,,,,,,,,,,,,,,,,,,
A000000214305,26,4.5,,,,,,,,,,,,,,,,,,,
A000000214306,7,4.9,,,,,,,,,,,,,,,,,,,
A000000214315,232,4.8,42,54,4,27,,,72,1,20,50,31,,,,,,,,
A000000214459,96,4.7,63,24,13,32,,,68,0,32,53,16,,,,,,,,
A000000214510,105,5,,,,,,,,,,,,,,,,,,,
A000000214633,8079,4.9,33,64,3,24,,,75,1,10,63,26,,,,,,,,
A000000214636,52,4.9,23,71,6,8,,,92,0,15,83,2,,,,,,,,
A000000214672,1072,4.8,52,18,30,32,,,65,2,60,35,4,,,,,,,,
A000000214753,8,5,75,13,13,0,,,100,0,0,100,0,,,,,,,,
A000000214989,30,4.8,53,37,10,20,,,80,0,27,73,0,,,,,,,,
A000000214992,354,4.9,56,29,16,19,,,80,0,44,55,1,,,,,,,,
A000000215009,74,4.9,59,36,4,30,,,70,0,24,74,1,,,,,,,,
A000000215147,51,5,49,43,8,6,,,90,4,22,73,6,,,,,,,,
A000000215203,45,5,,,,,,,,,,,,,,,,,,,
A000000215222,81,4.9,54,40,6,16,,,81,2,32,59,9,,,,,,,,
A000000215305,7033,4.7,,,,,,,,,,,,,,,,,,,
A000000215314,2,5,,,,,,,,,,,,,,,,,,,
A000000215315,23,4.7,,,,,,,,,,,,,,,,,,,
A000000215412,8,4.9,,,,,,,,,,,,,,,,,,,
A000000215463,0,0,0,0,0,0,,,0,0,0,0,0,,,,,,,,
A000000215507,335,4.7,56,44,0,28,,,68,4,16,36,48,,,,,,,,
A000000216199,21,4.7,45,45,9,27,64,0,73,0,,,,,,,,,,,
A000000216291,566,4.8,32,64,3,19,,,80,1,23,76,1,,,,,,,,
A000000216315,1144,4.7,59,29,12,34,,,64,2,60,36,5,,,,,,,,
A000000216405,858,4.7,57,37,5,35,,,63,2,23,38,39,,,,,,,,
A000000216459,52,4.7,62,29,10,37,,,60,4,27,46,27,,,,,,,,
A000000216469,152,4.8,45,50,5,19,,,81,0,23,75,2,,,,,,,,
A000000216470,197,4.8,53,42,5,29,,,70,1,27,70,3,,,,,,,,
A000000216509,11128,4.7,49,21,30,26,,,73,2,55,44,1,,,,,,,,
A000000216574,604,4.7,40,36,24,40,,,54,6,55,38,7,,,,,,,,
A000000216580,352,4.9,51,35,14,22,,,76,1,64,32,4,,,,,,,,
A000000216966,463,4.8,55,25,20,15,,,84,1,74,25,1,,,,,,,,
A000000217108,263,4.8,39,54,7,21,81,1,77,2,,,,,,,,,,,
A000000217167,1404,4.9,53,41,6,16,,,84,1,29,67,4,,,,,,,,
A000000217325,1,5,100,0,0,50,,,50,0,100,0,0,,,,,,,,
A000000217355,9838,4.8,43,52,5,13,,,87,1,18,81,1,,,,,,,,
A000000217602,4362,4.9,46,48,6,21,,,78,0,25,75,1,,,,,,,,
A000000217777,58,4.9,24,5,71,41,,,52,7,71,16,14,,,,,,,,
A000000217867,408,4.8,,,,,,,,,,,,,,,,,,,
A000000218011,463,4.7,,,,,,,,,,,,,,,,,,,
A000000218012,3619,4.7,,,,,,,,,,,,,,,,,,,
A000000218013,204,4.8,,,,,,,,,,,,,,,,,,,
A000000218547,1934,4.7,,,,,,,,,,,,,,,,,,,
A000000218548,385,4.7,52,34,13,24,,,73,3,60,38,2,,,,,,,,
A000000218549,1991,4.8,58,31,11,28,,,71,1,58,41,0,,,,,,,,
A000000218592,3922,4.8,54,32,14,27,,,72,1,67,31,2,,,,,,,,
A000000218716,62,4.7,55,29,16,31,,,66,3,32,65,3,,,,,,,,
A000000218756,2684,4.8,58,26,16,22,,,77,1,73,26,1,,,,,,,,
A000000218937,5932,4.9,,,,,,,,,,,,,,,,,,,
A000000218991,40,5,,,,,,,,,,,,,,,,,,,
A000000219096,231,4.8,34,63,3,26,,,73,1,15,80,5,,,,,,,,
A000000219100,101,4.9,60,33,7,33,,,67,0,42,57,1,,,,,,,,
A000000219101,178,4.9,45,26,29,30,,,70,0,43,56,2,,,,,,,,
A000000219102,17,4.9,56,44,0,22,,,67,11,22,67,11,,,,,,,,
A000000219137,24,4.3,40,20,40,60,,,20,20,60,20,20,,,,,,,,
A000000219144,11,4.5,40,60,0,20,,,80,0,10,90,0,,,,,,,,
A000000219195,235,4.9,,,,,,,,,,,,,,,,,,,
A000000219326,61,4.8,38,61,2,15,,,84,2,16,82,2,,,,,,,,
A000000219334,69,4.9,51,43,6,29,,,71,0,55,45,0,,,,,,,,
A000000219391,408,4.7,56,28,16,27,,,71,2,56,41,3,,,,,,,,
A000000219408,2164,4.7,,,,,,,,,,,,,,,,,,,
A000000219475,4684,4.9,52,41,7,24,,,75,1,19,39,42,,,,,,,,
A000000219555,27951,4.8,,,,,,,,,,,,,,,,,,,
A000000219557,26932,4.8,,,,,,,,,,,,,,,,,,,
A000000219564,3905,4.8,,,,,,,,,,,,,,,,,,,
A000000219625,112,4.6,39,20,41,33,,,36,31,71,26,4,,,,,,,,
A000000219716,21157,4.8,53,27,20,18,,,81,1,68,31,1,,,,,,,,
A000000219754,146,5,29,65,6,3,,,97,0,4,94,2,,,,,,,,
A000000219845,542,4.9,57,26,16,18,,,81,1,47,52,1,,,,,,,,
A000000219966,1847,5,47,39,14,9,,,91,1,54,43,3,,,,,,,,
A000000219985,46,4.7,70,22,9,41,,,59,0,61,30,9,,,,,,,,
A000000221331,128,4.7,63,32,5,26,,,71,3,34,63,2,,,,,,,,
A000000221424,428,4.8,59,33,8,29,,,70,1,40,58,2,,,,,,,,
A000000221625,20,4.8,,,,,,,,,,,,,,,,,,,
A000000221649,140,4.7,49,45,6,31,,,67,2,15,34,51,,,,,,,,
A000000221698,216,4.7,57,31,13,27,,,71,2,22,34,44,,,,,,,,
A000000221744,588,4.7,43,54,4,22,,,76,2,27,72,1,,,,,,,,
A000000221831,69,4.9,49,51,0,17,,,83,0,12,81,7,,,,,,,,
A000000222250,128,4.8,57,36,7,31,,,63,6,27,59,14,,,,,,,,
A000000222638,125,4.5,49,34,17,40,,,57,4,32,43,25,,,,,,,,
A000000222697,198,4.8,49,38,12,17,,,83,1,18,81,1,,,,,,,,
A000000222699,279,4.8,43,49,8,19,,,79,2,19,78,2,,,,,,,,
A000000222703,4982,4.8,39,55,6,20,,,79,1,21,75,4,,,,,,,,
A000000222710,280,4.7,51,29,20,28,,,71,1,34,65,1,,,,,,,,
A000000222739,35,4.9,54,46,0,23,,,77,0,38,62,0,,,,,,,,
A000000222740,23,4.9,0,100,0,0,,,100,0,0,100,0,,,,,,,,
A000000222741,14,4.9,40,60,0,47,,,53,0,20,80,0,,,,,,,,
A000000222769,1167,4.9,42,24,34,31,,,68,1,48,50,2,,,,,,,,
A000000222771,1089,4.9,61,14,25,37,,,62,1,76,22,2,,,,,,,,
A000000222772,1448,4.9,60,33,7,33,,,67,1,26,55,19,,,,,,,,
A000000222773,17155,4.9,69,25,6,40,,,59,1,34,61,5,,,,,,,,
A000000222814,556,4.9,61,30,9,39,,,40,21,11,15,74,,,,,,,,
A000000222817,54,4.8,,,,,,,,,,,,,,,,,,,
A000000222833,37434,4.9,42,53,5,22,,,77,1,26,74,1,,,,,,,,
A000000222834,12464,4.9,48,47,5,22,,,78,0,25,75,0,,,,,,,,
A000000222848,2762,4.9,38,51,10,10,,,90,0,18,82,0,,,,,,,,
A000000222849,11021,4.9,36,57,7,8,,,91,0,15,85,1,,,,,,,,
A000000222882,7534,4.8,56,29,14,28,,,71,1,61,38,1,,,,,,,,
A000000222908,196,4.6,55,24,21,37,,,59,4,66,33,1,,,,,,,,
A000000222910,1054,4.7,,,,,,,,,,,,,,,,,,,
A000000222939,76,4.9,69,28,3,39,,,61,0,27,59,15,,,,,,,,
A000000222945,72,4.9,71,20,9,35,,,54,12,23,46,30,,,,,,,,
A000000223196,3123,4.9,56,24,20,40,,,59,1,49,43,7,,,,,,,,
A000000223266,98,4.9,53,26,21,27,,,73,0,51,48,1,,,,,,,,
A000000223296,3160,5,37,58,5,8,,,92,0,11,84,5,,,,,,,,
A000000223334,203,4.7,53,39,8,19,,,78,3,36,62,2,,,,,,,,
A000000223425,1086,4.9,42,52,5,30,,,67,3,22,57,21,,,,,,,,
A000000223427,143,4.8,52,41,7,31,,,67,1,22,54,24,,,,,,,,
A000000223483,1416,4.9,47,22,31,30,,,69,1,43,55,3,,,,,,,,
A000000223546,8,4.3,75,25,0,50,,,50,0,63,13,25,,,,,,,,
A000000223603,8764,4.8,,,,,,,,,,,,,,,,,,,
A000000223604,2206,4.8,,,,,,,,,,,,,,,,,,,
A000000223605,673,4.8,,,,,,,,,,,,,,,,,,,
A000000223622,22,4.8,32,68,0,23,,,77,0,18,64,18,,,,,,,,
A000000223625,5573,4.7,51,27,22,44,,,32,24,37,30,33,,,,,,,,
A000000223627,1803,4.6,53,21,26,49,,,25,26,37,24,39,,,,,,,,
A000000223673,77,4.8,40,22,38,31,,,68,1,65,34,1,,,,,,,,
A000000223781,4385,4.9,58,26,15,30,,,70,0,56,43,1,,,,,,,,
A000000223782,3338,4.8,61,31,7,42,,,58,0,36,53,11,,,,,,,,
A000000223783,601,4.8,57,25,18,34,,,66,0,50,50,0,,,,,,,,
A000000223947,856,4.7,45,48,7,24,,,75,1,22,68,11,,,,,,,,
A000000224027,466,5,54,40,6,18,,,80,2,15,33,51,,,,,,,,
A000000224040,35,4.6,31,63,6,20,,,77,3,17,77,6,,,,,,,,
A000000224041,34,4.9,44,53,3,18,,,82,0,18,82,0,,,,,,,,
A000000224137,372,4.8,49,47,5,24,,,75,1,12,40,48,,,,,,,,
A000000224240,70,4.7,57,29,14,57,,,43,0,71,29,0,,,,,,,,
A000000224242,43,4.8,81,16,2,56,,,44,0,47,26,28,,,,,,,,
A000000224243,752,4.9,49,38,14,10,,,89,1,25,63,12,,,,,,,,
A000000224246,668,4.9,35,59,6,9,,,91,0,10,84,7,,,,,,,,
A000000224247,264,4.9,34,59,7,6,,,93,1,8,88,4,,,,,,,,
A000000224292,9490,4.8,55,33,12,30,,,69,2,47,51,2,,,,,,,,
A000000224294,474,4.8,64,23,14,32,,,67,2,38,45,17,,,,,,,,
A000000224385,64,4.7,67,33,0,67,,,33,0,67,33,0,,,,,,,,
A000000224487,936,4.7,53,38,9,31,,,68,1,54,44,2,,,,,,,,
A000000224490,1423,4.7,,,,,,,,,,,,,,,,,,,
A000000224499,1906,4.9,53,37,10,18,,,75,7,9,32,59,,,,,,,,
A000000224524,4000,4.9,50,40,9,24,,,74,2,20,43,37,,,,,,,,
A000000224581,13691,4.9,50,31,19,29,,,70,2,59,40,1,,,,,,,,
A000000224583,869,4.8,51,38,10,26,,,72,2,47,51,1,,,,,,,,
A000000224602,1,5,100,0,0,0,,,100,0,0,100,0,,,,,,,,
A000000224610,15,4.7,93,7,0,40,,,60,0,20,33,47,,,,,,,,
A000000224648,21,4.7,,,,,,,,,,,,,,,,,,,
A000000224659,21,4.6,,,,,,,,,,,,,,,,,,,
A000000224712,464,4.8,,,,,,,,,,,,,,,,,,,
A000000224727,14506,4.9,56,24,20,24,,,75,1,64,35,1,,,,,,,,
A000000224729,42,4.7,52,29,19,21,,,74,5,52,43,5,,,,,,,,
A000000224733,210,4.9,32,68,0,16,,,79,5,16,74,11,,,,,,,,
A000000224880,104,4.9,45,51,4,21,,,79,0,15,51,34,,,,,,,,
A000000224917,810,4.8,51,44,5,30,,,69,2,32,60,7,,,,,,,,
A000000224995,627,4.8,,,,,,,,,,,,,,,,,,,
A000000225008,2441,4.7,51,40,9,29,,,70,2,29,56,15,,,,,,,,
A000000225023,343,4.9,,,,,,,,,,,,,,,,,,,
A000000225026,357,4.8,52,27,21,20,,,78,2,59,40,1,,,,,,,,
A000000225053,7184,4.8,,,,,,,,,,,,,,,,,,,
A000000225063,477,4.8,58,28,14,31,,,64,5,59,38,4,,,,,,,,
A000000225066,28,4.9,36,61,4,11,,,89,0,21,79,0,,,,,,,,
A000000225179,179,4.7,45,51,4,30,,,68,3,16,42,42,,,,,,,,
A000000225180,1954,4.9,42,53,5,12,,,87,1,15,78,7,,,,,,,,
A000000225188,82,4.9,40,56,4,12,,,88,0,9,51,40,,,,,,,,
A000000225196,0,0,0,0,0,0,0,0,0,0,,,,,,,,,,,
A000000225277,1707,4.8,55,39,7,29,,,69,2,26,73,1,,,,,,,,
A000000225279,246,4.8,49,42,9,17,,,82,0,30,70,1,,,,,,,,
A000000225280,3038,4.9,50,44,6,16,,,83,1,26,73,1,,,,,,,,
A000000225409,1728,4.6,60,24,16,33,,,66,1,80,18,2,,,,,,,,
A000000225492,2,5,0,100,0,0,,,100,0,0,100,0,,,,,,,,
A000000225493,2,5,100,0,0,100,,,0,0,100,0,0,,,,,,,,
A000000225601,179,4.8,,,,,,,,,,,,,,,,,,,
A000000225614,592,5,45,43,12,4,,,95,1,11,83,6,,,,,,,,
A000000225649,1511,4.9,42,45,12,11,,,89,1,25,74,1,,,,,,,,
A000000225877,175,4.9,50,42,8,17,,,83,0,16,52,32,,,,,,,,
A000000225907,10,5,40,10,50,50,,,50,0,70,30,0,,,,,,,,
A000000225911,17,4.9,29,47,24,12,,,88,0,24,71,6,,,,,,,,
A000000225919,3388,4.9,47,47,6,20,,,80,0,21,78,1,,,,,,,,
A000000225943,2945,4.8,45,17,37,37,,,62,1,47,50,3,,,,,,,,
A000000226070,51252,4.9,54,33,13,22,72,1,77,1,,,,,,,,,,,
A000000226099,39,5,62,28,10,18,,,82,0,44,56,0,,,,,,,,
A000000226100,40,4.7,65,23,13,38,,,63,0,63,38,0,,,,,,,,
A000000226179,27,5,67,0,33,33,,,67,0,33,0,67,,,,,,,,
A000000226527,1551,4.9,56,29,15,12,,,87,1,57,39,4,,,,,,,,
A000000226541,15,4.9,27,73,0,7,,,93,0,13,87,0,,,,,,,,
A000000226553,19955,4.8,52,18,30,31,,,66,3,69,30,1,,,,,,,,
A000000226597,5,5,60,40,0,60,,,40,0,60,40,0,,,,,,,,
A000000226598,18,4.8,63,38,0,38,,,63,0,50,50,0,,,,,,,,
A000000226600,18,4.8,90,10,0,60,,,30,10,50,50,0,,,,,,,,
A000000227220,24,4.9,21,38,42,8,,,92,0,17,71,13,,,,,,,,
A000000227223,14,5,43,57,0,0,,,100,0,7,79,14,,,,,,,,
A000000227226,15,5,47,53,0,0,,,100,0,20,33,47,,,,,,,,
A000000227275,244,5,42,49,9,5,,,95,0,21,77,2,,,,,,,,
A000000227276,486,5,51,36,13,4,,,96,0,12,86,2,,,,,,,,
A000000227480,396,4.9,,,,,,,,,,,,,,,,,,,
A000000227640,980,4.7,49,44,7,17,65,7,82,1,,,,,,,,,,,
A000000227664,31,4.8,55,39,6,24,,,76,0,18,39,42,,,,,,,,
A000000227666,33,4.7,48,45,6,33,,,64,3,45,42,12,,,,,,,,
A000000227936,1931,4.7,,,,,,,,,,,,,,,,,,,
A000000227939,418,4.9,44,45,11,7,,,93,0,15,81,4,,,,,,,,
A000000228046,8,4.3,50,13,38,50,,,50,0,75,25,0,,,,,,,,
A000000228073,482,4.8,,,,,,,,,,,,,,,,,,,
A000000228228,19521,4.9,63,28,9,37,,,62,1,33,61,6,,,,,,,,
A000000228248,3942,4.6,50,40,10,25,61,3,69,7,,,,,,,,,,,
A000000228255,282,4.8,61,29,11,33,,,63,4,23,38,39,,,,,,,,
A000000228259,735,4.7,62,25,14,50,,,41,8,25,21,53,,,,,,,,
A000000228333,138,4.7,56,18,26,41,,,52,7,67,30,3,,,,,,,,
A000000228346,486,4.8,49,42,9,25,,,75,0,24,76,0,,,,,,,,
A000000228390,4819,4.9,58,32,11,19,,,80,1,11,33,55,,,,,,,,
A000000228412,5631,4.8,,,,,,,,,,,,,,,,,,,
A000000228418,901,4.7,55,30,16,29,,,69,2,30,49,20,,,,,,,,
A000000228902,6127,4.8,,,,,,,,,,,,,,,,,,,
A000000228905,88,4.7,57,29,14,28,,,72,0,27,60,13,,,,,,,,
A000000228906,429,4.8,67,30,3,20,,,77,3,60,40,0,,,,,,,,
A000000228907,1234,4.7,53,34,13,26,,,70,3,58,40,1,,,,,,,,
A000000228908,18,5,50,33,17,33,,,67,0,33,67,0,,,,,,,,
A000000228952,1784,4.8,49,22,29,30,,,68,2,62,36,2,,,,,,,,
A000000228953,328,4.8,62,16,22,49,,,50,1,76,23,1,,,,,,,,
A000000228955,106,4.7,44,17,39,39,,,57,5,62,35,3,,,,,,,,
A000000229093,2505,4.8,35,55,9,9,,,90,1,14,81,4,,,,,,,,
A000000229222,29,4.8,45,55,0,24,,,76,0,21,55,24,,,,,,,,
A000000229284,19,4.6,32,47,21,26,,,68,5,26,68,5,,,,,,,,
A000000229286,30,5,30,70,0,20,,,80,0,20,77,3,,,,,,,,
A000000229334,384,4.8,,,,,,,,,,,,,,,,,,,
A000000229455,71,4.6,55,27,18,41,,,56,3,66,31,3,,,,,,,,
A000000229456,177,4.6,54,23,23,41,,,56,2,70,29,1,,,,,,,,
A000000229463,412,4.9,45,47,7,12,,,88,0,21,78,1,,,,,,,,
A000000229465,443,4.9,48,40,12,11,,,89,0,26,71,2,,,,,,,,
A000000229470,37,4.8,43,57,0,27,,,73,0,19,81,0,,,,,,,,
A000000229487,26,4.8,46,50,4,35,,,65,0,23,46,31,,,,,,,,
A000000229488,31,4.9,52,42,6,55,,,45,0,39,42,19,,,,,,,,
A000000229491,10,5,40,60,0,40,,,60,0,40,60,0,,,,,,,,
A000000229492,155,4.9,50,48,2,29,,,70,1,32,59,8,,,,,,,,
A000000229498,3898,4.9,8,90,2,4,,,95,0,5,95,0,,,,,,,,
A000000229509,94,4.9,39,53,9,11,,,87,2,17,81,2,,,,,,,,
A000000229513,1660,5,44,51,6,6,,,94,1,21,76,4,,,,,,,,
A000000229519,78,4.8,,,,,,,,,,,,,,,,,,,
A000000229521,144,4.8,44,41,15,20,,,77,3,40,56,4,,,,,,,,
A000000229539,5,5,20,80,0,0,,,100,0,0,80,20,,,,,,,,
A000000229542,2,5,0,0,0,0,,,0,0,0,0,0,,,,,,,,
A000000229591,143,4.9,34,62,5,9,,,90,1,3,57,40,,,,,,,,
A000000229593,2366,4.8,63,24,13,44,,,34,23,24,20,56,,,,,,,,
A000000229594,103,4.9,52,44,4,16,,,84,0,10,38,52,,,,,,,,
A000000229620,2790,4.9,49,43,8,22,,,77,1,32,60,9,,,,,,,,
A000000229621,193,4.9,35,58,6,19,,,81,1,26,72,2,,,,,,,,
A000000229723,34,4.9,14,86,0,0,,,100,0,29,71,0,,,,,,,,
A000000229724,19,4.9,0,100,0,0,,,100,0,0,100,0,,,,,,,,
A000000229768,1358,4.8,57,37,6,24,,,75,2,21,39,39,,,,,,,,
A000000229776,5204,4.7,57,37,6,33,,,66,1,22,35,43,,,,,,,,
A000000229785,1192,4.7,54,27,18,40,,,58,2,25,30,46,,,,,,,,
A000000229786,1882,4.8,,,,,,,,,,,,,,,,,,,
A000000229788,1882,4.8,,,,,,,,,,,,,,,,,,,
A000000229946,225,4.9,40,54,6,8,,,92,1,8,92,0,,,,,,,,
A000000229955,9,4.2,89,11,0,67,,,33,0,56,44,0,,,,,,,,
A000000229965,74,4.9,55,42,3,11,,,89,0,12,86,1,,,,,,,,
A000000230016,4968,4.8,58,27,15,26,,,73,1,63,37,0,,,,,,,,
A000000230143,460,4.7,,,,,,,,,,,,,,,,,,,
A000000230273,256,4.9,57,20,23,30,,,68,1,55,42,2,,,,,,,,
A000000230344,284,4.8,60,28,12,19,,,81,1,49,49,2,,,,,,,,
A000000230498,1172,4.7,46,49,5,27,,,73,0,14,38,49,,,,,,,,
A000000230515,39,4.9,62,38,0,26,,,74,0,8,33,59,,,,,,,,
A000000230522,3748,4.9,55,33,13,28,,,72,1,33,66,1,,,,,,,,
A000000230534,18,4.2,,,,,,,,,,,,,,,,,,,
A000000230537,956,4.9,46,24,30,27,,,72,1,40,56,4,,,,,,,,
A000000230574,1606,4.7,,,,,,,,,,,,,,,,,,,
A000000230762,440,4.9,60,21,19,28,,,71,2,45,47,8,,,,,,,,
A000000230763,1413,4.9,51,38,10,9,83,1,91,0,,,,,,,,,,,
A000000230799,11098,4.7,57,26,17,30,,,67,3,28,46,27,,,,,,,,
A000000230877,907,4.8,43,52,5,22,,,77,1,15,68,18,,,,,,,,
A000000230909,1164,4.7,50,40,10,24,57,4,75,1,,,,,,,,,,,
A000000230916,1542,4.7,52,29,19,29,,,70,1,35,48,17,,,,,,,,
A000000230917,1150,4.8,43,54,4,21,,,78,1,14,56,30,,,,,,,,
A000000230928,6,5,0,100,0,0,,,100,0,0,100,0,,,,,,,,
A000000230935,8,4.9,38,63,0,13,88,0,88,0,,,,,,,,,,,
A000000230937,4,4.3,50,50,0,0,50,0,100,0,,,,,,,,,,,
A000000230943,3,4.3,33,33,33,0,,,67,33,0,67,33,,,,,,,,
A000000230980,6048,4.8,44,17,40,33,66,3,64,3,,,,,,,,,,,
A000000230983,5519,4.8,39,52,9,24,68,1,75,1,,,,,,,,,,,
A000000231061,113,4.5,49,40,12,23,,,74,3,10,42,49,,,,,,,,
A000000231074,285,4.8,59,26,15,23,,,73,4,47,48,5,,,,,,,,
A000000231120,173,4.9,52,39,9,22,,,78,0,26,74,0,,,,,,,,
A000000231175,12911,4.8,52,35,13,22,56,3,78,1,,,,,,,,,,,
A000000231297,290,4.9,34,62,4,8,,,92,0,9,90,0,,,,,,,,
A000000231300,325,4.9,39,56,5,12,,,88,0,14,86,1,,,,,,,,
A000000231399,371,4.4,54,33,13,37,,,57,6,41,25,34,,,,,,,,
A000000231436,144,4.6,47,47,6,22,63,7,76,2,,,,,,,,,,,
A000000231437,26,5,77,8,15,50,42,4,50,0,,,,,,,,,,,
A000000231452,151,4.9,56,32,13,25,,,74,1,56,44,1,,,,,,,,
A000000231455,789,5,54,33,12,11,,,88,1,13,45,42,,,,,,,,
A000000231459,53,4.9,58,34,8,13,,,87,0,53,47,0,,,,,,,,
A000000231465,16,5,38,44,19,0,,,100,0,63,38,0,,,,,,,,
A000000231584,4,3.3,,,,,,,,,,,,,,,,,,,
A000000231589,8862,4.8,57,27,17,25,,,74,1,45,54,1,,,,,,,,
A000000231590,12164,4.8,45,49,6,21,,,78,1,32,67,1,,,,,,,,
A000000231632,546,4.8,52,21,27,21,,,77,2,57,42,1,,,,,,,,
A000000231638,685,4.4,45,14,41,39,,,57,4,90,9,1,,,,,,,,
A000000231668,18243,4.8,,,,,,,,,,,,,,,,,,,
A000000231669,470,5,45,47,8,5,90,1,94,0,,,,,,,,,,,
A000000231800,679,4.9,52,42,6,23,,,76,1,19,44,37,,,,,,,,
A000000231833,1891,4.7,45,20,35,24,,,75,1,36,63,1,,,,,,,,
A000000231889,205,4.8,54,27,19,23,68,2,74,3,,,,,,,,,,,
A000000231891,2675,4.8,52,39,9,29,,,70,1,36,63,1,,,,,,,,
A000000231892,8667,4.8,48,45,7,25,,,75,1,25,70,5,,,,,,,,
A000000231978,5396,4.9,55,41,3,32,,,66,2,28,44,28,,,,,,,,
A000000231998,7611,4.8,51,41,8,19,65,3,81,1,,,,,,,,,,,
A000000232109,2754,4.9,53,34,14,20,64,2,79,0,,,,,,,,,,,
A000000232188,1990,4.8,42,52,6,22,,,78,1,22,77,1,,,,,,,,
A000000232217,3504,4.7,,,,,,,,,,,,,,,,,,,
A000000232250,9163,4.9,53,42,5,24,,,74,2,42,52,6,,,,,,,,
A000000232304,23750,4.8,56,21,23,21,,,78,1,73,26,1,,,,,,,,
A000000232494,2285,4.6,55,31,14,27,,,72,1,72,27,1,,,,,,,,
A000000232536,2081,4.9,50,44,6,31,,,64,4,14,38,48,,,,,,,,
A000000232730,331,4.9,42,34,24,18,,,82,1,58,41,1,,,,,,,,
A000000232731,1648,5,38,55,7,9,,,91,1,11,87,2,,,,,,,,
A000000232954,18,4.8,44,50,6,44,,,56,0,11,78,11,,,,,,,,
A000000232971,5324,4.9,64,28,8,39,,,60,1,33,62,5,,,,,,,,
A000000232989,15,4.9,67,27,7,33,,,67,0,27,47,27,,,,,,,,
A000000232993,7,4.9,71,29,0,57,,,43,0,57,29,14,,,,,,,,
A000000232996,7,4.9,57,43,0,43,,,57,0,57,43,0,,,,,,,,
A000000232999,9,4.7,89,11,0,33,,,67,0,44,56,0,,,,,,,,
A000000233002,3,4.3,67,0,33,67,,,0,33,100,0,0,,,,,,,,
A000000233004,12,4.6,33,8,58,33,,,58,8,75,17,8,,,,,,,,
A000000233020,158,4.9,42,51,6,18,,,81,1,27,71,3,,,,,,,,
A000000233155,2744,4.9,45,49,6,7,85,1,92,1,,,,,,,,,,,
A000000233187,3085,4.9,54,38,8,24,,,75,1,46,53,1,,,,,,,,
A000000233192,3195,4.9,61,21,18,30,,,69,1,36,62,2,,,,,,,,
A000000233195,4590,4.7,,,,,,,,,,,,,,,,,,,
A000000233322,6453,4.9,42,54,4,25,,,74,1,17,67,15,,,,,,,,
A000000233337,6242,5,45,48,7,4,,,95,0,17,80,3,,,,,,,,
A000000233382,20,4.8,30,60,10,25,,,75,0,40,60,0,,,,,,,,
A000000233459,85,4.7,,,,,,,,,,,,,,,,,,,
A000000233577,84,4.7,49,42,10,24,,,73,4,21,68,11,,,,,,,,
A000000233614,1408,4.8,56,38,6,24,,,74,2,32,67,1,,,,,,,,
A000000233723,1388,4.8,,,,,,,,,,,,,,,,,,,
A000000233875,576,5,44,47,9,7,84,1,93,0,,,,,,,,,,,
A000000234133,1581,4.9,42,52,6,22,,,77,1,15,74,11,,,,,,,,
A000000234280,886,4.8,45,47,8,18,,,81,0,45,53,2,,,,,,,,
A000000234355,4364,4.8,50,36,14,21,62,3,79,1,,,,,,,,,,,
A000000234358,246,5,42,50,8,5,,,94,1,12,86,2,,,,,,,,
A000000234359,266,5,39,53,8,9,,,90,1,10,88,2,,,,,,,,
A000000234380,1149,4.7,38,49,13,14,,,86,0,12,87,0,,,,,,,,
A000000234384,553,4.7,45,48,7,23,,,76,1,22,77,1,,,,,,,,
A000000234408,27563,4.8,52,28,20,20,,,80,1,56,43,1,,,,,,,,
A000000235068,3942,4.8,49,48,3,32,,,67,1,26,53,22,,,,,,,,
A000000235107,8614,4.8,36,58,6,17,,,82,1,17,82,1,,,,,,,,
A000000235108,4226,4.8,54,38,8,22,,,76,2,28,71,1,,,,,,,,
A000000235207,188,4.8,70,16,14,45,,,45,9,61,30,9,,,,,,,,
A000000235270,13,5,79,14,7,36,,,64,0,29,71,0,,,,,,,,
A000000235303,49,4.9,51,43,6,14,,,82,4,14,71,14,,,,,,,,
A000000235348,1715,4.8,,,,,,,,,,,,,,,,,,,
A000000235352,527,4.9,,,,,,,,,,,,,,,,,,,
A000000235496,782,4.8,54,37,8,37,,,60,2,38,61,1,,,,,,,,
A000000235558,108,4.9,39,54,7,19,,,81,0,23,77,0,,,,,,,,
A000000235560,108,4.8,51,47,2,20,,,79,1,40,49,11,,,,,,,,
A000000235581,1977,4.9,40,51,10,9,,,90,1,15,83,1,,,,,,,,
A000000235855,1957,4.7,49,40,11,21,,,78,1,46,49,5,,,,,,,,
A000000236291,269,4.8,,,,,,,,,,,,,,,,,,,
A000000236325,89,4.8,60,29,11,20,,,73,7,26,43,31,,,,,,,,
A000000236432,6,5,83,17,0,0,,,100,0,0,100,0,,,,,,,,
A000000236436,4,5,75,25,0,0,,,100,0,0,50,50,,,,,,,,
A000000236449,330,5,43,46,11,9,,,89,1,19,79,2,,,,,,,,
A000000236508,735,4.8,50,45,5,29,,,69,3,11,39,50,,,,,,,,
A000000236543,6182,5,54,28,17,36,,,50,14,28,47,25,,,,,,,,
A000000236564,11027,4.8,49,39,12,18,,,81,1,31,67,1,,,,,,,,
A000000236767,2837,4.8,,,,,,,,,,,,,,,,,,,
A000000236828,109,4.9,82,9,9,18,,,73,9,18,82,0,,,,,,,,
A000000236862,1202,4.9,,,,,,,,,,,,,,,,,,,
A000000236996,9572,4.9,40,55,5,14,,,85,1,11,86,3,,,,,,,,
A000000237000,268,4.9,47,47,6,13,,,86,0,16,81,3,,,,,,,,
A000000237407,1443,4.8,54,41,5,30,,,70,1,26,54,20,,,,,,,,
A000000237442,393,4.8,66,26,7,31,,,66,3,28,28,44,,,,,,,,
A000000237461,593,4.7,47,44,10,22,54,5,77,1,,,,,,,,,,,
A000000237462,0,0,0,0,0,0,0,0,0,0,,,,,,,,,,,
A000000237491,851,5,55,39,6,7,,,93,0,30,67,4,,,,,,,,
A000000237493,2127,4.9,50,43,7,12,,,87,1,22,75,3,,,,,,,,
A000000237527,54,4.6,61,37,2,33,,,67,0,31,46,22,,,,,,,,
A000000237580,10,4.9,60,40,0,30,,,70,0,40,60,0,,,,,,,,
A000000237614,6,4.3,67,17,17,67,,,17,17,83,17,0,,,,,,,,
A000000237662,726,4.7,44,45,11,24,52,6,74,2,,,,,,,,,,,
A000000237800,1900,4.8,50,40,10,24,71,0,75,1,,,,,,,,,,,
A000000237819,13,4.9,31,62,8,15,,,85,0,23,38,38,,,,,,,,
A000000237954,181,4.9,51,40,9,12,,,87,1,37,61,2,,,,,,,,
A000000238287,116,4.7,56,31,13,16,,,84,0,28,69,3,,,,,,,,
A000000238377,9,5,44,44,11,44,,,44,11,22,44,33,,,,,,,,
A000000238378,101,4.8,35,57,8,24,,,74,2,15,47,39,,,,,,,,
A000000238408,1489,4.8,44,38,18,16,,,83,1,17,80,2,,,,,,,,
A000000238458,543,4.9,54,29,16,17,,,83,1,56,40,4,,,,,,,,
A000000238500,88,4.5,57,40,3,47,,,53,0,42,51,7,,,,,,,,
A000000238511,10,5,0,100,0,0,,,100,0,0,100,0,,,,,,,,
A000000238513,6,5,100,0,0,17,,,83,0,17,83,0,,,,,,,,
A000000238594,33,4.8,71,14,14,43,,,57,0,43,57,0,,,,,,,,
A000000238669,1246,4.7,56,29,15,24,,,74,2,53,45,3,,,,,,,,
A000000238929,2645,4.8,52,42,6,38,,,59,3,34,58,8,,,,,,,,
A000000239660,3797,4.8,41,55,4,23,,,77,0,22,77,1,,,,,,,,
A000000239672,139,5,,,,,,,,,,,,,,,,,,,
A000000239969,15949,4.8,,,,,,,,,,,,,,,,,,,
A000000239970,196,4.9,80,20,0,67,,,33,0,53,40,7,,,,,,,,
A000000240056,195,4.9,63,37,0,41,,,57,2,33,61,6,,,,,,,,
A000000240093,62,4.9,58,36,5,24,,,75,2,16,75,9,,,,,,,,
A000000240145,57,4.6,61,30,9,30,55,6,67,3,,,,,,,,,,,
A000000240202,44,4.8,41,52,7,16,,,84,0,7,91,2,,,,,,,,
A000000240264,356,4.6,67,17,17,67,33,33,33,0,,,,,,,,,,,
A000000240268,184,4.4,46,39,14,25,,,73,1,18,24,58,,,,,,,,
A000000240497,32,4.9,70,20,10,10,,,90,0,3,53,43,,,,,,,,
A000000240549,2637,4.9,,,,,,,,,,,,,,,,,,,
A000000240555,5932,4.9,,,,,,,,,,,,,,,,,,,
A000000240786,1428,4.9,,,,,,,,,,,,,,,,,,,
A000000240908,3504,4.7,54,36,10,30,,,67,3,31,58,11,,,,,,,,
A000000241106,1437,4.6,56,24,20,37,,,61,2,71,29,0,,,,,,,,
A000000241336,50,4.7,50,46,4,16,,,84,0,12,84,4,,,,,,,,
A000000241360,55,5,43,44,13,4,,,93,4,41,43,17,,,,,,,,
A000000241577,71,4.9,38,42,20,4,,,96,0,23,77,0,,,,,,,,
A000000241734,1948,4.7,50,41,10,27,52,4,72,1,,,,,,,,,,,
A000000241909,297,4.9,40,56,5,8,,,91,0,9,90,1,,,,,,,,
A000000241952,855,4.9,46,44,9,16,,,83,1,39,60,1,,,,,,,,
A000000242171,484,4.9,62,29,10,33,,,57,10,24,62,14,,,,,,,,
A000000242173,484,4.9,61,30,9,32,,,68,1,25,59,16,,,,,,,,
A000000242323,45,4.8,80,18,2,36,49,7,64,0,,,,,,,,,,,
A000000242515,1300,4.9,43,52,5,15,,,85,1,28,63,9,,,,,,,,
A000000242631,34,4.7,29,71,0,15,,,82,3,15,82,3,,,,,,,,
A000000242686,12,4.8,67,17,17,33,,,67,0,50,50,0,,,,,,,,
A000000242718,5195,4.9,48,46,6,22,,,77,1,28,71,1,,,,,,,,
A000000242732,1463,4.9,52,34,14,26,44,6,70,4,,,,,,,,,,,
A000000242745,19,5,74,16,11,26,,,74,0,58,42,0,,,,,,,,
A000000242750,14,4.8,71,14,14,57,,,43,0,71,21,7,,,,,,,,
A000000242839,890,4.7,42,56,2,27,,,71,2,20,80,1,,,,,,,,
A000000242945,105,4.9,44,50,6,13,,,87,0,18,62,20,,,,,,,,
A000000242946,2165,4.9,43,47,10,13,,,86,0,14,66,21,,,,,,,,
A000000243074,24690,4.8,37,59,4,23,,,76,1,17,82,1,,,,,,,,
A000000243079,2020,4.8,,,,,,,,,,,,,,,,,,,
A000000243162,1863,4.7,,,,,,,,,,,,,,,,,,,
A000000243166,1124,4.7,51,36,13,31,,,69,0,29,57,13,,,,,,,,
A000000243333,316,4.7,52,41,6,28,,,71,1,55,43,2,,,,,,,,
A000000243499,8585,4.9,43,52,6,14,,,85,1,16,82,2,,,,,,,,
A000000243597,12,4.8,92,0,8,67,33,0,33,0,,,,,,,,,,,
A000000243621,814,4.8,56,26,18,25,,,72,3,61,38,1,,,,,,,,
A000000243679,903,4.9,40,56,3,23,,,77,0,24,76,0,,,,,,,,
A000000243754,27,4.8,59,22,19,30,,,70,0,30,63,7,,,,,,,,
A000000243786,2234,4.9,46,43,11,7,,,92,1,42,57,1,,,,,,,,
A000000243855,87,4.7,53,13,34,51,,,43,7,54,24,22,,,,,,,,
A000000244246,377,5,38,53,9,4,,,96,0,8,90,2,,,,,,,,
A000000244661,3,3.7,100,0,0,100,,,0,0,67,33,0,,,,,,,,
A000000244683,1834,4.8,63,23,14,29,,,70,2,75,25,1,,,,,,,,
A000000244690,5,5,60,0,40,40,,,60,0,60,40,0,,,,,,,,
A000000244812,91,5,53,43,4,10,,,89,1,14,85,1,,,,,,,,
A000000244830,12593,4.8,56,33,11,28,,,71,1,39,61,0,,,,,,,,
A000000244844,250,5,,,,,,,,,,,,,,,,,,,
A000000244845,250,5,,,,,,,,,,,,,,,,,,,
A000000244953,529,4.8,46,49,5,26,,,71,3,21,76,3,,,,,,,,
A000000244954,529,4.8,46,38,15,19,,,73,8,23,65,12,,,,,,,,
A000000244987,8002,4.8,53,36,12,26,,,73,1,51,44,5,,,,,,,,
A000000244993,584,4.8,46,50,3,24,,,76,0,32,68,0,,,,,,,,
A000000244994,5791,4.8,40,54,6,21,,,78,1,32,68,1,,,,,,,,
A000000245045,493,4.8,48,45,7,23,62,3,76,1,,,,,,,,,,,
A000000245048,16,5,50,25,25,38,,,63,0,44,56,0,,,,,,,,
A000000245087,4013,4.8,50,36,14,23,,,76,1,50,49,2,,,,,,,,
A000000245459,8180,4.8,51,39,10,23,,,76,1,28,71,1,,,,,,,,
A000000245465,8611,4.9,36,61,2,34,,,64,2,16,66,18,,,,,,,,
A000000245473,14,4,43,57,0,43,,,57,0,29,43,29,,,,,,,,
A000000245640,18525,4.8,55,30,16,22,59,2,78,1,,,,,,,,,,,
A000000245706,34,4.8,41,47,12,29,,,71,0,21,79,0,,,,,,,,
A000000245710,22,4.8,45,41,14,36,,,64,0,18,73,9,,,,,,,,
A000000245794,981,4.8,45,14,41,49,,,43,8,49,24,26,,,,,,,,
A000000245813,531,5,37,47,16,42,,,58,0,32,68,0,,,,,,,,
A000000245944,1327,5,,,,,,,,,,,,,,,,,,,
A000000245960,6937,4.9,49,46,5,27,,,71,2,42,52,6,,,,,,,,
A000000246144,91,4.8,32,67,1,24,,,75,1,15,81,3,,,,,,,,
A000000246297,4596,4.9,51,41,8,9,,,90,1,9,42,49,,,,,,,,
A000000246299,62,4.7,45,44,11,34,,,63,3,31,40,29,,,,,,,,
A000000246323,6480,4.9,52,31,17,22,,,77,1,29,71,1,,,,,,,,
A000000246414,3194,4.8,32,66,2,29,,,71,0,22,75,2,,,,,,,,
A000000246591,77,4.8,66,25,9,21,,,78,1,58,39,3,,,,,,,,
A000000246660,70,5,27,64,9,3,,,97,0,19,80,1,,,,,,,,
A000000246667,66,5,,,,,,,,,,,,,,,,,,,
A000000246717,453,5,50,39,11,7,,,92,1,18,79,3,,,,,,,,
A000000246774,10725,4.9,55,32,13,21,,,78,1,37,62,1,,,,,,,,
A000000246775,1021,4.7,54,34,13,24,54,3,74,2,,,,,,,,,,,
A000000246776,21067,4.8,40,50,11,8,,,91,1,16,83,1,,,,,,,,
A000000246877,4233,4.8,37,60,3,29,,,71,0,22,72,5,,,,,,,,
A000000246922,74,4.8,45,46,9,28,,,70,1,38,61,1,,,,,,,,
A000000247042,154,4.7,46,49,5,36,,,64,0,27,72,1,,,,,,,,
A000000247057,33,4.3,21,76,3,21,,,76,3,15,85,0,,,,,,,,
A000000247112,1112,5,44,51,5,11,,,89,1,11,56,33,,,,,,,,
A000000247174,1757,4.8,55,43,1,43,,,55,1,30,42,28,,,,,,,,
A000000247186,46,4.7,50,37,13,15,,,83,2,35,63,2,,,,,,,,
A000000247199,0,0,0,0,0,0,,,0,0,0,0,0,,,,,,,,
A000000247202,5,4.6,60,40,0,0,,,100,0,40,60,0,,,,,,,,
A000000247215,1889,4.9,54,32,14,25,70,1,74,1,,,,,,,,,,,
A000000247379,1019,4.9,50,45,5,20,,,80,0,47,53,0,,,,,,,,
A000000247578,75,4.8,49,39,12,29,,,71,0,33,65,1,,,,,,,,
A000000247595,1639,4.9,46,31,23,38,,,62,0,40,58,2,,,,,,,,
A000000247596,28,4.9,54,46,0,11,,,89,0,21,71,7,,,,,,,,
A000000247713,1259,4.6,55,28,17,32,,,66,1,63,34,3,,,,,,,,
A000000247723,1690,4.8,61,28,11,18,,,81,1,71,28,2,,,,,,,,
A000000247726,28748,4.8,57,25,18,23,,,77,0,62,37,1,,,,,,,,
A000000247776,4763,4.8,53,30,16,22,,,77,1,48,45,7,,,,,,,,
A000000247819,5741,4.6,,,,,,,,,,,,,,,,,,,
A000000247823,1901,4.8,46,49,5,29,,,71,1,22,62,16,,,,,,,,
A000000247881,156,4.8,53,32,15,22,,,77,1,54,40,6,,,,,,,,
A000000248031,493,4.9,38,57,5,7,,,92,1,8,87,6,,,,,,,,
A000000248122,726,4.7,55,39,6,26,52,2,74,0,,,,,,,,,,,
A000000248200,6813,4.8,46,50,3,36,,,63,1,24,51,25,,,,,,,,
A000000248205,55443,4.8,,,,,,,,,,,,,,,,,,,
A000000248363,3540,5,45,49,6,7,,,93,1,23,73,4,,,,,,,,
A000000248397,858,4.8,,,,,,,,,,,,,,,,,,,
A000000248401,120,4.9,43,51,7,17,,,83,0,20,75,5,,,,,,,,
A000000248422,185,4.8,46,41,13,19,,,79,2,48,51,1,,,,,,,,
A000000248426,333,4.8,67,20,13,26,,,73,1,57,42,1,,,,,,,,
A000000248498,1794,4.8,56,26,18,27,,,71,1,66,33,1,,,,,,,,
A000000248501,149,4.9,45,41,14,27,,,72,1,45,54,1,,,,,,,,
A000000248509,145,4.8,91,9,0,55,,,45,0,73,27,0,,,,,,,,
A000000248574,2,5,100,0,0,0,,,100,0,100,0,0,,,,,,,,
A000000248586,15,4.9,73,7,20,67,,,27,7,47,20,33,,,,,,,,
A000000248587,273,4.9,49,45,6,14,,,85,1,37,54,10,,,,,,,,
A000000248609,1900,4.8,57,35,8,39,,,59,2,26,38,36,,,,,,,,
A000000248615,1,5,0,100,0,0,,,100,0,0,100,0,,,,,,,,
A000000248724,270,4.9,46,21,32,27,,,71,1,54,42,4,,,,,,,,
A000000248823,1294,4.9,44,31,26,18,,,82,0,30,69,0,,,,,,,,
A000000248826,1535,4.7,46,48,6,34,,,64,2,25,57,17,,,,,,,,
A000000248847,1781,4.9,36,17,46,23,,,76,2,35,60,5,,,,,,,,
A000000248935,6,4.8,33,67,0,33,,,67,0,0,50,50,,,,,,,,
A000000248974,1040,4.9,51,39,10,17,,,82,1,49,50,1,,,,,,,,
A000000248981,36,4.7,56,44,0,17,,,83,0,47,53,0,,,,,,,,
A000000248983,53,4.7,51,17,32,28,,,72,0,68,28,4,,,,,,,,
A000000248985,45,4.8,44,42,13,16,,,82,2,36,44,20,,,,,,,,
A000000249122,10,4.8,0,0,0,0,,,0,0,0,0,0,,,,,,,,
A000000249165,16,4.9,25,69,6,13,,,88,0,6,31,63,,,,,,,,
A000000249211,12123,4.9,36,60,4,17,,,82,1,21,78,1,,,,,,,,
A000000249381,104,4.9,37,59,4,17,,,79,4,14,69,17,,,,,,,,
A000000249480,140,4.9,40,54,6,10,,,89,1,13,73,14,,,,,,,,
A000000249538,34,5,0,100,0,0,,,100,0,0,100,0,,,,,,,,
A000000249580,654,4.8,61,18,20,27,,,73,1,60,39,1,,,,,,,,
A000000249581,255,4.8,50,18,33,26,,,72,2,70,27,3,,,,,,,,
A000000249611,12,4.7,25,67,8,33,,,67,0,42,50,8,,,,,,,,
A000000249649,1252,4.8,56,33,12,21,,,78,1,33,29,38,,,,,,,,
A000000249650,1648,4.9,44,31,25,10,,,89,1,67,31,2,,,,,,,,
A000000249651,1690,4.9,46,32,22,11,,,89,1,64,34,2,,,,,,,,
A000000249661,93,4.7,51,45,4,37,,,61,2,34,52,14,,,,,,,,
A000000249736,769,4.8,55,38,7,24,,,74,2,16,33,51,,,,,,,,
A000000249777,5889,4.8,51,31,18,25,,,74,1,51,40,9,,,,,,,,
A000000249895,2426,4.7,60,40,0,24,,,72,4,28,36,36,,,,,,,,
A000000249903,4,2.5,25,75,0,0,,,100,0,0,75,25,,,,,,,,
A000000250103,1248,4.9,48,47,5,21,,,77,2,47,48,5,,,,,,,,
A000000250106,1248,4.9,57,38,6,15,,,84,1,61,33,6,,,,,,,,
A000000250143,605,4.8,45,14,41,44,,,55,1,71,25,4,,,,,,,,
A000000250188,48,4.8,50,48,2,27,,,73,0,19,60,21,,,,,,,,
A000000250191,19,4.9,21,68,11,16,,,84,0,5,89,5,,,,,,,,
A000000250193,42,4.7,52,48,0,26,,,74,0,24,57,19,,,,,,,,
A000000250226,2851,4.9,38,41,21,31,,,69,0,24,72,3,,,,,,,,
A000000250229,39,4.7,67,33,0,33,,,64,3,33,52,15,,,,,,,,
A000000250254,12882,4.8,52,32,16,27,,,72,1,40,58,2,,,,,,,,
A000000250298,2280,4.8,50,25,25,37,,,62,1,46,51,2,,,,,,,,
A000000250474,35270,4.8,51,42,8,26,,,73,1,25,73,1,,,,,,,,
A000000250632,2417,4.8,51,45,5,26,,,73,1,41,58,1,,,,,,,,
A000000250667,2762,4.7,48,18,34,22,,,76,2,37,62,1,,,,,,,,
A000000250711,1551,4.8,55,36,9,28,,,71,1,26,64,10,,,,,,,,
A000000250772,20310,4.8,,,,,,,,,,,,,,,,,,,
A000000250781,5,5,20,80,0,40,,,60,0,20,40,40,,,,,,,,
A000000251178,401,4.8,61,21,19,35,,,65,0,68,31,1,,,,,,,,
A000000251196,4,5,50,0,50,50,,,50,0,75,25,0,,,,,,,,
A000000251203,3704,4.7,38,9,53,37,,,61,2,61,37,2,,,,,,,,
A000000251231,3436,4.7,32,10,58,28,,,71,1,47,32,21,,,,,,,,
A000000251274,2469,4.8,43,52,5,27,,,72,1,57,42,1,,,,,,,,
A000000251275,773,4.7,35,59,6,13,,,84,3,10,89,1,,,,,,,,
A000000251453,1203,4.8,75,20,5,50,,,43,8,18,28,55,,,,,,,,
A000000251468,6109,4.9,49,45,5,20,,,78,1,24,75,1,,,,,,,,
A000000251494,1203,4.8,54,43,4,26,,,72,2,15,33,52,,,,,,,,
A000000251505,23,4.9,78,0,22,39,35,4,61,0,,,,,,,,,,,
A000000251651,215,4.8,50,35,15,19,,,77,4,39,59,2,,,,,,,,
A000000251729,7,4.4,29,71,0,29,,,71,0,0,71,29,,,,,,,,
A000000251806,65,5,28,66,6,5,,,95,0,5,74,22,,,,,,,,
A000000251814,59,4.9,42,46,12,5,,,93,2,37,56,7,,,,,,,,
A000000251819,132,5,30,49,20,4,,,95,1,12,80,8,,,,,,,,
A000000251937,1046,4.9,59,37,4,32,,,68,0,57,42,1,,,,,,,,
A000000251995,9,4.7,,,,,,,,,,,,,,,,,,,
A000000252000,943,4.8,,,,,,,,,,,,,,,,,,,
A000000252191,11385,4.8,54,41,4,32,,,66,2,21,38,42,,,,,,,,
A000000252197,88,5,55,42,3,13,,,88,0,28,66,6,,,,,,,,
A000000252302,8,3.8,75,25,0,50,,,50,0,50,50,0,,,,,,,,
A000000252322,276,4.9,61,29,10,28,,,71,1,51,48,1,,,,,,,,
A000000252331,370,5,33,61,6,5,,,94,1,9,90,2,,,,,,,,
A000000252600,95,4.8,56,35,9,28,,,69,2,49,51,0,,,,,,,,
A000000252666,0,0,0,0,0,0,,,0,0,0,0,0,,,,,,,,
A000000252669,14,5,50,29,21,7,,,93,0,93,7,0,,,,,,,,
A000000252670,0,0,0,0,0,0,,,0,0,0,0,0,,,,,,,,
A000000252696,184,4.8,58,31,11,26,,,73,1,57,42,1,,,,,,,,
A000000252722,19,4.9,26,37,37,11,,,89,0,58,42,0,,,,,,,,
A000000252773,63,4.6,48,48,5,24,,,76,0,11,49,40,,,,,,,,
A000000252779,48,4.6,40,50,10,31,,,67,2,25,48,27,,,,,,,,
A000000252917,41462,4.8,50,41,9,29,,,70,1,56,38,7,,,,,,,,
A000000253342,14638,5,38,38,24,4,93,1,95,1,,,,,,,,,,,
A000000253398,96,5,,,,,,,,,,,,,,,,,,,
A000000253521,329,4.8,,,,,,,,,,,,,,,,,,,
A000000253592,1633,4.9,57,35,7,22,,,77,2,17,33,50,,,,,,,,
A000000253618,9901,4.9,53,37,10,18,69,3,81,1,,,,,,,,,,,
A000000253621,1683,4.9,39,55,5,19,,,80,1,28,64,7,,,,,,,,
A000000253623,3877,4.9,44,50,7,18,,,81,1,33,60,7,,,,,,,,
A000000253631,25,4.9,,,,,,,,,,,,,,,,,,,
A000000253647,747,4.9,,,,,,,,,,,,,,,,,,,
A000000253943,41,4.9,59,41,0,29,68,2,68,2,,,,,,,,,,,
A000000253944,41,4.7,63,24,12,29,68,0,71,0,,,,,,,,,,,
A000000253945,19,4.9,58,32,11,47,63,0,53,0,,,,,,,,,,,
A000000254006,195,4.9,42,56,2,16,,,84,1,17,68,15,,,,,,,,
A000000254067,5966,4.9,48,44,8,24,,,74,2,31,63,6,,,,,,,,
A000000254114,414,4.9,47,48,5,28,,,70,2,21,47,32,,,,,,,,
A000000254199,320,4.9,,,,,,,,,,,,,,,,,,,
A000000254249,14233,4.9,,,,,,,,,,,,,,,,,,,
A000000254392,376,4.9,44,46,10,8,,,92,0,22,78,0,,,,,,,,
A000000254645,5,4.6,100,0,0,40,,,60,0,40,0,60,,,,,,,,
A000000254668,73,4.9,47,42,11,21,,,78,1,31,68,1,,,,,,,,
A000000254682,692,5,56,32,12,4,90,2,94,1,,,,,,,,,,,
A000000254720,561,4.9,38,50,13,38,,,50,13,13,25,63,,,,,,,,
A000000254724,159,4.9,50,50,0,25,,,75,0,25,75,0,,,,,,,,
A000000254747,8199,4.8,57,29,14,25,,,73,2,36,63,1,,,,,,,,
A000000254760,23039,4.9,44,49,7,15,,,83,1,25,74,1,,,,,,,,
A000000254849,1,5,0,100,0,0,,,100,0,0,100,0,,,,,,,,
A000000254908,706,4.8,48,46,6,20,,,79,1,28,71,1,,,,,,,,
A000000255059,719,4.8,,,,,,,,,,,,,,,,,,,
A000000255061,2,5,0,0,0,0,,,0,0,0,0,0,,,,,,,,
A000000255066,1,5,100,0,0,100,,,0,0,100,0,0,,,,,,,,
A000000255163,1064,4.9,48,43,9,12,81,1,87,1,,,,,,,,,,,
A000000255244,11056,4.9,36,53,11,5,,,95,0,12,87,1,,,,,,,,
A000000255246,13146,4.8,53,33,14,21,,,77,2,40,59,1,,,,,,,,
A000000255290,4946,5,34,46,20,2,,,97,0,22,76,1,,,,,,,,
A000000255328,1978,4.8,56,26,18,23,,,75,2,60,38,1,,,,,,,,
A000000255375,21344,4.8,,,,,,,,,,,,,,,,,,,
A000000255383,654,4.9,55,33,13,22,,,77,1,17,81,2,,,,,,,,
A000000255384,884,4.7,51,31,18,36,,,60,4,48,51,1,,,,,,,,
A000000255442,1,5,0,100,0,0,,,100,0,0,100,0,,,,,,,,
A000000255445,0,0,0,0,0,0,,,0,0,0,0,0,,,,,,,,
A000000255451,415,4.9,46,48,7,8,88,0,91,0,,,,,,,,,,,
A000000255499,884,5,47,42,11,1,,,98,1,3,50,46,,,,,,,,
A000000255579,1632,4.8,,,,,,,,,,,,,,,,,,,
A000000255585,104891,4.8,,,,,,,,,,,,,,,,,,,
A000000255602,0,0,0,0,0,0,,,0,0,0,0,0,,,,,,,,
A000000255603,0,0,0,0,0,0,,,0,0,0,0,0,,,,,,,,
A000000255625,60,4.8,48,42,10,20,,,80,0,20,65,15,,,,,,,,
A000000255677,3837,4.7,52,41,7,27,,,71,2,30,62,8,,,,,,,,
A000000255682,12461,4.7,,,,,,,,,,,,,,,,,,,
A000000255685,4596,4.7,,,,,,,,,,,,,,,,,,,
A000000255721,4507,4.9,50,41,9,11,,,88,1,21,39,40,,,,,,,,
A000000255729,3367,4.9,43,35,21,6,,,93,1,63,36,2,,,,,,,,
A000000255744,2846,4.9,46,31,23,13,,,85,1,68,31,1,,,,,,,,
A000000255752,3184,5,49,35,15,11,,,88,1,42,57,1,,,,,,,,
A000000255827,1184,4.8,61,34,5,22,,,76,2,17,34,49,,,,,,,,
A000000255828,259,5,48,42,10,10,,,90,0,42,57,0,,,,,,,,
A000000255949,11584,4.9,46,48,6,9,,,91,1,21,76,3,,,,,,,,
A000000255981,892,4.8,62,16,22,31,,,68,1,69,30,0,,,,,,,,
A000000255983,0,0,0,0,0,0,,,0,0,0,0,0,,,,,,,,
A000000255989,46812,4.8,52,39,9,26,,,73,1,25,73,1,,,,,,,,
A000000256038,217,4.8,51,41,7,25,,,74,0,34,61,5,,,,,,,,
A000000256045,1649,4.9,52,35,14,21,,,78,1,33,66,1,,,,,,,,
A000000256048,1575,4.9,53,32,15,21,,,77,1,33,66,1,,,,,,,,
A000000256050,293,4.8,59,24,18,19,,,80,1,73,26,1,,,,,,,,
A000000256079,1681,4.9,48,44,8,8,,,92,1,45,54,1,,,,,,,,
A000000256156,0,0,0,0,0,0,,,0,0,0,0,0,,,,,,,,
A000000256365,60,4.8,62,25,13,27,,,73,0,87,10,3,,,,,,,,
A000000256432,18,4.5,44,56,0,33,,,67,0,39,56,6,,,,,,,,
A000000256752,834,4.8,56,29,15,32,,,68,0,32,67,1,,,,,,,,
A000000257083,39,5,21,56,23,3,,,97,0,5,92,3,,,,,,,,
A000000257084,35,5,34,49,17,6,,,94,0,17,80,3,,,,,,,,
A000000257128,1802,4.8,49,30,21,23,,,76,1,50,50,0,,,,,,,,
A000000257193,622,4.9,50,38,13,12,,,87,1,40,59,1,,,,,,,,
A000000257195,324,4.9,54,32,14,18,,,81,1,43,57,0,,,,,,,,
A000000257196,190,4.9,64,28,8,14,,,85,1,34,65,1,,,,,,,,
A000000257289,3,3.7,100,0,0,33,,,67,0,33,67,0,,,,,,,,
A000000257390,1,5,0,100,0,0,,,100,0,0,100,0,,,,,,,,
A000000257541,19,4.9,42,58,0,16,,,79,5,11,58,32,,,,,,,,
A000000257543,3184,5,51,30,19,26,,,74,0,53,47,0,,,,,,,,
A000000257584,1,5,100,0,0,100,,,0,0,100,0,0,,,,,,,,
A000000257588,0,0,0,0,0,0,,,0,0,0,0,0,,,,,,,,
A000000257591,5343,4.8,57,27,16,19,,,80,1,70,29,0,,,,,,,,
A000000257647,0,0,0,0,0,0,,,0,0,0,0,0,,,,,,,,
A000000257652,0,0,0,0,0,0,,,0,0,0,0,0,,,,,,,,
A000000257653,0,0,0,0,0,0,,,0,0,0,0,0,,,,,,,,
A000000257656,1,5,0,100,0,0,,,100,0,0,100,0,,,,,,,,
A000000257657,0,0,0,0,0,0,,,0,0,0,0,0,,,,,,,,
A000000257658,0,0,0,0,0,0,,,0,0,0,0,0,,,,,,,,
A000000257660,1,5,0,0,100,0,,,100,0,100,0,0,,,,,,,,
A000000257670,0,0,0,0,0,0,,,0,0,0,0,0,,,,,,,,
A000000257712,8,5,38,63,0,0,,,100,0,0,100,0,,,,,,,,
A000000257713,375,4.9,38,58,4,27,,,70,4,19,63,17,,,,,,,,
A000000257827,18613,4.8,59,31,11,25,,,73,2,48,49,3,,,,,,,,
A000000257828,219,5,46,38,16,6,,,94,0,18,82,0,,,,,,,,
A000000257834,65,4.8,38,57,5,22,,,77,2,9,45,46,,,,,,,,
A000000257838,6,5,67,33,0,33,,,67,0,33,33,33,,,,,,,,
A000000257954,83,4.6,46,43,11,29,46,12,71,0,,,,,,,,,,,
A000000258055,52,5,52,44,4,4,,,96,0,10,71,19,,,,,,,,
A000000258214,565,4.8,43,28,29,17,,,82,1,47,51,1,,,,,,,,
A000000258292,6,5,100,0,0,33,,,50,17,33,67,0,,,,,,,,
A000000258293,119,4.8,57,29,13,23,,,75,3,38,62,1,,,,,,,,
A000000258294,183,4.9,54,34,11,23,,,76,1,35,64,1,,,,,,,,
A000000258295,169,4.9,58,33,9,23,,,75,2,34,64,2,,,,,,,,
A000000258296,52,4.7,50,35,15,33,,,65,2,37,62,2,,,,,,,,
A000000258315,8,5,50,50,0,13,,,88,0,13,88,0,,,,,,,,
A000000258379,47,5,57,13,30,4,,,96,0,28,64,9,,,,,,,,
A000000258468,3069,5,45,42,13,11,,,88,1,26,70,4,,,,,,,,
A000000258614,344,4.9,,,,,,,,,,,,,,,,,,,
A000000258755,7507,4.8,100,0,0,0,,,100,0,100,0,0,,,,,,,,
A000000258792,304,4.9,51,41,8,24,,,74,2,23,76,1,,,,,,,,
A000000258830,1796,4.8,43,51,6,18,,,81,0,20,79,0,,,,,,,,
A000000258831,1671,4.8,41,50,10,16,,,83,2,46,52,2,,,,,,,,
A000000258833,939,4.8,45,48,7,19,,,79,2,26,73,1,,,,,,,,
A000000258834,13034,4.8,59,27,14,26,,,71,2,38,61,1,,,,,,,,
A000000258859,0,0,0,0,0,0,,,0,0,0,0,0,,,,,,,,
A000000258860,37,4.9,54,24,22,3,,,97,0,57,32,11,,,,,,,,
A000000258881,1732,4.8,,,,,,,,,,,,,,,,,,,
A000000258894,13,4.8,62,38,0,38,,,62,0,38,62,0,,,,,,,,
A000000258935,211,4.8,64,26,10,41,,,59,0,31,38,31,,,,,,,,
A000000259039,539,4.9,61,26,14,29,,,69,2,30,28,42,,,,,,,,
A000000259074,0,0,0,0,0,0,,,0,0,0,0,0,,,,,,,,
A000000259098,0,0,0,0,0,0,,,0,0,0,0,0,,,,,,,,
A000000259198,288,4.8,61,12,27,9,,,91,0,64,33,3,,,,,,,,
A000000259199,116,4.8,25,63,13,25,,,75,0,25,63,13,,,,,,,,
A000000259238,961,5,55,36,9,6,91,0,94,0,,,,,,,,,,,
A000000259298,298,4.9,59,30,10,24,,,76,0,38,62,0,,,,,,,,
A000000259386,369,5,36,55,9,2,,,98,0,5,76,18,,,,,,,,
A000000259474,6568,4.8,,,,,,,,,,,,,,,,,,,
A000000259494,3591,4.9,70,27,2,3,,,97,0,82,17,1,,,,,,,,
A000000259720,66,4.9,51,40,9,18,78,1,82,0,,,,,,,,,,,
A000000259759,3,5,0,0,100,0,,,100,0,67,0,33,,,,,,,,
A000000259885,116,4.7,,,,,,,,,,,,,,,,,,,
A000000259898,16,4.9,50,0,50,31,,,69,0,75,25,0,,,,,,,,
A000000259927,201,5,38,55,6,8,,,91,0,23,71,6,,,,,,,,
A000000259944,266,5,55,30,15,8,,,92,1,30,64,6,,,,,,,,
A000000260005,430,4.8,100,0,0,33,33,0,67,0,,,,,,,,,,,
A000000260203,61,4.7,62,31,8,31,,,69,0,15,23,62,,,,,,,,
A000000260204,91,4.7,57,36,7,25,,,71,4,21,46,32,,,,,,,,
A000000260250,110,5,46,49,5,5,81,0,95,0,,,,,,,,,,,
A000000260337,20,5,40,40,20,5,,,90,5,20,70,10,,,,,,,,
A000000260338,20,5,60,35,5,5,,,95,0,15,80,5,,,,,,,,
A000000260348,1645,4.9,47,47,5,26,,,74,0,58,42,0,,,,,,,,
A000000260382,12,4.9,42,42,17,17,,,83,0,17,83,0,,,,,,,,
A000000260445,41,5,59,20,22,10,,,90,0,17,76,7,,,,,,,,
A000000260462,1640,4.7,60,26,14,30,,,69,1,37,62,1,,,,,,,,
A000000260505,21,4.9,76,24,0,24,,,76,0,24,76,0,,,,,,,,
A000000260515,2315,4.9,57,35,8,35,,,57,8,20,34,46,,,,,,,,
A000000260580,935,4.8,64,16,20,32,,,66,2,77,23,0,,,,,,,,
A000000260752,1290,5,48,27,26,10,,,89,1,54,35,11,,,,,,,,
A000000260771,346,5,52,22,25,8,,,90,2,73,20,7,,,,,,,,
A000000261065,12,4.5,58,33,8,42,,,58,0,25,25,50,,,,,,,,
A000000261234,8529,4.9,42,50,8,6,,,93,1,19,78,3,,,,,,,,
A000000261235,4990,4.9,49,41,10,4,,,95,1,24,39,37,,,,,,,,
A000000261415,0,0,0,0,0,0,,,0,0,0,0,0,,,,,,,,
A000000261442,4946,5,0,0,0,0,,,0,0,0,0,0,,,,,,,,
A000000261454,2,5,100,0,0,50,,,50,0,50,50,0,,,,,,,,
A000000261555,4,3.8,25,75,0,25,,,75,0,0,75,25,,,,,,,,
A000000261627,0,0,0,0,0,0,,,0,0,0,0,0,,,,,,,,
A000000261635,15,4.9,40,47,13,0,,,100,0,7,87,7,,,,,,,,
A000000261666,252,4.9,33,0,67,33,,,67,0,67,33,0,,,,,,,,
A000000261750,2,5,100,0,0,0,,,100,0,0,100,0,,,,,,,,
A000000261791,1,5,100,0,0,0,,,100,0,0,100,0,,,,,,,,
A000000261864,37493,4.9,47,46,7,32,,,68,0,27,73,0,,,,,,,,
A000000261984,2,5,0,50,50,0,,,100,0,0,100,0,,,,,,,,
A000000261999,0,0,0,0,0,0,,,0,0,0,0,0,,,,,,,,
A000000262752,107,5,55,35,10,6,87,0,93,2,,,,,,,,,,,
A000000263530,7235,4.8,0,0,0,0,,,0,0,0,0,0,,,,,,,,
A000000263538,6109,4.9,0,0,0,0,,,0,0,0,0,0,,,,,,,,
B000000184084,86,4.9,33,34,32,6,,,91,3,31,63,6,,,,,,,,
B000000184086,86,5,35,55,10,6,,,93,1,24,73,3,,,,,,,,
B000000223871,5,5,80,0,20,0,,,100,0,0,80,20,,,,,,,,
B000000223873,1,5,100,0,0,0,,,100,0,0,100,0,,,,,,,,
B000000232976,0,0,0,0,0,0,,,0,0,0,0,0,,,,,,,,
B000000234131,19,4.9,68,16,16,53,,,47,0,42,58,0,,,,,,,,
A000000000040,752,4.6,61,32,7,38,49,5,61,1,,,,,,,,,,,
A000000005336,7089,4.8,50,38,12,20,,,79,1,23,76,1,,,,,,,,
A000000008363,403,4.6,68,23,9,46,44,4,53,1,,,,,,,,,,,
A000000010461,2115,4.7,51,44,6,25,68,2,74,1,,,,,,,,,,,
A000000010462,2007,4.8,43,53,5,21,76,1,79,1,,,,,,,,,,,
A000000011100,26,4.7,40,45,15,40,,,60,0,55,45,0,,,,,,,,
A000000011226,2938,4.7,62,27,11,31,66,3,68,2,,,,,,,,,,,
A000000103391,2463,4.9,43,50,6,14,,,85,1,19,76,5,,,,,,,,
A000000104151,38,4.8,37,13,50,47,,,20,33,83,17,0,,,,,,,,
A000000105588,19,4.9,73,23,5,27,,,73,0,36,64,0,,,,,,,,
A000000111062,60,4.8,77,17,6,30,67,0,70,0,,,,,,,,,,,
A000000112523,909,4.7,53,43,4,26,66,3,73,0,,,,,,,,,,,
A000000115496,58,4.8,56,42,2,16,,,82,2,26,74,0,,,,,,,,
A000000119141,184,4.4,51,17,32,38,,,54,7,69,27,4,,,,,,,,
A000000120975,371,4.5,41,52,7,28,63,2,71,1,,,,,,,,,,,
A000000125147,2849,4.7,53,38,9,32,67,1,66,2,,,,,,,,,,,
A000000125569,124,4.7,53,31,16,32,67,4,66,2,,,,,,,,,,,
A000000128529,11288,4.6,58,13,29,49,,,33,18,93,7,1,,,,,,,,
A000000129556,984,4.7,48,45,6,27,75,1,71,3,,,,,,,,,,,
A000000130251,60,4.7,66,31,3,11,80,3,89,0,,,,,,,,,,,
A000000130949,237,4.8,40,58,2,33,,,66,1,20,63,17,,,,,,,,
A000000136976,1053,4.6,65,25,10,47,,,38,15,14,17,68,,,,,,,,
A000000137017,851,4.6,56,36,8,26,,,72,1,34,53,13,,,,,,,,
A000000137157,5,5,60,40,0,40,60,0,60,0,,,,,,,,,,,
A000000137537,16687,4.8,38,55,7,22,,,78,0,21,78,1,,,,,,,,
A000000138710,22018,4.8,41,51,8,21,,,78,1,22,77,2,,,,,,,,
A000000139561,611,4.8,39,58,3,22,,,77,0,16,82,2,,,,,,,,
A000000139894,513,4.5,60,24,16,32,57,8,67,1,,,,,,,,,,,
A000000140033,218,4.6,44,52,4,29,58,2,69,2,,,,,,,,,,,
A000000140651,10822,4.8,52,39,8,29,70,1,69,2,,,,,,,,,,,
A000000141033,19,4.5,78,6,17,17,,,78,6,56,28,17,,,,,,,,
A000000141301,123,4.7,42,35,23,32,,,38,30,23,56,21,,,,,,,,
A000000141306,166,4.8,38,17,45,40,,,39,20,36,26,39,,,,,,,,
A000000141307,219,4.7,45,28,27,27,,,66,7,27,63,10,,,,,,,,
A000000141313,269,4.7,54,31,15,25,,,66,9,13,20,66,,,,,,,,
A000000141323,186,4.7,59,32,9,30,,,59,10,14,24,61,,,,,,,,
A000000141324,113,4.6,41,48,11,42,,,51,7,15,41,44,,,,,,,,
A000000141333,1420,4.7,56,35,9,38,,,55,7,21,35,44,,,,,,,,
A000000141710,737,4.9,48,42,10,8,,,91,1,35,62,2,,,,,,,,
A000000141711,322,4.5,61,14,25,33,,,63,3,92,8,0,,,,,,,,
A000000144034,281,4.8,55,33,12,41,,,48,10,20,30,50,,,,,,,,
A000000144035,242,4.8,59,24,17,46,,,46,8,33,19,48,,,,,,,,
A000000144051,102,4.5,48,27,25,41,,,20,39,43,26,30,,,,,,,,
A000000144119,53,4.6,56,37,8,19,,,81,0,23,44,33,,,,,,,,
A000000144177,6405,4.7,59,34,7,39,,,58,3,16,25,58,,,,,,,,
A000000145499,272,4.8,74,17,9,52,,,47,2,34,17,48,,,,,,,,
A000000146527,74,4.8,53,33,14,9,91,1,89,3,,,,,,,,,,,
A000000146938,233,4.8,48,38,14,13,,,87,0,43,56,1,,,,,,,,
A000000147077,757,4.8,50,42,8,27,,,72,1,31,68,1,,,,,,,,
A000000147121,393,4.8,62,32,6,33,,,65,2,36,52,12,,,,,,,,
A000000147122,842,4.8,58,20,22,31,,,68,1,66,33,1,,,,,,,,
A000000147967,373,4.6,50,44,5,30,71,1,67,3,,,,,,,,,,,
A000000149135,19393,4.8,53,37,9,26,72,1,72,2,,,,,,,,,,,
A000000149915,80,4.8,54,44,3,25,63,4,75,0,,,,,,,,,,,
A000000149953,181,4.7,43,51,7,33,,,48,19,10,37,53,,,,,,,,
A000000149959,181,4.5,39,48,13,44,,,42,14,14,30,57,,,,,,,,
A000000149963,5983,4.6,51,37,12,52,,,34,13,24,28,47,,,,,,,,
A000000149966,2784,4.7,52,35,13,51,,,32,17,22,28,50,,,,,,,,
A000000149970,2187,4.7,53,33,14,47,,,28,24,22,24,54,,,,,,,,
A000000150519,11,4.5,36,18,45,27,,,73,0,64,36,0,,,,,,,,
A000000151323,700,4.7,53,39,8,23,71,1,76,1,,,,,,,,,,,
A000000151871,276,4.6,59,37,4,36,60,2,62,2,,,,,,,,,,,
A000000151872,204,4.7,62,26,12,34,72,0,65,1,,,,,,,,,,,
A000000151904,13283,4.8,65,24,11,42,48,4,57,2,,,,,,,,,,,
A000000152102,1133,4.8,46,51,3,31,,,68,1,18,50,32,,,,,,,,
A000000152314,2635,4.7,53,34,14,28,72,2,70,2,,,,,,,,,,,
A000000152786,45,4.8,57,28,15,15,,,85,0,24,76,0,,,,,,,,
A000000153412,116,4.6,59,21,19,38,,,58,4,56,27,18,,,,,,,,
A000000153432,1953,4.7,61,27,13,37,59,3,61,2,,,,,,,,,,,
A000000153499,2182,4.8,63,21,16,20,77,2,79,1,,,,,,,,,,,
A000000153893,760,4.8,57,31,13,19,,,80,2,48,51,1,,,,,,,,
A000000154129,293,4.6,53,42,5,29,52,7,70,2,,,,,,,,,,,
A000000154175,327,4.8,56,35,9,22,68,1,75,2,,,,,,,,,,,
A000000154263,797,4.8,54,34,11,20,,,79,1,71,28,1,,,,,,,,
A000000154264,1639,4.9,46,49,6,15,,,84,1,12,56,33,,,,,,,,
A000000154959,789,4.9,63,22,14,7,,,92,1,73,25,2,,,,,,,,
A000000155193,718,4.6,59,16,25,40,,,53,8,61,23,16,,,,,,,,
A000000155321,367,4.8,51,45,4,33,,,66,1,9,28,63,,,,,,,,
A000000155647,212,4.7,58,25,17,31,64,3,66,3,,,,,,,,,,,
A000000155727,108,4.6,50,43,7,23,56,6,77,0,,,,,,,,,,,
A000000156042,556,4.5,60,14,26,46,,,44,10,92,7,1,,,,,,,,
A000000156315,7331,4.8,49,41,10,17,,,83,1,22,77,1,,,,,,,,
A000000156327,558,4.9,51,40,9,9,,,90,2,36,59,5,,,,,,,,
A000000156776,40,4.8,64,26,10,31,,,67,3,95,3,3,,,,,,,,
A000000156871,9113,4.7,57,15,28,40,,,52,8,91,9,1,,,,,,,,
A000000158116,38,4.9,73,22,5,27,78,0,73,0,,,,,,,,,,,
A000000158292,4154,4.9,41,54,5,11,,,89,1,16,77,7,,,,,,,,
A000000158299,1348,4.7,63,24,13,23,,,76,1,69,30,1,,,,,,,,
A000000158305,69,4.7,64,21,14,39,,,59,1,20,26,54,,,,,,,,
A000000158309,1274,4.7,55,35,10,23,,,76,1,67,32,1,,,,,,,,
A000000158310,1387,4.6,54,33,13,25,,,73,3,29,67,4,,,,,,,,
A000000158311,160,4.6,58,37,5,19,,,79,2,22,47,31,,,,,,,,
A000000158312,162,4.7,59,31,10,15,,,85,1,31,61,8,,,,,,,,
A000000158615,12899,4.7,54,16,30,48,,,35,17,41,19,40,,,,,,,,
A000000158929,1243,4.9,44,49,8,17,,,82,1,21,79,1,,,,,,,,
A000000159225,807,4.8,34,63,3,25,,,74,1,13,78,9,,,,,,,,
A000000159280,1807,4.8,31,62,6,23,,,73,4,18,75,7,,,,,,,,
A000000159467,2629,4.9,59,28,13,48,,,38,15,13,20,67,,,,,,,,
A000000159468,2629,4.9,52,41,8,31,,,62,7,13,31,56,,,,,,,,
A000000159596,15,3.8,44,6,50,38,,,50,13,56,6,38,,,,,,,,
A000000160531,2162,4.8,39,57,4,16,,,83,1,13,86,2,,,,,,,,
A000000161581,9911,4.8,52,32,16,21,,,78,2,56,42,2,,,,,,,,
A000000162204,419,4.7,47,50,3,17,72,1,83,0,,,,,,,,,,,
A000000162387,539,4.8,62,30,8,27,,,72,1,16,32,52,,,,,,,,
A000000162635,224,4.8,48,50,2,32,,,67,1,27,47,26,,,,,,,,
A000000162783,192,4.7,54,34,12,22,,,76,2,63,36,1,,,,,,,,
A000000162980,41,5,72,21,7,9,,,91,0,67,33,0,,,,,,,,
A000000163503,6334,4.7,56,22,22,30,54,3,68,2,,,,,,,,,,,
A000000163532,1354,4.6,60,20,19,31,50,9,67,1,,,,,,,,,,,
A000000163581,2182,4.8,63,20,17,33,58,5,66,2,,,,,,,,,,,
A000000163688,212,4.7,67,17,15,26,,,74,0,86,14,0,,,,,,,,
A000000163735,557,4.9,58,35,7,12,,,87,1,22,76,2,,,,,,,,
A000000163763,391,4.8,53,36,11,19,,,79,1,50,50,0,,,,,,,,
A000000163930,183,4.7,55,27,18,31,59,5,69,0,,,,,,,,,,,
A000000164213,411,4.7,41,56,3,28,67,5,64,8,,,,,,,,,,,
A000000164310,13,4.9,85,8,8,8,,,92,0,46,38,15,,,,,,,,
A000000164841,1594,4.7,54,32,15,26,73,2,68,6,,,,,,,,,,,
A000000165465,5015,4.7,50,46,5,34,63,2,64,2,,,,,,,,,,,
A000000165476,295,4.7,58,34,8,32,63,1,67,1,,,,,,,,,,,
A000000165479,738,4.9,49,42,9,5,93,1,94,1,,,,,,,,,,,
A000000165560,836,4.7,46,10,44,43,45,6,55,2,,,,,,,,,,,
A000000165562,109,4.5,58,35,7,49,,,27,25,13,13,73,,,,,,,,
A000000165563,128,4.7,53,39,9,49,51,3,49,2,,,,,,,,,,,
A000000165615,289,4.9,59,21,20,15,77,1,84,0,,,,,,,,,,,
A000000165622,281,4.7,38,61,1,25,,,73,2,11,57,32,,,,,,,,
A000000165652,550,4.8,63,24,13,30,68,1,68,3,,,,,,,,,,,
A000000166013,850,4.7,54,20,26,29,,,69,2,57,32,11,,,,,,,,
A000000166295,23346,4.8,57,31,12,26,74,1,73,1,,,,,,,,,,,
A000000166511,8774,4.8,58,31,11,27,,,72,1,76,23,1,,,,,,,,
A000000166599,8545,4.9,56,37,7,23,,,76,1,29,55,16,,,,,,,,
A000000166628,2636,4.7,57,20,23,33,,,64,3,84,15,1,,,,,,,,
A000000167031,18,4.8,59,6,35,12,82,0,88,0,,,,,,,,,,,
A000000167936,1648,4.8,60,21,19,32,61,3,67,1,,,,,,,,,,,
A000000168260,41,4.5,45,45,10,18,68,0,78,5,,,,,,,,,,,
A000000168272,10,4.4,40,40,20,20,,,80,0,20,40,40,,,,,,,,
A000000168591,38,4.8,38,59,3,13,85,3,87,0,,,,,,,,,,,
A000000168920,203,4.7,59,34,7,19,82,0,79,2,,,,,,,,,,,
A000000169035,5878,4.7,51,36,13,28,,,70,2,33,62,5,,,,,,,,
A000000169203,17,4.9,29,71,0,6,,,94,0,6,94,0,,,,,,,,
A000000169474,399,4.7,50,43,8,17,78,4,81,3,,,,,,,,,,,
A000000169499,10770,4.9,46,44,10,16,83,1,83,2,,,,,,,,,,,
A000000169506,369,4.8,57,25,18,12,81,4,86,3,,,,,,,,,,,
A000000170016,31,4.8,45,42,13,19,,,81,0,45,48,6,,,,,,,,
A000000170269,127,4.7,64,24,13,21,64,0,79,0,,,,,,,,,,,
A000000170312,3696,4.7,53,35,12,22,,,77,1,29,70,1,,,,,,,,
A000000170383,411,5,54,33,13,5,,,93,1,51,43,7,,,,,,,,
A000000170689,1753,4.7,57,35,9,28,,,69,2,22,29,50,,,,,,,,
A000000170877,140,4.8,49,45,6,30,69,1,69,1,,,,,,,,,,,
A000000170928,1105,4.8,53,44,3,23,,,76,1,16,40,44,,,,,,,,
A000000171416,148,4.8,44,51,5,16,,,84,0,23,76,1,,,,,,,,
A000000171650,23274,4.8,52,39,9,25,74,1,74,2,,,,,,,,,,,
A000000172041,747,4.8,49,44,7,21,,,77,2,8,41,50,,,,,,,,
A000000172156,1201,4.8,62,21,17,15,,,83,1,31,46,23,,,,,,,,
A000000172208,621,4.9,54,37,9,6,,,93,1,37,61,2,,,,,,,,
A000000172209,204,5,52,39,9,5,,,95,0,33,66,2,,,,,,,,
A000000172912,171,4.7,65,19,16,35,,,63,2,20,19,60,,,,,,,,
A000000172993,41,4.9,51,36,13,26,,,74,0,31,64,5,,,,,,,,
A000000173774,2840,4.7,55,31,14,30,57,3,68,1,,,,,,,,,,,
A000000174027,271,4.7,53,39,7,38,,,56,6,24,43,32,,,,,,,,
A000000174028,124,4.6,50,38,13,29,,,61,10,19,39,42,,,,,,,,
A000000174056,24,4.3,71,25,4,38,58,4,58,4,,,,,,,,,,,
A000000174304,946,4.7,41,53,7,26,,,72,2,21,76,2,,,,,,,,
A000000174719,322,4.7,61,22,16,20,,,78,2,77,20,2,,,,,,,,
A000000174728,300,4.7,53,42,5,30,68,0,67,3,,,,,,,,,,,
A000000174751,509,4.7,48,48,5,20,,,79,0,26,74,0,,,,,,,,
A000000176351,6187,5,52,41,7,5,,,95,1,12,70,18,,,,,,,,
A000000176900,676,5,83,14,4,9,91,0,90,0,,,,,,,,,,,
A000000176954,107,4.9,56,42,2,25,,,74,1,29,59,12,,,,,,,,
A000000177475,8511,4.7,54,34,12,26,,,72,1,30,54,16,,,,,,,,
A000000178077,57,5,70,16,14,37,,,63,0,16,67,18,,,,,,,,
A000000178748,2240,4.8,56,17,27,19,,,80,1,70,17,13,,,,,,,,
A000000178993,74,4.6,63,24,13,39,,,46,15,9,20,71,,,,,,,,
A000000179114,2604,4.7,50,45,5,30,67,2,67,3,,,,,,,,,,,
A000000179116,1686,4.8,63,26,10,36,64,1,63,2,,,,,,,,,,,
A000000179126,1525,4.8,52,37,11,18,84,1,76,5,,,,,,,,,,,
A000000179256,223,4.8,51,42,7,16,,,84,0,47,50,4,,,,,,,,
A000000179351,1185,4.8,46,40,14,15,84,1,83,2,,,,,,,,,,,
A000000179353,5363,4.8,42,54,4,33,68,2,65,1,,,,,,,,,,,
A000000179852,776,4.7,59,32,9,22,71,3,77,2,,,,,,,,,,,
A000000180138,491,4.7,55,33,12,32,62,5,67,1,,,,,,,,,,,
A000000180158,13529,4.8,57,19,25,35,59,2,63,1,,,,,,,,,,,
A000000180162,26407,4.8,59,24,18,30,57,2,69,1,,,,,,,,,,,
A000000180231,1806,4.7,51,45,4,27,67,2,72,1,,,,,,,,,,,
A000000180408,619,4.8,50,45,5,25,,,73,2,32,57,11,,,,,,,,
A000000180409,1314,4.8,51,41,8,26,,,72,2,42,49,10,,,,,,,,
A000000180410,17214,4.8,38,58,4,19,,,80,1,19,79,2,,,,,,,,
A000000180436,3040,4.7,55,19,26,39,,,54,7,81,17,2,,,,,,,,
A000000180476,15698,4.8,57,24,19,22,,,78,1,81,19,0,,,,,,,,
A000000180506,6076,4.8,51,41,8,16,84,1,82,1,,,,,,,,,,,
A000000180552,897,4.8,61,27,12,21,71,2,78,1,,,,,,,,,,,
A000000180600,165,4.8,65,17,18,16,76,3,84,1,,,,,,,,,,,
A000000180775,3135,4.6,57,26,18,36,55,6,62,3,,,,,,,,,,,
A000000180853,566,4.7,43,50,7,23,78,1,69,8,,,,,,,,,,,
A000000180854,527,4.7,46,18,36,33,51,2,65,2,,,,,,,,,,,
A000000180890,1410,4.7,59,20,22,45,,,44,10,43,20,37,,,,,,,,
A000000180892,98,4.7,49,51,0,46,,,53,1,39,61,0,,,,,,,,
A000000180919,205,4.8,56,35,9,26,,,70,4,20,58,22,,,,,,,,
A000000180974,98,4.7,58,36,6,19,82,0,80,1,,,,,,,,,,,
A000000181078,3179,4.8,59,26,15,20,68,2,79,1,,,,,,,,,,,
A000000181125,225,4.7,60,24,16,21,,,78,1,28,51,21,,,,,,,,
A000000181329,38,4.6,82,16,3,24,58,3,74,3,,,,,,,,,,,
A000000181331,33,4.9,76,24,0,30,70,0,70,0,,,,,,,,,,,
A000000181351,1283,4.7,56,31,13,26,67,5,72,2,,,,,,,,,,,
A000000181633,32,4.8,23,77,0,17,,,80,3,3,70,27,,,,,,,,
A000000181703,5697,4.7,53,40,7,29,65,2,69,2,,,,,,,,,,,
A000000182300,333,4.9,52,33,14,14,,,84,1,29,61,10,,,,,,,,
A000000182387,95,4.7,56,28,16,23,,,77,0,66,28,5,,,,,,,,
A000000182480,459,4.7,54,40,6,26,,,72,2,49,44,7,,,,,,,,
A000000182613,1400,4.8,53,38,9,27,,,71,2,29,70,1,,,,,,,,
A000000182620,439,4.8,56,24,20,21,69,1,79,0,,,,,,,,,,,
A000000182741,114,4.5,48,44,8,28,68,3,72,0,,,,,,,,,,,
A000000182794,371,4.8,51,45,4,28,71,1,70,2,,,,,,,,,,,
A000000182815,279,4.7,57,38,6,29,,,69,3,18,27,56,,,,,,,,
A000000182899,420,4.5,51,44,5,37,57,6,60,3,,,,,,,,,,,
A000000183052,146,4.8,59,27,14,10,78,2,88,2,,,,,,,,,,,
A000000183056,15060,5,52,39,9,5,93,0,94,0,,,,,,,,,,,
A000000183287,56,4.5,43,38,20,36,59,2,64,0,,,,,,,,,,,
A000000183327,509,4.7,53,33,15,30,70,0,67,3,,,,,,,,,,,
A000000183516,860,4.6,55,21,24,33,,,52,15,77,19,5,,,,,,,,
A000000183552,168,4.9,57,29,15,37,58,4,61,2,,,,,,,,,,,
A000000183707,3560,4.8,50,46,4,31,,,67,1,22,49,28,,,,,,,,
A000000183731,23016,4.7,64,21,15,32,,,20,48,39,25,36,,,,,,,,
A000000184060,15422,4.9,61,30,9,38,,,60,3,21,27,53,,,,,,,,
A000000184064,8396,4.7,60,31,9,39,,,58,3,22,20,58,,,,,,,,
A000000184133,1067,4.8,52,15,32,31,,,65,3,76,19,5,,,,,,,,
A000000184156,96,4.5,60,25,15,20,72,8,76,3,,,,,,,,,,,
A000000184159,5743,4.8,39,16,44,30,61,3,68,2,,,,,,,,,,,
A000000184352,8764,4.8,49,38,12,23,78,1,74,2,,,,,,,,,,,
A000000184387,15,4.9,47,53,0,20,73,0,80,0,,,,,,,,,,,
A000000184405,29,4.7,52,34,14,24,69,3,72,3,,,,,,,,,,,
A000000184632,182,4.7,51,39,10,27,59,3,71,2,,,,,,,,,,,
A000000184662,251,4.9,61,31,8,45,,,52,3,38,51,11,,,,,,,,
A000000184772,784,4.8,50,42,7,22,,,78,1,24,75,1,,,,,,,,
A000000184778,229,4.6,58,37,5,33,58,3,66,1,,,,,,,,,,,
A000000184941,1444,4.7,48,34,18,21,,,78,1,24,75,1,,,,,,,,
A000000184963,1790,4.9,62,24,14,22,,,77,1,32,48,21,,,,,,,,
A000000185094,2161,4.8,65,16,19,26,,,72,1,44,30,26,,,,,,,,
A000000185302,22,4.9,73,27,0,27,73,0,73,0,,,,,,,,,,,
A000000185303,94,4.7,62,34,4,41,57,2,57,1,,,,,,,,,,,
A000000185313,261,4.7,57,30,13,21,,,78,2,40,60,0,,,,,,,,
A000000185636,158,4.6,58,16,27,34,53,6,65,1,,,,,,,,,,,
A000000185961,6798,4.8,47,46,7,20,,,79,1,24,76,0,,,,,,,,
A000000186053,128,4.8,47,32,21,27,67,3,70,2,,,,,,,,,,,
A000000186166,12451,4.8,63,31,5,23,72,2,74,2,,,,,,,,,,,
A000000186461,52,4.8,50,40,10,38,58,0,60,2,,,,,,,,,,,
A000000186655,844,4.7,49,45,6,19,,,79,2,22,77,1,,,,,,,,
A000000186833,97,4.8,42,58,0,22,,,78,0,6,47,47,,,,,,,,
A000000186864,281,4.5,57,26,17,40,,,29,31,17,19,65,,,,,,,,
A000000186997,2102,4.9,58,33,10,28,,,70,2,15,31,54,,,,,,,,
A000000187040,13008,4.8,48,47,5,22,,,77,1,22,77,1,,,,,,,,
A000000187200,210,4.8,53,40,7,20,79,0,78,1,,,,,,,,,,,
A000000187230,99,4.8,43,51,6,14,90,0,85,1,,,,,,,,,,,
A000000187240,93,4.6,53,23,24,33,,,67,0,80,18,2,,,,,,,,
A000000187262,82,4.8,47,51,3,11,87,0,86,3,,,,,,,,,,,
A000000187550,3537,4.8,49,41,10,15,86,0,82,3,,,,,,,,,,,
A000000187674,9091,4.8,43,38,19,25,73,0,73,2,,,,,,,,,,,
A000000187712,2902,4.7,59,16,25,33,,,65,3,87,12,2,,,,,,,,
A000000187809,43,4.8,58,33,9,49,51,0,51,0,,,,,,,,,,,
A000000187871,205,4.9,72,11,18,28,,,70,1,29,38,33,,,,,,,,
A000000187872,200,4.8,75,18,7,29,,,68,3,31,17,53,,,,,,,,
A000000188002,2025,4.7,62,28,10,35,,,63,2,18,22,60,,,,,,,,
A000000188004,13606,4.8,51,37,12,20,,,79,1,26,72,1,,,,,,,,
A000000188005,231,4.5,57,23,20,31,,,67,2,42,39,20,,,,,,,,
A000000188065,28067,4.7,58,16,26,49,,,33,18,39,20,41,,,,,,,,
A000000188087,411,4.7,62,29,9,47,,,44,10,14,17,69,,,,,,,,
A000000188120,796,4.8,52,44,5,22,,,77,1,27,71,2,,,,,,,,
A000000188185,511,4.7,53,16,31,47,43,13,51,2,,,,,,,,,,,
A000000188206,125,4.6,59,37,4,63,,,31,6,33,24,43,,,,,,,,
A000000188233,1469,4.8,64,29,7,19,,,81,0,36,64,0,,,,,,,,
A000000188376,758,4.9,52,39,9,13,85,0,86,1,,,,,,,,,,,
A000000188378,251,4.9,50,41,9,8,93,0,91,1,,,,,,,,,,,
A000000188493,2616,4.7,65,31,4,25,,,73,2,15,45,41,,,,,,,,
A000000188560,168,4.8,41,49,10,28,,,69,3,31,49,20,,,,,,,,
A000000188610,1147,4.8,52,40,8,24,73,1,73,3,,,,,,,,,,,
A000000188711,162,4.8,44,53,2,23,,,77,1,23,65,11,,,,,,,,
A000000188724,81,4.8,32,62,6,21,75,5,74,5,,,,,,,,,,,
A000000188876,4072,4.9,48,45,7,23,76,1,76,1,,,,,,,,,,,
A000000188878,99,4.8,36,60,4,31,,,66,3,29,57,14,,,,,,,,
A000000188934,1085,4.7,55,40,4,25,,,74,0,48,49,4,,,,,,,,
A000000188947,2222,4.9,46,50,4,17,,,83,0,15,81,4,,,,,,,,
A000000188968,2312,4.8,59,33,8,26,,,72,2,25,57,18,,,,,,,,
A000000189015,1273,4.8,50,30,21,13,,,86,1,60,38,2,,,,,,,,
A000000189054,3537,4.8,59,31,10,26,,,72,3,26,39,35,,,,,,,,
A000000189171,765,4.7,57,27,17,46,,,46,8,32,25,44,,,,,,,,
A000000189328,2046,4.7,59,19,21,26,,,73,1,74,15,11,,,,,,,,
A000000189544,6301,4.8,63,23,14,29,,,18,53,36,27,37,,,,,,,,
A000000189713,13412,4.8,56,32,13,26,,,73,1,74,25,1,,,,,,,,
A000000189766,559,4.8,60,23,17,24,,,75,1,31,41,28,,,,,,,,
A000000189768,3392,4.9,47,45,8,8,,,91,0,17,77,6,,,,,,,,
A000000189769,8581,4.9,46,44,10,13,,,86,1,19,78,3,,,,,,,,
A000000189772,964,4.8,67,23,9,25,,,73,2,31,27,42,,,,,,,,
A000000189837,20430,4.7,57,35,8,36,,,61,3,23,25,52,,,,,,,,
A000000189953,138,4.9,50,48,2,29,,,70,1,23,63,14,,,,,,,,
A000000189956,173,4.8,62,31,7,25,,,73,2,17,34,49,,,,,,,,
A000000190370,143,4.7,57,29,15,9,,,91,0,66,33,1,,,,,,,,
A000000190413,412,4.7,56,40,4,27,74,0,72,1,,,,,,,,,,,
A000000190687,3504,4.8,46,47,7,22,80,1,73,5,,,,,,,,,,,
A000000190691,8628,4.8,38,58,4,23,,,77,0,18,80,1,,,,,,,,
A000000190700,3094,4.8,42,51,8,19,,,79,1,20,79,1,,,,,,,,
A000000190738,346,4.8,54,45,1,31,,,68,1,20,47,33,,,,,,,,
A000000190745,1310,4.7,54,36,10,23,69,2,76,2,,,,,,,,,,,
A000000190939,29,5,72,28,0,17,,,79,3,28,62,10,,,,,,,,
A000000190948,322,4.7,56,18,26,34,,,65,1,72,27,1,,,,,,,,
A000000191387,154,4.7,42,53,4,35,,,62,3,31,61,8,,,,,,,,
A000000191567,630,4.8,43,51,7,32,79,1,62,7,,,,,,,,,,,
A000000191663,63,4.6,65,30,5,48,,,51,2,52,41,6,,,,,,,,
A000000191730,336,4.4,54,31,15,37,44,11,62,1,,,,,,,,,,,
A000000191798,3399,4.8,52,43,4,32,,,66,2,20,39,42,,,,,,,,
A000000191821,119,4.9,38,57,5,7,,,93,0,7,45,48,,,,,,,,
A000000192059,7,4.1,29,43,29,29,,,71,0,29,57,14,,,,,,,,
A000000192218,189,4.9,57,38,5,11,,,87,2,12,44,44,,,,,,,,
A000000192301,800,4.8,62,22,17,25,,,18,58,30,25,45,,,,,,,,
A000000192699,1311,4.7,61,29,9,31,,,66,3,19,25,56,,,,,,,,
A000000197362,3136,4.8,49,33,18,18,,,81,1,30,69,1,,,,,,,,
A000000197640,267,5,35,59,6,8,,,92,0,15,81,4,,,,,,,,
A000000197661,90,4.9,48,38,13,20,,,78,2,34,40,26,,,,,,,,
A000000197985,6,4.7,83,0,17,83,,,0,17,50,0,50,,,,,,,,
A000000198230,5246,4.8,47,47,6,22,,,77,1,23,69,8,,,,,,,,
A000000198339,1407,4.8,45,52,2,31,,,68,0,20,51,29,,,,,,,,
A000000198424,180,4.7,47,27,26,42,,,49,8,74,24,2,,,,,,,,
A000000198624,1712,4.7,64,21,16,33,,,65,1,72,22,6,,,,,,,,
A000000198739,4624,4.8,63,23,14,33,62,2,65,2,,,,,,,,,,,
A000000198832,206,4.9,61,35,4,23,,,77,0,11,35,54,,,,,,,,
A000000198835,421,4.9,60,31,9,23,,,75,2,18,31,51,,,,,,,,
A000000198924,393,4.8,61,34,5,12,,,87,1,13,30,58,,,,,,,,
A000000199173,565,4.9,48,47,5,17,,,83,0,12,56,32,,,,,,,,
A000000199206,1290,4.8,38,60,1,21,,,79,0,21,78,1,,,,,,,,
A000000199261,3586,4.8,56,29,15,27,,,72,1,44,40,16,,,,,,,,
A000000199277,1152,4.9,38,59,3,12,,,88,0,13,86,1,,,,,,,,
A000000199281,1092,4.8,49,46,4,30,,,68,2,18,43,39,,,,,,,,
A000000199722,265,4.6,57,31,12,35,,,61,3,31,34,34,,,,,,,,
A000000199723,11,4.5,45,27,27,18,,,82,0,9,55,36,,,,,,,,
A000000199784,1223,4.8,56,32,12,23,,,76,1,67,32,1,,,,,,,,
A000000199977,443,4.7,68,18,14,50,,,23,27,37,22,42,,,,,,,,
A000000199981,181,4.8,60,24,17,25,,,19,56,33,27,41,,,,,,,,
A000000199982,1000,4.7,53,25,23,25,,,74,1,77,22,1,,,,,,,,
A000000200182,78,4.8,47,49,4,27,,,69,4,19,64,17,,,,,,,,
A000000200233,1521,4.9,61,29,10,15,85,1,83,2,,,,,,,,,,,
A000000200310,531,4.6,67,23,10,30,,,66,3,16,18,66,,,,,,,,
A000000200313,805,4.6,47,44,9,30,,,67,4,22,74,4,,,,,,,,
A000000200328,573,4.8,45,45,10,33,,,65,3,24,72,4,,,,,,,,
A000000200353,5787,4.9,43,47,10,12,,,87,1,21,78,1,,,,,,,,
A000000200533,70,4.6,50,14,36,33,,,46,21,73,24,3,,,,,,,,
A000000200572,123,4.8,62,18,20,17,,,81,3,25,50,25,,,,,,,,
A000000200604,1027,4.7,50,13,38,36,,,49,15,76,19,5,,,,,,,,
A000000200614,10687,4.8,36,58,6,24,72,3,74,2,,,,,,,,,,,
A000000200635,7992,4.8,52,38,10,28,69,1,69,3,,,,,,,,,,,
A000000200646,22883,4.7,49,20,31,30,,,67,3,82,17,1,,,,,,,,
A000000200647,6061,4.8,57,32,12,25,70,2,73,2,,,,,,,,,,,
A000000200663,2273,4.8,61,26,13,25,,,73,2,63,28,9,,,,,,,,
A000000200669,247,4.8,59,30,11,20,,,79,1,14,28,58,,,,,,,,
A000000200673,2060,4.9,40,55,6,16,82,0,83,1,,,,,,,,,,,
A000000200816,78,4.8,73,21,6,29,70,3,71,0,,,,,,,,,,,
A000000200817,212,4.8,46,30,24,35,73,2,62,3,,,,,,,,,,,
A000000200826,79,4.7,62,27,11,29,47,6,70,1,,,,,,,,,,,
A000000201148,367,4.6,42,53,5,28,68,6,67,5,,,,,,,,,,,
A000000201153,80,4.7,58,29,13,42,,,56,3,35,42,23,,,,,,,,
A000000201270,719,4.8,56,33,10,28,75,1,70,2,,,,,,,,,,,
A000000201273,359,4.7,62,26,13,34,54,5,64,2,,,,,,,,,,,
A000000201338,227,4.8,63,31,6,39,,,59,1,35,32,33,,,,,,,,
A000000201343,255,4.9,51,39,10,17,74,3,80,3,,,,,,,,,,,
A000000201387,931,4.8,55,30,15,19,73,2,80,1,,,,,,,,,,,
A000000201642,8,5,75,25,0,25,,,75,0,75,25,0,,,,,,,,
A000000201658,6130,4.7,58,21,21,31,,,67,2,55,30,16,,,,,,,,
A000000201753,32,5,63,14,23,11,,,89,0,57,37,6,,,,,,,,
A000000202299,5729,5,45,46,9,8,,,91,1,29,66,5,,,,,,,,
A000000202343,5384,5,53,38,9,7,91,0,93,0,,,,,,,,,,,
A000000202359,5560,4.8,57,31,11,27,66,2,71,2,,,,,,,,,,,
A000000202360,1038,4.6,55,37,8,29,64,6,70,2,,,,,,,,,,,
A000000202373,18,4.7,44,50,6,22,83,6,78,0,,,,,,,,,,,
A000000202378,36,4.5,39,44,17,25,78,0,75,0,,,,,,,,,,,
A000000202426,1496,4.4,41,55,4,28,66,4,70,2,,,,,,,,,,,
A000000202437,2030,4.8,46,48,6,27,,,71,2,22,58,20,,,,,,,,
A000000202446,15194,4.7,51,43,7,34,59,3,64,1,,,,,,,,,,,
A000000202453,1044,4.9,61,31,8,27,,,70,3,13,29,58,,,,,,,,
A000000202461,767,4.9,52,43,5,20,,,78,2,14,57,28,,,,,,,,
A000000202462,2636,4.9,45,45,10,20,,,80,1,21,79,1,,,,,,,,
A000000202463,231,4.8,45,49,7,30,,,69,1,8,53,39,,,,,,,,
A000000202466,29,4.8,34,41,24,17,86,3,76,7,,,,,,,,,,,
A000000202469,6663,4.8,48,40,12,21,,,78,1,22,77,1,,,,,,,,
A000000202548,11087,4.8,54,37,9,39,53,5,59,3,,,,,,,,,,,
A000000202708,206,4.9,54,42,4,15,,,84,1,10,47,43,,,,,,,,
A000000202905,880,4.9,54,38,8,20,,,79,1,18,52,31,,,,,,,,
A000000202907,2637,4.7,52,43,4,35,,,63,2,18,33,49,,,,,,,,
A000000202920,304,4.8,69,24,7,32,,,20,48,16,19,65,,,,,,,,
A000000202923,185,4.7,56,33,11,43,,,34,22,36,32,32,,,,,,,,
A000000203039,2,4.5,0,100,0,0,,,100,0,50,50,0,,,,,,,,
A000000203047,137,4.7,69,28,3,45,47,1,53,1,,,,,,,,,,,
A000000203048,233,4.7,49,47,3,17,64,5,82,2,,,,,,,,,,,
A000000203069,104,4.6,54,23,23,26,71,0,68,6,,,,,,,,,,,
A000000203118,275,4.7,55,40,5,28,72,2,69,3,,,,,,,,,,,
A000000203126,211,4.6,53,28,19,53,,,36,11,20,19,61,,,,,,,,
A000000203342,118,4.9,70,26,4,22,70,2,78,0,,,,,,,,,,,
A000000203343,126,4.9,56,37,7,17,78,0,82,1,,,,,,,,,,,
A000000203589,2356,4.7,51,39,10,29,,,68,3,17,30,53,,,,,,,,
A000000203639,4762,4.8,58,35,7,24,,,74,2,23,36,42,,,,,,,,
A000000203707,477,4.7,57,25,18,33,61,4,65,1,,,,,,,,,,,
A000000203789,799,4.8,52,45,3,22,,,74,4,11,37,52,,,,,,,,
A000000203792,603,4.9,58,34,7,19,,,79,2,18,34,48,,,,,,,,
A000000203805,510,4.8,48,50,2,34,,,65,1,21,53,26,,,,,,,,
A000000203876,1864,4.7,59,32,9,33,,,65,1,29,48,23,,,,,,,,
A000000203907,5076,4.8,36,59,5,24,,,74,2,21,74,5,,,,,,,,
A000000203925,348,4.6,70,23,6,42,,,53,5,31,26,42,,,,,,,,
A000000203963,783,4.8,58,34,8,27,,,72,1,43,56,2,,,,,,,,
A000000203971,16545,4.8,57,35,8,24,,,75,1,52,47,1,,,,,,,,
A000000204071,9557,4.8,52,39,9,23,,,76,1,24,70,6,,,,,,,,
A000000204075,881,4.9,47,50,3,23,,,77,0,21,77,3,,,,,,,,
A000000204081,2601,4.5,57,26,16,35,58,4,63,2,,,,,,,,,,,
A000000204162,259,4.8,50,24,26,21,,,78,1,27,72,2,,,,,,,,
A000000204169,3396,4.7,58,31,11,31,,,67,2,21,22,57,,,,,,,,
A000000204306,1427,4.7,50,17,32,21,,,78,2,65,34,1,,,,,,,,
A000000204366,2466,4.9,53,41,6,19,,,80,0,21,65,14,,,,,,,,
A000000204471,6636,4.6,58,25,17,34,59,5,64,2,,,,,,,,,,,
A000000204578,386,5,51,45,4,10,,,89,1,13,76,11,,,,,,,,
A000000204594,1578,4.9,53,43,5,20,,,79,1,13,40,48,,,,,,,,
A000000204614,817,4.7,54,42,4,24,67,3,74,2,,,,,,,,,,,
A000000204629,4,5,50,50,0,25,75,0,75,0,,,,,,,,,,,
A000000204633,586,4.9,52,45,4,35,,,63,2,29,52,19,,,,,,,,
A000000204638,2,5,0,100,0,0,,,100,0,0,100,0,,,,,,,,
A000000204642,5,4.6,80,20,0,80,20,0,20,0,,,,,,,,,,,
A000000204646,218,4.9,53,45,2,24,,,76,0,16,42,42,,,,,,,,
A000000204647,454,5,44,52,4,19,,,80,1,10,54,36,,,,,,,,
A000000204745,782,4.9,60,34,5,19,,,80,1,15,34,51,,,,,,,,
A000000204751,65,4.6,62,38,0,57,,,43,0,33,62,5,,,,,,,,
A000000204753,1339,4.9,42,52,6,24,,,75,1,22,71,7,,,,,,,,
A000000204811,30,4.9,30,60,10,20,,,80,0,23,77,0,,,,,,,,
A000000204826,92,4.8,70,28,2,9,84,2,90,1,,,,,,,,,,,
A000000204879,700,4.8,49,39,12,19,80,1,80,1,,,,,,,,,,,
A000000204880,140,4.9,56,40,4,16,,,84,1,16,51,33,,,,,,,,
A000000205011,1795,4.9,50,45,5,24,77,1,75,1,,,,,,,,,,,
A000000205069,9,4.9,44,33,22,33,67,0,67,0,,,,,,,,,,,
A000000205224,378,4.8,30,62,8,23,,,73,3,32,62,7,,,,,,,,
A000000205615,252,4.7,53,39,8,9,85,0,83,8,,,,,,,,,,,
A000000205628,3953,4.9,49,43,8,21,76,2,79,0,,,,,,,,,,,
A000000205630,3269,4.9,49,25,27,24,71,1,76,0,,,,,,,,,,,
A000000205639,7484,4.7,50,42,7,24,66,6,74,2,,,,,,,,,,,
A000000205787,206,4.8,48,50,2,16,84,0,84,0,,,,,,,,,,,
A000000205864,379,4.8,57,22,21,36,,,23,41,28,25,48,,,,,,,,
A000000205882,424,4.8,65,25,10,39,57,2,60,1,,,,,,,,,,,
A000000206077,7066,5,45,45,10,9,,,91,1,18,80,2,,,,,,,,
A000000206121,624,4.8,59,36,5,26,74,1,73,1,,,,,,,,,,,
A000000206153,1051,4.8,55,36,9,27,,,72,1,39,59,1,,,,,,,,
A000000206175,91,4.7,64,18,19,16,76,2,82,1,,,,,,,,,,,
A000000206182,127,4.8,71,24,5,37,57,2,62,1,,,,,,,,,,,
A000000206221,94,4.9,60,31,9,11,88,1,89,0,,,,,,,,,,,
A000000206224,683,4.9,59,30,11,19,75,1,81,0,,,,,,,,,,,
A000000206313,203,4.7,49,43,7,25,,,71,3,23,42,35,,,,,,,,
A000000206420,10,4.8,70,10,20,50,,,40,10,90,10,0,,,,,,,,
A000000206433,300,4.9,51,45,4,25,,,75,1,20,41,39,,,,,,,,
A000000206547,3631,4.7,56,22,22,40,,,39,21,30,29,41,,,,,,,,
A000000206698,3287,4.9,58,34,9,27,,,72,1,14,32,54,,,,,,,,
A000000206742,282,4.7,53,40,7,34,80,2,58,8,,,,,,,,,,,
A000000206749,63,5,54,40,6,3,97,0,97,0,,,,,,,,,,,
A000000206750,105,4.8,48,38,13,7,88,2,92,1,,,,,,,,,,,
A000000206799,22,4.9,68,23,9,41,59,0,59,0,,,,,,,,,,,
A000000206821,2561,5,45,47,8,11,,,88,1,9,49,42,,,,,,,,
A000000206826,9551,4.8,58,27,15,29,58,2,70,1,,,,,,,,,,,
A000000206827,2689,4.7,56,35,9,32,60,3,67,2,,,,,,,,,,,
A000000206848,10,4.4,60,40,0,30,70,0,70,0,,,,,,,,,,,
A000000206874,384,4.6,48,17,34,29,,,69,2,80,17,3,,,,,,,,
A000000206921,6989,4.8,47,48,5,22,,,78,0,25,75,0,,,,,,,,
A000000206956,235,4.7,55,35,10,37,,,55,8,8,21,70,,,,,,,,
A000000206961,565,4.7,63,29,8,28,,,70,2,23,23,54,,,,,,,,
A000000206967,235,4.7,60,25,15,40,,,30,30,15,15,70,,,,,,,,
A000000207028,79,4.8,51,39,10,39,,,61,0,35,35,29,,,,,,,,
A000000207035,505,4.9,50,42,8,4,,,96,1,13,61,27,,,,,,,,
A000000207081,1151,4.7,55,27,18,27,,,71,2,73,22,5,,,,,,,,
A000000207140,14,4.4,36,64,0,36,71,0,64,0,,,,,,,,,,,
A000000207141,1084,4.8,56,9,35,40,,,59,1,77,19,4,,,,,,,,
A000000207202,5,4.6,40,60,0,20,80,0,80,0,,,,,,,,,,,
A000000207225,16229,4.7,51,22,27,25,,,74,1,57,42,1,,,,,,,,
A000000207232,5205,4.6,43,12,45,31,,,67,2,90,9,1,,,,,,,,
A000000207544,5422,4.8,58,25,16,30,,,69,2,70,20,10,,,,,,,,
A000000207685,823,4.9,52,39,9,8,87,1,91,0,,,,,,,,,,,
A000000207724,196,4.6,63,16,20,34,59,1,65,1,,,,,,,,,,,
A000000207750,19,4.6,68,11,21,47,,,53,0,37,26,37,,,,,,,,
A000000207845,138,4.8,46,50,4,22,74,1,76,1,,,,,,,,,,,
A000000207851,203,4.8,49,38,13,15,87,0,84,1,,,,,,,,,,,
A000000207901,3841,4.9,49,44,6,21,78,1,78,2,,,,,,,,,,,
A000000208056,1920,4.9,53,37,9,20,,,79,0,21,47,32,,,,,,,,
A000000208057,1771,4.9,48,43,9,17,,,83,0,22,77,1,,,,,,,,
A000000208059,1970,4.9,50,34,15,19,,,81,0,56,43,1,,,,,,,,
A000000208105,135,4.8,59,39,2,32,72,2,67,1,,,,,,,,,,,
A000000208182,3043,4.8,48,43,9,23,76,1,76,1,,,,,,,,,,,
A000000208192,80,4.8,44,47,9,12,85,0,86,3,,,,,,,,,,,
A000000208678,443,4.8,56,29,15,23,,,53,24,28,48,24,,,,,,,,
A000000208680,316,5,34,60,7,3,,,97,0,8,73,19,,,,,,,,
A000000208692,95,4.8,61,26,13,38,61,4,59,3,,,,,,,,,,,
A000000208708,1407,4.7,49,31,20,31,,,64,5,27,27,46,,,,,,,,
A000000208711,1082,4.7,60,26,14,28,65,0,69,2,,,,,,,,,,,
A000000208714,604,4.6,75,19,6,39,56,3,61,0,,,,,,,,,,,
A000000208731,3,5,100,0,0,0,100,0,100,0,,,,,,,,,,,
A000000208735,841,4.7,56,39,5,25,,,75,1,32,42,27,,,,,,,,
A000000208780,10060,4.9,49,45,6,28,,,71,1,24,58,18,,,,,,,,
A000000208860,13732,4.8,57,29,14,26,,,73,1,64,31,5,,,,,,,,
A000000208899,306,5,45,43,11,7,92,1,93,1,,,,,,,,,,,
A000000208911,73,4.8,40,55,5,15,,,85,0,29,70,1,,,,,,,,
A000000208985,15,5,50,50,0,40,,,60,0,50,50,0,,,,,,,,
A000000209113,436,4.8,58,36,6,38,,,38,25,24,39,37,,,,,,,,
A000000209219,2824,4.7,58,34,7,23,70,4,76,1,,,,,,,,,,,
A000000209244,73,4.9,55,33,12,29,70,1,70,1,,,,,,,,,,,
A000000209372,7019,4.8,46,43,10,23,78,1,75,2,,,,,,,,,,,
A000000209487,123,4.9,54,36,10,15,,,82,3,14,80,6,,,,,,,,
A000000209515,1086,4.6,52,40,8,33,,,64,3,27,42,31,,,,,,,,
A000000209559,13732,4.8,60,26,14,29,,,70,1,71,24,4,,,,,,,,
A000000209586,149,4.6,57,33,10,44,,,54,2,23,25,52,,,,,,,,
A000000209634,1932,4.9,43,52,5,24,,,75,1,19,72,9,,,,,,,,
A000000209640,132,4.9,58,25,17,11,,,87,2,16,22,62,,,,,,,,
A000000209716,185,4.6,53,42,5,21,,,75,4,20,51,29,,,,,,,,
A000000209746,1356,4.8,42,54,5,21,,,78,1,25,74,1,,,,,,,,
A000000209830,732,4.7,53,39,9,33,,,60,7,23,33,44,,,,,,,,
A000000209888,613,4.9,48,27,25,15,,,85,1,72,25,2,,,,,,,,
A000000209913,1464,4.8,60,30,10,24,63,3,74,2,,,,,,,,,,,
A000000209917,1790,4.8,66,23,11,23,67,2,76,1,,,,,,,,,,,
A000000209918,691,4.9,46,45,9,6,92,1,94,0,,,,,,,,,,,
A000000209919,50,4.8,31,49,20,4,94,0,94,2,,,,,,,,,,,
A000000210011,98,4.6,48,23,29,27,,,22,51,87,13,0,,,,,,,,
A000000210012,183,4.7,47,40,13,27,,,71,2,58,38,4,,,,,,,,
A000000210013,311,4.7,43,41,15,22,77,3,76,2,,,,,,,,,,,
A000000210068,12772,4.8,57,28,15,34,,,22,44,34,29,36,,,,,,,,
A000000210163,11,5,64,36,0,36,64,0,64,0,,,,,,,,,,,
A000000210180,38,4.9,55,45,0,42,,,58,0,37,63,0,,,,,,,,
A000000210195,977,4.8,61,25,15,22,,,76,2,23,24,53,,,,,,,,
A000000210322,103,4.8,60,22,17,23,75,2,76,1,,,,,,,,,,,
A000000210324,52,4.8,58,12,31,37,46,6,62,2,,,,,,,,,,,
A000000210325,33,4.8,52,48,0,27,67,3,73,0,,,,,,,,,,,
A000000210326,5,4.6,60,40,0,40,40,0,60,0,,,,,,,,,,,
A000000210343,1949,5,51,40,9,8,,,91,1,10,36,53,,,,,,,,
A000000210407,350,4.8,54,28,19,57,,,35,9,25,29,46,,,,,,,,
A000000210455,436,4.8,48,41,11,16,79,2,83,1,,,,,,,,,,,
A000000210482,4504,4.7,56,26,18,26,,,73,2,80,20,1,,,,,,,,
A000000210545,709,4.7,61,28,11,27,66,3,71,1,,,,,,,,,,,
A000000210559,10,4.8,40,60,0,30,80,0,70,0,,,,,,,,,,,
A000000210604,163,4.8,52,45,4,26,68,6,72,1,,,,,,,,,,,
A000000210660,9,5,56,22,22,0,78,0,100,0,,,,,,,,,,,
A000000210681,97,4.8,60,26,14,46,,,11,43,14,18,68,,,,,,,,
A000000210758,180,4.9,44,44,12,13,85,1,86,1,,,,,,,,,,,
A000000210838,0,0,0,0,0,0,0,0,0,0,,,,,,,,,,,
A000000210840,0,0,0,0,0,0,0,0,0,0,,,,,,,,,,,
A000000210862,957,4.8,59,30,11,26,71,2,73,1,,,,,,,,,,,
A000000210867,2673,4.8,48,45,7,16,,,83,0,22,78,1,,,,,,,,
A000000210869,0,0,0,0,0,0,0,0,0,0,,,,,,,,,,,
A000000210911,3027,4.8,45,49,6,22,80,1,77,1,,,,,,,,,,,
A000000210923,289,4.9,52,35,13,20,,,78,2,26,48,26,,,,,,,,
A000000210928,3117,4.9,45,47,7,23,,,75,1,13,49,38,,,,,,,,
A000000211052,6564,4.8,49,42,9,25,,,73,2,19,44,37,,,,,,,,
A000000211059,1100,4.8,49,40,11,24,,,75,1,18,47,34,,,,,,,,
A000000211084,1353,4.6,56,34,10,26,,,73,2,28,47,25,,,,,,,,
A000000211132,6,4.3,50,17,33,17,33,17,67,17,,,,,,,,,,,
A000000211180,39,5,67,33,0,31,72,0,69,0,,,,,,,,,,,
A000000211214,24,5,58,38,4,4,88,4,96,0,,,,,,,,,,,
A000000211220,316,4.7,47,41,12,30,,,66,4,50,48,2,,,,,,,,
A000000211302,373,4.7,52,42,6,29,71,0,68,3,,,,,,,,,,,
A000000211309,3163,4.8,43,47,10,22,75,3,77,1,,,,,,,,,,,
A000000211372,11668,4.8,54,37,9,24,,,74,2,27,68,5,,,,,,,,
A000000211379,15,4.7,53,47,0,27,53,13,73,0,,,,,,,,,,,
A000000211403,245,4.8,47,48,5,30,,,69,1,20,41,39,,,,,,,,
A000000211479,6577,4.8,52,42,7,24,,,75,1,26,67,7,,,,,,,,
A000000211495,13,4.9,33,50,17,17,,,83,0,17,75,8,,,,,,,,
A000000211547,5946,4.9,39,55,6,8,,,91,1,10,66,25,,,,,,,,
A000000211602,844,4.7,65,20,15,35,,,63,2,30,18,52,,,,,,,,
A000000211859,511,4.9,39,55,6,9,,,91,0,12,85,3,,,,,,,,
A000000211888,66,4.9,44,54,2,7,,,92,2,33,59,8,,,,,,,,
A000000211954,120,4.9,48,48,5,24,78,0,76,0,,,,,,,,,,,
A000000212009,345,4.9,43,51,6,12,,,87,1,8,51,41,,,,,,,,
A000000212011,52,5,62,35,4,4,,,96,0,31,40,29,,,,,,,,
A000000212238,4,5,25,75,0,0,50,0,100,0,,,,,,,,,,,
A000000212947,1124,4.9,53,40,7,24,,,73,3,15,30,54,,,,,,,,
A000000212948,100,4.7,60,32,8,27,,,73,0,15,28,57,,,,,,,,
A000000213124,21,4.9,59,41,0,0,95,0,100,0,,,,,,,,,,,
A000000213146,167,4.8,51,46,4,41,,,55,4,18,56,26,,,,,,,,
A000000213152,45,4.5,40,53,7,29,,,51,20,20,60,20,,,,,,,,
A000000213190,582,4.9,47,40,14,4,95,0,96,0,,,,,,,,,,,
A000000213226,32,4.6,75,16,9,44,,,56,0,50,47,3,,,,,,,,
A000000213238,3940,4.7,59,32,9,26,,,74,1,38,62,0,,,,,,,,
A000000213267,13084,5,43,47,10,9,,,90,1,16,83,1,,,,,,,,
A000000213282,27,4.9,67,33,0,30,,,70,0,33,37,30,,,,,,,,
A000000213283,48,4.2,56,23,21,19,,,46,35,21,19,60,,,,,,,,
A000000213284,322,4.7,59,30,12,29,66,3,69,2,,,,,,,,,,,
A000000213285,21,4.8,43,43,14,14,,,86,0,19,81,0,,,,,,,,
A000000213286,121,4.6,52,27,21,22,,,76,2,84,12,3,,,,,,,,
A000000213287,5,4.4,20,60,20,0,,,100,0,0,80,20,,,,,,,,
A000000213324,33,4.6,67,27,6,24,,,73,3,42,52,6,,,,,,,,
A000000213326,2109,4.9,47,47,6,13,,,85,1,18,63,18,,,,,,,,
A000000213410,22,4.9,59,36,5,32,,,68,0,23,73,5,,,,,,,,
A000000213411,32,4.4,78,19,3,25,,,75,0,47,22,31,,,,,,,,
A000000213457,2245,4.7,51,24,25,22,,,77,1,76,21,2,,,,,,,,
A000000213534,166,4.9,65,30,5,22,72,1,77,1,,,,,,,,,,,
A000000213537,89,4.8,55,42,3,28,71,1,70,2,,,,,,,,,,,
A000000213547,273,4.6,55,16,28,47,,,35,18,86,12,1,,,,,,,,
A000000213618,3124,4.7,60,32,8,37,,,60,3,22,27,51,,,,,,,,
A000000213688,259,4.7,56,35,9,23,,,77,0,24,52,23,,,,,,,,
A000000213693,43,4.8,48,52,0,16,,,84,0,16,59,25,,,,,,,,
A000000213915,108,4.8,61,26,13,34,,,38,28,31,28,41,,,,,,,,
A000000213952,30,4.7,50,37,13,13,,,87,0,43,57,0,,,,,,,,
A000000213968,33,4.7,45,42,12,27,,,70,3,42,45,12,,,,,,,,
A000000213990,157,4.8,68,24,8,38,,,62,0,64,33,3,,,,,,,,
A000000214031,36,4.8,43,54,3,23,,,77,0,14,77,9,,,,,,,,
A000000214195,2864,4.7,41,53,6,21,,,78,1,25,59,16,,,,,,,,
A000000214200,26,4.8,61,29,11,14,,,86,0,46,54,0,,,,,,,,
A000000214249,427,5,77,17,6,11,89,0,89,0,,,,,,,,,,,
A000000214255,35,4.7,60,17,23,17,83,6,74,9,,,,,,,,,,,
A000000214256,12,4.9,83,8,8,42,67,0,58,0,,,,,,,,,,,
A000000214257,73,4.9,48,51,1,38,64,1,62,0,,,,,,,,,,,
A000000214258,53,4.9,53,43,4,34,,,64,2,32,34,34,,,,,,,,
A000000214260,20,4.8,25,40,35,40,,,50,10,35,40,25,,,,,,,,
A000000214261,8,5,25,75,0,50,,,13,38,0,13,88,,,,,,,,
A000000214266,81,4.7,51,42,8,33,,,65,3,30,67,3,,,,,,,,
A000000214270,64,4.7,56,30,14,39,,,59,2,45,45,9,,,,,,,,
A000000214272,6,4.5,67,33,0,33,,,33,33,33,67,0,,,,,,,,
A000000214287,300,4.8,52,45,3,23,,,76,1,16,58,27,,,,,,,,
A000000214323,840,4.8,51,37,12,23,,,76,1,58,40,2,,,,,,,,
A000000214629,79,4.8,32,56,13,16,,,84,0,22,78,0,,,,,,,,
A000000214631,120,4.6,40,53,8,33,70,0,66,2,,,,,,,,,,,
A000000214674,9138,4.7,52,35,13,16,,,82,2,25,62,13,,,,,,,,
A000000214675,4423,4.8,57,15,28,21,,,78,1,81,14,5,,,,,,,,
A000000214797,144,4.7,52,39,9,28,,,70,1,22,63,15,,,,,,,,
A000000214850,16,4.6,31,63,6,13,,,88,0,13,88,0,,,,,,,,
A000000214852,6,3.7,67,33,0,50,,,33,17,50,17,33,,,,,,,,
A000000214999,4,3.8,50,50,0,75,,,25,0,50,0,50,,,,,,,,
A000000215000,2,5,50,0,50,100,,,0,0,100,0,0,,,,,,,,
A000000215215,41,5,41,51,7,7,,,88,5,41,59,0,,,,,,,,
A000000215375,316,4.9,40,46,13,7,93,0,93,0,,,,,,,,,,,
A000000215558,132,5,35,56,9,12,87,0,87,1,,,,,,,,,,,
A000000215559,14722,4.9,48,42,10,18,82,1,80,1,,,,,,,,,,,
A000000215561,997,4.7,47,49,4,19,,,79,2,13,45,42,,,,,,,,
A000000216054,30,5,53,33,13,40,,,57,3,40,50,10,,,,,,,,
A000000216232,200,4.7,78,14,7,11,81,7,88,1,,,,,,,,,,,
A000000216511,19329,4.7,50,22,28,23,,,75,2,57,42,1,,,,,,,,
A000000216520,13416,4.9,56,40,4,18,,,82,1,19,47,34,,,,,,,,
A000000216666,6,5,33,67,0,0,100,0,100,0,,,,,,,,,,,
A000000216836,620,4.6,61,24,15,33,,,64,3,44,36,20,,,,,,,,
A000000216855,1875,4.9,39,53,9,10,89,0,89,0,,,,,,,,,,,
A000000216895,1082,4.8,49,35,16,26,72,2,72,2,,,,,,,,,,,
A000000216924,109,4.9,36,53,11,14,,,83,3,12,62,26,,,,,,,,
A000000216925,156,4.9,48,45,7,29,,,50,20,14,39,46,,,,,,,,
A000000217191,517,5,35,55,9,5,96,0,95,0,,,,,,,,,,,
A000000217289,807,4.7,45,53,2,31,64,0,69,0,,,,,,,,,,,
A000000217292,388,4.6,63,25,11,46,,,48,6,21,20,59,,,,,,,,
A000000217326,6332,4.8,44,49,8,21,,,78,1,24,75,1,,,,,,,,
A000000217330,15194,4.7,53,39,8,34,59,3,64,2,,,,,,,,,,,
A000000217422,4544,4.8,58,33,8,32,,,66,2,18,25,57,,,,,,,,
A000000217680,18,4.7,56,28,17,17,,,83,0,50,50,0,,,,,,,,
A000000217778,363,4.7,60,30,10,26,65,4,71,2,,,,,,,,,,,
A000000217868,68,4.7,56,29,15,19,63,9,81,0,,,,,,,,,,,
A000000217909,164,4.9,52,20,29,32,52,2,68,0,,,,,,,,,,,
A000000217926,260,4.6,50,38,12,37,60,2,62,1,,,,,,,,,,,
A000000217998,300,4.8,46,47,7,18,81,2,81,1,,,,,,,,,,,
A000000218008,2287,4.6,58,32,10,32,58,4,66,2,,,,,,,,,,,
A000000218297,1262,4.7,53,40,7,29,72,2,64,7,,,,,,,,,,,
A000000218301,530,4.9,57,33,10,26,80,0,74,1,,,,,,,,,,,
A000000218303,60,4.9,57,27,17,28,72,2,72,0,,,,,,,,,,,
A000000218308,159,4.7,51,10,39,46,51,7,53,1,,,,,,,,,,,
A000000218313,368,4.8,56,36,8,20,72,1,80,0,,,,,,,,,,,
A000000218316,9,4.4,67,33,0,67,44,0,33,0,,,,,,,,,,,
A000000218340,2017,4.8,54,36,9,19,,,81,0,50,47,3,,,,,,,,
A000000218444,838,4.8,44,21,35,27,,,72,1,70,28,1,,,,,,,,
A000000218465,398,4.4,46,19,34,46,41,12,51,4,,,,,,,,,,,
A000000218545,691,4.8,64,24,12,19,,,80,2,81,17,2,,,,,,,,
A000000218586,7280,4.8,55,33,12,23,,,77,0,25,75,0,,,,,,,,
A000000218587,2028,4.9,58,27,15,19,,,81,1,74,25,1,,,,,,,,
A000000218601,521,4.8,52,32,16,26,,,64,9,26,57,17,,,,,,,,
A000000218641,637,4.9,66,34,0,26,,,74,0,17,51,31,,,,,,,,
A000000218679,134,4.6,49,37,14,46,53,5,51,3,,,,,,,,,,,
A000000218712,283,4.7,52,36,13,34,,,66,0,36,45,19,,,,,,,,
A000000218812,2753,4.8,56,35,9,33,63,3,65,2,,,,,,,,,,,
A000000218813,2411,4.8,51,38,11,28,74,1,70,2,,,,,,,,,,,
A000000218830,64,4.8,66,28,6,48,58,2,50,2,,,,,,,,,,,
A000000218862,2030,4.7,46,47,7,33,62,4,65,2,,,,,,,,,,,
A000000218897,55,4.9,55,42,4,25,,,75,0,65,35,0,,,,,,,,
A000000218948,3643,4.9,50,42,9,13,,,87,1,13,46,41,,,,,,,,
A000000218955,3565,4.7,53,26,21,36,73,1,57,7,,,,,,,,,,,
A000000218992,39,4.8,51,41,8,18,,,82,0,41,49,10,,,,,,,,
A000000218993,59,4.8,64,20,15,19,,,80,2,41,49,10,,,,,,,,
A000000218994,31,4.8,81,19,0,19,,,77,3,19,42,39,,,,,,,,
A000000218995,10,4,40,60,0,20,,,60,20,10,30,60,,,,,,,,
A000000219046,1135,4.7,45,48,7,27,71,2,71,2,,,,,,,,,,,
A000000219051,2223,4.8,55,35,10,34,60,3,65,1,,,,,,,,,,,
A000000219082,223,4.8,62,24,14,27,,,72,1,24,27,49,,,,,,,,
A000000219091,2086,4.8,49,48,3,15,87,2,85,0,,,,,,,,,,,
A000000219093,702,3.9,53,25,23,30,46,21,59,12,,,,,,,,,,,
A000000219094,2086,4.8,53,41,6,24,74,1,74,2,,,,,,,,,,,
A000000219106,1828,4.7,46,43,11,24,,,76,0,25,75,0,,,,,,,,
A000000219108,11341,4.9,44,47,9,15,,,85,0,18,81,1,,,,,,,,
A000000219111,295,4.9,47,44,8,15,84,0,85,0,,,,,,,,,,,
A000000219115,13,4.3,100,0,0,75,25,0,25,0,,,,,,,,,,,
A000000219128,24,4.3,47,32,21,37,,,63,0,79,11,11,,,,,,,,
A000000219136,13,4.3,56,44,0,44,56,0,56,0,,,,,,,,,,,
A000000219212,127,4.7,47,36,17,31,,,47,21,10,17,72,,,,,,,,
A000000219265,644,4.8,53,37,10,13,84,2,86,1,,,,,,,,,,,
A000000219266,139,4.8,51,30,19,22,72,4,77,1,,,,,,,,,,,
A000000219274,1241,4.8,53,42,6,30,,,69,1,25,66,9,,,,,,,,
A000000219286,56,4.7,55,29,16,21,,,79,0,25,25,50,,,,,,,,
A000000219339,256,4.7,30,66,4,16,,,83,1,15,81,4,,,,,,,,
A000000219340,235,4.7,54,39,8,33,,,58,9,19,22,59,,,,,,,,
A000000219383,3701,4.8,44,49,7,23,74,1,76,1,,,,,,,,,,,
A000000219389,5131,4.6,55,28,18,29,,,68,3,58,34,8,,,,,,,,
A000000219488,1524,4.8,53,38,10,23,78,1,76,1,,,,,,,,,,,
A000000219494,488,4.2,51,23,26,40,42,21,55,5,,,,,,,,,,,
A000000219495,164,4.6,46,45,10,26,73,2,70,4,,,,,,,,,,,
A000000219496,1251,4.8,,,,,,,,,,,,,,,,,,,
A000000219522,209,4.8,55,31,14,17,76,2,81,1,,,,,,,,,,,
A000000219528,2982,4.7,57,33,9,29,,,69,3,29,46,25,,,,,,,,
A000000219548,10774,4.7,54,27,18,23,,,75,2,76,23,1,,,,,,,,
A000000219550,4744,4.7,57,34,10,30,,,67,3,24,29,47,,,,,,,,
A000000219553,45015,4.9,54,35,11,26,72,0,73,1,,,,,,,,,,,
A000000219554,15873,4.7,56,24,20,30,56,3,69,2,,,,,,,,,,,
A000000219556,12027,4.7,54,38,7,31,63,2,66,3,,,,,,,,,,,
A000000219603,369,4.9,59,35,7,41,,,44,15,13,25,62,,,,,,,,
A000000219609,76532,4.9,51,31,18,16,,,83,1,67,32,1,,,,,,,,
A000000219675,160,4.8,58,36,6,27,70,0,73,1,,,,,,,,,,,
A000000219677,380,4.8,50,45,5,36,,,61,2,34,55,11,,,,,,,,
A000000219713,32,4.8,50,47,3,31,,,66,3,13,38,50,,,,,,,,
A000000219714,4999,4.8,62,25,13,33,,,65,2,48,35,17,,,,,,,,
A000000219717,88036,4.9,47,35,17,11,,,88,1,60,39,1,,,,,,,,
A000000219751,21395,4.8,54,28,18,22,,,77,1,76,24,1,,,,,,,,
A000000219871,63,4.9,51,37,13,6,,,94,0,6,46,48,,,,,,,,
A000000219905,18,4.9,72,11,17,44,61,0,56,0,,,,,,,,,,,
A000000219989,7,5,43,29,29,0,71,14,86,14,,,,,,,,,,,
A000000220039,49,4.7,76,16,8,51,,,47,2,41,49,10,,,,,,,,
A000000221651,140,4.7,67,11,22,78,,,22,0,56,11,33,,,,,,,,
A000000221707,291,4.8,46,47,7,26,,,73,1,27,71,1,,,,,,,,
A000000221747,216,4.7,55,39,6,30,67,3,69,1,,,,,,,,,,,
A000000221815,387,4.9,45,50,5,31,,,69,0,21,43,36,,,,,,,,
A000000221848,3766,4.8,59,30,10,30,67,2,69,1,,,,,,,,,,,
A000000221882,12123,4.7,62,26,12,36,46,7,62,2,,,,,,,,,,,
A000000221942,78,4.7,53,38,9,37,,,59,4,33,32,35,,,,,,,,
A000000221943,13,4.8,54,38,8,38,,,62,0,46,23,31,,,,,,,,
A000000222060,166,4.6,49,39,12,34,64,1,66,0,,,,,,,,,,,
A000000222212,5,5,80,20,0,20,80,0,80,0,,,,,,,,,,,
A000000222321,839,4.7,0,25,75,25,,,75,0,100,0,0,,,,,,,,
A000000222347,6,5,33,50,17,33,67,0,67,0,,,,,,,,,,,
A000000222554,1391,4.9,48,38,14,18,,,81,0,39,61,0,,,,,,,,
A000000222684,240,4.8,61,29,10,23,81,0,77,0,,,,,,,,,,,
A000000222698,13040,4.8,40,53,7,21,,,78,1,24,73,4,,,,,,,,
A000000222711,7,4.9,100,0,0,43,,,57,0,14,43,43,,,,,,,,
A000000222724,4346,4.8,49,42,9,16,85,1,83,1,,,,,,,,,,,
A000000222727,1329,4.7,52,46,1,30,72,3,55,15,,,,,,,,,,,
A000000222733,88,4.8,51,40,9,23,,,75,2,9,42,49,,,,,,,,
A000000222792,185,4.8,32,55,14,14,73,9,73,14,,,,,,,,,,,
A000000222797,4330,4.7,58,29,13,29,,,69,2,31,29,39,,,,,,,,
A000000222837,13933,4.8,49,45,6,21,,,78,1,26,74,1,,,,,,,,
A000000222839,3785,4.8,60,28,12,30,,,69,1,74,24,1,,,,,,,,
A000000222860,529,4.8,64,31,5,42,,,43,15,16,22,62,,,,,,,,
A000000222907,1175,4.5,57,25,19,28,,,70,2,58,41,1,,,,,,,,
A000000222935,102,4.8,68,24,8,52,,,23,25,24,27,50,,,,,,,,
A000000223183,1334,4.8,45,43,11,17,,,82,1,18,81,1,,,,,,,,
A000000223194,421,4.8,52,42,6,15,85,0,83,2,,,,,,,,,,,
A000000223206,157,4.6,41,26,33,23,76,0,75,3,,,,,,,,,,,
A000000223207,9731,4.8,52,39,8,29,74,1,69,2,,,,,,,,,,,
A000000223210,132,4.9,44,39,17,16,82,2,83,1,,,,,,,,,,,
A000000223291,41,4.8,56,44,0,27,63,0,73,0,,,,,,,,,,,
A000000223292,489,4.8,51,45,4,21,73,1,79,0,,,,,,,,,,,
A000000223297,10625,5,45,49,6,9,,,90,1,8,52,40,,,,,,,,
A000000223326,501,4.8,48,45,7,30,,,69,1,25,69,5,,,,,,,,
A000000223335,773,4.8,56,34,10,22,,,77,1,65,34,2,,,,,,,,
A000000223345,1001,4.7,60,10,31,57,,,25,18,72,18,10,,,,,,,,
A000000223423,5513,4.8,41,46,13,16,85,1,83,1,,,,,,,,,,,
A000000223489,847,4.9,45,53,2,23,,,76,0,23,67,10,,,,,,,,
A000000223619,248,4.8,52,41,7,32,,,50,18,17,45,38,,,,,,,,
A000000223802,171,4.9,75,19,6,4,94,0,96,0,,,,,,,,,,,
A000000223805,489,4.9,53,42,4,17,82,0,82,1,,,,,,,,,,,
A000000223806,30,4.7,58,29,13,35,55,3,65,0,,,,,,,,,,,
A000000223816,602,4.8,61,20,19,27,65,5,71,2,,,,,,,,,,,
A000000223906,9232,4.8,56,33,10,30,68,2,63,7,,,,,,,,,,,
A000000223943,372,4.2,,,,,,,,,,,,,,,,,,,
A000000224023,287,4.8,59,32,9,33,,,42,25,19,32,49,,,,,,,,
A000000224036,52,4.5,60,4,36,40,47,9,55,6,,,,,,,,,,,
A000000224039,312,4.8,45,52,3,13,90,1,85,2,,,,,,,,,,,
A000000224042,43,4.9,44,56,0,19,,,81,0,23,72,5,,,,,,,,
A000000224093,121,4.9,59,27,14,39,,,60,1,44,44,12,,,,,,,,
A000000224104,361,4.7,44,48,8,31,,,67,2,21,48,32,,,,,,,,
A000000224110,1618,4.8,49,45,5,34,,,65,1,25,44,30,,,,,,,,
A000000224120,80,4.8,59,34,6,25,,,71,4,19,38,43,,,,,,,,
A000000224124,655,4.9,49,45,5,19,,,80,1,14,45,42,,,,,,,,
A000000224140,3722,4.8,51,28,21,27,70,1,72,1,,,,,,,,,,,
A000000224141,876,4.7,38,58,4,25,70,4,75,1,,,,,,,,,,,
A000000224142,314,4.9,32,67,1,18,79,1,81,1,,,,,,,,,,,
A000000224158,117,5,52,38,9,3,96,0,97,0,,,,,,,,,,,
A000000224163,54,4.8,59,39,2,31,76,0,69,0,,,,,,,,,,,
A000000224171,42,5,33,55,12,12,90,0,88,0,,,,,,,,,,,
A000000224235,3677,4.8,53,20,27,15,,,84,1,78,19,3,,,,,,,,
A000000224241,82,4.7,45,50,5,23,,,74,2,39,56,5,,,,,,,,
A000000224244,397,4.9,52,33,15,7,,,93,1,31,52,17,,,,,,,,
A000000224245,19,4.9,12,76,12,6,76,0,94,0,,,,,,,,,,,
A000000224249,125,4.8,44,52,3,12,,,88,0,14,83,3,,,,,,,,
A000000224260,135,4.9,67,33,0,48,56,0,52,0,,,,,,,,,,,
A000000224289,897,4.7,47,46,6,27,66,3,72,1,,,,,,,,,,,
A000000224329,4762,4.8,56,27,17,25,,,73,1,64,35,1,,,,,,,,
A000000224343,88,4.8,52,48,0,19,,,81,0,11,48,41,,,,,,,,
A000000224344,24,4.8,57,43,0,21,,,71,7,50,50,0,,,,,,,,
A000000224398,272,4.8,61,36,3,27,,,71,2,19,47,34,,,,,,,,
A000000224418,71,4.8,59,39,1,37,63,0,62,1,,,,,,,,,,,
A000000224475,331,4.7,47,41,12,28,66,1,71,1,,,,,,,,,,,
A000000224488,426,4.7,64,26,10,32,,,67,1,67,31,2,,,,,,,,
A000000224494,5421,4.7,51,28,22,25,,,73,2,64,34,3,,,,,,,,
A000000224531,43,4.7,28,53,19,35,67,0,65,0,,,,,,,,,,,
A000000224539,665,4.7,52,42,6,26,60,4,72,2,,,,,,,,,,,
A000000224552,3061,4.9,53,37,10,15,,,84,1,13,34,53,,,,,,,,
A000000224647,272,4.8,50,47,3,27,,,71,2,13,58,29,,,,,,,,
A000000224657,4149,4.8,50,43,7,30,69,2,67,3,,,,,,,,,,,
A000000224658,2866,4.8,49,34,17,28,69,2,69,2,,,,,,,,,,,
A000000224687,27,5,56,37,7,4,,,93,4,15,48,37,,,,,,,,
A000000224690,26,5,54,38,8,15,,,85,0,15,35,50,,,,,,,,
A000000224691,40,5,50,33,18,5,,,93,3,20,57,23,,,,,,,,
A000000224692,50,5,38,48,14,4,,,94,2,18,36,46,,,,,,,,
A000000224734,1350,4.9,44,49,7,21,80,0,78,0,,,,,,,,,,,
A000000224767,259,4.9,53,42,5,19,79,0,81,1,,,,,,,,,,,
A000000224826,437,4.7,49,36,15,31,70,2,65,4,,,,,,,,,,,
A000000224844,14364,4.8,54,42,4,25,,,74,1,25,75,0,,,,,,,,
A000000224845,346,4.8,58,34,8,36,,,42,22,4,26,70,,,,,,,,
A000000224857,28,4.6,68,14,18,46,71,4,46,7,,,,,,,,,,,
A000000224862,11,4.9,55,18,27,27,,,64,9,27,9,64,,,,,,,,
A000000224882,4152,4.7,59,31,10,28,,,31,42,19,32,49,,,,,,,,
A000000224979,4092,4.8,47,42,10,20,77,2,79,1,,,,,,,,,,,
A000000225003,8205,4.8,50,40,10,26,71,1,73,1,,,,,,,,,,,
A000000225015,5378,4.7,40,57,4,23,73,3,76,1,,,,,,,,,,,
A000000225072,1744,4.7,48,47,5,30,,,68,1,19,51,30,,,,,,,,
A000000225178,258,4.8,58,35,7,21,,,76,3,17,34,48,,,,,,,,
A000000225192,109,4.9,46,48,6,14,87,0,86,0,,,,,,,,,,,
A000000225216,1233,4.8,53,40,7,33,,,65,1,25,49,26,,,,,,,,
A000000225217,14102,4.8,56,22,22,47,,,44,9,34,22,45,,,,,,,,
A000000225222,9,4.9,11,22,67,11,78,0,89,0,,,,,,,,,,,
A000000225224,6786,4.7,63,20,17,37,75,0,62,1,,,,,,,,,,,
A000000225243,1898,4.8,55,35,10,32,,,64,3,30,45,25,,,,,,,,
A000000225264,153,4.5,,,,45,60,5,,,,,,,3,52,3,53,,,
A000000225284,5263,4.8,50,42,8,25,74,1,75,1,,,,,,,,,,,
A000000225447,12,4.9,92,8,0,25,,,75,0,17,75,8,,,,,,,,
A000000225460,12,4.6,58,42,0,42,,,58,0,25,42,33,,,,,,,,
A000000225481,440,4.8,46,46,8,16,,,83,1,17,82,1,,,,,,,,
A000000225573,4706,4.7,50,36,14,33,62,4,65,1,,,,,,,,,,,
A000000225592,219,4.6,62,29,9,40,,,57,3,24,33,42,,,,,,,,
A000000225602,5996,4.9,89,9,1,6,,,93,0,60,21,20,,,,,,,,
A000000225604,819,4.8,57,36,7,31,,,47,22,23,37,40,,,,,,,,
A000000225616,1829,4.9,55,25,20,17,,,82,1,50,49,1,,,,,,,,
A000000225618,1035,5,51,32,17,3,96,0,96,0,,,,,,,,,,,
A000000225699,109,4.7,45,50,6,34,,,65,1,21,50,28,,,,,,,,
A000000225808,655,4.7,47,36,17,27,69,2,69,3,,,,,,,,,,,
A000000225845,65,4.7,58,29,12,31,,,68,2,29,34,37,,,,,,,,
A000000225849,48,4.4,52,8,40,27,,,63,10,77,17,6,,,,,,,,
A000000225891,283,4.9,43,52,5,18,83,0,82,0,,,,,,,,,,,
A000000225901,510,4.9,49,36,16,17,80,0,83,0,,,,,,,,,,,
A000000225909,29,5,24,66,10,10,,,90,0,14,86,0,,,,,,,,
A000000226086,20466,4.8,50,41,10,28,,,70,2,24,75,1,,,,,,,,
A000000226201,5610,4.8,40,49,11,27,,,69,4,21,45,34,,,,,,,,
A000000226471,680,4.7,45,48,7,28,,,69,3,26,57,17,,,,,,,,
A000000226498,22727,4.7,42,53,5,26,,,73,1,21,55,23,,,,,,,,
A000000226524,558,4.9,59,33,9,23,,,69,8,13,30,58,,,,,,,,
A000000226568,168,4.8,54,40,6,32,,,65,2,18,22,60,,,,,,,,
A000000226724,26,4.7,75,25,0,25,,,75,0,81,19,0,,,,,,,,
A000000226844,15,4.8,73,20,7,20,,,73,7,7,0,93,,,,,,,,
A000000226952,361,4.8,49,49,3,38,,,62,0,26,46,28,,,,,,,,
A000000227068,344,4.9,54,37,9,8,92,0,92,0,,,,,,,,,,,
A000000227070,2729,4.9,60,30,11,16,80,1,83,1,,,,,,,,,,,
A000000227093,899,5,34,60,6,11,,,89,1,11,83,6,,,,,,,,
A000000227174,10779,4.9,46,45,9,31,62,3,66,3,,,,,,,,,,,
A000000227188,72,4.8,67,19,14,25,78,1,71,4,,,,,,,,,,,
A000000227191,359,4.9,47,48,6,13,87,0,87,0,,,,,,,,,,,
A000000227218,93,5,35,57,8,4,97,0,96,0,,,,,,,,,,,
A000000227239,52,4.8,46,48,6,25,,,65,10,17,46,37,,,,,,,,
A000000227278,6552,5,42,51,7,5,,,95,1,19,76,5,,,,,,,,
A000000227322,275,4.6,61,16,23,36,56,6,62,1,,,,,,,,,,,
A000000227396,382,4.8,15,85,0,38,,,38,23,0,15,85,,,,,,,,
A000000227405,41,4.6,61,29,10,41,,,54,5,24,22,54,,,,,,,,
A000000227409,30,4.4,57,37,7,17,,,63,20,7,30,63,,,,,,,,
A000000227458,175,4.7,53,42,6,30,,,68,2,19,50,31,,,,,,,,
A000000227932,523,5,47,36,18,7,,,93,1,52,47,1,,,,,,,,
A000000227933,847,4.8,56,34,10,19,81,0,81,1,,,,,,,,,,,
A000000227984,33,4.8,39,30,30,39,,,45,15,58,42,0,,,,,,,,
A000000228068,153,4.5,42,54,4,16,86,1,82,1,,,,,,,,,,,
A000000228080,4,5,0,100,0,0,100,0,100,0,,,,,,,,,,,
A000000228253,136,5,40,52,7,24,,,75,1,20,54,26,,,,,,,,
A000000228256,299,4.6,63,18,20,43,,,52,5,47,27,26,,,,,,,,
A000000228260,91,4.7,44,53,3,26,,,73,1,14,60,25,,,,,,,,
A000000228263,43,4.6,60,33,7,53,53,0,47,0,,,,,,,,,,,
A000000228328,260,4.8,50,43,7,33,,,67,0,30,49,21,,,,,,,,
A000000228438,491,4.7,55,35,10,25,42,11,73,2,,,,,,,,,,,
A000000228575,491,4.7,49,47,4,25,56,4,74,0,,,,,,,,,,,
A000000228580,1843,4.8,55,38,8,26,,,73,1,20,52,28,,,,,,,,
A000000228603,79,4.8,44,50,6,24,,,69,6,14,79,6,,,,,,,,
A000000228804,6207,4.7,59,22,19,29,,,69,1,76,23,1,,,,,,,,
A000000228888,60,4.7,57,23,20,23,,,77,0,78,22,0,,,,,,,,
A000000228893,25,4.7,48,40,12,36,60,8,64,0,,,,,,,,,,,
A000000228895,99,4.8,38,58,4,19,,,80,1,11,54,35,,,,,,,,
A000000228896,42,4.9,62,29,10,12,,,88,0,2,24,74,,,,,,,,
A000000228904,17,4.8,53,41,6,18,,,76,6,29,59,12,,,,,,,,
A000000229094,2905,4.9,49,45,6,36,,,63,1,31,59,10,,,,,,,,
A000000229150,865,4.9,62,22,16,30,78,0,70,1,,,,,,,,,,,
A000000229155,246,4.7,56,38,6,36,64,2,63,2,,,,,,,,,,,
A000000229191,30,4.7,61,26,13,29,,,71,0,13,23,65,,,,,,,,
A000000229202,163,4.6,37,58,5,0,100,0,100,0,,,,,,,,,,,
A000000229204,383,4.8,52,43,5,25,,,72,2,27,47,27,,,,,,,,
A000000229219,12,4.3,42,58,0,50,,,50,0,33,50,17,,,,,,,,
A000000229220,21,4.6,67,24,10,43,,,52,5,33,33,33,,,,,,,,
A000000229221,497,4.8,63,31,6,35,,,61,4,26,39,35,,,,,,,,
A000000229225,67,4.7,46,7,46,52,,,33,15,81,16,3,,,,,,,,
A000000229312,2527,4.8,49,40,11,17,,,82,1,24,58,18,,,,,,,,
A000000229321,682,5,47,47,6,10,90,0,90,0,,,,,,,,,,,
A000000229350,66,5,47,47,6,36,,,58,6,3,36,61,,,,,,,,
A000000229364,178,4.9,39,50,11,6,94,1,93,1,,,,,,,,,,,
A000000229379,855,4.9,51,39,10,9,88,2,90,1,,,,,,,,,,,
A000000229380,2309,5,55,37,8,8,89,0,92,0,,,,,,,,,,,
A000000229398,280,4.9,53,37,10,13,80,0,87,0,,,,,,,,,,,
A000000229422,126,4.6,70,23,7,22,,,77,2,30,23,46,,,,,,,,
A000000229437,1499,4.9,48,38,14,26,72,1,72,2,,,,,,,,,,,
A000000229445,5101,4.8,52,13,35,20,,,79,1,83,14,3,,,,,,,,
A000000229464,1235,5,45,48,8,12,,,87,1,17,80,3,,,,,,,,
A000000229480,51435,4.8,57,31,13,39,,,33,28,27,37,36,,,,,,,,
A000000229481,28407,4.9,44,50,6,19,,,78,2,16,65,18,,,,,,,,
A000000229489,6,4.8,33,67,0,67,,,33,0,33,33,33,,,,,,,,
A000000229490,1545,4.9,48,48,5,18,,,81,1,14,66,19,,,,,,,,
A000000229494,45,4.6,50,43,7,32,,,57,11,21,39,39,,,,,,,,
A000000229502,207,5,60,29,10,14,,,85,1,22,54,24,,,,,,,,
A000000229503,481,4.9,47,48,5,19,,,79,3,11,66,23,,,,,,,,
A000000229511,89,4.7,53,37,10,18,,,81,1,43,55,2,,,,,,,,
A000000229520,1169,4.9,47,46,7,26,,,73,1,15,38,47,,,,,,,,
A000000229522,1168,4.7,54,31,15,28,,,70,2,37,42,21,,,,,,,,
A000000229523,698,4.6,58,31,12,29,,,69,1,31,30,39,,,,,,,,
A000000229536,32,4.8,63,28,9,25,72,0,75,0,,,,,,,,,,,
A000000229540,0,0,0,0,0,0,0,0,0,0,,,,,,,,,,,
A000000229592,601,4.8,49,37,13,23,73,1,76,1,,,,,,,,,,,
A000000229597,103,5,50,42,9,11,,,89,0,13,44,44,,,,,,,,
A000000229619,165,4.9,42,50,8,18,80,1,82,0,,,,,,,,,,,
A000000229623,54,4.9,63,26,11,15,78,0,83,2,,,,,,,,,,,
A000000229624,45,5,31,60,9,2,91,2,96,2,,,,,,,,,,,
A000000229644,1461,5,51,43,6,11,,,89,1,13,46,41,,,,,,,,
A000000229663,1340,5,45,47,8,7,93,0,93,0,,,,,,,,,,,
A000000229687,112,4.9,48,46,6,10,94,1,89,1,,,,,,,,,,,
A000000229789,6545,4.8,58,34,8,28,,,70,2,22,29,49,,,,,,,,
A000000229790,6545,4.8,61,32,7,30,,,68,2,22,28,50,,,,,,,,
A000000229803,317,4.9,69,20,11,10,85,1,89,1,,,,,,,,,,,
A000000229927,137,4.9,45,53,2,18,81,1,81,1,,,,,,,,,,,
A000000229951,1,4,100,0,0,0,,,100,0,100,0,0,,,,,,,,
A000000229952,10,5,40,20,40,10,,,70,20,30,30,40,,,,,,,,
A000000229964,742,4.9,45,49,6,16,,,84,0,17,82,1,,,,,,,,
A000000230076,11,4.7,58,33,8,25,,,58,17,50,42,8,,,,,,,,
A000000230206,16484,4.8,60,30,11,29,,,69,2,18,22,61,,,,,,,,
A000000230214,622,4.9,48,44,8,18,82,1,82,1,,,,,,,,,,,
A000000230227,151,4.9,44,50,6,15,87,1,85,1,,,,,,,,,,,
A000000230229,500,5,47,43,10,7,92,0,93,0,,,,,,,,,,,
A000000230367,618,4.9,39,56,5,18,,,82,0,11,58,32,,,,,,,,
A000000230447,461,4.9,45,25,31,23,73,0,76,1,,,,,,,,,,,
A000000230503,214,4.9,61,32,6,7,95,0,93,0,,,,,,,,,,,
A000000230576,40,5,57,40,3,35,,,65,0,20,48,33,,,,,,,,
A000000230611,84,4.9,44,46,10,25,82,0,74,1,,,,,,,,,,,
A000000230625,391,4.8,53,24,23,28,61,3,70,2,,,,,,,,,,,
A000000230765,300,4.9,45,49,6,18,,,82,0,45,53,2,,,,,,,,
A000000230854,7209,4.9,51,42,7,12,,,87,1,14,43,43,,,,,,,,
A000000230884,44,4.9,42,53,5,12,91,0,88,0,,,,,,,,,,,
A000000230919,473,4.8,38,56,6,23,60,2,69,8,,,,,,,,,,,
A000000230934,70,4.6,51,41,7,40,,,37,23,13,43,44,,,,,,,,
A000000231062,285,4.7,58,32,10,29,,,68,3,33,38,29,,,,,,,,
A000000231076,2171,4.8,57,38,4,31,,,67,2,22,43,36,,,,,,,,
A000000231078,933,4.6,55,34,11,29,,,69,1,28,36,36,,,,,,,,
A000000231089,34,4.9,56,41,3,29,,,71,0,32,59,9,,,,,,,,
A000000231117,352,4.8,49,25,25,40,,,60,0,38,30,32,,,,,,,,
A000000231221,164,5,53,37,10,9,93,0,91,0,,,,,,,,,,,
A000000231293,5340,4.8,60,33,7,39,,,57,4,19,26,55,,,,,,,,
A000000231352,714,4.8,62,31,7,24,,,76,0,53,46,1,,,,,,,,
A000000231353,449,5,43,41,16,8,91,0,92,0,,,,,,,,,,,
A000000231366,130,4.9,52,40,9,12,,,87,1,57,41,2,,,,,,,,
A000000231453,162,4.8,40,32,28,15,,,83,2,56,41,2,,,,,,,,
A000000231454,136,4.8,48,31,21,13,,,85,1,23,61,16,,,,,,,,
A000000231545,4080,4.9,73,21,7,16,,,83,1,34,32,33,,,,,,,,
A000000231778,505,4.8,46,45,9,21,,,77,3,58,42,0,,,,,,,,
A000000231779,889,4.8,52,42,7,30,,,67,3,55,43,3,,,,,,,,
A000000231799,1340,4.9,57,33,10,18,,,81,1,28,39,33,,,,,,,,
A000000231822,15799,4.8,45,17,38,21,,,78,1,64,25,11,,,,,,,,
A000000231830,20,4.6,45,50,5,20,85,0,80,0,,,,,,,,,,,
A000000231832,2727,4.8,46,18,37,23,,,76,1,32,67,1,,,,,,,,
A000000231884,11268,4.8,48,39,13,23,,,76,1,24,76,0,,,,,,,,
A000000231894,16931,4.8,48,45,7,29,,,70,1,29,66,4,,,,,,,,
A000000231908,436,4.6,56,38,6,42,,,42,16,18,28,54,,,,,,,,
A000000231940,444,4.9,55,29,16,27,61,4,72,1,,,,,,,,,,,
A000000231970,62,4.9,63,27,10,32,,,68,0,74,24,2,,,,,,,,
A000000232030,3658,4.7,45,48,7,24,,,75,1,28,53,19,,,,,,,,
A000000232047,537,4.8,47,41,12,25,,,74,1,45,53,2,,,,,,,,
A000000232051,83,4.7,55,39,6,41,55,2,59,0,,,,,,,,,,,
A000000232053,12493,4.7,61,30,9,36,65,1,63,1,,,,,,,,,,,
A000000232070,151,4.9,33,50,17,33,,,67,0,50,50,0,,,,,,,,
A000000232212,51367,4.8,54,34,12,39,,,37,24,26,39,34,,,,,,,,
A000000232213,29055,4.9,44,50,6,24,,,73,3,19,64,17,,,,,,,,
A000000232318,2335,4.9,41,48,11,23,76,1,76,1,,,,,,,,,,,
A000000232355,2,5,50,50,0,100,,,0,0,0,0,100,,,,,,,,
A000000232357,518,4.8,60,27,13,52,,,29,18,18,17,65,,,,,,,,
A000000232379,58,4.9,47,47,7,17,83,0,83,0,,,,,,,,,,,
A000000232382,386,4.6,63,30,8,45,,,40,15,17,20,63,,,,,,,,
A000000232436,14666,4.7,57,24,19,28,,,70,2,79,20,1,,,,,,,,
A000000232438,5594,4.7,57,31,12,34,,,64,3,26,23,50,,,,,,,,
A000000232476,68,4.9,59,35,6,37,,,41,22,26,46,28,,,,,,,,
A000000232477,41,4.8,44,46,10,37,,,41,22,32,49,20,,,,,,,,
A000000232547,155,4.9,48,39,13,13,,,83,4,13,65,22,,,,,,,,
A000000232672,14841,4.9,37,50,13,11,89,0,88,1,,,,,,,,,,,
A000000232723,3603,4.8,43,52,5,28,72,0,71,2,,,,,,,,,,,
A000000232725,12308,4.8,38,58,4,28,69,2,69,2,,,,,,,,,,,
A000000232734,898,5,38,52,10,8,,,92,0,18,81,2,,,,,,,,
A000000232884,6553,5,49,41,10,8,91,0,92,0,,,,,,,,,,,
A000000232910,6852,4.8,63,28,9,39,,,55,6,24,29,47,,,,,,,,
A000000232955,164,4.9,,,,,,,,,,,,,,,,,,,
A000000232961,295,4.8,53,42,5,34,,,65,1,35,62,3,,,,,,,,
A000000232962,116,4.6,68,22,9,40,,,59,2,18,22,59,,,,,,,,
A000000232963,261,4.7,58,26,16,38,,,61,1,51,30,19,,,,,,,,
A000000232991,4,5,75,25,0,25,,,50,25,50,50,0,,,,,,,,
A000000232994,96,5,28,67,5,1,,,98,1,6,85,8,,,,,,,,
A000000233007,5,4.6,60,20,20,20,80,0,80,0,,,,,,,,,,,
A000000233009,2466,4.9,46,41,13,23,,,73,4,38,54,9,,,,,,,,
A000000233086,739,4.8,53,34,13,24,,,75,1,25,74,1,,,,,,,,
A000000233117,0,0,0,0,0,0,0,0,0,0,,,,,,,,,,,
A000000233193,339,4.8,55,37,7,36,,,61,3,18,43,39,,,,,,,,
A000000233328,1338,4.9,45,52,4,29,,,70,1,18,58,24,,,,,,,,
A000000233336,5678,5,48,43,9,5,,,94,0,37,61,3,,,,,,,,
A000000233390,3298,4.8,55,39,6,33,,,66,1,26,46,28,,,,,,,,
A000000233463,35,4.7,54,46,0,23,,,77,0,9,57,34,,,,,,,,
A000000233590,19,4.9,32,53,16,32,58,0,68,0,,,,,,,,,,,
A000000233720,110,4.8,72,23,5,9,84,1,89,2,,,,,,,,,,,
A000000233771,5276,4.8,45,14,41,23,,,76,1,31,68,1,,,,,,,,
A000000233802,3253,4.9,51,36,13,3,94,1,96,0,,,,,,,,,,,
A000000233882,729,4.8,56,37,7,28,,,70,1,22,51,27,,,,,,,,
A000000234010,16,4.4,56,19,25,81,,,13,6,44,25,31,,,,,,,,
A000000234012,519,4.9,42,50,8,12,,,86,1,12,57,32,,,,,,,,
A000000235050,1038,4.8,56,36,8,38,,,43,19,16,29,55,,,,,,,,
A000000235051,542,4.7,58,32,11,48,,,27,25,18,19,63,,,,,,,,
A000000235109,171,4.9,54,40,6,16,83,0,84,0,,,,,,,,,,,
A000000235161,201,4.8,50,47,3,19,,,80,1,12,76,11,,,,,,,,
A000000235178,3377,4.7,62,26,12,31,,,67,2,42,40,18,,,,,,,,
A000000235179,3144,4.8,46,50,4,29,,,69,2,20,47,33,,,,,,,,
A000000235180,346,4.7,65,27,8,30,,,67,3,33,30,37,,,,,,,,
A000000235247,18363,4.8,47,39,14,22,,,78,1,24,75,1,,,,,,,,
A000000235338,1406,4.9,42,53,5,12,,,87,0,12,86,2,,,,,,,,
A000000235505,4,5,100,0,0,50,50,0,50,0,,,,,,,,,,,
A000000235506,5,5,80,20,0,60,40,0,40,0,,,,,,,,,,,
A000000235580,4705,5,39,52,9,8,,,91,1,14,85,1,,,,,,,,
A000000235912,6811,4.9,55,32,14,10,87,2,89,1,,,,,,,,,,,
A000000235913,3358,4.9,40,52,8,4,96,0,96,0,,,,,,,,,,,
A000000236324,260,4.7,53,32,15,29,,,66,5,25,30,45,,,,,,,,
A000000236420,1946,4.8,57,33,9,45,,,41,14,17,25,59,,,,,,,,
A000000236422,3021,4.8,60,31,9,38,,,60,3,25,26,48,,,,,,,,
A000000236433,4,5,0,100,0,0,,,100,0,0,100,0,,,,,,,,
A000000236434,2,5,100,0,0,50,,,50,0,100,0,0,,,,,,,,
A000000236477,2773,4.8,50,25,25,15,75,15,75,10,,,,,,,,,,,
A000000236501,0,0,0,0,0,0,0,0,0,0,,,,,,,,,,,
A000000236530,73,4.9,59,38,3,18,81,0,82,0,,,,,,,,,,,
A000000236552,114,4.8,57,30,13,18,,,78,4,70,29,1,,,,,,,,
A000000236635,6,5,50,50,0,33,,,67,0,100,0,0,,,,,,,,
A000000236819,1369,4.7,53,41,5,29,64,2,70,1,,,,,,,,,,,
A000000236979,756,4.7,52,45,3,35,64,2,59,6,,,,,,,,,,,
A000000237361,884,5,33,60,7,3,,,97,0,5,81,13,,,,,,,,
A000000237367,203,4.8,59,37,5,34,,,66,0,20,15,66,,,,,,,,
A000000237409,4879,4.8,54,38,9,25,,,74,1,21,53,26,,,,,,,,
A000000237465,4019,4.8,53,37,9,36,,,49,15,13,28,60,,,,,,,,
A000000237568,12,4.9,50,50,0,8,,,92,0,8,33,58,,,,,,,,
A000000237634,6890,4.8,50,39,11,21,,,79,1,25,65,11,,,,,,,,
A000000237728,13412,4.8,55,31,14,24,,,75,1,80,20,0,,,,,,,,
A000000237821,54,4.9,35,63,2,9,,,91,0,4,63,33,,,,,,,,
A000000237831,1884,4.9,31,64,4,11,,,89,0,7,88,4,,,,,,,,
A000000237832,11,4.9,64,36,0,36,64,0,64,0,,,,,,,,,,,
A000000237839,210,4.8,71,23,6,19,78,1,81,0,,,,,,,,,,,
A000000237931,10,4.4,70,20,10,50,,,50,0,20,30,50,,,,,,,,
A000000237951,111,4.9,40,32,28,11,,,86,3,50,44,6,,,,,,,,
A000000238119,1399,4.9,52,42,6,38,,,62,0,34,66,0,,,,,,,,
A000000238174,267,4.7,69,26,5,48,58,5,51,1,,,,,,,,,,,
A000000238244,355,5,41,52,7,7,,,92,1,9,64,27,,,,,,,,
A000000238246,181,5,50,33,17,14,,,84,2,18,48,34,,,,,,,,
A000000238406,12231,4.8,47,38,15,19,,,80,1,19,80,2,,,,,,,,
A000000238509,1,4,100,0,0,100,,,0,0,100,0,0,,,,,,,,
A000000238573,6,4.5,50,50,0,17,,,83,0,17,67,17,,,,,,,,
A000000238744,641,4.9,42,53,5,13,,,87,1,14,81,5,,,,,,,,
A000000239096,15868,4.8,40,56,4,24,,,74,2,20,60,21,,,,,,,,
A000000239651,200,4.8,51,45,5,38,,,61,2,23,42,36,,,,,,,,
A000000239791,512,4.9,55,32,12,12,,,88,0,22,56,23,,,,,,,,
A000000239819,2,4,100,0,0,0,,,100,0,0,100,0,,,,,,,,
A000000239921,1514,4.7,37,59,4,34,,,65,1,25,53,21,,,,,,,,
A000000239955,107,4.9,64,29,7,5,92,0,95,0,,,,,,,,,,,
A000000239958,54,4.9,63,26,11,9,85,2,87,4,,,,,,,,,,,
A000000239993,404,4.8,60,28,12,36,,,24,40,40,12,48,,,,,,,,
A000000240055,3882,5,46,45,8,6,93,0,93,0,,,,,,,,,,,
A000000240071,1,5,0,100,0,0,100,0,100,0,,,,,,,,,,,
A000000240083,44,5,50,48,2,9,91,0,91,0,,,,,,,,,,,
A000000240088,51660,4.8,49,31,20,41,,,32,26,38,32,30,,,,,,,,
A000000240101,662,5,43,52,5,6,93,0,94,0,,,,,,,,,,,
A000000240128,7490,4.7,56,28,17,28,,,70,1,74,25,0,,,,,,,,
A000000240459,572,4.9,49,43,8,6,94,1,94,0,,,,,,,,,,,
A000000240489,35,4.8,59,31,9,25,78,0,75,0,,,,,,,,,,,
A000000240562,6284,5,36,56,9,3,96,0,97,0,,,,,,,,,,,
A000000240991,8375,5,40,54,6,7,,,92,0,15,81,4,,,,,,,,
A000000241358,56,4.9,48,39,13,7,,,93,0,63,34,4,,,,,,,,
A000000241575,71,5,42,41,17,8,,,90,1,23,77,0,,,,,,,,
A000000241852,751,4.9,48,46,6,33,,,66,1,24,50,26,,,,,,,,
A000000242017,1,4,0,0,100,100,,,0,0,100,0,0,,,,,,,,
A000000242222,10,4.6,60,30,10,30,,,70,0,10,90,0,,,,,,,,
A000000242341,2454,4.8,58,37,5,35,,,63,2,27,47,26,,,,,,,,
A000000242494,13,5,25,38,38,13,63,13,88,0,,,,,,,,,,,
A000000242563,4141,4.8,50,45,5,34,,,65,2,21,48,31,,,,,,,,
A000000242565,4388,4.7,56,32,12,27,,,71,2,36,47,17,,,,,,,,
A000000242569,57,4.7,60,19,21,32,,,68,0,67,26,7,,,,,,,,
A000000242582,109,4.8,55,39,6,9,88,1,89,2,,,,,,,,,,,
A000000242584,25,5,76,16,8,8,80,0,92,0,,,,,,,,,,,
A000000242711,61,4.9,39,57,3,15,,,82,3,5,62,33,,,,,,,,
A000000242716,1950,4.8,54,34,12,29,72,1,70,2,,,,,,,,,,,
A000000242719,13722,4.9,51,43,6,26,,,73,1,27,58,15,,,,,,,,
A000000242720,12712,4.9,41,56,3,28,,,71,1,24,73,3,,,,,,,,
A000000242741,424,5,38,55,7,7,92,0,93,0,,,,,,,,,,,
A000000242744,4,5,0,100,0,0,,,100,0,0,100,0,,,,,,,,
A000000242748,13,5,85,0,15,15,,,85,0,77,15,8,,,,,,,,
A000000242876,1121,4.8,60,32,9,43,51,1,57,0,,,,,,,,,,,
A000000243070,797,4.9,40,54,6,21,,,79,0,18,80,1,,,,,,,,
A000000243084,2427,4.9,62,28,11,38,,,59,3,36,35,29,,,,,,,,
A000000243085,169,4.8,33,63,4,13,81,3,85,2,,,,,,,,,,,
A000000243164,1338,4.9,44,54,2,31,,,68,2,21,60,19,,,,,,,,
A000000243435,24483,4.7,52,41,7,34,,,64,2,29,44,28,,,,,,,,
A000000243473,27,4.6,41,56,4,41,,,56,4,22,41,37,,,,,,,,
A000000243477,466,5,38,53,9,7,,,92,1,7,66,27,,,,,,,,
A000000243620,712,4.9,52,44,4,13,,,86,1,16,81,3,,,,,,,,
A000000243677,9823,4.8,52,43,6,38,,,59,3,20,36,44,,,,,,,,
A000000243681,1068,4.8,54,40,6,21,,,75,3,41,59,0,,,,,,,,
A000000243703,3303,4.7,62,30,8,23,73,1,77,0,,,,,,,,,,,
A000000243732,2773,4.9,47,47,6,24,,,75,1,18,52,30,,,,,,,,
A000000243787,15,4.7,67,33,0,53,,,47,0,33,40,27,,,,,,,,
A000000243812,143,4.8,51,44,5,17,82,1,82,1,,,,,,,,,,,
A000000244213,22,4.8,32,64,5,9,,,91,0,18,82,0,,,,,,,,
A000000244286,131,5,56,36,8,16,,,83,1,48,41,11,,,,,,,,
A000000244411,1298,4.8,57,36,7,33,,,66,2,20,37,43,,,,,,,,
A000000244813,97,4.9,38,55,7,9,,,90,1,16,82,1,,,,,,,,
A000000244877,180,4.6,52,34,14,40,50,7,59,1,,,,,,,,,,,
A000000244897,502,4.7,46,45,10,29,,,69,2,24,71,5,,,,,,,,
A000000244899,496,4.6,46,50,5,31,,,66,3,20,67,13,,,,,,,,
A000000244937,16,4.4,38,56,6,19,,,81,0,19,81,0,,,,,,,,
A000000244960,243,5,47,49,5,13,,,87,0,17,78,5,,,,,,,,
A000000244975,139,4.9,55,39,6,14,86,0,86,0,,,,,,,,,,,
A000000245091,7325,4.8,49,45,6,22,,,77,1,29,70,1,,,,,,,,
A000000245095,6026,4.9,48,47,5,22,,,78,0,29,71,0,,,,,,,,
A000000245671,493,4.9,64,27,9,17,76,4,83,0,,,,,,,,,,,
A000000245737,143,4.7,61,14,25,26,,,71,3,81,19,0,,,,,,,,
A000000245740,183,4.8,37,60,4,15,,,83,2,15,83,2,,,,,,,,
A000000245934,879,5,48,45,7,9,,,91,0,11,42,47,,,,,,,,
A000000246123,1293,4.8,53,23,24,43,,,49,9,37,22,42,,,,,,,,
A000000246183,447,5,25,71,4,1,,,96,3,1,96,3,,,,,,,,
A000000246189,532,5,50,48,2,13,,,86,1,8,76,16,,,,,,,,
A000000246194,2822,5,40,55,5,11,,,89,0,30,64,6,,,,,,,,
A000000246219,581,4.8,26,71,3,19,,,80,1,13,85,2,,,,,,,,
A000000246223,562,4.9,55,33,13,15,,,85,0,59,36,4,,,,,,,,
A000000246431,821,4.9,29,67,4,17,,,82,1,16,82,3,,,,,,,,
A000000246575,15,5,33,67,0,13,,,67,20,20,80,0,,,,,,,,
A000000246577,44,4.8,34,66,0,20,,,80,0,20,64,16,,,,,,,,
A000000246578,25,4.6,44,56,0,28,,,72,0,24,52,24,,,,,,,,
A000000246579,23,4.3,65,30,4,61,,,39,0,65,35,0,,,,,,,,
A000000246585,118,5,43,43,13,12,85,2,86,2,,,,,,,,,,,
A000000246588,58,5,64,28,9,14,90,0,86,0,,,,,,,,,,,
A000000246715,140,5,33,64,3,8,92,1,92,0,,,,,,,,,,,
A000000246781,26355,4.8,54,28,17,23,,,77,1,76,23,1,,,,,,,,
A000000246886,13,4.8,8,92,0,31,,,69,0,38,46,15,,,,,,,,
A000000246890,51,4.9,55,33,12,22,,,76,2,24,41,35,,,,,,,,
A000000247092,3549,4.9,48,46,6,15,,,84,1,13,50,37,,,,,,,,
A000000247097,136,4.7,57,33,10,22,,,78,0,25,68,7,,,,,,,,
A000000247181,143,4.7,68,26,6,36,61,3,62,1,,,,,,,,,,,
A000000247184,8527,4.7,57,23,20,31,,,68,1,76,23,1,,,,,,,,
A000000247185,207,4.8,54,38,8,28,,,70,2,45,54,0,,,,,,,,
A000000247196,1156,4.9,53,36,11,23,,,76,1,30,52,18,,,,,,,,
A000000247201,89,4.9,52,39,9,10,,,89,1,51,46,3,,,,,,,,
A000000247239,2892,4.8,50,41,9,22,,,77,1,27,71,2,,,,,,,,
A000000247241,1952,4.7,45,17,38,34,54,6,65,1,,,,,,,,,,,
A000000247242,802,4.6,39,13,48,37,44,9,60,3,,,,,,,,,,,
A000000247577,14,4.9,71,29,0,36,,,64,0,79,21,0,,,,,,,,
A000000247674,85,4.8,55,41,4,13,88,0,87,0,,,,,,,,,,,
A000000247686,413,4.9,47,44,8,13,,,86,1,10,50,40,,,,,,,,
A000000247691,3826,4.8,55,25,20,24,,,75,1,62,28,11,,,,,,,,
A000000247698,1047,4.7,63,13,24,33,60,3,65,2,,,,,,,,,,,
A000000247719,614,4.8,44,43,14,26,73,1,72,2,,,,,,,,,,,
A000000247732,13299,4.8,43,41,16,22,,,76,2,21,78,1,,,,,,,,
A000000247770,23503,4.8,35,61,5,18,,,81,1,18,79,2,,,,,,,,
A000000247857,4986,4.7,58,33,9,26,72,2,73,1,,,,,,,,,,,
A000000247862,529,4.9,46,49,4,12,86,2,86,2,,,,,,,,,,,
A000000247874,8713,4.8,66,22,12,35,56,3,63,2,,,,,,,,,,,
A000000247878,4587,4.8,48,32,20,28,70,1,70,2,,,,,,,,,,,
A000000247909,610,4.9,55,39,6,20,77,2,80,0,,,,,,,,,,,
A000000248024,4097,4.5,57,30,14,34,58,7,63,3,,,,,,,,,,,
A000000248051,1421,4.8,59,32,9,21,,,78,1,19,31,50,,,,,,,,
A000000248065,3481,4.7,58,29,12,29,63,2,70,1,,,,,,,,,,,
A000000248097,133,4.9,46,48,6,8,,,92,0,22,77,1,,,,,,,,
A000000248120,135,4.9,51,46,3,30,,,68,1,32,50,18,,,,,,,,
A000000248128,422,4.9,49,38,13,11,85,1,89,0,,,,,,,,,,,
A000000248202,230,5,52,44,4,2,,,98,0,20,77,3,,,,,,,,
A000000248223,127,4.5,78,0,22,30,65,9,65,4,,,,,,,,,,,
A000000248224,252,4.9,60,35,4,21,75,0,79,0,,,,,,,,,,,
A000000248225,1147,4.6,53,33,13,30,54,5,68,3,,,,,,,,,,,
A000000248226,2346,4.6,58,32,11,31,64,3,67,2,,,,,,,,,,,
A000000248227,1986,4.8,46,47,7,25,58,6,73,2,,,,,,,,,,,
A000000248243,5,5,20,60,20,60,,,20,20,20,60,20,,,,,,,,
A000000248278,197,4.6,75,25,0,100,25,0,0,0,,,,,,,,,,,
A000000248280,810,4.8,53,30,17,35,70,2,62,3,,,,,,,,,,,
A000000248281,20,4.5,60,25,15,60,45,5,40,0,,,,,,,,,,,
A000000248305,567,4.6,71,21,8,38,54,13,33,29,,,,,,,,,,,
A000000248374,296,5,48,45,7,9,,,91,1,8,85,7,,,,,,,,
A000000248399,64,4.9,39,45,16,8,,,88,5,13,78,9,,,,,,,,
A000000248402,342,4.6,53,23,24,30,,,65,6,73,21,5,,,,,,,,
A000000248500,523,4.7,45,40,15,23,,,73,4,54,44,2,,,,,,,,
A000000248502,43,4.9,65,19,16,19,81,0,81,0,,,,,,,,,,,
A000000248548,4210,4.8,47,39,14,36,47,8,55,9,,,,,,,,,,,
A000000248549,2,5,100,0,0,0,100,0,50,50,,,,,,,,,,,
A000000248560,131,4.8,70,27,2,31,66,2,67,2,,,,,,,,,,,
A000000248564,20,4.5,85,10,5,40,55,5,55,5,,,,,,,,,,,
A000000248575,3,5,33,67,0,100,,,0,0,67,33,0,,,,,,,,
A000000248581,8,5,63,38,0,13,,,88,0,0,25,75,,,,,,,,
A000000248582,4,4.8,75,25,0,25,,,75,0,0,50,50,,,,,,,,
A000000248589,4618,5,47,46,7,8,,,91,1,18,74,8,,,,,,,,
A000000248590,407,4.8,64,31,6,36,59,3,63,1,,,,,,,,,,,
A000000248619,876,4.5,56,37,7,37,51,9,56,7,,,,,,,,,,,
A000000248689,7,5,14,71,14,0,,,100,0,0,86,14,,,,,,,,
A000000248700,6983,5,46,44,10,7,,,92,1,34,64,3,,,,,,,,
A000000248736,180,4.5,50,47,3,33,64,4,64,3,,,,,,,,,,,
A000000248772,415,4.8,55,24,21,34,64,1,65,1,,,,,,,,,,,
A000000248777,4920,4.8,54,26,20,35,55,3,64,1,,,,,,,,,,,
A000000248778,274,4.6,64,22,13,44,47,4,53,2,,,,,,,,,,,
A000000248920,51,4.8,53,22,25,16,78,4,84,0,,,,,,,,,,,
A000000248934,0,0,0,0,0,0,,,0,0,0,0,0,,,,,,,,
A000000248986,261,4.8,62,30,8,14,,,84,1,68,31,1,,,,,,,,
A000000248988,37,4.9,44,44,11,6,,,92,3,50,50,0,,,,,,,,
A000000248990,44,4.8,50,20,30,18,,,82,0,59,39,2,,,,,,,,
A000000248991,47,4.8,51,38,11,21,,,77,2,38,28,34,,,,,,,,
A000000249099,8,4.1,50,38,13,25,,,75,0,50,38,13,,,,,,,,
A000000249153,1168,4.8,54,30,16,25,,,73,2,54,33,13,,,,,,,,
A000000249167,11,4.7,55,45,0,9,,,91,0,9,55,36,,,,,,,,
A000000249421,6647,4.7,54,29,17,24,,,75,1,56,37,6,,,,,,,,
A000000249451,1386,4.8,51,37,12,31,76,1,67,2,,,,,,,,,,,
A000000249452,439,4.8,55,26,19,34,74,1,63,3,,,,,,,,,,,
A000000249473,2085,4.8,59,37,4,33,,,67,0,33,43,24,,,,,,,,
A000000249582,254,4.7,59,15,26,27,,,71,2,78,21,1,,,,,,,,
A000000249648,1446,4.8,53,35,12,16,,,83,1,33,29,38,,,,,,,,
A000000249664,255,5,40,53,7,7,94,0,93,0,,,,,,,,,,,
A000000249672,1138,5,50,45,5,7,,,92,1,13,73,14,,,,,,,,
A000000249726,2926,4.6,58,25,17,35,54,6,63,2,,,,,,,,,,,
A000000249735,101,4.7,61,34,5,36,,,62,2,33,27,41,,,,,,,,
A000000249802,7472,4.7,57,24,18,40,70,1,53,7,,,,,,,,,,,
A000000249803,9468,4.7,59,21,20,32,,,67,1,56,29,15,,,,,,,,
A000000249864,271,4.9,45,48,7,12,89,0,88,0,,,,,,,,,,,
A000000249969,3766,4.7,63,18,19,32,,,66,2,75,22,3,,,,,,,,
A000000250099,607,4.8,58,30,12,30,,,62,8,57,39,4,,,,,,,,
A000000250104,263,4.8,53,38,8,19,,,80,1,55,38,6,,,,,,,,
A000000250105,3545,4.6,47,14,39,37,,,48,15,75,18,7,,,,,,,,
A000000250108,106,4.7,66,34,0,18,75,4,79,3,,,,,,,,,,,
A000000250129,883,4.9,49,41,10,27,73,2,72,1,,,,,,,,,,,
A000000250199,2700,4.8,60,30,10,42,,,41,16,21,24,55,,,,,,,,
A000000250209,840,4.8,59,37,4,39,,,54,6,35,41,24,,,,,,,,
A000000250211,872,4.7,48,38,14,24,,,52,24,81,14,5,,,,,,,,
A000000250225,2884,4.9,58,36,6,10,,,89,1,31,63,6,,,,,,,,
A000000250253,6563,4.8,55,30,15,30,,,68,1,55,34,11,,,,,,,,
A000000250281,275,5,49,28,22,4,,,95,1,66,33,1,,,,,,,,
A000000250317,102,4.9,45,44,11,15,89,0,85,0,,,,,,,,,,,
A000000250344,10288,4.8,60,29,11,39,,,57,4,25,23,51,,,,,,,,
A000000250345,1084,4.8,62,27,10,47,,,37,16,22,19,59,,,,,,,,
A000000250346,1831,4.9,50,45,5,26,,,73,1,23,62,15,,,,,,,,
A000000250419,827,4.7,52,22,26,28,61,7,71,1,,,,,,,,,,,
A000000250429,39,4.1,54,36,10,36,44,26,59,5,,,,,,,,,,,
A000000250430,23,4.8,70,13,17,35,65,0,61,4,,,,,,,,,,,
A000000250450,291,4.9,49,39,12,17,82,0,83,0,,,,,,,,,,,
A000000250476,6664,4.8,50,41,9,22,,,78,1,24,74,1,,,,,,,,
A000000250489,901,4.8,37,14,49,23,65,3,77,0,,,,,,,,,,,
A000000250531,469,5,49,27,24,7,,,93,0,73,27,1,,,,,,,,
A000000250593,1392,4.8,55,29,16,28,,,69,3,60,37,2,,,,,,,,
A000000250666,6879,4.8,44,15,40,22,,,77,1,33,66,1,,,,,,,,
A000000250767,3115,4.6,53,29,18,32,63,3,66,2,,,,,,,,,,,
A000000250773,6727,4.8,57,32,11,32,,,64,3,24,55,21,,,,,,,,
A000000250859,6406,4.8,55,18,27,28,,,71,1,80,18,2,,,,,,,,
A000000251060,166,4.8,51,43,5,37,58,1,63,0,,,,,,,,,,,
A000000251120,127,4.9,54,6,40,20,,,79,1,64,21,14,,,,,,,,
A000000251173,2451,4.8,56,21,22,31,,,67,1,80,18,2,,,,,,,,
A000000251222,495,4.7,42,12,46,33,,,65,2,66,24,10,,,,,,,,
A000000251229,9501,4.8,50,41,9,29,,,69,1,24,75,1,,,,,,,,
A000000251276,2941,4.9,48,45,6,21,,,78,1,25,74,1,,,,,,,,
A000000251318,2244,4.9,32,66,3,28,,,69,3,14,82,4,,,,,,,,
A000000251364,709,4.9,56,31,13,38,,,41,21,19,34,47,,,,,,,,
A000000251844,1196,5,55,39,5,5,,,95,0,22,76,2,,,,,,,,
A000000251852,488,4.8,40,48,12,15,79,3,83,2,,,,,,,,,,,
A000000251899,12,4.4,42,58,0,25,,,75,0,8,67,25,,,,,,,,
A000000251918,244,4.4,57,31,11,25,63,5,70,5,,,,,,,,,,,
A000000251952,226,4.8,19,69,12,4,91,2,95,1,,,,,,,,,,,
A000000251953,167,4.9,38,56,6,8,92,2,92,0,,,,,,,,,,,
A000000252087,59,4.6,75,17,8,24,64,3,75,2,,,,,,,,,,,
A000000252088,44,4.9,52,20,27,7,89,2,91,2,,,,,,,,,,,
A000000252119,243,4.9,32,62,6,5,,,95,1,16,82,2,,,,,,,,
A000000252128,603,4.7,57,32,10,45,,,41,14,23,28,50,,,,,,,,
A000000252198,100,5,47,48,5,5,,,95,0,22,65,13,,,,,,,,
A000000252249,113,4.7,57,37,6,39,,,58,3,18,30,52,,,,,,,,
A000000252287,84,4.8,55,39,6,14,84,1,86,0,,,,,,,,,,,
A000000252296,3,5,100,0,0,0,,,100,0,100,0,0,,,,,,,,
A000000252310,79,4.8,48,48,4,33,80,0,67,0,,,,,,,,,,,
A000000252450,368,4.8,37,58,5,16,80,1,84,0,,,,,,,,,,,
A000000252606,248,4.8,56,24,20,32,,,68,0,37,40,24,,,,,,,,
A000000252680,4,5,75,25,0,75,25,0,25,0,,,,,,,,,,,
A000000252735,1274,4.9,43,49,8,21,,,78,1,18,79,3,,,,,,,,
A000000252919,1320,4.7,53,41,6,31,57,7,67,3,,,,,,,,,,,
A000000252924,567,4.6,55,35,10,36,55,7,50,14,,,,,,,,,,,
A000000252982,5261,4.8,49,31,20,17,,,82,2,61,39,1,,,,,,,,
A000000253000,1,5,100,0,0,100,,,0,0,100,0,0,,,,,,,,
A000000253005,51,4.8,24,65,12,6,94,2,94,0,,,,,,,,,,,
A000000253006,40,4.9,13,83,5,3,95,0,98,0,,,,,,,,,,,
A000000253026,36,4.8,39,56,6,8,89,3,92,0,,,,,,,,,,,
A000000253103,113,4.7,57,31,12,33,,,64,4,35,65,0,,,,,,,,
A000000253210,142,5,57,40,3,12,91,0,88,0,,,,,,,,,,,
A000000253211,110,5,71,20,9,14,85,0,86,0,,,,,,,,,,,
A000000253295,4277,4.8,51,35,14,31,62,9,62,7,,,,,,,,,,,
A000000253334,11750,4.8,54,28,18,29,58,3,70,2,,,,,,,,,,,
A000000253383,4314,4.8,53,30,17,23,,,77,1,59,41,1,,,,,,,,
A000000253396,134,5,30,63,7,1,99,0,99,0,,,,,,,,,,,
A000000253401,3492,5,47,47,6,13,,,86,1,39,53,8,,,,,,,,
A000000253514,6,4.5,50,50,0,17,83,0,83,0,,,,,,,,,,,
A000000253578,115,4.6,56,15,30,20,,,77,3,84,15,1,,,,,,,,
A000000253613,24,4.7,46,42,13,38,50,8,63,0,,,,,,,,,,,
A000000253622,3221,4.8,57,39,5,34,,,65,1,27,43,30,,,,,,,,
A000000253632,1442,4.9,47,48,5,20,82,0,80,0,,,,,,,,,,,
A000000253724,2375,4.8,58,30,12,27,60,2,72,1,,,,,,,,,,,
A000000254022,19,3.7,68,0,32,53,11,32,37,11,,,,,,,,,,,
A000000254058,51222,4.8,63,23,14,45,,,25,30,34,28,38,,,,,,,,
A000000254063,545,4.8,48,52,0,34,,,66,0,34,48,17,,,,,,,,
A000000254064,6771,4.8,53,34,13,40,,,26,34,34,33,33,,,,,,,,
A000000254065,7654,4.9,48,46,6,35,,,64,1,28,56,16,,,,,,,,
A000000254113,224,4.8,54,39,7,24,73,1,73,3,,,,,,,,,,,
A000000254179,60,4.7,42,23,35,40,70,0,48,12,,,,,,,,,,,
A000000254193,72,4.7,56,32,13,15,83,3,85,0,,,,,,,,,,,
A000000254195,247,4.7,44,54,2,31,69,2,65,3,,,,,,,,,,,
A000000254209,1107,5,52,40,8,12,,,87,1,11,36,53,,,,,,,,
A000000254295,607,4.9,41,45,14,13,,,87,0,30,70,0,,,,,,,,
A000000254331,300,4.9,50,46,4,14,,,84,3,14,45,41,,,,,,,,
A000000254332,420,5,41,57,2,5,,,95,0,8,86,6,,,,,,,,
A000000254337,3266,4.9,48,48,4,21,,,79,1,15,53,32,,,,,,,,
A000000254406,1257,4.8,55,34,11,18,77,4,81,1,,,,,,,,,,,
A000000254438,44,5,55,39,7,36,,,61,2,16,52,32,,,,,,,,
A000000254525,56,4.6,66,34,0,14,75,9,82,4,,,,,,,,,,,
A000000254530,40,5,48,50,3,10,93,0,90,0,,,,,,,,,,,
A000000254533,55,4.8,45,33,22,16,82,4,80,4,,,,,,,,,,,
A000000254535,42,4.2,57,19,24,40,31,19,52,7,,,,,,,,,,,
A000000254543,545,4.9,52,40,8,17,,,83,1,44,54,1,,,,,,,,
A000000254553,53,4.9,62,32,6,34,,,42,25,25,43,32,,,,,,,,
A000000254577,451,4.9,58,34,8,24,75,1,75,1,,,,,,,,,,,
A000000254579,13,4.8,69,23,8,38,54,0,62,0,,,,,,,,,,,
A000000254644,15,4.7,73,27,0,27,,,73,0,13,13,73,,,,,,,,
A000000254646,296,4.7,63,19,19,31,,,67,2,37,30,33,,,,,,,,
A000000254656,84,4.8,67,32,2,51,,,49,0,33,26,40,,,,,,,,
A000000254661,945,4.8,62,33,6,43,,,53,4,25,27,48,,,,,,,,
A000000254663,216,5,58,32,10,1,96,1,97,2,,,,,,,,,,,
A000000254712,2355,4.8,43,43,14,14,,,71,14,14,71,14,,,,,,,,
A000000254719,546,4.8,75,19,6,56,,,13,31,28,13,59,,,,,,,,
A000000254722,10396,4.8,75,19,6,54,,,40,6,36,12,52,,,,,,,,
A000000254723,2595,4.8,61,31,7,48,,,35,17,28,17,55,,,,,,,,
A000000254726,1287,4.8,59,31,10,19,80,2,80,1,,,,,,,,,,,
A000000254728,1524,4.9,35,56,9,2,,,97,0,14,76,10,,,,,,,,
A000000254757,420,5,46,50,4,14,,,85,1,17,72,12,,,,,,,,
A000000254773,300,4.9,43,52,5,18,,,80,2,11,58,31,,,,,,,,
A000000254803,20,4.8,75,15,10,45,,,55,0,30,40,30,,,,,,,,
A000000254852,25,4.3,32,60,8,36,,,64,0,64,36,0,,,,,,,,
A000000254900,15,4.4,67,7,27,53,40,7,47,0,,,,,,,,,,,
A000000254909,25,4.9,56,40,4,20,80,0,80,0,,,,,,,,,,,
A000000255058,133,5,57,35,8,7,95,1,92,1,,,,,,,,,,,
A000000255068,4290,4.7,54,21,25,25,,,72,2,68,29,3,,,,,,,,
A000000255069,74,5,32,59,8,3,,,96,1,19,77,4,,,,,,,,
A000000255124,50918,4.8,53,38,8,26,71,1,72,2,,,,,,,,,,,
A000000255125,14533,4.8,52,40,8,34,62,3,64,2,,,,,,,,,,,
A000000255167,257,4.7,48,33,19,20,,,79,1,62,38,0,,,,,,,,
A000000255227,10038,4.8,53,37,10,29,,,71,1,30,69,1,,,,,,,,
A000000255242,13734,4.8,44,40,16,9,,,91,0,54,46,0,,,,,,,,
A000000255324,21892,4.8,43,53,4,24,,,75,1,26,71,2,,,,,,,,
A000000255386,5208,4.9,49,47,4,34,65,2,65,2,,,,,,,,,,,
A000000255418,419,5,37,55,8,2,,,98,0,7,83,10,,,,,,,,
A000000255430,10627,4.8,51,31,18,15,,,84,1,56,44,1,,,,,,,,
A000000255439,4,5,25,75,0,0,,,100,0,0,100,0,,,,,,,,
A000000255620,26081,4.7,51,42,6,32,,,66,2,29,48,22,,,,,,,,
A000000255624,604,4.9,47,48,5,14,,,84,2,18,63,20,,,,,,,,
A000000255684,720,4.8,58,23,19,39,,,59,2,43,34,23,,,,,,,,
A000000255686,801,4.6,43,53,4,29,,,70,2,19,72,8,,,,,,,,
A000000255701,3563,4.8,51,17,32,25,,,75,0,80,18,3,,,,,,,,
A000000255708,62,5,34,60,6,3,,,97,0,5,94,2,,,,,,,,
A000000255719,1903,4.8,56,33,11,18,,,81,1,27,33,39,,,,,,,,
A000000255786,14278,4.8,52,30,17,29,,,68,3,25,74,1,,,,,,,,
A000000255834,420,4.8,36,61,3,32,,,66,2,25,73,2,,,,,,,,
A000000255843,56,4.8,27,61,13,18,,,82,0,32,68,0,,,,,,,,
A000000255852,4797,5,41,52,7,10,,,89,1,32,60,8,,,,,,,,
A000000256047,4309,4.9,50,39,11,21,,,79,1,26,73,1,,,,,,,,
A000000256049,771,4.8,59,25,16,33,,,66,1,75,24,1,,,,,,,,
A000000256051,684,4.8,47,47,6,24,72,2,73,2,,,,,,,,,,,
A000000256080,267,4.8,33,67,0,17,,,83,0,50,50,0,,,,,,,,
A000000256092,1451,4.8,53,43,3,30,,,70,0,10,23,67,,,,,,,,
A000000256153,6137,4.9,47,45,8,12,,,88,0,19,80,0,,,,,,,,
A000000256388,36,4.9,64,33,3,39,,,61,0,47,33,19,,,,,,,,
A000000257053,9,4.8,44,44,11,44,56,11,56,0,,,,,,,,,,,
A000000257073,1113,5,44,47,8,8,90,1,92,0,,,,,,,,,,,
A000000257096,175,4.5,53,37,10,39,,,57,5,28,52,20,,,,,,,,
A000000257097,1092,4.7,46,32,22,32,63,3,67,1,,,,,,,,,,,
A000000257152,783,4.8,46,48,6,27,,,72,1,20,56,24,,,,,,,,
A000000257200,340,4.9,54,33,13,10,,,89,1,30,69,2,,,,,,,,
A000000257237,128,5,58,37,6,21,,,79,0,29,67,4,,,,,,,,
A000000257268,94,4.7,52,40,7,32,67,5,68,0,,,,,,,,,,,
A000000257287,1,4,0,100,0,0,0,0,100,0,,,,,,,,,,,
A000000257373,1138,4.9,53,26,21,9,,,91,0,63,35,2,,,,,,,,
A000000257377,1282,4.9,48,23,29,18,,,81,2,77,19,3,,,,,,,,
A000000257439,38,4.9,71,18,11,18,79,0,82,0,,,,,,,,,,,
A000000257510,201,4.9,53,42,5,19,82,0,81,0,,,,,,,,,,,
A000000257533,30,4.9,80,10,10,53,50,0,47,0,,,,,,,,,,,
A000000257536,27,5,59,22,19,4,96,0,96,0,,,,,,,,,,,
A000000257580,10959,5,57,27,16,16,86,1,84,1,,,,,,,,,,,
A000000257596,5,4.6,60,40,0,20,80,0,80,0,,,,,,,,,,,
A000000257674,585,5,52,41,7,19,82,1,81,0,,,,,,,,,,,
A000000257676,259,5,59,35,6,3,96,0,97,0,,,,,,,,,,,
A000000257677,101,5,69,19,12,5,91,0,95,0,,,,,,,,,,,
A000000257698,342,4.9,30,67,3,18,,,80,1,15,67,19,,,,,,,,
A000000257709,63,4.8,46,51,3,32,,,67,2,24,54,22,,,,,,,,
A000000257717,108,4.8,49,45,6,6,89,3,93,1,,,,,,,,,,,
A000000257733,61,5,33,33,33,33,33,33,33,33,,,,,,,,,,,
A000000257830,214,5,48,39,14,5,,,95,0,21,79,0,,,,,,,,
A000000258047,22,5,59,36,5,41,,,55,5,36,41,23,,,,,,,,
A000000258189,2,4.5,0,0,100,50,,,50,0,50,50,0,,,,,,,,
A000000258291,5303,4.9,49,39,12,24,,,76,1,29,69,2,,,,,,,,
A000000258297,5303,4.9,55,36,9,28,,,72,0,33,66,0,,,,,,,,
A000000258298,79,4.9,42,51,8,18,,,82,0,24,76,0,,,,,,,,
A000000258445,2319,4.8,57,22,22,17,,,80,2,74,20,7,,,,,,,,
A000000258469,381,4.8,44,49,7,19,,,79,3,24,75,2,,,,,,,,
A000000258472,0,0,0,0,0,0,,,0,0,0,0,0,,,,,,,,
A000000258585,4,5,100,0,0,75,0,0,25,0,,,,,,,,,,,
A000000258594,13,4.2,62,31,8,46,62,8,54,0,,,,,,,,,,,
A000000258649,3659,4.8,63,25,12,26,,,72,2,42,37,21,,,,,,,,
A000000258676,3329,4.8,46,46,7,30,,,69,1,26,41,34,,,,,,,,
A000000258725,10,4.5,40,50,10,40,50,0,60,0,,,,,,,,,,,
A000000258732,6,5,100,0,0,67,33,0,33,0,,,,,,,,,,,
A000000258743,6292,4.8,42,42,16,24,,,74,2,23,76,1,,,,,,,,
A000000258772,2,5,100,0,0,0,,,100,0,50,50,0,,,,,,,,
A000000258824,433,4.7,65,19,16,39,,,59,1,47,34,19,,,,,,,,
A000000258832,454,4.9,52,35,13,20,,,79,1,75,24,2,,,,,,,,
A000000258843,58,4.7,47,52,2,40,64,3,57,3,,,,,,,,,,,
A000000258844,4,4,75,25,0,50,50,0,50,0,,,,,,,,,,,
A000000258877,3420,4.9,62,24,15,33,,,64,3,33,23,44,,,,,,,,
A000000258878,10664,4.8,55,35,10,28,,,71,1,29,68,3,,,,,,,,
A000000258879,1007,4.8,56,36,8,37,,,62,1,33,53,14,,,,,,,,
A000000259024,3,4.3,33,67,0,33,67,33,67,0,,,,,,,,,,,
A000000259069,2913,4.9,56,38,6,30,,,69,1,31,68,1,,,,,,,,
A000000259097,71,5,55,37,8,11,89,0,89,0,,,,,,,,,,,
A000000259164,3434,4.7,50,32,18,37,,,61,3,29,21,50,,,,,,,,
A000000259189,408,4.7,71,24,6,12,,,88,0,76,24,0,,,,,,,,
A000000259216,1,5,0,0,100,100,100,0,0,0,,,,,,,,,,,
A000000259221,2522,4.8,52,43,5,25,,,74,1,25,59,16,,,,,,,,
A000000259223,14253,4.8,58,19,23,45,,,48,7,33,15,52,,,,,,,,
A000000259280,2,5,100,0,0,0,,,100,0,50,50,0,,,,,,,,
A000000259297,357,4.9,50,31,19,21,,,79,0,33,67,0,,,,,,,,
A000000259329,5274,4.8,53,37,10,10,89,0,90,0,,,,,,,,,,,
A000000259488,17051,4.8,61,31,7,6,,,94,0,74,23,2,,,,,,,,
A000000259530,4,4.8,25,25,50,50,50,0,50,0,,,,,,,,,,,
A000000259556,2540,4.8,55,32,13,31,68,0,67,2,,,,,,,,,,,
A000000259573,1237,4.7,53,31,16,28,59,9,66,6,,,,,,,,,,,
A000000259605,385,4.7,58,18,24,36,,,58,6,48,26,26,,,,,,,,
A000000259610,221,4.8,50,48,3,22,76,3,78,0,,,,,,,,,,,
A000000259637,16,4.8,63,38,0,44,44,0,56,0,,,,,,,,,,,
A000000259638,16,4.6,38,44,19,31,63,6,69,0,,,,,,,,,,,
A000000259697,147,4.7,45,46,10,22,,,78,0,31,69,1,,,,,,,,
A000000259752,4,5,75,25,0,0,75,0,100,0,,,,,,,,,,,
A000000259753,21,4.9,62,33,5,19,76,5,76,5,,,,,,,,,,,
A000000259754,5,4.2,40,20,40,0,100,0,100,0,,,,,,,,,,,
A000000259793,14,4.8,64,29,7,43,64,0,57,0,,,,,,,,,,,
A000000259981,4,3.8,100,0,0,75,,,25,0,0,50,50,,,,,,,,
A000000259983,4,5,25,75,0,25,75,0,75,0,,,,,,,,,,,
A000000260216,12,4.9,42,8,50,25,,,75,0,100,0,0,,,,,,,,
A000000260247,314,4.9,51,39,11,16,79,1,83,0,,,,,,,,,,,
A000000260324,30,4.7,57,33,10,20,80,0,77,3,,,,,,,,,,,
A000000260329,22,5,55,36,9,5,,,95,0,9,91,0,,,,,,,,
A000000260346,206,4.9,40,54,6,15,,,84,1,44,50,6,,,,,,,,
A000000260379,0,0,0,0,0,0,0,0,0,0,,,,,,,,,,,
A000000260411,616,5,54,39,7,9,91,0,90,0,,,,,,,,,,,
A000000260412,72,4.8,25,71,4,8,88,3,88,4,,,,,,,,,,,
A000000260413,232,4.9,64,23,13,13,86,0,87,0,,,,,,,,,,,
A000000260414,105,4.9,50,35,14,14,83,2,85,1,,,,,,,,,,,
A000000260574,15401,4.8,49,44,7,14,,,86,0,25,74,1,,,,,,,,
A000000260585,260,4.8,33,17,50,17,,,67,17,67,17,17,,,,,,,,
A000000260600,215,4.8,55,17,28,30,,,69,1,73,22,5,,,,,,,,
A000000261044,0,0,0,0,0,0,,,0,0,0,0,0,,,,,,,,
A000000261245,291,4.9,100,0,0,100,0,0,0,0,,,,,,,,,,,
A000000261321,208,4.9,53,39,7,30,,,67,3,15,34,50,,,,,,,,
A000000261423,18615,4.8,53,32,15,21,,,78,0,27,72,1,,,,,,,,
A000000261437,61,4.8,0,0,100,0,,,100,0,0,0,100,,,,,,,,
A000000261440,150,4.8,0,0,100,0,,,100,0,50,0,50,,,,,,,,
A000000261542,107,4.7,50,50,0,33,,,67,0,0,17,83,,,,,,,,
A000000261548,124,4.8,0,0,0,0,,,0,0,0,0,0,,,,,,,,
A000000261578,255,4.7,38,63,0,13,100,0,88,0,,,,,,,,,,,
A000000261603,559,4.8,36,22,42,15,82,2,84,1,,,,,,,,,,,
A000000261626,2,5,0,100,0,0,,,100,0,0,100,0,,,,,,,,
A000000261680,73,5,60,30,10,7,97,0,93,0,,,,,,,,,,,
A000000261742,951,4.9,51,36,13,16,,,84,1,52,44,4,,,,,,,,
A000000261743,76,4.9,45,38,17,11,,,87,3,32,63,5,,,,,,,,
A000000261744,18,4.9,50,33,17,8,,,92,0,0,67,33,,,,,,,,
A000000261745,6,4.8,67,17,17,17,,,67,17,17,50,33,,,,,,,,
A000000261746,13,4.9,38,15,46,46,,,54,0,85,15,0,,,,,,,,
A000000261830,28,5,54,46,0,4,,,96,0,0,50,50,,,,,,,,
A000000261847,86,4.8,52,14,34,34,,,65,1,93,7,0,,,,,,,,
A000000262383,180,4.5,0,0,0,0,0,0,0,0,,,,,,,,,,,
A000000262647,1,5,100,0,0,0,100,0,100,0,,,,,,,,,,,
A000000263663,5,5,60,20,20,20,80,0,80,0,,,,,,,,,,,
B000000187882,17,4.5,29,53,18,29,,,71,0,6,29,65,,,,,,,,
B000000187885,5,4,60,40,0,60,,,40,0,60,40,0,,,,,,,,
B000000187886,18,4.7,28,67,6,22,,,78,0,17,67,17,,,,,,,,
B000000191866,13,4.7,54,46,0,15,,,85,0,38,62,0,,,,,,,,
B000000236066,23,4.9,39,52,9,13,70,4,87,0,,,,,,,,,,,
B000000248711,22,5,55,36,9,23,,,77,0,36,50,14,,,,,,,,
A000000000150,7564,4.7,62,22,16,42,54,3,52,6,,,,,,,,,,,
A000000000855,1399,4.8,57,30,13,29,66,2,71,0,,,,,,,,,,,
A000000001588,638,4.7,50,39,11,26,,,72,1,40,60,1,,,,,,,,
A000000002326,713,4.8,49,40,11,24,,,76,0,42,58,0,,,,,,,,
A000000002878,3708,4.8,55,14,31,29,55,2,69,2,,,,,,,,,,,
A000000003939,4195,4.8,58,31,11,33,63,2,66,1,,,,,,,,,,,
A000000005485,991,4.5,59,36,5,39,,,57,4,28,43,28,,,,,,,,
A000000005797,4090,4.8,62,28,9,29,73,1,70,1,,,,,,,,,,,
A000000006022,47,4.8,65,17,19,29,79,0,60,10,,,,,,,,,,,
A000000006177,3880,4.8,61,14,26,33,52,2,66,2,,,,,,,,,,,
A000000006181,3284,4.8,50,12,37,50,67,1,35,15,,,,,,,,,,,
A000000006346,95987,4.9,63,27,10,29,75,1,71,1,,,,,,,,,,,
A000000006469,2777,4.7,64,25,11,41,58,2,53,6,,,,,,,,,,,
A000000006570,627,4.8,,,,,,,,,,,,,,,,,,,
A000000006837,4856,4.7,52,17,31,27,44,6,71,2,,,,,,,,,,,
A000000009695,7014,4.5,63,25,12,42,48,6,54,4,,,,,,,,,,,
A000000010048,173,4.7,39,55,6,16,59,5,81,3,,,,,,,,,,,
A000000010476,1192,4.8,62,20,18,27,50,3,70,3,,,,,,,,,,,
A000000010482,3133,4.8,63,20,17,28,66,1,70,2,,,,,,,,,,,
A000000010485,200,4.8,49,38,13,21,,,79,1,48,51,1,,,,,,,,
A000000010497,91480,4.8,54,29,17,35,,,63,2,65,29,6,,,,,,,,
A000000010498,23176,4.8,51,36,14,18,,,81,1,51,48,1,,,,,,,,
A000000010507,7521,4.8,52,37,11,19,,,80,0,48,51,0,,,,,,,,
A000000011073,339,4.7,,,,,,,,,,,,,,,,,,,
A000000011080,225,4.7,,,,,,,,,,,,,,,,,,,
A000000011596,2403,4.8,58,35,7,32,,,68,1,28,46,26,,,,,,,,
A000000013134,9342,4.7,51,42,6,33,,,64,3,29,61,10,,,,,,,,
A000000013302,12052,4.8,60,22,18,38,70,1,59,3,,,,,,,,,,,
A000000013305,7671,4.8,53,39,8,34,70,1,64,2,,,,,,,,,,,
A000000014357,2214,4.7,53,35,12,24,,,75,1,47,52,0,,,,,,,,
A000000014358,4311,4.8,52,35,13,21,,,78,1,48,51,0,,,,,,,,
A000000014686,1904,4.7,39,10,51,32,,,66,2,63,35,2,,,,,,,,
A000000014896,200,4.7,,,,,,,,,,,,,,,,,,,
A000000014960,416,4.8,49,37,14,19,,,79,1,41,58,0,,,,,,,,
A000000015117,233,4.6,44,7,49,38,,,54,8,48,28,24,,,,,,,,
A000000015118,143,4.5,50,15,35,40,,,54,6,43,38,18,,,,,,,,
A000000015119,132,4.6,52,24,24,37,,,58,4,41,40,19,,,,,,,,
A000000015120,435,4.7,58,27,15,35,,,61,5,43,43,14,,,,,,,,
A000000015144,1804,4.5,61,15,24,56,,8,28,20,,,,,,,,,36,,
A000000015244,12306,4.8,56,38,7,36,,,63,1,32,44,24,,,,,,,,
A000000015861,89,4.9,58,23,19,15,90,0,84,1,,,,,,,,,,,
A000000016213,840,4.7,39,56,5,24,,,75,1,16,77,7,,,,,,,,
A000000016269,5119,4.7,55,29,16,22,42,5,76,2,,,,,,,,,,,
A000000016694,2383,4.8,51,39,10,20,,,79,1,43,56,0,,,,,,,,
A000000016697,2696,4.8,54,34,12,21,,,79,1,55,45,1,,,,,,,,
A000000016698,3255,4.8,52,35,13,21,,,79,0,50,49,1,,,,,,,,
A000000016704,937,4.8,52,40,8,20,58,3,79,1,,,,,,,,,,,
A000000016750,1459,4.8,,,,,,,,,,,,,,,,,,,
A000000016881,445,4.6,47,42,10,26,52,7,71,3,,,,,,,,,,,
A000000017045,42,4.6,,,,,,,,,,,,,,,,,,,
A000000017109,10155,4.7,58,13,29,47,,6,23,25,,,,,,,,,47,,
A000000101749,1048,4.6,71,16,12,28,59,3,72,1,,,,,,,,,,,
A000000101981,7,4.3,86,0,14,71,0,0,29,0,,,,,,,,,,,
A000000101991,518,4.7,57,30,13,25,53,3,72,3,,,,,,,,,,,
A000000102704,1693,4.5,55,30,16,43,,,49,8,38,56,6,,,,,,,,
A000000102752,18068,4.9,64,25,10,29,81,1,69,2,,,,,,,,,,,
A000000102967,3015,4.7,59,29,12,41,65,1,54,5,,,,,,,,,,,
A000000103258,2687,4.6,55,33,12,34,,,63,2,54,42,4,,,,,,,,
A000000103765,4495,4.8,40,10,50,49,64,1,46,6,,,,,,,,,,,
A000000104102,832,4.7,34,63,4,24,,,75,1,14,84,2,,,,,,,,
A000000104141,25,4.6,56,20,24,24,56,4,76,0,,,,,,,,,,,
A000000104159,57,4.4,57,38,5,27,,,73,0,32,68,0,,,,,,,,
A000000104777,439,4.7,50,39,12,23,,,75,2,22,76,3,,,,,,,,
A000000104812,1013,4.3,57,14,29,54,,,21,25,57,19,24,,,,,,,,
A000000104939,927,4.8,55,37,8,19,47,3,80,1,,,,,,,,,,,
A000000105753,414,4.7,65,20,15,37,60,1,61,2,,,,,,,,,,,
A000000106577,7204,4.7,45,49,6,26,,,73,1,27,69,4,,,,,,,,
A000000106871,280,4.5,60,29,11,37,46,7,60,3,,,,,,,,,,,
A000000107076,1728,4.6,37,60,3,36,,,61,2,16,81,3,,,,,,,,
A000000107679,11253,4.7,56,31,13,27,65,2,72,1,,,,,,,,,,,
A000000107874,5687,4.6,,,,,,,,,,,,,,,,,,,
A000000110704,234,4.7,48,38,14,24,,,74,2,33,64,3,,,,,,,,
A000000111673,13445,4.7,56,35,10,35,,,62,3,35,64,1,,,,,,,,
A000000111738,18611,4.7,60,30,10,33,,,66,1,51,21,28,,,,,,,,
A000000111913,122,4.6,42,53,4,50,,,46,4,27,65,8,,,,,,,,
A000000112593,2115,4.6,56,26,18,24,64,2,74,1,,,,,,,,,,,
A000000113390,6148,4.5,58,18,23,47,,,38,15,51,29,20,,,,,,,,
A000000113670,29706,4.8,59,31,10,23,52,3,76,1,,,,,,,,,,,
A000000113981,18,4.6,50,35,15,55,40,5,35,10,,,,,,,,,,,
A000000113988,332,4.6,50,46,4,38,,,59,3,13,54,33,,,,,,,,
A000000114090,4945,4.8,52,44,4,34,,,65,1,23,59,18,,,,,,,,
A000000114176,21523,4.8,54,27,19,43,,,51,6,77,22,1,,,,,,,,
A000000114267,2179,4.8,44,7,49,36,74,1,62,2,,,,,,,,,,,
A000000114688,1047,4.8,59,16,24,39,61,2,60,1,,,,,,,,,,,
A000000114705,36,4.5,30,68,3,30,73,0,70,0,,,,,,,,,,,
A000000114711,670,4.9,58,34,8,33,71,0,65,2,,,,,,,,,,,
A000000114996,1523,4.7,61,26,13,30,48,4,68,2,,,,,,,,,,,
A000000115183,3915,4.5,57,15,28,49,,8,30,19,,,,,,,,,44,,
A000000115195,1815,4.7,62,22,16,24,,,75,1,72,27,1,,,,,,,,
A000000115197,143,4.7,57,37,6,18,,,80,2,21,46,33,,,,,,,,
A000000115199,44648,4.8,55,27,19,42,,,52,6,76,23,1,,,,,,,,
A000000115210,3171,4.8,58,17,24,44,59,2,53,3,,,,,,,,,,,
A000000115500,8421,4.7,57,29,15,27,,,72,1,66,33,1,,,,,,,,
A000000115511,84,4.8,40,56,3,20,,,79,1,25,74,1,,,,,,,,
A000000116191,1945,4.4,59,17,24,50,,9,43,10,,,,,,,,,41,,
A000000117163,2371,4.8,50,38,12,23,,,77,0,29,70,0,,,,,,,,
A000000117485,4266,4.7,51,45,4,35,,,64,1,24,58,19,,,,,,,,
A000000117745,1183,4.7,57,33,10,28,52,2,71,1,,,,,,,,,,,
A000000118086,24610,4.6,58,14,29,50,,8,21,26,,,,,,,,,42,,
A000000119642,79,4.7,49,48,3,35,,,65,0,34,58,8,,,,,,,,
A000000119644,118,4.8,50,43,7,41,,,58,1,35,62,3,,,,,,,,
A000000120533,1393,4.8,58,20,22,20,80,1,79,1,,,,,,,,,,,
A000000120688,64827,4.8,54,33,13,28,,,71,1,70,28,2,,,,,,,,
A000000120938,6578,4.8,57,30,13,25,,,73,1,71,28,1,,,,,,,,
A000000121954,5741,4.8,60,28,12,35,61,2,64,1,,,,,,,,,,,
A000000121955,4902,4.8,61,28,11,35,63,2,64,1,,,,,,,,,,,
A000000122210,238,4.8,62,11,27,34,72,0,65,1,,,,,,,,,,,
A000000122740,1509,4.8,58,28,15,25,58,2,74,1,,,,,,,,,,,
A000000122757,128,4.6,50,43,7,29,,,68,3,19,73,8,,,,,,,,
A000000123128,204,4.7,58,37,5,29,,,70,1,27,61,12,,,,,,,,
A000000123594,7091,4.8,,,,,,,,,,,,,,,,,,,
A000000123937,1,5,50,25,25,25,75,0,75,0,,,,,,,,,,,
A000000124361,62778,4.9,61,30,10,39,72,1,58,3,,,,,,,,,,,
A000000125015,2347,4.9,61,31,8,26,74,1,73,1,,,,,,,,,,,
A000000125016,564,4.8,63,22,16,35,73,0,63,2,,,,,,,,,,,
A000000125152,687,4.6,,,,,,,,,,,,,,,,,,,
A000000125392,7269,4.9,65,27,8,39,72,1,58,3,,,,,,,,,,,
A000000125501,559,4.7,61,30,9,32,,,67,1,26,63,11,,,,,,,,
A000000125546,365,4.5,61,27,12,20,71,1,79,1,,,,,,,,,,,
A000000126848,23492,4.8,51,35,14,29,,,69,1,70,29,1,,,,,,,,
A000000126914,208,4.8,55,28,18,34,63,2,65,1,,,,,,,,,,,
A000000128054,693,4.7,52,44,4,37,,,62,1,26,56,18,,,,,,,,
A000000128108,373,4.6,55,14,30,29,42,6,70,1,,,,,,,,,,,
A000000128116,3346,4.8,54,15,32,44,62,1,54,2,,,,,,,,,,,
A000000128548,9168,4.6,60,13,26,48,,6,24,23,,,,,,,,,46,,
A000000128566,189,4.6,32,66,2,24,,,76,0,13,85,2,,,,,,,,
A000000128585,1526,4.6,60,34,6,43,,,53,4,20,30,51,,,,,,,,
A000000128586,1672,4.6,59,33,8,42,,,52,6,19,28,53,,,,,,,,
A000000128591,359,4.8,58,36,6,36,75,1,63,2,,,,,,,,,,,
A000000129643,230,4.6,57,35,8,26,57,6,72,2,,,,,,,,,,,
A000000130138,11130,4.7,32,66,3,21,,,78,1,16,83,0,,,,,,,,
A000000130389,7600,4.7,60,30,10,31,54,3,69,1,,,,,,,,,,,
A000000130393,311,4.5,57,12,32,43,52,3,55,2,,,,,,,,,,,
A000000130396,347,4.6,63,27,10,38,50,3,60,3,,,,,,,,,,,
A000000130399,215,4.6,60,31,9,36,50,3,64,0,,,,,,,,,,,
A000000130487,6145,4.7,41,56,4,30,,,69,1,18,67,16,,,,,,,,
A000000130882,21639,4.8,56,29,15,34,,,64,1,77,23,1,,,,,,,,
A000000130885,24153,4.8,60,25,15,31,,,68,1,81,18,1,,,,,,,,
A000000130887,5621,4.8,46,47,8,29,,,71,1,34,65,1,,,,,,,,
A000000130889,6501,4.8,43,44,13,22,,,78,1,29,70,1,,,,,,,,
A000000131252,892,4.8,45,51,4,31,,,69,1,18,65,18,,,,,,,,
A000000131507,1671,4.7,60,24,15,37,52,3,60,3,,,,,,,,,,,
A000000131508,3358,4.7,61,28,11,39,45,3,59,2,,,,,,,,,,,
A000000131509,4892,4.7,63,29,9,39,59,2,58,3,,,,,,,,,,,
A000000131596,1568,4.6,62,28,10,34,55,1,65,1,,,,,,,,,,,
A000000131620,1226,4.7,60,28,12,41,53,3,56,3,,,,,,,,,,,
A000000131740,1466,4.7,,,,,,,,,,,,,,,,,,,
A000000131775,995,4.8,57,27,16,27,,,72,1,75,24,1,,,,,,,,
A000000132034,2042,4.7,40,51,8,23,,,76,0,29,70,1,,,,,,,,
A000000132035,412,4.7,48,39,13,22,,,77,1,27,72,2,,,,,,,,
A000000132048,1905,4.8,54,35,11,30,,,69,1,36,63,1,,,,,,,,
A000000132344,2327,4.8,60,27,13,39,51,2,58,3,,,,,,,,,,,
A000000134573,2352,4.7,61,29,10,30,49,4,68,2,,,,,,,,,,,
A000000135426,1124,4.7,52,39,10,29,,,66,4,29,57,14,,,,,,,,
A000000135743,95987,4.9,64,26,10,26,78,1,74,1,,,,,,,,,,,
A000000135934,2556,4.8,60,18,22,33,63,1,65,2,,,,,,,,,,,
A000000136127,4237,4.8,43,50,7,25,,,74,1,43,55,2,,,,,,,,
A000000136710,1314,4.6,59,24,16,29,59,3,70,1,,,,,,,,,,,
A000000136713,3283,4.8,63,24,14,44,59,1,51,5,,,,,,,,,,,
A000000136725,2746,4.8,56,22,22,23,65,1,76,1,,,,,,,,,,,
A000000137158,19,4.8,,,,,,,,,,,,,,,,,,,
A000000137168,8,4.9,75,0,25,50,38,0,38,13,,,,,,,,,,,
A000000137179,3296,4.7,,,,,,,,,,,,,,,,,,,
A000000137298,812,4.8,58,33,9,28,76,1,69,3,,,,,,,,,,,
A000000137444,82,4.9,47,31,22,34,70,1,64,2,,,,,,,,,,,
A000000137478,33,4.9,39,9,52,21,85,0,73,6,,,,,,,,,,,
A000000137593,645,4.6,60,27,13,26,59,2,73,1,,,,,,,,,,,
A000000137604,1941,4.6,64,25,11,39,56,6,56,5,,,,,,,,,,,
A000000137728,4079,4.8,60,28,12,29,59,2,70,1,,,,,,,,,,,
A000000137840,61,4.9,,,,,,,,,,,,,,,,,,,
A000000139075,1393,4.7,55,34,11,25,,,73,2,35,64,2,,,,,,,,
A000000139549,4908,4.7,63,14,23,47,,5,25,20,,,,,,,,,48,,
A000000139762,2324,4.8,62,23,16,34,64,1,61,5,,,,,,,,,,,
A000000139796,1409,4.7,52,43,4,40,,,58,1,18,39,43,,,,,,,,
A000000139799,877,4.7,43,52,5,31,,,65,4,27,72,1,,,,,,,,
A000000139809,1841,4.8,45,45,10,30,,,69,1,35,64,1,,,,,,,,
A000000139810,16500,4.8,58,27,16,30,,,69,1,77,22,0,,,,,,,,
A000000139829,443,4.8,42,50,8,26,,,73,1,33,66,0,,,,,,,,
A000000139830,376,4.7,55,37,8,35,,,63,2,48,49,3,,,,,,,,
A000000139831,788,4.8,47,46,7,33,,,66,1,34,63,2,,,,,,,,
A000000139832,1152,4.8,33,58,8,17,,,81,2,48,52,0,,,,,,,,
A000000139835,2878,4.8,51,39,10,30,,,69,1,58,40,1,,,,,,,,
A000000139961,311,4.6,53,36,11,21,61,3,78,1,,,,,,,,,,,
A000000140257,1512,4.8,61,23,16,36,63,1,58,6,,,,,,,,,,,
A000000140306,3523,4.7,59,28,13,32,,,66,2,75,24,1,,,,,,,,
A000000140593,271,4.6,49,45,6,35,,,64,1,25,57,18,,,,,,,,
A000000140606,955,4.9,23,75,2,12,,,88,0,9,75,16,,,,,,,,
A000000140668,1143,4.7,48,12,41,39,61,2,58,2,,,,,,,,,,,
A000000140820,2280,4.7,57,28,15,34,,,65,1,65,34,1,,,,,,,,
A000000140821,30,4.6,43,50,7,27,,,63,10,20,73,7,,,,,,,,
A000000140824,44,4.5,57,34,9,52,,,45,2,27,52,20,,,,,,,,
A000000140957,1437,4.8,66,25,9,39,62,1,58,3,,,,,,,,,,,
A000000141025,520,4.4,49,45,6,45,54,8,48,7,,,,,,,,,,,
A000000141148,229,4.7,49,47,4,36,,,64,0,13,37,51,,,,,,,,
A000000141314,318,4.7,41,46,13,26,,,72,3,14,83,3,,,,,,,,
A000000141328,514,4.6,42,47,11,31,,,67,2,23,70,7,,,,,,,,
A000000141376,2746,4.8,57,22,21,28,61,2,71,1,,,,,,,,,,,
A000000141457,14563,4.7,64,27,9,36,63,4,60,4,,,,,,,,,,,
A000000141661,1160,4.7,51,40,9,35,61,2,61,3,,,,,,,,,,,
A000000141736,20,4.6,55,40,5,35,50,0,65,0,,,,,,,,,,,
A000000141867,16119,4.8,44,48,7,24,,,75,1,35,64,1,,,,,,,,
A000000141918,297,4.6,51,16,33,52,,,37,11,55,31,14,,,,,,,,
A000000141920,511,4.6,55,16,28,53,,,35,12,55,28,17,,,,,,,,
A000000141940,16311,4.7,56,27,17,35,,,63,3,75,24,1,,,,,,,,
A000000142142,15,4.9,53,27,20,27,67,0,73,0,,,,,,,,,,,
A000000142520,5917,4.7,59,24,17,30,54,2,67,3,,,,,,,,,,,
A000000142771,395,4.6,53,41,6,30,,,69,1,17,32,50,,,,,,,,
A000000142777,224,4.8,56,23,21,25,75,1,73,2,,,,,,,,,,,
A000000143189,1634,4.9,,,,,,,,,,,,,,,,,,,
A000000143198,1013,4.9,,,,,,,,,,,,,,,,,,,
A000000143372,292,4.8,63,20,16,37,68,1,61,2,,,,,,,,,,,
A000000143499,226,4.8,52,10,38,40,62,0,58,1,,,,,,,,,,,
A000000143949,533,4.9,53,36,11,26,,,73,1,62,37,1,,,,,,,,
A000000144053,130,4.9,63,18,19,18,67,2,82,0,,,,,,,,,,,
A000000144054,130,4.7,61,15,23,26,59,1,74,0,,,,,,,,,,,
A000000144152,3153,4.8,55,38,7,34,,,65,1,29,41,30,,,,,,,,
A000000144168,2686,4.8,53,42,6,33,,,66,1,37,55,8,,,,,,,,
A000000144371,851,4.7,60,21,20,26,52,3,72,2,,,,,,,,,,,
A000000144387,8003,4.9,41,34,25,16,82,1,83,1,,,,,,,,,,,
A000000144398,1633,4.8,,,,,,,,,,,,,,,,,,,
A000000144399,188,4.6,60,21,19,27,68,1,71,2,,,,,,,,,,,
A000000144613,296,4.7,52,30,18,32,,,63,4,66,31,3,,,,,,,,
A000000144800,273,4.7,61,27,12,29,45,2,70,1,,,,,,,,,,,
A000000144851,394,4.5,54,32,14,35,47,5,64,2,,,,,,,,,,,
A000000144853,662,4.6,62,23,15,38,47,3,56,5,,,,,,,,,,,
A000000144859,16119,4.8,49,42,9,26,,,72,2,37,61,2,,,,,,,,
A000000144910,2633,4.8,,,,,,,,,,,,,,,,,,,
A000000145081,1816,4.5,65,27,8,31,56,11,65,4,,,,,,,,,,,
A000000145166,9851,4.8,49,44,7,32,,,67,1,35,53,12,,,,,,,,
A000000145274,155,4.9,50,47,3,14,57,5,86,1,,,,,,,,,,,
A000000145275,173,4.8,36,9,55,27,51,2,72,2,,,,,,,,,,,
A000000145282,180,4.7,46,50,5,22,,,75,3,37,59,4,,,,,,,,
A000000145283,180,4.7,67,28,5,25,,,75,0,57,42,1,,,,,,,,
A000000145526,469,4.8,51,41,8,18,52,3,81,1,,,,,,,,,,,
A000000145527,15,4.7,60,13,27,53,73,7,47,0,,,,,,,,,,,
A000000145552,682,4.8,48,32,20,13,,,87,0,70,30,0,,,,,,,,
A000000145553,517,4.7,46,39,15,22,,,78,1,68,32,0,,,,,,,,
A000000145580,5932,4.7,48,41,11,20,51,6,79,1,,,,,,,,,,,
A000000145581,10415,4.8,57,27,15,29,66,1,69,2,,,,,,,,,,,
A000000145634,446,4.8,64,29,7,37,,,62,1,62,38,0,,,,,,,,
A000000145635,58,4.8,63,29,8,29,,,71,0,58,40,2,,,,,,,,
A000000145637,248,4.8,56,40,4,35,,,65,0,25,56,19,,,,,,,,
A000000145640,329,4.8,59,40,1,48,,,52,0,33,43,23,,,,,,,,
A000000145641,87,4.7,57,40,2,34,,,64,1,33,39,28,,,,,,,,
A000000145643,177,4.8,53,45,2,29,,,70,1,27,72,1,,,,,,,,
A000000145728,11945,4.8,62,21,17,26,48,3,73,1,,,,,,,,,,,
A000000145898,1305,4.8,50,45,5,33,,,65,1,35,64,1,,,,,,,,
A000000145901,1425,4.8,58,23,19,43,,,52,4,83,17,0,,,,,,,,
A000000146512,36658,4.8,63,23,13,43,63,1,51,5,,,,,,,,,,,
A000000146757,93427,4.9,64,27,9,26,76,1,73,1,,,,,,,,,,,
A000000146774,276,4.7,64,14,21,42,53,4,52,5,,,,,,,,,,,
A000000146832,263,4.6,47,42,11,43,,,56,1,43,44,13,,,,,,,,
A000000147008,2,5,0,67,33,33,100,0,67,0,,,,,,,,,,,
A000000147080,8420,4.9,56,19,25,37,,,60,2,81,18,1,,,,,,,,
A000000147124,808,4.8,53,39,8,26,,,72,1,40,51,9,,,,,,,,
A000000147125,670,4.8,62,32,6,30,,,68,2,29,37,34,,,,,,,,
A000000147126,1872,4.8,60,24,15,30,,,68,1,77,22,1,,,,,,,,
A000000147251,209,4.8,63,22,16,38,67,1,60,2,,,,,,,,,,,
A000000147466,71,4.7,,,,,,,,,,,,,,,,,,,
A000000147572,25294,4.8,23,72,5,16,,,84,0,14,85,1,,,,,,,,
A000000147573,25294,4.8,40,57,3,27,,,72,1,26,73,1,,,,,,,,
A000000147647,4070,4.8,51,12,37,39,62,1,58,3,,,,,,,,,,,
A000000147648,2549,4.7,61,25,14,28,52,2,71,2,,,,,,,,,,,
A000000147672,37712,4.8,64,23,13,47,58,2,46,7,,,,,,,,,,,
A000000147835,687,4.9,60,26,14,35,73,0,64,1,,,,,,,,,,,
A000000147836,441,4.9,57,36,7,31,75,0,68,1,,,,,,,,,,,
A000000147867,99,4.8,59,32,9,28,38,7,70,2,,,,,,,,,,,
A000000148023,12408,4.8,62,32,6,14,50,2,86,1,,,,,,,,,,,
A000000148072,185,4.9,49,30,20,15,,,84,2,67,32,1,,,,,,,,
A000000148073,125,4.8,32,60,7,12,,,87,1,12,85,3,,,,,,,,
A000000148074,67,4.7,67,10,23,26,,,74,0,88,12,0,,,,,,,,
A000000148109,946,4.7,59,22,19,29,47,5,67,4,,,,,,,,,,,
A000000148112,7722,4.8,59,23,18,26,52,3,73,1,,,,,,,,,,,
A000000148139,106,4.9,34,58,8,10,88,0,90,0,,,,,,,,,,,
A000000148208,2376,4.7,57,34,9,34,58,3,62,4,,,,,,,,,,,
A000000148408,7013,4.7,64,23,14,28,49,3,71,1,,,,,,,,,,,
A000000148644,4644,4.7,44,51,4,32,,,67,1,27,70,3,,,,,,,,
A000000148981,8586,4.8,47,46,7,29,,,70,1,38,57,5,,,,,,,,
A000000149066,5518,4.9,65,22,13,42,65,1,54,4,,,,,,,,,,,
A000000149101,2083,4.7,55,40,5,35,,,64,1,41,56,3,,,,,,,,
A000000149106,4297,4.7,56,27,17,36,,,62,1,72,27,1,,,,,,,,
A000000149108,7007,4.8,52,40,8,34,,,65,1,56,44,1,,,,,,,,
A000000149110,967,4.8,51,44,5,31,,,68,1,34,55,11,,,,,,,,
A000000149111,1625,4.8,55,37,8,36,,,63,1,29,40,31,,,,,,,,
A000000149113,1957,4.8,52,34,14,33,,,65,1,57,41,2,,,,,,,,
A000000149114,907,4.8,50,40,10,34,,,65,1,47,52,1,,,,,,,,
A000000149128,3790,4.7,59,28,13,36,56,2,62,1,,,,,,,,,,,
A000000149133,357,4.8,58,17,25,46,62,1,53,1,,,,,,,,,,,
A000000149179,25209,4.8,56,27,17,34,,,65,1,77,22,1,,,,,,,,
A000000149221,1237,4.7,40,56,4,32,,,66,1,22,75,3,,,,,,,,
A000000149261,441,4.8,57,36,7,15,50,5,84,1,,,,,,,,,,,
A000000149577,1064,4.9,53,24,23,27,,,71,2,79,20,1,,,,,,,,
A000000149874,582,4.7,55,21,24,28,,,69,4,45,41,14,,,,,,,,
A000000149877,89,4.8,49,30,21,25,,,69,6,36,33,31,,,,,,,,
A000000149880,2404,4.8,44,48,9,18,,,81,1,26,71,3,,,,,,,,
A000000149902,1085,4.8,37,59,4,27,,,71,1,26,73,2,,,,,,,,
A000000149903,1472,4.8,47,45,8,24,,,76,1,54,45,1,,,,,,,,
A000000149954,727,4.8,65,21,13,44,61,2,53,3,,,,,,,,,,,
A000000149962,104,4.6,72,19,9,47,57,1,50,3,,,,,,,,,,,
A000000149985,1108,4.6,58,29,12,44,54,4,49,7,,,,,,,,,,,
A000000149992,1013,4.7,,,,,,,,,,,,,,,,,,,
A000000150105,5413,4.7,61,23,16,41,56,2,52,8,,,,,,,,,,,
A000000150169,236,4.9,43,49,8,12,87,2,88,0,,,,,,,,,,,
A000000150208,638,4.8,53,31,16,33,,,65,2,64,31,5,,,,,,,,
A000000150232,1879,4.8,61,22,17,28,,,71,1,81,18,1,,,,,,,,
A000000150460,22312,4.8,,,,,,,,,,,,,,,,,,,
A000000150624,1736,4.6,,,,,,,,,,,,,,,,,,,
A000000150690,1962,4.8,60,18,22,35,58,2,63,2,,,,,,,,,,,
A000000150730,4372,4.7,,,,,,,,,,,,,,,,,,,
A000000150937,1759,4.9,38,59,3,29,,,70,1,17,53,30,,,,,,,,
A000000151125,620,4.8,57,30,13,29,61,3,68,2,,,,,,,,,,,
A000000151127,1621,4.8,56,18,26,33,60,1,66,1,,,,,,,,,,,
A000000151132,2527,4.8,62,25,13,27,62,2,72,1,,,,,,,,,,,
A000000151185,12607,4.8,56,33,10,24,52,3,75,1,,,,,,,,,,,
A000000151587,4513,4.7,57,28,15,34,,,66,0,83,17,0,,,,,,,,
A000000151588,7253,4.8,57,33,10,30,,,67,3,56,42,1,,,,,,,,
A000000151589,2204,4.7,62,34,4,32,,,67,2,41,56,3,,,,,,,,
A000000151590,1782,4.8,76,20,4,50,,,48,2,44,25,31,,,,,,,,
A000000151892,758,4.8,,,,,,,,,,,,,,,,,,,
A000000152013,672,4.8,,,,,,,,,,,,,,,,,,,
A000000152139,256,4.7,39,58,3,20,,,79,2,27,69,5,,,,,,,,
A000000152153,90715,4.8,57,26,17,33,,,65,1,74,25,1,,,,,,,,
A000000152154,1713,4.8,51,21,28,38,,,58,4,80,20,1,,,,,,,,
A000000152161,434,4.8,47,50,2,29,,,71,1,19,52,29,,,,,,,,
A000000152418,192,4.8,52,26,22,30,53,1,69,2,,,,,,,,,,,
A000000152468,83,4.7,52,39,10,13,51,12,87,0,,,,,,,,,,,
A000000152488,445,4.8,56,16,28,29,49,3,68,3,,,,,,,,,,,
A000000152536,3175,4.6,60,17,24,42,,10,56,8,,,,,,,,,48,,
A000000152767,5045,4.8,61,17,22,30,60,2,69,1,,,,,,,,,,,
A000000152926,69,4.8,42,49,9,16,70,1,84,0,,,,,,,,,,,
A000000153028,3015,4.7,59,28,13,33,50,3,65,2,,,,,,,,,,,
A000000153138,67,4.6,51,12,38,45,59,1,26,29,,,,,,,,,,,
A000000153142,2036,4.8,53,23,24,32,,,67,1,65,30,5,,,,,,,,
A000000153144,963,4.8,57,36,7,30,,,68,2,45,55,0,,,,,,,,
A000000153146,34,4.5,59,41,0,24,,,71,6,24,50,26,,,,,,,,
A000000153310,4498,4.8,57,28,15,25,65,2,75,1,,,,,,,,,,,
A000000153322,352,4.6,49,23,29,42,,,50,8,57,25,18,,,,,,,,
A000000153372,1370,4.4,62,15,23,49,38,7,39,13,,,,,,,,,,,
A000000153532,1539,4.7,59,24,17,24,62,2,74,1,,,,,,,,,,,
A000000153544,837,4.6,57,17,26,47,,,47,7,64,23,13,,,,,,,,
A000000153714,101,5,62,29,9,3,89,1,97,0,,,,,,,,,,,
A000000154158,1439,4.7,56,28,15,41,58,2,52,8,,,,,,,,,,,
A000000154256,678,4.7,55,15,30,38,60,3,52,10,,,,,,,,,,,
A000000154339,368,4.8,52,44,5,20,,,79,1,61,38,1,,,,,,,,
A000000154514,215,4.9,62,23,15,34,,,65,1,79,20,0,,,,,,,,
A000000154515,98,4.7,48,39,13,24,,,73,2,42,56,2,,,,,,,,
A000000154568,219,4.8,52,38,10,26,,,71,2,54,44,2,,,,,,,,
A000000154569,425,4.9,53,33,14,15,,,84,1,63,34,3,,,,,,,,
A000000154571,219,4.9,52,35,13,15,,,84,1,64,35,1,,,,,,,,
A000000154644,15428,4.8,58,32,10,25,53,2,75,1,,,,,,,,,,,
A000000154706,202,4.8,47,12,41,19,57,2,79,2,,,,,,,,,,,
A000000154753,368,4.8,59,38,3,21,,,79,0,59,40,1,,,,,,,,
A000000154791,2210,4.8,58,30,12,27,59,2,72,1,,,,,,,,,,,
A000000154819,5937,4.8,46,48,6,26,,,73,1,24,75,1,,,,,,,,
A000000155001,423,4.7,53,25,22,36,59,3,62,2,,,,,,,,,,,
A000000155110,2593,4.7,56,12,32,38,,4,18,36,,,,,,,,,59,,
A000000155190,145,4.7,51,46,3,27,49,5,70,3,,,,,,,,,,,
A000000155191,315,4.6,56,32,13,27,53,3,70,3,,,,,,,,,,,
A000000155218,58,4.4,57,21,22,38,48,0,60,2,,,,,,,,,,,
A000000155279,52,4.3,49,43,9,23,53,4,74,2,,,,,,,,,,,
A000000155399,140,4.7,50,23,27,50,53,2,34,17,,,,,,,,,,,
A000000155402,254,4.6,55,23,22,40,57,1,50,10,,,,,,,,,,,
A000000155409,1221,4.8,54,31,15,34,62,3,59,6,,,,,,,,,,,
A000000155423,82,4.5,66,28,6,19,63,0,81,0,,,,,,,,,,,
A000000155596,3341,4.7,60,25,15,29,61,2,69,2,,,,,,,,,,,
A000000155963,278,4.7,49,46,5,17,46,4,82,1,,,,,,,,,,,
A000000155990,5210,4.6,64,27,9,32,56,9,64,4,,,,,,,,,,,
A000000155992,3345,4.7,64,23,13,35,52,3,62,3,,,,,,,,,,,
A000000156007,7382,4.8,60,29,11,32,52,3,67,1,,,,,,,,,,,
A000000156009,474,4.8,65,12,23,44,,3,24,20,,,,,,,,,53,,
A000000156410,532,4.9,56,33,11,6,82,1,93,1,,,,,,,,,,,
A000000156411,136,4.8,52,30,18,15,85,2,83,1,,,,,,,,,,,
A000000157682,12,5,75,25,0,0,100,0,100,0,,,,,,,,,,,
A000000158114,61,4.8,56,14,30,38,76,5,57,5,,,,,,,,,,,
A000000158243,52435,4.7,55,29,16,42,,,50,8,56,35,9,,,,,,,,
A000000158614,294,4.7,58,35,7,32,47,2,67,1,,,,,,,,,,,
A000000159111,5920,4.8,56,39,5,39,,,61,1,29,45,25,,,,,,,,
A000000159122,322,4.8,56,39,5,28,,,70,2,18,48,34,,,,,,,,
A000000159537,56,4.8,61,29,11,13,70,5,88,0,,,,,,,,,,,
A000000159838,8871,4.8,53,25,22,29,52,4,67,4,,,,,,,,,,,
A000000160015,1169,4.7,,,,,,,,,,,,,,,,,,,
A000000160144,424,4.8,33,65,2,19,,,80,1,21,77,2,,,,,,,,
A000000160290,794,4.8,58,24,18,32,66,1,68,0,,,,,,,,,,,
A000000160291,388,4.7,69,25,6,36,45,4,63,2,,,,,,,,,,,
A000000160292,975,4.9,51,12,37,49,66,1,43,8,,,,,,,,,,,
A000000160365,830,4.7,45,50,5,32,,,66,2,21,65,14,,,,,,,,
A000000160370,556,4.8,63,26,10,29,66,1,68,3,,,,,,,,,,,
A000000160397,1498,4.8,62,22,17,37,53,2,62,1,,,,,,,,,,,
A000000160542,1682,4.6,53,27,21,46,,,40,15,46,42,12,,,,,,,,
A000000160568,1451,4.8,61,21,18,35,64,3,56,9,,,,,,,,,,,
A000000160577,329,4.8,58,27,15,23,71,1,72,5,,,,,,,,,,,
A000000160578,1108,4.8,62,29,9,30,69,1,69,1,,,,,,,,,,,
A000000160901,154155,4.8,48,41,11,32,,,61,7,43,42,16,,,,,,,,
A000000160994,1673,4.7,61,18,21,46,55,3,40,14,,,,,,,,,,,
A000000161099,427,4.8,50,39,11,26,,,73,1,64,36,1,,,,,,,,
A000000161316,1033,4.8,56,31,13,22,52,2,76,2,,,,,,,,,,,
A000000161352,1142,4.8,62,14,24,44,,,42,15,77,17,6,,,,,,,,
A000000161466,3644,4.8,57,33,10,37,68,2,59,4,,,,,,,,,,,
A000000161510,10910,4.7,59,28,13,31,61,2,68,1,,,,,,,,,,,
A000000161553,926,4.8,56,30,14,26,,,72,1,67,32,1,,,,,,,,
A000000161574,1157,4.9,52,37,11,17,68,2,82,1,,,,,,,,,,,
A000000161575,2289,4.8,55,31,14,19,74,2,80,1,,,,,,,,,,,
A000000161800,2886,4.8,60,19,21,31,,,65,5,55,35,10,,,,,,,,
A000000162243,2727,4.6,,,,,,,,,,,,,,,,,,,
A000000162261,480,4.8,64,25,11,45,,,55,0,74,26,0,,,,,,,,
A000000162279,44583,4.8,62,22,16,42,59,1,50,8,,,,,,,,,,,
A000000162311,2385,4.8,56,30,15,34,,,65,0,67,32,0,,,,,,,,
A000000162313,2705,4.8,62,22,16,27,,,72,1,78,22,1,,,,,,,,
A000000162365,1526,4.7,62,24,14,42,62,3,51,7,,,,,,,,,,,
A000000162370,3061,4.8,63,20,17,42,59,2,52,7,,,,,,,,,,,
A000000162400,937,4.5,,,,,,,,,,,,,,,,,,,
A000000162626,0,0,100,0,0,33,,,67,0,33,67,0,,,,,,,,
A000000162630,80,4.8,61,34,5,49,,,49,3,28,23,50,,,,,,,,
A000000162644,2706,4.7,58,24,18,25,67,2,74,2,,,,,,,,,,,
A000000162655,13,4.8,54,46,0,8,,,92,0,38,46,15,,,,,,,,
A000000162656,21,4.8,48,52,0,14,,,86,0,10,76,14,,,,,,,,
A000000162700,1386,4.7,,,,,,,,,,,,,,,,,,,
A000000163334,158,4.8,68,26,6,31,65,3,66,3,,,,,,,,,,,
A000000163335,251,4.9,65,27,8,20,82,0,80,0,,,,,,,,,,,
A000000163430,875,4.6,59,30,11,29,45,5,70,1,,,,,,,,,,,
A000000163444,5951,4.8,50,39,10,14,64,4,86,0,,,,,,,,,,,
A000000163578,4890,4.7,,,,,,,,,,,,,,,,,,,
A000000163762,364,4.7,56,34,10,19,55,3,79,2,,,,,,,,,,,
A000000163814,1879,4.8,59,27,14,34,54,2,61,5,,,,,,,,,,,
A000000163840,894,4.9,60,24,16,19,74,2,81,0,,,,,,,,,,,
A000000164035,1982,4.9,55,31,14,5,85,1,95,1,,,,,,,,,,,
A000000164039,1387,4.9,60,28,12,6,81,1,93,1,,,,,,,,,,,
A000000164048,1608,4.9,57,33,9,5,86,1,94,0,,,,,,,,,,,
A000000164117,3696,4.8,60,21,19,43,64,2,54,3,,,,,,,,,,,
A000000164175,283,4.9,74,9,17,31,82,0,64,5,,,,,,,,,,,
A000000164216,650,4.8,55,42,3,34,,,65,1,28,42,30,,,,,,,,
A000000164374,4863,4.8,56,11,33,38,58,1,60,2,,,,,,,,,,,
A000000164419,5859,4.9,44,50,6,28,,,70,2,17,55,28,,,,,,,,
A000000164844,951,4.7,,,,,,,,,,,,,,,,,,,
A000000164987,15229,4.8,55,26,19,38,,,61,1,52,38,10,,,,,,,,
A000000165068,1249,4.6,59,30,10,34,48,4,64,2,,,,,,,,,,,
A000000165177,1269,4.8,58,30,12,22,56,1,77,1,,,,,,,,,,,
A000000165302,8957,4.8,44,52,4,30,,,68,2,26,67,7,,,,,,,,
A000000165308,9699,4.8,41,55,5,25,,,73,2,21,70,9,,,,,,,,
A000000165359,17132,4.8,55,26,19,35,,,64,2,51,40,10,,,,,,,,
A000000165624,544,4.9,,,,,,,,,,,,,,,,,,,
A000000165703,23196,4.8,53,33,14,28,,,70,1,74,25,0,,,,,,,,
A000000165704,23196,4.8,60,29,11,26,,,73,1,72,28,0,,,,,,,,
A000000165714,1273,4.8,57,25,18,35,66,1,63,2,,,,,,,,,,,
A000000165715,1837,4.8,61,26,13,36,66,1,61,4,,,,,,,,,,,
A000000165718,673,4.7,67,23,10,40,62,3,56,4,,,,,,,,,,,
A000000165751,7686,4.8,58,20,23,38,66,1,60,2,,,,,,,,,,,
A000000165797,14876,4.8,60,25,15,30,67,1,68,2,,,,,,,,,,,
A000000166218,30,4.5,47,53,0,50,,,43,7,20,53,27,,,,,,,,
A000000166296,25242,4.8,,,,,,,,,,,,,,,,,,,
A000000166436,35263,4.8,52,35,14,20,,,79,1,51,49,1,,,,,,,,
A000000166473,9,4.3,78,11,11,56,44,0,44,0,,,,,,,,,,,
A000000166478,463,4.8,55,24,21,28,65,2,70,2,,,,,,,,,,,
A000000166501,1966,4.8,36,60,4,24,,,76,1,24,76,1,,,,,,,,
A000000166510,12637,4.8,48,46,6,27,,,72,1,25,73,2,,,,,,,,
A000000166626,58777,4.8,43,43,14,50,,,37,13,48,35,17,,,,,,,,
A000000167039,9,4.7,33,22,44,33,56,11,67,0,,,,,,,,,,,
A000000167182,378,4.6,,,,,,,,,,,,,,,,,,,
A000000167241,52,4.8,35,65,0,25,69,4,75,0,,,,,,,,,,,
A000000167257,734,4.8,,,,,,,,,,,,,,,,,,,
A000000167264,1124,4.8,,,,,,,,,,,,,,,,,,,
A000000167269,1238,4.8,59,13,28,16,72,1,83,1,,,,,,,,,,,
A000000167310,5340,4.8,43,54,3,31,,,68,1,26,64,10,,,,,,,,
A000000167662,5609,4.8,53,21,26,45,,,43,12,73,21,6,,,,,,,,
A000000167808,890,4.6,,,,,,,,,,,,,,,,,,,
A000000167810,9664,4.8,60,31,8,26,70,1,73,1,,,,,,,,,,,
A000000167832,5350,4.8,53,15,32,38,67,1,60,2,,,,,,,,,,,
A000000167857,8299,4.7,54,34,12,24,49,5,74,2,,,,,,,,,,,
A000000167873,1256,4.8,54,29,17,28,,,71,1,71,29,0,,,,,,,,
A000000168398,1526,4.9,65,16,19,16,81,1,83,1,,,,,,,,,,,
A000000168479,405,4.8,59,20,21,39,61,2,60,2,,,,,,,,,,,
A000000168480,1747,4.8,45,10,45,48,61,2,47,4,,,,,,,,,,,
A000000168530,7979,4.8,44,49,7,24,,,75,1,31,68,1,,,,,,,,
A000000168594,906,4.8,54,11,35,38,71,1,61,1,,,,,,,,,,,
A000000168692,312,4.7,57,38,4,29,,,71,1,45,51,4,,,,,,,,
A000000168693,352,4.8,54,39,7,30,,,69,1,66,34,0,,,,,,,,
A000000168702,6045,4.7,60,29,11,42,54,4,49,9,,,,,,,,,,,
A000000168739,979,4.4,63,19,18,52,,11,52,8,,,,,,,,,37,,
A000000169247,11979,4.8,44,48,8,28,,,71,1,35,62,3,,,,,,,,
A000000169304,304,4.7,49,40,11,25,,,74,2,26,69,5,,,,,,,,
A000000169505,231,4.7,,,,,,,,,,,,,,,,,,,
A000000169512,7679,4.7,51,45,4,34,,,64,2,31,57,12,,,,,,,,
A000000170003,493,4.8,61,21,18,23,56,1,76,1,,,,,,,,,,,
A000000170036,401,4.8,,,,,,,,,,,,,,,,,,,
A000000170194,998,4.8,43,50,6,23,,,75,1,48,52,1,,,,,,,,
A000000170198,24443,4.7,63,24,12,46,52,2,47,7,,,,,,,,,,,
A000000170200,4985,4.7,51,36,13,33,65,1,63,4,,,,,,,,,,,
A000000170215,232,4.8,60,22,19,29,,,65,5,61,28,12,,,,,,,,
A000000170326,1623,4.7,55,11,35,49,,,44,6,70,18,13,,,,,,,,
A000000170402,3959,4.4,55,15,31,49,40,9,31,20,,,,,,,,,,,
A000000170496,856,4.6,62,25,13,34,49,4,64,2,,,,,,,,,,,
A000000170538,32894,4.7,64,23,13,44,54,3,49,6,,,,,,,,,,,
A000000170549,9668,4.8,55,40,6,37,,,61,2,39,49,12,,,,,,,,
A000000170550,10043,4.8,56,39,5,37,,,62,1,34,45,21,,,,,,,,
A000000170555,4544,4.8,57,37,6,40,,,58,2,32,40,27,,,,,,,,
A000000170566,12706,4.7,57,25,18,47,,,44,10,52,34,14,,,,,,,,
A000000170567,546,4.8,62,20,18,49,,,43,8,54,29,17,,,,,,,,
A000000170613,18,4.6,61,11,28,11,89,0,72,17,,,,,,,,,,,
A000000170614,9,5,56,0,44,44,78,0,33,22,,,,,,,,,,,
A000000170733,496,4.7,57,28,15,31,61,4,67,2,,,,,,,,,,,
A000000170779,42,4.7,,,,,,,,,,,,,,,,,,,
A000000170879,34,4.7,,,,,,,,,,,,,,,,,,,
A000000170881,1643,4.7,39,52,9,20,,,79,1,27,68,4,,,,,,,,
A000000170886,730,4.7,61,13,26,44,,6,24,25,,,,,,,,,51,,
A000000171375,634,4.7,59,21,20,26,66,1,74,0,,,,,,,,,,,
A000000171506,1133,4.8,62,27,11,21,58,2,78,1,,,,,,,,,,,
A000000171581,1274,4.8,,,,,,,,,,,,,,,,,,,
A000000171653,1238,4.8,52,25,22,24,61,2,74,2,,,,,,,,,,,
A000000171677,263,4.9,53,12,35,31,70,0,67,2,,,,,,,,,,,
A000000171718,7679,4.7,46,50,4,35,,,63,2,28,61,11,,,,,,,,
A000000171820,33879,4.7,56,19,25,46,,5,59,4,,,,,,,,,49,,
A000000171821,205,4.4,66,15,19,63,,10,46,6,,,,,,,,,26,,
A000000172130,281,4.7,55,30,14,22,72,1,78,0,,,,,,,,,,,
A000000172281,401,4.8,59,30,11,39,60,2,58,3,,,,,,,,,,,
A000000172601,1955,4.7,61,18,22,40,64,2,55,5,,,,,,,,,,,
A000000172636,3108,4.8,60,17,23,50,,,46,3,59,29,12,,,,,,,,
A000000172796,158,4.7,54,18,28,33,64,3,60,6,,,,,,,,,,,
A000000172855,3736,4.8,47,46,7,29,,,71,1,34,66,0,,,,,,,,
A000000172996,30,4.9,53,27,20,20,80,0,80,0,,,,,,,,,,,
A000000173298,582,4.7,57,20,23,34,,,62,4,35,44,21,,,,,,,,
A000000173302,651,4.8,,,,,,,,,,,,,,,,,,,
A000000173452,7896,4.8,48,39,13,31,,,69,1,58,42,1,,,,,,,,
A000000173489,1154,4.8,,,,,,,,,,,,,,,,,,,
A000000173533,23655,4.8,59,26,14,31,66,1,67,2,,,,,,,,,,,
A000000173540,2129,4.7,57,26,17,22,,,78,0,65,35,0,,,,,,,,
A000000173741,2994,4.9,42,56,2,27,,,73,0,18,68,14,,,,,,,,
A000000173810,243,4.8,,,,,,,,,,,,,,,,,,,
A000000173944,285,4.8,44,45,10,26,53,3,73,1,,,,,,,,,,,
A000000173947,88,4.8,56,42,2,40,,,59,1,36,63,1,,,,,,,,
A000000173966,2591,4.9,47,49,4,25,,,73,1,24,74,3,,,,,,,,
A000000174042,40,4.9,57,38,5,10,,,90,0,15,80,5,,,,,,,,
A000000174062,6771,4.8,58,24,18,29,63,1,69,2,,,,,,,,,,,
A000000174156,7196,4.8,50,43,7,31,,,68,1,24,45,32,,,,,,,,
A000000174253,178,4.6,63,28,8,34,63,0,66,0,,,,,,,,,,,
A000000174278,252,4.7,64,17,18,36,,6,63,6,,,,,,,,,58,,
A000000174279,6241,4.7,57,26,17,29,62,2,70,2,,,,,,,,,,,
A000000174462,20315,4.8,54,38,8,34,,,65,1,26,42,32,,,,,,,,
A000000174518,32,5,50,25,25,53,72,0,47,0,,,,,,,,,,,
A000000174611,120,4.7,57,35,8,34,,,65,1,24,32,44,,,,,,,,
A000000174612,740,4.8,46,45,9,26,,,72,1,22,55,23,,,,,,,,
A000000174615,846,4.8,56,40,4,34,,,65,1,30,50,21,,,,,,,,
A000000174687,12962,4.8,43,10,47,48,72,1,43,9,,,,,,,,,,,
A000000174793,348,4.7,51,37,12,24,63,3,73,3,,,,,,,,,,,
A000000175027,4350,4.8,54,38,8,21,79,0,79,1,,,,,,,,,,,
A000000175069,20315,4.8,71,24,4,32,,,66,2,33,27,41,,,,,,,,
A000000175190,1967,4.6,61,21,18,42,,,54,4,60,35,5,,,,,,,,
A000000175192,469,4.7,59,32,8,24,60,2,75,1,,,,,,,,,,,
A000000175207,1432,4.8,49,48,3,30,,,70,1,36,58,6,,,,,,,,
A000000175291,669,4.6,60,26,14,41,,,46,12,19,23,58,,,,,,,,
A000000175301,1204,4.6,63,25,11,39,56,3,58,3,,,,,,,,,,,
A000000175385,2657,4.6,57,22,21,32,62,2,66,2,,,,,,,,,,,
A000000175419,1081,4.8,50,47,3,31,,,68,1,36,55,9,,,,,,,,
A000000175523,104,4.9,62,31,8,35,71,1,63,3,,,,,,,,,,,
A000000175709,1551,4.7,56,23,21,31,60,2,62,7,,,,,,,,,,,
A000000175915,8160,4.8,50,42,8,25,54,2,75,1,,,,,,,,,,,
A000000176074,162,4.9,40,57,2,30,,,70,0,25,65,10,,,,,,,,
A000000176843,15,4.7,,,,,,,,,,,,,,,,,,,
A000000176920,711,4.7,55,42,3,29,,,69,3,15,38,47,,,,,,,,
A000000177051,6181,4.8,57,17,26,30,56,2,69,2,,,,,,,,,,,
A000000177099,75,4.9,39,32,29,27,80,1,72,1,,,,,,,,,,,
A000000177653,860,4.8,45,51,4,31,,,68,1,30,68,3,,,,,,,,
A000000178216,995,4.6,55,40,5,30,,,68,1,25,51,25,,,,,,,,
A000000178343,4417,4.7,49,46,5,27,,,71,2,21,48,31,,,,,,,,
A000000178597,19225,4.8,49,39,12,26,,,73,1,62,35,3,,,,,,,,
A000000178598,5954,4.8,29,67,4,16,,,84,0,19,81,0,,,,,,,,
A000000178633,901,4.8,58,34,7,16,63,2,83,1,,,,,,,,,,,
A000000178751,5518,4.8,50,41,9,28,,,71,1,51,47,1,,,,,,,,
A000000178796,166,4.8,,,,,,,,,,,,,,,,,,,
A000000178948,18,4.2,56,39,6,33,44,11,67,0,,,,,,,,,,,
A000000179127,7388,4.8,,,,,,,,,,,,,,,,,,,
A000000179227,4252,4.9,,,,,,,,,,,,,,,,,,,
A000000179295,9918,4.6,,,,,,,,,,,,,,,,,,,
A000000179750,323,4.8,55,23,21,21,59,3,78,1,,,,,,,,,,,
A000000179842,131,4.7,43,41,16,24,65,1,71,5,,,,,,,,,,,
A000000179865,364,4.9,59,25,15,32,66,1,66,2,,,,,,,,,,,
A000000180065,747,4.8,,,,,,,,,,,,,,,,,,,
A000000180066,747,4.8,,,,,,,,,,,,,,,,,,,
A000000180099,1551,4.9,38,60,2,20,,,79,1,13,72,15,,,,,,,,
A000000180141,2544,4.7,,,,,,,,,,,,,,,,,,,
A000000180455,44566,4.7,55,19,26,42,,2,60,4,,,,,,,,,56,,
A000000180508,1637,4.9,51,28,21,11,88,1,88,1,,,,,,,,,,,
A000000180558,240,4.7,58,23,19,35,47,4,63,2,,,,,,,,,,,
A000000180801,5943,4.8,50,41,10,25,,,73,1,46,52,1,,,,,,,,
A000000180891,656,4.7,54,41,5,51,,,42,7,20,34,46,,,,,,,,
A000000180976,88,4.9,58,34,8,20,68,0,80,0,,,,,,,,,,,
A000000181032,3947,4.8,36,57,7,21,,,78,1,27,72,1,,,,,,,,
A000000181101,227,4.5,,,,,,,,,,,,,,,,,,,
A000000181234,67,4.6,46,6,49,47,79,1,40,13,,,,,,,,,,,
A000000181240,43,4.7,,,,,,,,,,,,,,,,,,,
A000000181265,552,4.6,50,26,24,38,,,58,5,39,32,29,,,,,,,,
A000000181313,21,4.6,52,29,19,29,48,10,67,5,,,,,,,,,,,
A000000181322,471,4.8,67,21,12,39,51,1,57,4,,,,,,,,,,,
A000000181334,568,4.7,,,,,,,,,,,,,,,,,,,
A000000181343,7590,4.8,49,32,18,30,,,64,6,45,41,14,,,,,,,,
A000000181345,11338,4.7,51,36,13,33,,,65,3,47,44,9,,,,,,,,
A000000181379,517,4.9,39,53,8,14,,,86,0,44,52,4,,,,,,,,
A000000181478,7191,4.8,57,25,18,25,65,2,73,1,,,,,,,,,,,
A000000181953,743,4.7,49,40,11,31,51,5,68,0,,,,,,,,,,,
A000000182308,5087,4.8,58,16,26,42,64,1,56,2,,,,,,,,,,,
A000000182318,132,4.8,58,22,20,36,58,2,64,0,,,,,,,,,,,
A000000182319,20,4.7,50,45,5,15,60,0,80,5,,,,,,,,,,,
A000000182476,644,4.7,64,14,22,42,57,0,57,1,,,,,,,,,,,
A000000182623,54,4.9,48,52,0,19,,,81,0,9,89,2,,,,,,,,
A000000182724,326,4.8,,,,,,,,,,,,,,,,,,,
A000000182782,3626,4.8,,,,,,,,,,,,,,,,,,,
A000000182906,198,4.7,57,38,5,30,48,4,69,1,,,,,,,,,,,
A000000182987,7106,4.7,,,,,,,,,,,,,,,,,,,
A000000182989,18898,4.8,,,,,,,,,,,,,,,,,,,
A000000182998,7106,4.7,,,,,,,,,,,,,,,,,,,
A000000183044,482,4.8,57,30,13,13,78,2,86,1,,,,,,,,,,,
A000000183046,477,4.7,60,33,7,28,67,3,69,3,,,,,,,,,,,
A000000183227,491,4.9,65,25,10,36,58,1,63,1,,,,,,,,,,,
A000000183254,2881,4.5,51,45,4,34,,,62,4,18,38,44,,,,,,,,
A000000183264,414,4.8,,,,,,,,,,,,,,,,,,,
A000000183308,369,4.7,60,23,17,38,63,2,59,3,,,,,,,,,,,
A000000183349,286,4.7,,,,,,,,,,,,,,,,,,,
A000000183360,1034,4.7,57,14,29,37,64,1,61,2,,,,,,,,,,,
A000000183428,36,4.3,,,,,,,,,,,,,,,,,,,
A000000183509,3359,4.8,55,37,8,20,47,4,80,1,,,,,,,,,,,
A000000183512,1029,4.8,54,39,7,26,47,4,74,0,,,,,,,,,,,
A000000183741,1687,4.8,,,,,,,,,,,,,,,,,,,
A000000183747,7729,4.8,53,41,6,30,,,69,1,22,54,24,,,,,,,,
A000000183816,739,4.7,58,34,8,37,47,3,60,3,,,,,,,,,,,
A000000183817,379,4.6,53,27,20,36,44,3,63,1,,,,,,,,,,,
A000000183868,1253,4.9,,,,,,,,,,,,,,,,,,,
A000000183941,1787,4.7,52,39,9,41,68,2,51,9,,,,,,,,,,,
A000000183960,229,4.8,42,53,4,21,69,3,74,5,,,,,,,,,,,
A000000183964,114,4.8,,,,,,,,,,,,,,,,,,,
A000000184348,4788,4.8,44,51,5,26,,,73,2,23,60,17,,,,,,,,
A000000184368,6428,4.8,56,31,13,33,64,2,66,1,,,,,,,,,,,
A000000184371,3907,4.8,58,29,13,32,68,1,67,1,,,,,,,,,,,
A000000184388,15,4.8,,,,,,,,,,,,,,,,,,,
A000000184389,44,4.8,,,,,,,,,,,,,,,,,,,
A000000184394,1705,4.7,,,,,,,,,,,,,,,,,,,
A000000184452,61,4.8,,,,,,,,,,,,,,,,,,,
A000000184456,62,4.4,,,,,,,,,,,,,,,,,,,
A000000184458,278,4.6,,,,,,,,,,,,,,,,,,,
A000000184496,17396,4.8,53,35,12,29,,,70,1,61,37,2,,,,,,,,
A000000184568,988,4.9,53,19,28,10,90,1,90,0,,,,,,,,,,,
A000000184643,23840,4.8,52,20,28,36,68,1,62,2,,,,,,,,,,,
A000000184658,8600,4.8,58,22,19,24,59,2,75,1,,,,,,,,,,,
A000000184908,2230,4.7,48,44,8,26,65,3,73,1,,,,,,,,,,,
A000000184949,7501,4.8,60,23,17,41,57,1,54,5,,,,,,,,,,,
A000000184967,5631,4.9,59,27,14,30,76,1,67,2,,,,,,,,,,,
A000000185111,86313,4.8,62,26,12,27,,,72,1,67,27,6,,,,,,,,
A000000185112,86313,4.8,56,28,16,34,,,66,1,63,32,5,,,,,,,,
A000000185155,320,4.9,,,,,,,,,,,,,,,,,,,
A000000185168,442,4.7,,,,,,,,,,,,,,,,,,,
A000000185175,28520,4.8,50,43,7,30,,,69,1,41,54,5,,,,,,,,
A000000185249,1866,4.8,51,18,31,32,66,2,66,2,,,,,,,,,,,
A000000185261,109,4.7,63,27,10,18,74,2,82,0,,,,,,,,,,,
A000000185278,46,4.8,59,26,15,39,,,59,2,37,61,2,,,,,,,,
A000000185283,385,4.6,52,21,27,12,,,82,6,58,42,0,,,,,,,,
A000000185342,1038,4.5,57,24,18,42,,,56,3,72,26,2,,,,,,,,
A000000185395,130,4.9,,,,,,,,,,,,,,,,,,,
A000000185396,25,4.6,,,,,,,,,,,,,,,,,,,
A000000185429,694,4.8,65,25,10,37,57,1,60,4,,,,,,,,,,,
A000000185438,3616,4.6,55,13,32,45,57,3,44,10,,,,,,,,,,,
A000000185512,14641,4.8,58,20,22,44,54,2,49,7,,,,,,,,,,,
A000000185793,5196,4.7,60,26,14,30,50,3,69,1,,,,,,,,,,,
A000000185893,2946,4.7,44,49,7,29,,,65,6,17,48,34,,,,,,,,
A000000186144,81,4.8,41,42,17,14,,,80,6,33,63,4,,,,,,,,
A000000186177,169,4.8,53,38,9,17,,,82,1,26,65,9,,,,,,,,
A000000186208,1559,4.8,,,,,,,,,,,,,,,,,,,
A000000186215,93,4.9,45,44,11,11,,,88,1,15,83,2,,,,,,,,
A000000186362,296,4.9,51,35,14,14,83,1,84,3,,,,,,,,,,,
A000000186409,26515,4.9,39,26,35,9,92,0,90,1,,,,,,,,,,,
A000000186480,13,3.9,77,15,8,38,,,54,8,62,38,0,,,,,,,,
A000000186482,12,4.7,75,8,17,33,,,67,0,75,25,0,,,,,,,,
A000000186552,233,4.8,52,42,6,29,,,71,0,39,58,3,,,,,,,,
A000000186944,1090,4.8,61,22,17,21,77,2,75,4,,,,,,,,,,,
A000000186975,415,4.7,57,28,15,27,61,2,73,0,,,,,,,,,,,
A000000186983,123,4.8,,,,,,,,,,,,,,,,,,,
A000000186990,109,4.8,50,10,40,26,80,1,72,3,,,,,,,,,,,
A000000187232,20,5,70,25,5,55,45,0,45,0,,,,,,,,,,,
A000000187242,699,4.6,,,,,,,,,,,,,,,,,,,
A000000187392,148,4.9,,,,,,,,,,,,,,,,,,,
A000000187473,929,4.6,,,,,,,,,,,,,,,,,,,
A000000187479,17919,4.9,57,28,16,30,63,2,68,2,,,,,,,,,,,
A000000187675,7851,4.9,,,,,,,,,,,,,,,,,,,
A000000187682,988,4.9,63,17,21,43,57,3,56,1,,,,,,,,,,,
A000000187803,548,4.9,55,41,5,24,76,1,75,1,,,,,,,,,,,
A000000187811,90,4.8,,,,,,,,,,,,,,,,,,,
A000000187817,3345,4.8,56,30,14,30,57,3,67,3,,,,,,,,,,,
A000000188019,75432,4.9,48,42,10,26,,,73,1,58,39,3,,,,,,,,
A000000188024,80124,4.9,55,34,11,25,,,74,1,61,35,3,,,,,,,,
A000000188154,194,4.8,51,43,5,40,,,59,1,32,46,22,,,,,,,,
A000000188178,143,4.9,36,39,25,32,67,5,67,1,,,,,,,,,,,
A000000188224,858,4.9,58,28,13,10,76,2,89,1,,,,,,,,,,,
A000000188227,3736,4.8,54,40,6,26,,,71,3,18,32,50,,,,,,,,
A000000188270,90945,4.9,58,30,12,28,,,71,1,73,26,0,,,,,,,,
A000000188364,1143,5,,,,,,,,,,,,,,,,,,,
A000000188370,972,4.8,55,33,12,18,68,2,81,1,,,,,,,,,,,
A000000188372,60,4.8,49,49,2,25,,,75,0,33,61,5,,,,,,,,
A000000188373,194,4.7,62,33,5,30,,,64,6,38,49,12,,,,,,,,
A000000188375,53,4.7,52,41,7,29,,,70,2,57,41,2,,,,,,,,
A000000188402,1596,4.8,56,32,12,23,,,75,2,70,28,2,,,,,,,,
A000000188471,9,5,11,89,0,0,,,100,0,0,100,0,,,,,,,,
A000000188491,649,4.8,59,17,24,40,,,51,8,48,38,14,,,,,,,,
A000000188494,184,4.7,49,30,21,44,,,46,10,46,35,19,,,,,,,,
A000000188551,923,4.8,52,40,7,42,,,57,1,31,39,30,,,,,,,,
A000000188561,86,4.7,55,42,3,37,55,1,63,0,,,,,,,,,,,
A000000188562,101,4.9,,,,,,,,,,,,,,,,,,,
A000000188563,78,4.6,53,41,6,23,62,6,73,4,,,,,,,,,,,
A000000188567,472,4.8,,,,,,,,,,,,,,,,,,,
A000000188609,314,4.9,43,46,11,36,,,61,3,38,56,6,,,,,,,,
A000000188832,21,4.8,52,38,10,33,,,62,5,71,24,5,,,,,,,,
A000000188898,937,4.9,,,,,,,,,,,,,,,,,,,
A000000189004,8522,4.8,42,53,4,24,,,75,1,27,72,1,,,,,,,,
A000000189014,206,4.8,47,34,19,17,72,2,82,1,,,,,,,,,,,
A000000189076,11,4.7,44,44,11,33,,,67,0,67,33,0,,,,,,,,
A000000189091,114,4.7,47,50,3,26,,,72,2,21,68,11,,,,,,,,
A000000189093,7450,4.8,59,22,20,51,,,25,25,36,51,13,,,,,,,,
A000000189094,35,4.8,71,26,3,40,,,60,0,40,54,6,,,,,,,,
A000000189097,145,4.8,37,60,3,19,,,78,3,16,72,12,,,,,,,,
A000000189098,26,4.6,48,44,7,37,,,59,4,30,56,15,,,,,,,,
A000000189100,534,4.8,36,63,2,23,,,75,2,18,63,20,,,,,,,,
A000000189101,132,4.8,50,44,6,33,,,63,4,23,61,17,,,,,,,,
A000000189105,108,4.8,56,35,9,13,,,86,1,21,48,31,,,,,,,,
A000000189144,3915,4.6,,,,,,,,,,,,,,,,,,,
A000000189179,2025,4.8,51,32,17,32,62,1,67,1,,,,,,,,,,,
A000000189195,12691,4.8,53,39,8,32,,,67,1,43,48,9,,,,,,,,
A000000189393,216,4.8,46,46,8,20,67,2,77,3,,,,,,,,,,,
A000000189394,227,4.8,47,14,40,24,73,0,74,2,,,,,,,,,,,
A000000189452,669,4.7,69,26,6,38,63,3,56,6,,,,,,,,,,,
A000000189492,250,4.8,53,34,13,27,54,2,71,2,,,,,,,,,,,
A000000189569,1563,4.8,54,33,13,20,79,1,79,1,,,,,,,,,,,
A000000189598,129,4.8,,,,,,,,,,,,,,,,,,,
A000000189710,9230,4.8,59,32,9,39,,,59,2,28,36,37,,,,,,,,
A000000189866,180,4.7,48,41,11,21,,,78,1,64,34,2,,,,,,,,
A000000189871,354,4.8,62,24,14,23,67,1,76,1,,,,,,,,,,,
A000000189872,824,4.8,55,29,16,33,,,64,3,72,25,3,,,,,,,,
A000000189875,16239,4.8,50,42,8,24,58,2,76,1,,,,,,,,,,,
A000000189877,12,4.3,75,8,17,50,17,17,42,8,,,,,,,,,,,
A000000189941,85,4.8,58,7,35,47,74,1,52,1,,,,,,,,,,,
A000000190040,1698,4.6,,,,,,,,,,,,,,,,,,,
A000000190132,487,4.8,,,,,,,,,,,,,,,,,,,
A000000190208,1726,4.7,48,48,4,27,,,72,1,16,38,46,,,,,,,,
A000000190389,5985,4.8,51,40,9,28,,,71,1,47,39,14,,,,,,,,
A000000190390,556,4.8,39,57,5,29,,,69,2,24,69,6,,,,,,,,
A000000190391,1266,4.8,52,42,6,30,,,69,1,19,38,43,,,,,,,,
A000000190392,2286,4.8,50,40,10,26,,,73,1,59,38,3,,,,,,,,
A000000190393,429,4.8,45,52,3,30,,,69,1,23,71,7,,,,,,,,
A000000190394,801,4.8,44,49,6,26,,,73,1,17,40,43,,,,,,,,
A000000190416,151,4.8,53,40,7,28,66,2,70,3,,,,,,,,,,,
A000000190417,15518,4.9,42,23,35,24,88,1,67,9,,,,,,,,,,,
A000000190422,27369,4.9,61,29,11,27,79,1,72,1,,,,,,,,,,,
A000000190494,8633,4.8,55,38,7,23,56,2,77,1,,,,,,,,,,,
A000000190582,2595,4.9,54,27,19,25,73,1,71,3,,,,,,,,,,,
A000000190589,3145,4.8,50,15,35,42,68,1,55,3,,,,,,,,,,,
A000000190604,53,4.8,69,31,0,10,,,90,0,34,62,3,,,,,,,,
A000000190606,53,4.8,50,38,13,4,,,92,4,50,46,4,,,,,,,,
A000000190746,518,4.8,53,41,6,26,,,72,2,24,62,15,,,,,,,,
A000000190795,556,4.8,57,27,17,23,49,3,75,2,,,,,,,,,,,
A000000190796,107,4.8,59,29,11,29,66,1,69,2,,,,,,,,,,,
A000000190916,127,4.9,60,30,10,24,75,2,74,2,,,,,,,,,,,
A000000190919,389,4.8,,,,,,,,,,,,,,,,,,,
A000000190929,571,4.8,50,43,6,20,57,3,80,1,,,,,,,,,,,
A000000190970,9010,4.8,50,43,7,19,,,80,1,27,72,1,,,,,,,,
A000000191150,20315,4.8,55,39,6,27,,,72,1,21,45,34,,,,,,,,
A000000191289,109,4.8,,,,,,,,,,,,,,,,,,,
A000000191341,181,4.8,60,26,14,29,53,1,71,0,,,,,,,,,,,
A000000191342,253,4.8,59,30,10,31,61,2,69,0,,,,,,,,,,,
A000000191343,228,4.8,55,28,16,43,77,1,37,20,,,,,,,,,,,
A000000191344,2191,5,54,31,15,8,94,0,91,1,,,,,,,,,,,
A000000191410,1275,4.7,59,31,9,34,,,64,2,22,32,46,,,,,,,,
A000000191446,4,4.5,25,25,50,0,25,0,100,0,,,,,,,,,,,
A000000191447,0,0,,,,,,,,,,,,,,,,,,,
A000000191483,11304,4.7,58,25,18,28,64,2,71,1,,,,,,,,,,,
A000000191580,134,4.9,25,74,1,16,,,84,0,18,81,1,,,,,,,,
A000000191649,3198,4.7,57,21,22,47,,4,62,3,,,,,,,,,49,,
A000000191888,12,4.8,42,50,8,17,67,0,83,0,,,,,,,,,,,
A000000191946,261,4.9,56,29,15,26,,,70,4,55,37,8,,,,,,,,
A000000191947,1413,4.8,61,20,20,46,,,45,9,42,49,9,,,,,,,,
A000000192010,97,4.8,48,50,2,15,,,85,0,51,48,1,,,,,,,,
A000000192060,9,4.8,67,22,11,11,78,0,89,0,,,,,,,,,,,
A000000192136,84,4.9,48,22,30,25,84,1,69,6,,,,,,,,,,,
A000000192138,88,4.9,41,23,36,27,80,0,67,6,,,,,,,,,,,
A000000192201,4070,4.8,55,6,40,39,70,0,61,0,,,,,,,,,,,
A000000192281,2689,4.8,56,26,18,29,65,1,70,1,,,,,,,,,,,
A000000192292,53,5,46,41,13,9,87,2,85,6,,,,,,,,,,,
A000000192295,294,4.7,47,48,4,32,,,67,1,25,56,19,,,,,,,,
A000000192304,932,4.7,50,41,10,30,,,66,3,45,53,2,,,,,,,,
A000000192376,3116,4.8,56,28,15,22,76,1,77,1,,,,,,,,,,,
A000000192500,2246,4.8,41,53,6,28,,,71,1,20,58,23,,,,,,,,
A000000192502,9885,4.8,44,51,5,30,,,69,1,23,55,22,,,,,,,,
A000000192503,14215,4.8,54,41,5,34,,,65,1,22,47,30,,,,,,,,
A000000192775,2342,4.8,48,43,9,26,,,73,1,55,45,1,,,,,,,,
A000000192776,3715,4.9,46,49,5,20,,,79,1,22,63,15,,,,,,,,
A000000192777,1867,4.9,52,44,4,24,,,75,1,21,55,24,,,,,,,,
A000000192778,5223,4.9,51,39,10,22,,,78,1,55,44,2,,,,,,,,
A000000192791,1350,4.7,55,26,19,24,67,1,75,1,,,,,,,,,,,
A000000192908,46,4.7,61,28,11,22,72,0,76,2,,,,,,,,,,,
A000000193133,9265,4.6,55,30,15,34,,,64,1,62,30,8,,,,,,,,
A000000195479,1438,4.6,50,43,7,29,,,69,2,24,45,30,,,,,,,,
A000000195970,2991,4.8,,,,,,,,,,,,,,,,,,,
A000000196979,21053,4.8,56,36,8,22,75,1,77,1,,,,,,,,,,,
A000000197230,576,4.8,48,33,18,25,75,1,73,1,,,,,,,,,,,
A000000197299,1293,4.9,46,32,22,29,79,1,58,13,,,,,,,,,,,
A000000197728,1720,4.9,51,36,13,9,88,1,90,1,,,,,,,,,,,
A000000197742,1581,5,52,29,19,18,90,1,78,3,,,,,,,,,,,
A000000197743,1694,4.8,56,34,10,31,,,68,2,44,49,7,,,,,,,,
A000000197840,164,4.8,50,45,5,29,,,70,1,48,50,2,,,,,,,,
A000000197841,27,4.7,59,37,4,33,,,67,0,63,37,0,,,,,,,,
A000000197879,2209,4.8,48,16,36,44,68,1,53,3,,,,,,,,,,,
A000000197881,446,4.7,65,12,24,50,54,2,47,3,,,,,,,,,,,
A000000197885,2071,4.9,59,26,16,24,68,1,74,1,,,,,,,,,,,
A000000197992,759,4.7,44,21,35,34,63,2,64,2,,,,,,,,,,,
A000000198333,262,4.9,56,31,13,7,89,0,93,0,,,,,,,,,,,
A000000198347,757,4.9,,,,,,,,,,,,,,,,,,,
A000000198780,4403,4.7,63,29,8,40,,,55,5,45,42,12,,,,,,,,
A000000198829,5020,4.8,55,41,5,34,,,62,4,22,38,40,,,,,,,,
A000000198831,7065,4.8,,,,,,,,,,,,,,,,,,,
A000000198852,5020,4.8,53,41,6,23,,,74,3,14,37,49,,,,,,,,
A000000198875,15581,4.7,51,15,33,39,,,45,16,75,20,5,,,,,,,,
A000000198876,3795,4.7,58,24,19,48,,,37,15,42,49,10,,,,,,,,
A000000199065,643,5,58,32,10,4,91,0,96,0,,,,,,,,,,,
A000000199066,64,5,58,30,13,3,97,0,97,0,,,,,,,,,,,
A000000199067,77,4.9,48,42,10,11,86,0,89,0,,,,,,,,,,,
A000000199082,5700,4.9,59,33,8,16,,,82,1,64,34,3,,,,,,,,
A000000199083,2430,4.8,48,43,9,33,,,67,0,63,38,0,,,,,,,,
A000000199084,1998,4.9,44,47,8,34,,,63,3,25,51,24,,,,,,,,
A000000199099,3888,4.9,39,58,3,24,,,75,1,19,65,16,,,,,,,,
A000000199134,939,4.9,57,27,17,13,77,1,86,1,,,,,,,,,,,
A000000199156,5378,4.9,,,,,,,,,,,,,,,,,,,
A000000199169,2391,4.9,,,,,,,,,,,,,,,,,,,
A000000199215,509,4.9,44,51,5,11,,,89,0,13,82,5,,,,,,,,
A000000199223,678,4.8,64,28,9,15,79,1,82,4,,,,,,,,,,,
A000000199224,170,4.8,58,25,17,25,71,2,68,6,,,,,,,,,,,
A000000199226,161,4.9,47,45,7,26,,,72,2,44,55,1,,,,,,,,
A000000199227,134,4.9,41,56,3,26,,,74,0,24,68,8,,,,,,,,
A000000199228,1122,4.9,62,31,7,22,,,77,2,15,44,41,,,,,,,,
A000000199229,61,4.9,54,44,2,30,,,67,3,19,75,6,,,,,,,,
A000000199278,20,4.9,65,35,0,30,75,0,70,0,,,,,,,,,,,
A000000199283,436,4.8,46,32,22,31,69,0,68,1,,,,,,,,,,,
A000000199386,2201,4.7,42,51,7,30,,,68,1,31,67,2,,,,,,,,
A000000199400,349,4.7,32,61,7,27,,,72,1,20,79,0,,,,,,,,
A000000199401,864,4.8,35,62,3,19,,,80,1,14,85,2,,,,,,,,
A000000199429,2512,4.8,64,28,9,29,66,2,70,1,,,,,,,,,,,
A000000199483,11806,4.8,46,49,5,34,,,65,1,34,64,2,,,,,,,,
A000000199484,7545,4.8,45,50,5,31,,,67,1,33,65,2,,,,,,,,
A000000199588,41178,4.8,58,28,14,31,67,1,68,1,,,,,,,,,,,
A000000199656,136,4.7,51,37,11,15,74,3,83,2,,,,,,,,,,,
A000000199802,130,4.8,59,22,19,28,51,4,71,1,,,,,,,,,,,
A000000199943,349,4.6,46,48,7,31,,,67,2,24,70,6,,,,,,,,
A000000199976,1,5,100,0,0,0,100,0,100,0,,,,,,,,,,,
A000000200189,446,4.9,,,,,,,,,,,,,,,,,,,
A000000200238,78,4.6,,,,,,,,,,,,,,,,,,,
A000000200326,474,4.6,,,,,,,,,,,,,,,,,,,
A000000200400,317,4.7,48,40,11,28,58,5,71,2,,,,,,,,,,,
A000000200460,318,4.8,60,22,18,19,63,3,80,1,,,,,,,,,,,
A000000200461,481,4.9,52,20,28,24,75,0,74,2,,,,,,,,,,,
A000000200462,1395,4.9,57,30,13,26,72,1,74,1,,,,,,,,,,,
A000000200463,370,4.8,60,28,12,37,59,2,58,5,,,,,,,,,,,
A000000200536,13,5,73,18,9,64,,,36,0,55,27,18,,,,,,,,
A000000200549,902,4.7,54,17,29,30,56,2,69,1,,,,,,,,,,,
A000000200551,7,5,43,57,0,29,,,71,0,29,29,43,,,,,,,,
A000000200577,91480,4.8,47,36,16,30,,,68,2,53,43,4,,,,,,,,
A000000200621,1736,4.9,62,25,13,25,74,2,74,1,,,,,,,,,,,
A000000200644,1482,4.8,46,48,7,33,,,66,2,27,67,7,,,,,,,,
A000000200724,8135,4.8,48,41,12,22,,,77,1,39,60,1,,,,,,,,
A000000200805,19801,4.7,48,39,13,39,,,57,3,27,67,6,,,,,,,,
A000000200813,336,4.6,59,26,15,37,57,3,55,7,,,,,,,,,,,
A000000200823,27,4.9,59,41,0,26,44,4,70,4,,,,,,,,,,,
A000000200825,467,4.7,,,,,,,,,,,,,,,,,,,
A000000200834,15,4.5,60,13,27,47,47,0,33,20,,,,,,,,,,,
A000000200883,13,4.6,57,29,14,57,,0,57,0,,,,,,,,,43,,
A000000201099,197,4.8,51,38,11,31,68,2,68,1,,,,,,,,,,,
A000000201134,547,4.8,59,24,17,36,,,61,2,51,40,9,,,,,,,,
A000000201164,135,4.7,48,45,7,29,65,4,70,2,,,,,,,,,,,
A000000201172,2780,4.6,,,,,,,,,,,,,,,,,,,
A000000201183,288,4.6,52,31,16,32,53,5,65,3,,,,,,,,,,,
A000000201193,1259,4.6,,,,,,,,,,,,,,,,,,,
A000000201287,693,4.8,45,51,4,29,,,69,2,22,67,10,,,,,,,,
A000000201312,2288,4.8,,,,,,,,,,,,,,,,,,,
A000000201324,11437,4.8,10,88,2,6,,,93,0,5,90,5,,,,,,,,
A000000201377,2808,4.8,57,34,9,29,64,1,70,0,,,,,,,,,,,
A000000201644,3047,5,,,,,,,,,,,,,,,,,,,
A000000201692,71,4.6,41,44,15,31,,,69,0,21,58,21,,,,,,,,
A000000201784,2737,4.8,64,24,12,49,60,2,49,2,,,,,,,,,,,
A000000201981,76,4.7,47,34,19,19,,,80,1,74,24,1,,,,,,,,
A000000201982,57,4.3,65,21,14,40,,,56,4,74,25,2,,,,,,,,
A000000202197,5133,4.8,,,,,,,,,,,,,,,,,,,
A000000202272,10,4.6,90,0,10,80,,,20,0,80,20,0,,,,,,,,
A000000202327,102,4.7,,,,,,,,,,,,,,,,,,,
A000000202346,4673,5,,,,,,,,,,,,,,,,,,,
A000000202372,16,4.1,,,,,,,,,,,,,,,,,,,
A000000202388,7326,4.7,52,15,32,49,,,41,9,54,30,16,,,,,,,,
A000000202400,3012,4.8,,,,,,,,,,,,,,,,,,,
A000000202424,703,4.5,46,13,41,49,,,34,18,56,17,28,,,,,,,,
A000000202438,7993,4.8,55,35,10,40,,,35,26,36,40,24,,,,,,,,
A000000202472,12309,4.7,,,,,,,,,,,,,,,,,,,
A000000202572,2112,4.7,50,39,11,40,,,56,3,39,50,11,,,,,,,,
A000000202588,7539,4.8,46,44,10,27,,,72,1,58,42,0,,,,,,,,
A000000202589,1532,4.8,54,35,11,29,,,70,1,65,34,1,,,,,,,,
A000000202675,22474,4.9,,,,,,,,,,,,,,,,,,,
A000000202678,20781,4.9,,,,,,,,,,,,,,,,,,,
A000000202690,2993,4.8,,,,,,,,,,,,,,,,,,,
A000000202899,24867,4.9,49,25,26,21,,2,77,2,,,,,,,,,77,,
A000000202904,977,4.8,56,17,27,24,70,1,75,2,,,,,,,,,,,
A000000202906,9300,4.9,53,39,8,27,,,67,7,18,35,48,,,,,,,,
A000000202908,152,4.7,66,28,6,37,,,61,3,28,22,50,,,,,,,,
A000000202914,31537,4.8,54,32,14,31,,,68,1,63,34,3,,,,,,,,
A000000202947,8083,4.7,59,22,19,49,,,39,13,42,49,10,,,,,,,,
A000000203004,563,4.9,27,65,8,14,85,1,83,3,,,,,,,,,,,
A000000203008,14893,4.7,54,15,32,45,,,24,30,90,9,1,,,,,,,,
A000000203064,91,4.8,60,33,7,18,77,1,81,1,,,,,,,,,,,
A000000203078,117,4.7,,,,,,,,,,,,,,,,,,,
A000000203079,111,4.7,,,,,,,,,,,,,,,,,,,
A000000203250,3716,4.9,,,,,,,,,,,,,,,,,,,
A000000203294,1526,4.9,49,34,17,18,79,2,80,2,,,,,,,,,,,
A000000203571,24,4.8,0,0,0,0,,,0,0,0,0,0,,,,,,,,
A000000203577,4863,4.8,49,16,35,35,67,1,64,1,,,,,,,,,,,
A000000203658,42,5,29,69,2,21,,,79,0,21,50,29,,,,,,,,
A000000203661,28,4.9,24,69,7,17,,,83,0,17,45,38,,,,,,,,
A000000203683,7,4.6,71,29,0,43,71,0,57,0,,,,,,,,,,,
A000000203684,7,4.9,100,0,0,71,29,0,29,0,,,,,,,,,,,
A000000203685,194,4.9,63,29,8,29,76,2,71,1,,,,,,,,,,,
A000000203726,3779,4.9,,,,,,,,,,,,,,,,,,,
A000000203728,3464,4.8,,,,,,,,,,,,,,,,,,,
A000000203872,122,4.8,54,30,16,33,81,0,45,22,,,,,,,,,,,
A000000203877,85,4.7,,,,,,,,,,,,,,,,,,,
A000000203895,5426,4.8,51,42,7,31,,,68,1,50,48,2,,,,,,,,
A000000203908,5426,4.8,52,42,7,29,,,70,1,48,50,2,,,,,,,,
A000000203930,1326,4.9,58,23,19,10,85,1,89,1,,,,,,,,,,,
A000000203931,1361,4.9,59,25,16,12,85,1,86,1,,,,,,,,,,,
A000000204014,17785,4.7,52,17,31,40,67,1,55,5,,,,,,,,,,,
A000000204125,26,4.7,42,54,4,19,69,4,81,0,,,,,,,,,,,
A000000204164,17113,4.9,46,47,6,28,,,72,1,39,55,6,,,,,,,,
A000000204166,14259,4.9,48,49,3,25,,,74,0,35,56,9,,,,,,,,
A000000204371,48,4.8,56,38,6,38,63,0,63,0,,,,,,,,,,,
A000000204388,6344,4.8,54,40,6,33,,,65,2,29,47,24,,,,,,,,
A000000204392,24,4.8,63,13,25,25,79,0,75,0,,,,,,,,,,,
A000000204411,1325,4.7,55,28,17,33,61,2,63,4,,,,,,,,,,,
A000000204481,18588,4.8,63,28,9,36,59,2,61,3,,,,,,,,,,,
A000000204483,817,4.7,58,18,24,44,,4,57,4,,,,,,,,,53,,
A000000204558,12596,4.7,51,36,12,30,,,68,1,58,42,1,,,,,,,,
A000000204570,11481,4.8,51,44,5,34,,,64,2,35,63,2,,,,,,,,
A000000204590,2792,4.9,,,,,,,,,,,,,,,,,,,
A000000204625,22,5,36,59,5,18,,,82,0,9,82,9,,,,,,,,
A000000204632,285,4.9,60,37,3,25,67,1,74,1,,,,,,,,,,,
A000000204635,619,4.9,,,,,,,,,,,,,,,,,,,
A000000204641,2,4,,,,,,,,,,,,,,,,,,,
A000000204656,36,4.9,42,53,6,8,97,0,92,0,,,,,,,,,,,
A000000204678,56,4.8,,,,,,,,,,,,,,,,,,,
A000000204721,172,4.9,55,37,9,18,74,1,81,1,,,,,,,,,,,
A000000204722,163,4.9,,,,,,,,,,,,,,,,,,,
A000000204806,15,4.8,40,60,0,0,,,100,0,0,93,7,,,,,,,,
A000000204808,22,4.9,,,,,,,,,,,,,,,,,,,
A000000204809,70,4.9,,,,,,,,,,,,,,,,,,,
A000000204878,674,4.8,,,,,,,,,,,,,,,,,,,
A000000204961,154,4.8,49,47,4,23,56,3,77,0,,,,,,,,,,,
A000000205004,2252,4.8,52,22,26,32,,,65,3,50,38,12,,,,,,,,
A000000205012,43,4.8,,,,,,,,,,,,,,,,,,,
A000000205023,24,4.8,67,33,0,13,,,88,0,8,17,75,,,,,,,,
A000000205025,1238,4.8,,,,,,,,,,,,,,,,,,,
A000000205047,333,4.9,46,22,32,11,87,0,88,2,,,,,,,,,,,
A000000205062,648,4.8,61,29,10,32,69,1,66,2,,,,,,,,,,,
A000000205064,1326,4.6,46,23,30,46,51,4,47,7,,,,,,,,,,,
A000000205090,6581,4.8,51,18,31,32,63,2,66,2,,,,,,,,,,,
A000000205136,482,4.9,51,35,13,13,82,0,86,0,,,,,,,,,,,
A000000205223,62,4.8,43,51,7,30,,,69,2,21,70,8,,,,,,,,
A000000205293,30,4.6,40,50,10,33,,,57,10,27,73,0,,,,,,,,
A000000205334,1098,4.8,59,29,12,34,64,1,65,1,,,,,,,,,,,
A000000205335,1522,4.8,52,31,17,35,68,0,62,3,,,,,,,,,,,
A000000205338,306,4.8,58,34,8,32,,,68,0,45,48,7,,,,,,,,
A000000205409,1809,4.8,66,18,16,25,77,2,69,6,,,,,,,,,,,
A000000205410,884,4.8,,,,,,,,,,,,,,,,,,,
A000000205458,2326,4.8,60,22,19,42,58,1,52,6,,,,,,,,,,,
A000000205555,18264,4.8,53,29,18,28,67,2,71,1,,,,,,,,,,,
A000000205661,1396,4.8,55,19,26,44,,3,55,4,,,,,,,,,53,,
A000000205709,24,4.8,42,21,38,29,,,71,0,71,29,0,,,,,,,,
A000000205809,271,4.8,,,,,,,,,,,,,,,,,,,
A000000205836,32,4.5,64,0,36,36,71,0,64,0,,,,,,,,,,,
A000000205840,94,4.9,54,19,27,47,,2,56,3,,,,,,,,,51,,
A000000205860,44,4.8,52,41,7,20,75,2,77,2,,,,,,,,,,,
A000000205873,7647,4.9,,,,,,,,,,,,,,,,,,,
A000000205938,591,4.9,57,21,22,17,69,2,82,1,,,,,,,,,,,
A000000205979,154156,4.8,50,38,12,33,,,60,7,41,42,17,,,,,,,,
A000000206052,2465,4.9,51,35,14,14,82,1,86,0,,,,,,,,,,,
A000000206088,2665,5,,,,,,,,,,,,,,,,,,,
A000000206154,34,4.6,56,15,29,38,62,0,62,0,,,,,,,,,,,
A000000206155,97,4.8,58,24,19,43,67,0,57,0,,,,,,,,,,,
A000000206157,38,4.8,66,24,11,29,53,0,71,0,,,,,,,,,,,
A000000206176,82,4.9,,,,,,,,,,,,,,,,,,,
A000000206202,1931,4.8,58,28,14,25,65,2,74,1,,,,,,,,,,,
A000000206206,1865,4.8,57,38,6,24,,,75,1,20,57,22,,,,,,,,
A000000206208,126,4.8,46,48,6,26,,,70,5,20,64,16,,,,,,,,
A000000206209,123,4.8,46,46,7,26,,,72,2,24,57,19,,,,,,,,
A000000206325,2923,4.8,55,39,5,23,,,76,1,21,63,16,,,,,,,,
A000000206350,1651,4.7,58,37,4,37,,,61,2,24,30,46,,,,,,,,
A000000206378,7635,4.8,56,26,18,28,,,71,1,78,22,1,,,,,,,,
A000000206421,10,4.1,80,0,20,60,80,0,40,0,,,,,,,,,,,
A000000206428,1510,4.9,52,31,16,16,,,83,1,69,29,2,,,,,,,,
A000000206576,56,4.9,65,22,13,24,,,76,0,37,63,0,,,,,,,,
A000000206801,214,4.9,67,31,2,21,73,2,77,2,,,,,,,,,,,
A000000206805,736,4.7,,,,,,,,,,,,,,,,,,,
A000000206833,487,4.6,51,44,5,43,,,53,3,29,39,32,,,,,,,,
A000000206834,63,4.9,49,48,3,22,,,76,2,13,59,29,,,,,,,,
A000000206850,44994,4.8,51,27,22,39,,,57,4,78,20,2,,,,,,,,
A000000206851,662,4.9,38,56,6,12,,,86,2,21,74,5,,,,,,,,
A000000206856,179,4.8,45,50,5,21,,,79,0,18,53,30,,,,,,,,
A000000206860,183,4.9,44,48,7,14,,,84,1,13,56,31,,,,,,,,
A000000206863,3818,4.8,51,34,15,29,,,70,1,71,29,1,,,,,,,,
A000000206864,59,4.7,56,37,7,33,,,67,0,72,24,4,,,,,,,,
A000000206968,33,4.7,64,15,21,33,58,6,67,0,,,,,,,,,,,
A000000206969,51,4.8,53,28,19,34,60,0,66,0,,,,,,,,,,,
A000000206998,836,4.8,59,29,11,26,55,2,73,1,,,,,,,,,,,
A000000207012,2761,4.6,,,,,,,,,,,,,,,,,,,
A000000207030,178,4.9,54,44,1,30,,,70,0,35,55,10,,,,,,,,
A000000207033,1047,4.9,41,52,7,15,,,84,1,17,68,15,,,,,,,,
A000000207034,1047,4.9,45,47,7,11,,,88,1,15,68,17,,,,,,,,
A000000207068,1319,4.7,51,40,9,26,68,3,72,2,,,,,,,,,,,
A000000207115,2035,4.9,,,,,,,,,,,,,,,,,,,
A000000207124,282,4.8,53,29,19,31,71,2,65,4,,,,,,,,,,,
A000000207126,3595,4.7,52,30,18,29,72,3,64,7,,,,,,,,,,,
A000000207127,251,4.7,52,40,8,33,64,3,59,7,,,,,,,,,,,
A000000207128,242,4.8,57,35,8,34,75,1,61,5,,,,,,,,,,,
A000000207267,1140,4.9,47,23,30,27,74,0,71,1,,,,,,,,,,,
A000000207283,513,4.8,62,22,16,23,69,1,76,1,,,,,,,,,,,
A000000207304,348,4.7,,,,,,,,,,,,,,,,,,,
A000000207365,947,4.8,54,16,29,41,75,1,52,7,,,,,,,,,,,
A000000207372,15,5,,,,,,,,,,,,,,,,,,,
A000000207439,17121,4.8,54,19,27,43,,2,58,3,,,,,,,,,55,,
A000000207446,5416,4.7,,,,,,,,,,,,,,,,,,,
A000000207475,1836,4.8,46,46,8,29,,,69,1,39,60,1,,,,,,,,
A000000207640,8831,4.8,,,,,,,,,,,,,,,,,,,
A000000207657,5942,5,57,30,14,8,91,1,92,1,,,,,,,,,,,
A000000207664,261,4.9,58,27,14,3,96,0,97,0,,,,,,,,,,,
A000000207666,1739,4.9,51,35,13,4,95,0,95,0,,,,,,,,,,,
A000000207672,378,4.9,53,34,13,8,90,0,91,0,,,,,,,,,,,
A000000207698,32,4.9,34,63,3,41,,,59,0,22,69,9,,,,,,,,
A000000207699,57,4.9,58,21,21,51,,,40,9,28,39,33,,,,,,,,
A000000207700,10,4.5,90,10,0,80,,,20,0,80,20,0,,,,,,,,
A000000207716,4234,4.8,51,39,10,33,,,67,1,49,48,3,,,,,,,,
A000000207736,2258,4.5,,,,,,,,,,,,,,,,,,,
A000000207746,598,4.9,56,25,19,12,88,0,87,1,,,,,,,,,,,
A000000207760,30,4.8,47,13,40,43,,,57,0,70,30,0,,,,,,,,
A000000207817,73,4.8,42,54,4,21,,,79,0,8,54,38,,,,,,,,
A000000207872,89,4.9,39,52,9,12,,,88,0,10,83,7,,,,,,,,
A000000207894,1474,4.8,,,,,,,,,,,,,,,,,,,
A000000207898,2147,4.8,57,21,21,35,62,2,63,2,,,,,,,,,,,
A000000207964,2,5,0,100,0,0,100,0,100,0,,,,,,,,,,,
A000000207982,55102,4.8,59,24,17,35,66,1,64,2,,,,,,,,,,,
A000000208064,71,4.9,69,11,20,9,91,0,90,1,,,,,,,,,,,
A000000208075,219,4.9,,,,,,,,,,,,,,,,,,,
A000000208181,553,4.8,55,27,18,41,46,5,48,11,,,,,,,,,,,
A000000208185,54,4.8,60,35,5,22,76,0,78,0,,,,,,,,,,,
A000000208186,94,4.8,69,20,11,27,62,0,71,2,,,,,,,,,,,
A000000208189,45,4.9,60,27,13,16,73,4,82,2,,,,,,,,,,,
A000000208202,640,4.9,38,47,16,34,,,65,1,55,35,9,,,,,,,,
A000000208208,285,4.9,32,65,3,18,,,81,1,13,78,9,,,,,,,,
A000000208231,80031,4.9,53,36,12,28,,,71,1,58,37,5,,,,,,,,
A000000208245,185,4.7,27,27,45,18,,,82,0,55,45,0,,,,,,,,
A000000208289,8,5,63,38,0,63,,,38,0,50,50,0,,,,,,,,
A000000208351,684,4.7,65,34,1,28,65,3,72,1,,,,,,,,,,,
A000000208401,148,4.7,,,,,,,,,,,,,,,,,,,
A000000208424,30,4.8,60,30,10,50,,,50,0,60,40,0,,,,,,,,
A000000208443,233,5,,,,,,,,,,,,,,,,,,,
A000000208448,974,4.8,39,57,5,21,,,78,1,17,83,1,,,,,,,,
A000000208472,103,4.8,58,39,3,35,,,63,2,24,25,50,,,,,,,,
A000000208565,197,4.5,63,25,12,29,,,69,2,62,37,2,,,,,,,,
A000000208566,543,4.9,47,50,3,31,,,69,1,33,66,1,,,,,,,,
A000000208567,614,4.9,42,58,0,30,,,70,0,31,69,0,,,,,,,,
A000000208600,1769,4.6,49,38,13,26,,,74,0,55,43,1,,,,,,,,
A000000208730,10,4.9,,,,,,,,,,,,,,,,,,,
A000000208732,87,5,,,,,,,,,,,,,,,,,,,
A000000208733,7,5,86,0,14,71,43,0,29,0,,,,,,,,,,,
A000000208753,64850,4.8,54,28,18,33,,,66,1,79,20,1,,,,,,,,
A000000208792,41,4.8,41,49,10,32,66,0,66,2,,,,,,,,,,,
A000000208895,710,4.9,58,22,20,38,63,1,60,2,,,,,,,,,,,
A000000209123,1989,4.7,50,42,8,33,,,65,2,27,49,24,,,,,,,,
A000000209125,7201,4.8,57,32,12,31,73,1,63,7,,,,,,,,,,,
A000000209129,20,5,45,14,41,41,55,9,50,9,,,,,,,,,,,
A000000209139,3157,4.8,56,38,6,24,,,74,2,15,34,51,,,,,,,,
A000000209157,3729,4.7,58,29,13,40,,,36,24,34,35,32,,,,,,,,
A000000209159,1008,4.8,30,67,3,24,,,66,10,18,65,17,,,,,,,,
A000000209204,79,4.4,67,27,6,34,48,5,66,0,,,,,,,,,,,
A000000209231,1098,4.9,28,70,2,14,,,86,0,8,59,33,,,,,,,,
A000000209232,15,4.9,20,27,53,20,80,0,80,0,,,,,,,,,,,
A000000209233,27,4.6,59,41,0,26,,,67,7,26,30,44,,,,,,,,
A000000209294,73,4.8,50,50,0,32,,,68,0,29,55,16,,,,,,,,
A000000209520,50513,4.9,59,29,12,30,,,69,1,65,32,3,,,,,,,,
A000000209710,6,5,,,,,,,,,,,,,,,,,,,
A000000209715,25,4.7,,,,,,,,,,,,,,,,,,,
A000000209723,6,5,,,,,,,,,,,,,,,,,,,
A000000209732,10,4.9,,,,,,,,,,,,,,,,,,,
A000000209739,726,4.9,51,24,25,22,84,0,74,4,,,,,,,,,,,
A000000209844,1496,4.9,56,31,13,26,,,73,1,69,29,2,,,,,,,,
A000000209853,15890,4.9,53,35,12,22,80,1,75,2,,,,,,,,,,,
A000000209871,837,4.8,49,20,30,41,67,2,50,8,,,,,,,,,,,
A000000209890,8090,4.8,43,49,9,27,,,72,1,30,69,1,,,,,,,,
A000000209891,8090,4.8,45,49,6,24,,,75,1,27,73,1,,,,,,,,
A000000209905,1154,4.8,50,41,9,19,48,4,80,1,,,,,,,,,,,
A000000209909,423,4.7,40,57,4,26,53,3,72,1,,,,,,,,,,,
A000000209910,3875,4.8,55,39,7,24,51,4,75,1,,,,,,,,,,,
A000000209928,2697,4.6,52,37,10,34,,,62,4,19,32,49,,,,,,,,
A000000209965,112,4.6,53,26,21,53,38,3,41,6,,,,,,,,,,,
A000000209999,79,4.9,45,15,40,38,68,0,63,0,,,,,,,,,,,
A000000210015,1554,4.8,55,40,4,34,,,65,1,26,44,30,,,,,,,,
A000000210018,104,4.9,36,61,4,18,53,3,81,1,,,,,,,,,,,
A000000210043,12056,4.9,,,,,,,,,,,,,,,,,,,
A000000210045,10396,4.9,,,,,,,,,,,,,,,,,,,
A000000210076,25,4.4,56,44,0,32,,,68,0,32,68,0,,,,,,,,
A000000210168,37,4.4,43,57,0,35,,,62,3,22,76,3,,,,,,,,
A000000210169,18,4.8,44,56,0,50,,,50,0,22,78,0,,,,,,,,
A000000210207,70,4.6,51,46,3,29,,,71,0,14,57,29,,,,,,,,
A000000210249,10,5,60,0,40,60,60,0,40,0,,,,,,,,,,,
A000000210294,402,4.8,,,,,,,,,,,,,,,,,,,
A000000210323,74,4.6,,,,,,,,,,,,,,,,,,,
A000000210474,28,4.9,,,,,,,,,,,,,,,,,,,
A000000210478,11,5,,,,,,,,,,,,,,,,,,,
A000000210481,28,4.8,,,,,,,,,,,,,,,,,,,
A000000210539,387,4.7,45,44,11,27,66,1,71,2,,,,,,,,,,,
A000000210646,105,4.9,,,,,,,,,,,,,,,,,,,
A000000210738,579,4.8,49,15,37,37,,,59,4,73,21,6,,,,,,,,
A000000210757,248,4.9,,,,,,,,,,,,,,,,,,,
A000000210926,2224,4.8,46,47,6,24,,,75,1,17,64,19,,,,,,,,
A000000210944,10,5,60,30,10,40,60,0,60,0,,,,,,,,,,,
A000000210971,859,4.8,54,38,7,25,,,74,1,26,50,24,,,,,,,,
A000000211061,421,4.7,56,29,14,32,72,1,62,6,,,,,,,,,,,
A000000211128,31009,4.8,51,39,10,33,,,67,1,50,41,10,,,,,,,,
A000000211149,1714,4.6,47,46,7,32,,,67,2,27,47,26,,,,,,,,
A000000211151,1714,4.6,58,35,8,29,,,70,1,24,45,31,,,,,,,,
A000000211172,3318,4.7,,,,,,,,,,,,,,,,,,,
A000000211174,1920,4.9,56,19,25,37,63,1,62,1,,,,,,,,,,,
A000000211181,1229,4.9,48,23,28,33,67,1,66,1,,,,,,,,,,,
A000000211186,10144,4.7,59,19,22,45,,,47,8,62,27,11,,,,,,,,
A000000211187,6478,4.8,56,27,17,30,,,69,1,79,20,1,,,,,,,,
A000000211194,128,4.8,52,38,10,29,53,2,70,2,,,,,,,,,,,
A000000211195,99,4.9,56,34,10,31,66,0,67,2,,,,,,,,,,,
A000000211200,102,4.8,,,,,,,,,,,,,,,,,,,
A000000211217,7373,4.9,39,56,5,24,,,74,2,17,65,17,,,,,,,,
A000000211237,3321,4.9,44,49,7,12,,,87,1,12,66,22,,,,,,,,
A000000211238,102,4.7,,,,,,,,,,,,,,,,,,,
A000000211240,112,4.8,65,25,11,27,61,1,73,0,,,,,,,,,,,
A000000211360,93,4.6,48,20,31,34,62,2,59,6,,,,,,,,,,,
A000000211365,9613,4.8,59,34,7,43,,,35,22,34,42,24,,,,,,,,
A000000211368,559,4.8,53,38,10,32,60,1,66,2,,,,,,,,,,,
A000000211369,3073,4.7,48,44,8,24,66,3,73,2,,,,,,,,,,,
A000000211371,692,4.8,56,33,12,41,67,1,51,7,,,,,,,,,,,
A000000211398,8090,4.8,41,51,8,22,,,77,1,26,74,1,,,,,,,,
A000000211480,5499,4.8,54,19,27,42,70,2,44,14,,,,,,,,,,,
A000000211482,4915,4.7,52,44,5,32,,,66,2,27,47,26,,,,,,,,
A000000211601,421,5,44,44,12,11,,,89,0,38,59,4,,,,,,,,
A000000211648,2407,4.8,,,,,,,,,,,,,,,,,,,
A000000212025,563,4.8,58,22,21,19,61,3,80,1,,,,,,,,,,,
A000000212153,4443,4.7,52,16,32,35,61,2,64,1,,,,,,,,,,,
A000000212247,860,4.9,46,17,37,35,,,63,3,56,31,13,,,,,,,,
A000000212286,33,4.6,,,,,,,,,,,,,,,,,,,
A000000212350,23358,4.8,48,44,8,30,,,69,1,30,56,13,,,,,,,,
A000000212351,23358,4.8,50,44,6,29,,,70,1,27,55,18,,,,,,,,
A000000212393,1713,4.8,39,57,4,25,,,75,0,16,82,2,,,,,,,,
A000000212409,348,4.8,52,35,12,32,,,66,3,43,54,3,,,,,,,,
A000000212513,107,4.8,43,52,5,28,,,71,1,45,53,2,,,,,,,,
A000000212540,749,4.8,48,24,28,32,67,2,66,2,,,,,,,,,,,
A000000212555,10909,4.7,,,,,,,,,,,,,,,,,,,
A000000212566,6786,4.9,46,50,4,28,,,70,2,19,53,28,,,,,,,,
A000000212579,6788,4.9,41,52,7,17,,,82,1,11,62,27,,,,,,,,
A000000212703,14765,4.8,52,28,21,29,71,2,66,5,,,,,,,,,,,
A000000212748,237,5,44,48,8,18,,,81,1,20,76,4,,,,,,,,
A000000212924,3272,5,51,29,20,3,95,0,96,0,,,,,,,,,,,
A000000212950,24,4.7,63,17,21,29,63,0,63,8,,,,,,,,,,,
A000000212951,97,4.9,67,19,14,40,71,0,56,4,,,,,,,,,,,
A000000212952,10,5,60,40,0,60,40,0,40,0,,,,,,,,,,,
A000000212953,129,4.8,50,33,17,35,75,1,59,6,,,,,,,,,,,
A000000212954,16,4.9,72,17,11,44,50,0,56,0,,,,,,,,,,,
A000000212958,497,4.9,,,,,,,,,,,,,,,,,,,
A000000212997,722,4.9,49,45,6,7,76,2,92,1,,,,,,,,,,,
A000000213017,353,4.8,89,11,0,38,57,0,62,0,,,,,,,,,,,
A000000213090,910,4.8,48,44,7,40,,,54,6,43,45,13,,,,,,,,
A000000213091,1253,4.7,44,49,7,34,,,65,1,33,58,9,,,,,,,,
A000000213094,281,4.8,40,53,7,31,,,64,5,22,66,12,,,,,,,,
A000000213116,408,5,37,60,3,7,,,93,0,15,82,2,,,,,,,,
A000000213119,367,4.9,58,34,8,43,,,35,22,32,45,23,,,,,,,,
A000000213148,1980,4.8,45,45,10,27,,,72,1,27,73,0,,,,,,,,
A000000213433,86,4.9,65,29,6,42,,,53,5,38,24,37,,,,,,,,
A000000213463,932,4.8,58,27,15,43,,,50,6,29,33,37,,,,,,,,
A000000213469,133,4.6,62,32,6,50,,,45,5,37,37,26,,,,,,,,
A000000213505,29,5,83,17,0,83,,,17,0,86,10,3,,,,,,,,
A000000213506,24,5,79,21,0,75,,,25,0,79,21,0,,,,,,,,
A000000213509,43,4.9,74,26,0,74,,,26,0,79,21,0,,,,,,,,
A000000213510,16,4.8,75,25,0,69,25,0,25,6,,,,,,,,,,,
A000000213530,178,4.8,52,28,20,28,69,2,72,1,,,,,,,,,,,
A000000213555,236,4.4,57,35,7,29,,,71,0,66,34,0,,,,,,,,
A000000213556,39,4.7,67,31,3,8,,,92,0,26,74,0,,,,,,,,
A000000213570,1142,4.8,55,35,11,27,,,72,1,29,40,31,,,,,,,,
A000000213572,273,4.8,50,35,15,29,,,70,1,39,42,19,,,,,,,,
A000000213574,241,4.9,,,,,,,,,,,,,,,,,,,
A000000213575,2842,4.7,52,39,9,32,,,65,2,21,28,51,,,,,,,,
A000000213695,887,4.7,,,,,,,,,,,,,,,,,,,
A000000213721,509,4.7,52,32,16,31,,,67,2,72,26,1,,,,,,,,
A000000213724,190,4.6,49,42,9,36,,,62,2,19,34,46,,,,,,,,
A000000213916,453,4.7,50,45,5,27,,,72,2,32,66,2,,,,,,,,
A000000213921,3214,4.7,62,30,8,36,60,4,62,2,,,,,,,,,,,
A000000213922,7922,4.7,65,24,11,44,56,2,52,4,,,,,,,,,,,
A000000213949,18,5,39,50,11,17,78,0,78,6,,,,,,,,,,,
A000000213956,302,4.6,,,,,,,,,,,,,,,,,,,
A000000213972,1206,4.8,59,15,26,42,62,1,52,6,,,,,,,,,,,
A000000213974,330,4.7,,,,,,,,,,,,,,,,,,,
A000000214174,76,4.9,51,47,2,25,64,0,75,0,,,,,,,,,,,
A000000214186,485,4.8,32,66,3,13,,,86,1,13,85,2,,,,,,,,
A000000214196,485,4.8,34,62,5,24,,,75,1,24,75,1,,,,,,,,
A000000214198,25,4.7,44,24,32,32,64,0,68,0,,,,,,,,,,,
A000000214199,38,4.8,32,66,3,5,,,89,5,13,84,3,,,,,,,,
A000000214202,29,4.7,61,36,4,39,,,57,4,39,57,4,,,,,,,,
A000000214236,64,5,,,,,,,,,,,,,,,,,,,
A000000214250,34,4.9,,,,,,,,,,,,,,,,,,,
A000000214307,6,4.8,67,33,0,67,,,33,0,33,67,0,,,,,,,,
A000000214319,27,5,93,7,0,85,,,15,0,93,7,0,,,,,,,,
A000000214359,1177,4.7,57,33,10,37,,,62,1,25,30,45,,,,,,,,
A000000214360,406,4.6,53,38,9,37,,,62,1,48,44,8,,,,,,,,
A000000214720,1468,4.9,36,60,4,28,,,71,1,20,61,19,,,,,,,,
A000000214722,12,4,60,30,10,40,,,60,0,100,0,0,,,,,,,,
A000000214742,9,4.6,78,22,0,33,,,67,0,56,33,11,,,,,,,,
A000000214743,4,4.5,75,0,25,50,,,50,0,50,50,0,,,,,,,,
A000000214745,7,4.6,43,0,57,71,,,0,29,86,0,14,,,,,,,,
A000000214747,14,4.9,64,29,7,29,,,71,0,57,43,0,,,,,,,,
A000000214749,24,4.8,48,52,0,35,,,61,4,17,35,48,,,,,,,,
A000000214750,3,3.3,67,33,0,67,,,33,0,100,0,0,,,,,,,,
A000000214752,15,4.7,40,47,13,20,,,80,0,47,53,0,,,,,,,,
A000000214762,24,4.8,100,0,0,100,,,0,0,0,0,100,,,,,,,,
A000000214767,7,4.6,0,0,0,0,,,0,0,0,0,0,,,,,,,,
A000000214769,12,4,100,0,0,100,,,0,0,50,0,50,,,,,,,,
A000000214794,216,4.8,50,45,5,27,,,70,3,21,63,15,,,,,,,,
A000000214815,356,4.6,60,22,18,37,54,3,62,1,,,,,,,,,,,
A000000214851,3,3.7,,,,,,,,,,,,,,,,,,,
A000000214895,24391,4.8,55,37,8,30,,,68,2,30,53,17,,,,,,,,
A000000214907,15916,4.7,54,28,18,38,68,2,54,8,,,,,,,,,,,
A000000214934,7065,4.8,,,,,,,,,,,,,,,,,,,
A000000214997,1758,4.8,53,33,14,34,59,2,64,2,,,,,,,,,,,
A000000215111,328,4.7,65,25,10,39,62,4,56,5,,,,,,,,,,,
A000000215152,956,5,35,59,5,9,,,90,1,24,76,1,,,,,,,,
A000000215155,14322,4.8,42,13,45,48,71,1,45,7,,,,,,,,,,,
A000000215177,33,4.9,60,30,10,50,70,0,40,10,,,,,,,,,,,
A000000215199,21,5,55,45,0,0,,,100,0,5,86,9,,,,,,,,
A000000215310,20,4.9,60,40,0,35,55,0,65,0,,,,,,,,,,,
A000000215311,21,4.9,38,62,0,10,90,0,90,0,,,,,,,,,,,
A000000215312,12,4.9,67,33,0,42,50,0,58,0,,,,,,,,,,,
A000000215337,1,5,100,0,0,0,100,0,100,0,,,,,,,,,,,
A000000215338,910,4.8,59,33,8,31,,,68,1,20,34,46,,,,,,,,
A000000215340,353,4.8,54,30,16,26,,,73,1,52,40,9,,,,,,,,
A000000215367,398,4.9,43,46,11,11,,,89,0,46,53,2,,,,,,,,
A000000215368,12,4.8,50,50,0,0,,,100,0,58,42,0,,,,,,,,
A000000215369,10,4.1,60,40,0,10,,,90,0,30,40,30,,,,,,,,
A000000215371,15,4.8,60,40,0,47,,,53,0,67,33,0,,,,,,,,
A000000215416,2431,4.8,,,,,,,,,,,,,,,,,,,
A000000215420,841,4.7,,,,,,,,,,,,,,,,,,,
A000000215422,3297,4.7,,,,,,,,,,,,,,,,,,,
A000000215447,0,0,0,0,0,0,,,0,0,0,0,0,,,,,,,,
A000000215458,0,0,0,0,0,0,0,0,0,0,,,,,,,,,,,
A000000215464,10,4.6,50,30,20,50,,,30,20,30,20,50,,,,,,,,
A000000215551,57,4.9,26,61,12,5,93,0,93,2,,,,,,,,,,,
A000000215591,140,5,,,,,,,,,,,,,,,,,,,
A000000215978,1013,4.8,46,49,5,21,,,78,1,17,70,14,,,,,,,,
A000000215979,1617,4.7,52,35,13,25,,,74,1,62,35,3,,,,,,,,
A000000216063,195,4.7,52,35,13,34,55,4,64,2,,,,,,,,,,,
A000000216067,2289,4.8,45,52,3,37,,,62,1,25,52,23,,,,,,,,
A000000216227,153,4.8,51,46,3,25,,,74,1,12,37,51,,,,,,,,
A000000216235,1727,4.9,59,21,20,36,55,1,62,2,,,,,,,,,,,
A000000216254,1512,4.9,55,34,11,12,87,1,88,0,,,,,,,,,,,
A000000216255,1396,4.9,,,,,,,,,,,,,,,,,,,
A000000216256,107,4.8,72,19,9,32,67,1,67,1,,,,,,,,,,,
A000000216302,256,4.6,54,22,25,31,57,6,69,0,,,,,,,,,,,
A000000216304,61,4.8,72,15,13,34,66,2,62,3,,,,,,,,,,,
A000000216311,13671,4.8,59,23,18,29,53,2,69,1,,,,,,,,,,,
A000000216318,1818,4.9,44,49,7,17,,,83,1,22,68,10,,,,,,,,
A000000216353,935,4.7,58,28,14,28,,,71,1,68,31,1,,,,,,,,
A000000216354,40,4.9,70,18,13,33,,,65,3,80,20,0,,,,,,,,
A000000216361,2367,4.8,50,45,4,34,,,64,2,24,43,33,,,,,,,,
A000000216363,734,4.8,54,42,4,37,,,61,1,25,34,41,,,,,,,,
A000000216496,692,4.7,56,25,19,40,58,1,52,8,,,,,,,,,,,
A000000216503,167,4.8,29,66,4,20,,,77,2,19,77,4,,,,,,,,
A000000216504,759,4.8,39,51,10,24,,,75,1,46,53,2,,,,,,,,
A000000216505,477,4.8,33,62,5,24,,,74,2,21,71,8,,,,,,,,
A000000216506,223,4.9,23,74,3,15,,,84,0,13,82,5,,,,,,,,
A000000216512,668,4.7,42,47,12,29,,,70,1,36,56,8,,,,,,,,
A000000216611,685,4.6,52,31,18,37,59,4,56,7,,,,,,,,,,,
A000000216668,3257,4.8,52,34,14,31,69,2,65,4,,,,,,,,,,,
A000000216737,2272,5,68,27,6,7,,,92,1,42,34,24,,,,,,,,
A000000216955,1166,4.6,52,40,9,31,,,67,2,55,42,3,,,,,,,,
A000000216960,36,4.6,44,47,8,22,,,78,0,19,69,11,,,,,,,,
A000000216963,179,4.9,31,61,8,10,,,89,1,9,88,3,,,,,,,,
A000000217011,23,4.8,57,17,26,43,,,57,0,78,22,0,,,,,,,,
A000000217419,2776,4.9,44,32,24,22,70,1,77,1,,,,,,,,,,,
A000000217511,15688,4.8,48,41,10,28,64,2,69,3,,,,,,,,,,,
A000000217523,1008,4.8,50,47,3,34,,,65,1,27,53,20,,,,,,,,
A000000217547,10325,4.9,60,35,5,39,,,53,8,21,29,50,,,,,,,,
A000000217620,519785,4.9,52,39,9,33,,,66,1,48,43,9,,,,,,,,
A000000217679,2468,4.6,,,,,,,,,,,,,,,,,,,
A000000217728,450,5,50,31,19,10,86,1,89,0,,,,,,,,,,,
A000000217746,3686,4.9,35,28,37,7,92,1,92,1,,,,,,,,,,,
A000000218398,56,4.8,70,21,9,34,63,0,66,0,,,,,,,,,,,
A000000218443,6115,4.7,,,,,,,,,,,,,,,,,,,
A000000218711,394,4.8,51,40,9,27,62,2,72,1,,,,,,,,,,,
A000000218743,100,4.7,48,35,18,28,62,2,70,2,,,,,,,,,,,
A000000218907,683,4.9,28,66,6,17,,,83,0,23,73,4,,,,,,,,
A000000218909,648,4.8,48,46,6,25,,,75,1,30,52,18,,,,,,,,
A000000218923,465,4.9,49,39,13,14,81,1,85,1,,,,,,,,,,,
A000000218926,31,4.8,58,16,26,29,71,6,68,3,,,,,,,,,,,
A000000218935,656,4.8,,,,,,,,,,,,,,,,,,,
A000000219146,11,4.5,100,0,0,0,0,100,100,0,,,,,,,,,,,
A000000219169,11,4.9,73,27,0,45,64,0,55,0,,,,,,,,,,,
A000000219172,990,4.8,29,68,3,25,,,71,3,21,77,2,,,,,,,,
A000000219193,9741,4.8,20,76,4,14,,,84,2,9,81,10,,,,,,,,
A000000219218,182,4.7,35,9,55,30,67,2,69,1,,,,,,,,,,,
A000000219235,554,4.8,42,50,8,10,,,89,1,23,72,5,,,,,,,,
A000000219324,106,4.7,60,39,1,25,,,73,3,62,38,0,,,,,,,,
A000000219330,149,4.9,48,38,13,18,65,1,82,0,,,,,,,,,,,
A000000219337,60,4.7,,,,,,,,,,,,,,,,,,,
A000000219415,3858,4.7,45,17,38,41,63,3,43,17,,,,,,,,,,,
A000000219426,364,5,44,40,16,5,95,1,95,1,,,,,,,,,,,
A000000219427,569,4.9,53,34,13,28,,,71,1,63,34,4,,,,,,,,
A000000219558,2002,4.9,52,40,8,18,68,1,82,0,,,,,,,,,,,
A000000219852,259,4.7,46,46,9,24,,,75,1,53,41,6,,,,,,,,
A000000219854,131,4.6,52,41,8,24,,,75,2,54,39,7,,,,,,,,
A000000219856,338,4.7,58,32,10,25,,,73,1,47,38,16,,,,,,,,
A000000219928,6874,4.6,,,,,,,,,,,,,,,,,,,
A000000219929,577,4.9,49,33,18,13,,,85,2,47,46,7,,,,,,,,
A000000219930,661,4.9,39,55,5,11,,,89,0,13,82,5,,,,,,,,
A000000219931,62,4.8,65,23,13,58,48,3,35,6,,,,,,,,,,,
A000000219969,1893,4.8,,,,,,,,,,,,,,,,,,,
A000000219984,5865,4.8,53,26,21,33,67,2,63,4,,,,,,,,,,,
A000000219988,34,4.6,,,,,,,,,,,,,,,,,,,
A000000220688,2021,4.8,55,25,20,25,,,74,1,67,33,1,,,,,,,,
A000000221557,3641,4.8,,,,,,,,,,,,,,,,,,,
A000000221697,2747,4.8,48,46,6,37,,,58,4,22,41,37,,,,,,,,
A000000221807,11166,4.8,52,39,9,32,,,66,2,34,50,16,,,,,,,,
A000000221880,3974,4.6,,,,,,,,,,,,,,,,,,,
A000000221881,2167,4.7,,,,,,,,,,,,,,,,,,,
A000000221951,108,4.8,34,63,3,23,,,77,0,10,64,26,,,,,,,,
A000000221952,7,4.6,100,0,0,57,,,43,0,71,29,0,,,,,,,,
A000000221953,6,5,83,0,17,50,,,33,17,83,0,17,,,,,,,,
A000000222213,735,4.8,53,38,9,36,,,63,2,22,31,47,,,,,,,,
A000000222605,24744,4.8,57,29,15,27,68,2,71,2,,,,,,,,,,,
A000000222607,1294,4.7,56,31,13,31,55,3,68,1,,,,,,,,,,,
A000000222674,4780,4.8,47,40,13,28,,,71,1,54,44,1,,,,,,,,
A000000222676,52,4.9,50,25,25,29,,,71,0,62,38,0,,,,,,,,
A000000222681,201,4.8,,,,,,,,,,,,,,,,,,,
A000000222682,94,4.9,,,,,,,,,,,,,,,,,,,
A000000222686,2108,5,41,38,21,5,95,0,95,0,,,,,,,,,,,
A000000222687,70,4.7,60,11,29,31,60,1,69,0,,,,,,,,,,,
A000000222702,1759,4.8,50,43,7,27,60,3,71,2,,,,,,,,,,,
A000000222726,339,4.8,,,,,,,,,,,,,,,,,,,
A000000222728,8,4.6,50,50,0,38,50,13,63,0,,,,,,,,,,,
A000000222729,4,5,75,25,0,0,100,0,100,0,,,,,,,,,,,
A000000222742,36,4.9,,,,,,,,,,,,,,,,,,,
A000000222747,2003,4.7,53,37,10,35,,,60,5,29,45,27,,,,,,,,
A000000222758,1804,4.9,57,32,12,34,,,59,7,24,66,9,,,,,,,,
A000000222759,1966,4.9,33,61,6,12,,,87,0,10,88,2,,,,,,,,
A000000222760,48,4.7,69,19,13,46,,,46,8,54,31,15,,,,,,,,
A000000222762,60,4.8,30,60,10,28,,,70,2,72,28,0,,,,,,,,
A000000222767,527,5,53,33,14,31,,,68,1,63,37,0,,,,,,,,
A000000222790,3793,4.8,55,25,20,32,64,3,66,2,,,,,,,,,,,
A000000222793,53,4.6,57,32,11,38,58,4,60,2,,,,,,,,,,,
A000000222811,2632,4.7,48,16,36,43,69,1,46,11,,,,,,,,,,,
A000000222815,221,4.7,68,23,9,34,64,2,65,2,,,,,,,,,,,
A000000222816,100,4.7,43,50,7,26,72,2,71,3,,,,,,,,,,,
A000000222818,296,4.8,53,33,14,27,,,70,3,76,23,1,,,,,,,,
A000000222819,816,4.8,55,33,13,32,,,66,1,71,29,0,,,,,,,,
A000000222911,249,4.8,,,,,,,,,,,,,,,,,,,
A000000222912,326,4.9,46,39,15,5,92,1,94,1,,,,,,,,,,,
A000000223191,1073,4.7,54,36,10,26,65,2,73,1,,,,,,,,,,,
A000000223204,740,4.1,51,19,30,43,31,16,46,10,,,,,,,,,,,
A000000223233,12283,4.8,57,21,22,40,63,1,58,2,,,,,,,,,,,
A000000223235,8054,4.8,56,24,20,41,62,1,58,2,,,,,,,,,,,
A000000223236,2032,4.7,50,41,9,31,53,3,66,3,,,,,,,,,,,
A000000223237,4468,4.8,60,30,9,33,63,3,65,2,,,,,,,,,,,
A000000223317,203,4.7,62,27,11,31,67,2,65,4,,,,,,,,,,,
A000000223414,474384,4.9,53,37,10,29,,,70,1,53,42,5,,,,,,,,
A000000223420,75,4.9,55,31,15,4,85,0,96,0,,,,,,,,,,,
A000000223422,78,4.9,42,13,45,12,82,1,88,0,,,,,,,,,,,
A000000223461,2221,4.8,58,33,9,39,63,2,58,3,,,,,,,,,,,
A000000223623,17,4.9,35,53,12,41,,,59,0,29,65,6,,,,,,,,
A000000223693,1170,4.8,42,50,8,25,,,73,2,33,66,1,,,,,,,,
A000000223707,1455,4.7,53,31,16,28,,,72,1,70,29,1,,,,,,,,
A000000223712,8,4.9,0,88,13,13,88,0,88,0,,,,,,,,,,,
A000000223780,7759,4.8,,,,,,,,,,,,,,,,,,,
A000000223792,2527,4.9,58,29,13,35,,,59,6,27,65,8,,,,,,,,
A000000223793,1966,4.9,38,58,4,15,,,85,1,11,87,1,,,,,,,,
A000000223795,254,4.5,,,,,,,,,,,,,,,,,,,
A000000223797,2339,4.7,57,35,8,31,,,68,1,39,36,25,,,,,,,,
A000000223813,4795,5,56,32,12,9,92,0,91,0,,,,,,,,,,,
A000000224154,100,5,,,,,,,,,,,,,,,,,,,
A000000224198,2400,4.9,,,,,,,,,,,,,,,,,,,
A000000224301,77,4.7,39,58,3,27,66,1,70,3,,,,,,,,,,,
A000000224347,582,4.7,48,28,25,44,,,55,1,47,38,16,,,,,,,,
A000000224369,61,4.6,56,44,0,38,,,61,2,18,30,52,,,,,,,,
A000000224371,1918,4.9,63,22,15,40,59,2,50,10,,,,,,,,,,,
A000000224372,9108,4.9,60,33,7,22,,,76,1,38,38,24,,,,,,,,
A000000224413,4026,4.8,51,44,6,31,,,69,1,23,51,26,,,,,,,,
A000000224443,29,4.7,69,17,14,38,45,3,59,3,,,,,,,,,,,
A000000224446,15,4.3,20,73,7,7,,,87,7,0,33,67,,,,,,,,
A000000224465,1457,4.8,63,30,7,35,60,3,64,1,,,,,,,,,,,
A000000224468,3858,4.7,43,18,40,45,61,3,41,14,,,,,,,,,,,
A000000224470,94,4.6,,,,,,,,,,,,,,,,,,,
A000000224477,59,4.7,66,20,14,17,80,2,81,2,,,,,,,,,,,
A000000224478,105,4.6,55,13,31,27,59,9,70,4,,,,,,,,,,,
A000000224503,6148,4.5,56,19,25,54,,,29,16,46,26,29,,,,,,,,
A000000224510,2292,4.8,58,35,7,41,,,54,5,22,32,46,,,,,,,,
A000000224542,6,4.8,83,0,17,100,17,0,0,0,,,,,,,,,,,
A000000224546,227,4.9,45,49,6,10,,,89,1,12,63,25,,,,,,,,
A000000224556,61,4.7,46,33,21,25,67,3,75,0,,,,,,,,,,,
A000000224558,1192,4.7,,,,,,,,,,,,,,,,,,,
A000000224585,167,4.5,54,39,7,33,,,65,2,59,41,0,,,,,,,,
A000000224605,7,4.6,,,,,,,,,,,,,,,,,,,
A000000224735,194,4.8,,,,,,,,,,,,,,,,,,,
A000000224739,8,4.5,75,13,13,75,13,13,13,13,,,,,,,,,,,
A000000224740,46,4.9,70,26,4,26,67,0,74,0,,,,,,,,,,,
A000000224747,243,4.9,48,36,17,18,80,1,81,1,,,,,,,,,,,
A000000224766,26,4.4,,,,,,,,,,,,,,,,,,,
A000000224806,70555,4.9,56,32,12,25,78,2,72,3,,,,,,,,,,,
A000000224864,91,4.6,44,54,2,34,,,66,0,24,43,34,,,,,,,,
A000000224974,3891,4.9,44,46,10,13,80,1,87,0,,,,,,,,,,,
A000000224981,17266,4.7,,,,,,,,,,,,,,,,,,,
A000000225050,363,4.7,55,40,5,24,69,4,74,2,,,,,,,,,,,
A000000225052,49,4.9,71,29,0,25,,,75,0,29,17,54,,,,,,,,
A000000225056,727,4.8,59,17,24,23,,,75,2,87,11,1,,,,,,,,
A000000225073,1466,4.7,,,,,,,,,,,,,,,,,,,
A000000225077,1767,5,40,45,15,10,87,0,89,1,,,,,,,,,,,
A000000225083,266,4.9,55,30,15,27,73,1,71,2,,,,,,,,,,,
A000000225085,64,4.8,42,47,11,11,86,0,89,0,,,,,,,,,,,
A000000225088,10,5,30,30,40,40,80,0,60,0,,,,,,,,,,,
A000000225189,2013,4.8,44,43,12,43,53,3,56,1,,,,,,,,,,,
A000000225193,129,4.9,,,,,,,,,,,,,,,,,,,
A000000225208,239,4.7,54,36,11,35,55,3,64,1,,,,,,,,,,,
A000000225218,30,4.6,,,,,,,,,,,,,,,,,,,
A000000225274,74,4.6,57,18,26,39,57,4,53,8,,,,,,,,,,,
A000000225373,12602,5,49,44,7,5,,,95,1,22,69,9,,,,,,,,
A000000225376,12602,5,78,20,2,4,,,96,0,42,49,9,,,,,,,,
A000000225379,6235,4.9,58,28,14,14,83,1,85,1,,,,,,,,,,,
A000000225490,0,0,0,0,0,0,0,0,0,0,,,,,,,,,,,
A000000225518,175,4.7,56,35,9,31,76,4,65,4,,,,,,,,,,,
A000000225538,37,5,63,28,10,5,93,0,95,0,,,,,,,,,,,
A000000225547,121,4.9,,,,,,,,,,,,,,,,,,,
A000000225560,108,4.6,38,58,4,14,,,86,0,12,81,7,,,,,,,,
A000000225565,47,4.9,53,15,32,19,66,4,79,2,,,,,,,,,,,
A000000225569,865,4.9,45,50,5,15,,,84,1,15,60,26,,,,,,,,
A000000225572,6537,4.8,45,47,8,27,,,72,1,36,63,1,,,,,,,,
A000000225574,6537,4.8,46,41,13,18,,,81,1,33,66,1,,,,,,,,
A000000225591,1876,4.8,51,32,18,27,,,73,0,72,27,1,,,,,,,,
A000000225603,792,4.8,38,59,3,27,,,72,1,20,76,4,,,,,,,,
A000000225606,7158,5,51,36,13,9,92,0,90,1,,,,,,,,,,,
A000000225633,7155,5,,,,,,,,,,,,,,,,,,,
A000000225642,2631,4.9,31,66,2,23,,,77,1,16,69,15,,,,,,,,
A000000225736,30222,4.8,43,28,28,40,63,2,52,7,,,,,,,,,,,
A000000225771,443,4.6,55,20,25,41,,,55,4,69,26,5,,,,,,,,
A000000225772,1100,4.7,,,,,,,,,,,,,,,,,,,
A000000225774,8328,4.7,51,33,16,29,65,3,68,2,,,,,,,,,,,
A000000225778,174,4.6,43,53,5,26,,,72,2,23,62,16,,,,,,,,
A000000225782,87,4.6,47,47,6,36,,,60,5,24,43,33,,,,,,,,
A000000225799,168,4.9,,,,,,,,,,,,,,,,,,,
A000000225800,3910,4.8,54,28,19,25,66,2,73,1,,,,,,,,,,,
A000000225801,3314,4.8,,,,,,,,,,,,,,,,,,,
A000000225872,132,4.7,58,18,23,42,68,2,56,2,,,,,,,,,,,
A000000225888,15676,5,45,42,13,8,91,0,92,0,,,,,,,,,,,
A000000225889,239,5,47,49,4,11,88,0,89,0,,,,,,,,,,,
A000000225936,7,4.7,,,,,,,,,,,,,,,,,,,
A000000225937,1,5,100,0,0,100,0,0,0,0,,,,,,,,,,,
A000000225964,100,4.8,53,32,15,21,71,3,78,1,,,,,,,,,,,
A000000225967,22,4.7,41,32,27,14,68,0,86,0,,,,,,,,,,,
A000000225970,701,4.8,58,32,10,27,64,2,71,2,,,,,,,,,,,
A000000226076,66,4.9,41,45,14,27,76,0,73,0,,,,,,,,,,,
A000000226125,609,4.7,,,,,,,,,,,,,,,,,,,
A000000226136,9,4.9,33,33,33,22,78,0,78,0,,,,,,,,,,,
A000000226141,2926,4.8,41,49,10,25,,,72,3,40,57,2,,,,,,,,
A000000226142,18,4.8,50,39,11,17,56,0,83,0,,,,,,,,,,,
A000000226143,736,4.7,50,42,8,31,,,68,1,34,52,14,,,,,,,,
A000000226189,26,4.8,38,42,19,31,65,12,58,12,,,,,,,,,,,
A000000226210,1402,4.8,,,,,,,,,,,,,,,,,,,
A000000226211,27,4.4,,,,,,,,,,,,,,,,,,,
A000000226266,14284,4.8,53,40,7,23,,,75,2,25,59,17,,,,,,,,
A000000226327,551,4.8,,,,,,,,,,,,,,,,,,,
A000000226415,447,4.8,57,25,18,44,60,2,40,16,,,,,,,,,,,
A000000226493,679,4.7,49,39,12,33,57,5,63,4,,,,,,,,,,,
A000000226500,594,4.9,,,,,,,,,,,,,,,,,,,
A000000226508,14931,4.8,48,47,5,33,,,66,2,26,54,20,,,,,,,,
A000000226513,5859,4.9,45,49,6,39,,,59,2,23,48,29,,,,,,,,
A000000226555,130,4.7,,,,,,,,,,,,,,,,,,,
A000000226559,157,5,56,24,20,9,84,0,90,1,,,,,,,,,,,
A000000226570,121,4.5,71,25,4,45,38,5,51,3,,,,,,,,,,,
A000000226573,598,4.7,46,51,3,28,,,71,1,17,53,31,,,,,,,,
A000000226627,3790,4.4,50,20,30,54,,12,45,10,,,,,,,,,34,,
A000000226686,181,4.6,57,25,18,31,,,55,14,37,38,25,,,,,,,,
A000000226688,17,5,65,35,0,12,94,0,88,0,,,,,,,,,,,
A000000226689,538,5,46,39,15,6,93,0,93,0,,,,,,,,,,,
A000000226690,439,5,47,44,8,10,89,0,89,0,,,,,,,,,,,
A000000226694,215,4.8,33,59,8,13,,,86,1,29,71,0,,,,,,,,
A000000226698,251,4.9,73,10,16,45,39,2,55,0,,,,,,,,,,,
A000000226805,827,4.8,54,22,24,41,,,53,6,41,43,15,,,,,,,,
A000000226806,71,4.8,33,63,4,7,,,93,0,14,74,13,,,,,,,,
A000000226861,0,0,0,0,0,0,,,0,0,0,0,0,,,,,,,,
A000000227019,64879,4.8,29,63,8,24,,,76,0,37,63,0,,,,,,,,
A000000227144,307,4.8,49,36,15,28,,,71,1,39,53,8,,,,,,,,
A000000227179,10,4.8,90,10,0,90,,,10,0,90,10,0,,,,,,,,
A000000227184,13,4.9,38,31,31,46,,,54,0,85,15,0,,,,,,,,
A000000227194,10,4.7,90,10,0,70,,,30,0,80,10,10,,,,,,,,
A000000227196,6,5,83,17,0,83,,,17,0,100,0,0,,,,,,,,
A000000227205,354,4.9,50,20,30,38,76,0,54,8,,,,,,,,,,,
A000000227217,29,4.9,59,10,31,14,90,3,86,0,,,,,,,,,,,
A000000227237,29,4.4,,,,,,,,,,,,,,,,,,,
A000000227253,121,4.9,60,34,6,18,,,79,2,37,45,18,,,,,,,,
A000000227256,192,4.7,,,,,,,,,,,,,,,,,,,
A000000227257,51,4.6,63,35,2,41,,,59,0,24,45,31,,,,,,,,
A000000227267,39,4.6,74,26,0,56,,,44,0,38,38,23,,,,,,,,
A000000227268,8,4.5,50,50,0,63,,,38,0,50,38,13,,,,,,,,
A000000227293,618,5,35,43,22,8,96,0,92,0,,,,,,,,,,,
A000000227427,80,4.9,48,45,8,21,,,76,3,45,54,1,,,,,,,,
A000000227650,2064,4.7,,,,,,,,,,,,,,,,,,,
A000000227661,102,4.6,37,47,16,33,55,6,59,8,,,,,,,,,,,
A000000227663,154,4.8,42,49,10,35,59,3,62,3,,,,,,,,,,,
A000000227935,22,4.9,50,5,45,36,64,5,59,5,,,,,,,,,,,
A000000228056,129,4.7,47,41,12,32,,,66,2,38,50,12,,,,,,,,
A000000228069,3297,4.7,,,,,,,,,,,,,,,,,,,
A000000228077,28,4.9,68,32,0,54,,,46,0,50,25,25,,,,,,,,
A000000228081,2,5,,,,,,,,,,,,,,,,,,,
A000000228221,215,4.7,41,50,9,27,,,73,0,21,53,26,,,,,,,,
A000000228222,104,4.8,44,51,5,29,,,71,0,28,55,17,,,,,,,,
A000000228270,71,4.8,44,47,9,20,,,80,0,37,60,3,,,,,,,,
A000000228387,511,4.7,52,30,18,29,,,71,0,74,25,1,,,,,,,,
A000000228388,296,4.6,41,49,9,26,,,73,1,46,51,3,,,,,,,,
A000000228413,15,4.8,60,40,0,27,,,73,0,20,80,0,,,,,,,,
A000000228424,409,4.9,,,,,,,,,,,,,,,,,,,
A000000228458,129,4.7,72,28,0,56,,,44,0,72,28,0,,,,,,,,
A000000228537,524,4.9,31,65,4,17,,,83,0,40,59,0,,,,,,,,
A000000228589,180,4.8,53,43,3,36,,,64,1,36,53,11,,,,,,,,
A000000228792,1104,4.5,50,19,31,40,54,5,49,10,,,,,,,,,,,
A000000228799,2845,4.8,54,42,4,28,,,71,1,24,44,33,,,,,,,,
A000000228829,83,4.7,60,35,5,45,51,0,51,5,,,,,,,,,,,
A000000228836,18567,4.9,58,27,14,13,85,1,86,1,,,,,,,,,,,
A000000228852,541,4.9,,,,,,,,,,,,,,,,,,,
A000000228853,3325,4.8,46,19,35,36,67,1,61,4,,,,,,,,,,,
A000000228854,1157,4.8,53,26,21,29,57,2,69,2,,,,,,,,,,,
A000000228855,745,4.9,63,17,20,35,56,2,63,2,,,,,,,,,,,
A000000228945,11253,4.7,61,32,7,44,,,55,1,29,51,20,,,,,,,,
A000000228951,329,4.8,,,,,,,,,,,,,,,,,,,
A000000228967,281,4.9,59,19,22,19,71,1,79,2,,,,,,,,,,,
A000000229046,18,4.9,,,,,,,,,,,,,,,,,,,
A000000229067,12,4.8,,,,,,,,,,,,,,,,,,,
A000000229071,5,4.8,100,0,0,80,0,0,20,0,,,,,,,,,,,
A000000229160,1699,4.9,56,36,8,19,,,80,1,27,63,10,,,,,,,,
A000000229197,2845,4.8,48,47,5,31,,,68,1,24,45,30,,,,,,,,
A000000229199,2278,4.8,37,56,8,22,,,77,1,48,51,1,,,,,,,,
A000000229228,399,4.9,52,40,8,21,63,1,78,1,,,,,,,,,,,
A000000229229,2,5,0,100,0,0,100,0,100,0,,,,,,,,,,,
A000000229231,21,5,71,29,0,24,76,0,71,5,,,,,,,,,,,
A000000229311,15652,4.9,39,17,43,43,80,0,46,11,,,,,,,,,,,
A000000229313,1317,5,47,46,8,7,,,92,1,17,66,17,,,,,,,,
A000000229314,227,4.9,67,24,10,15,,,84,0,80,17,3,,,,,,,,
A000000229315,313,4.9,59,35,6,11,,,88,1,12,41,47,,,,,,,,
A000000229316,268,5,58,34,7,12,,,87,1,22,56,22,,,,,,,,
A000000229375,29481,4.8,52,33,15,36,,,62,1,54,43,3,,,,,,,,
A000000229376,16904,4.8,55,30,15,38,,,62,1,52,44,5,,,,,,,,
A000000229385,2756,5,49,32,18,14,88,0,85,1,,,,,,,,,,,
A000000229468,24,4.6,88,13,0,50,,,50,0,50,38,13,,,,,,,,
A000000229493,61,4.9,,,,,,,,,,,,,,,,,,,
A000000229504,2185,4.8,56,26,19,38,57,1,59,3,,,,,,,,,,,
A000000229515,377,5,42,32,26,6,96,1,94,1,,,,,,,,,,,
A000000229580,33,5,,,,,,,,,,,,,,,,,,,
A000000229588,3033,4.8,36,53,11,12,,,87,1,17,81,2,,,,,,,,
A000000229630,9810,4.8,56,26,18,52,,,26,22,36,52,12,,,,,,,,
A000000229632,2429,4.7,62,35,3,41,,,55,4,25,43,32,,,,,,,,
A000000229634,139,4.8,56,42,2,36,,,64,0,24,45,31,,,,,,,,
A000000229635,50,4.7,50,44,6,30,,,70,0,34,38,28,,,,,,,,
A000000229640,73,4.8,40,60,0,20,,,80,0,40,53,7,,,,,,,,
A000000229694,32480,4.8,52,37,11,31,,,68,1,52,39,9,,,,,,,,
A000000229695,41783,4.8,55,34,11,27,,,72,1,51,40,9,,,,,,,,
A000000229708,213,4.8,49,42,9,15,,,83,3,16,64,20,,,,,,,,
A000000229731,315,5,36,47,17,3,97,0,97,0,,,,,,,,,,,
A000000229772,6135,4.8,55,36,9,38,,,60,2,28,30,41,,,,,,,,
A000000229774,6135,4.8,50,45,5,29,,,69,2,24,36,40,,,,,,,,
A000000229775,6135,4.8,55,36,8,38,,,60,2,27,31,42,,,,,,,,
A000000229778,1111,4.7,55,37,8,29,,,69,2,18,32,50,,,,,,,,
A000000229781,1111,4.7,59,34,7,27,,,72,2,21,31,48,,,,,,,,
A000000229796,38,4.9,42,42,16,26,71,0,74,0,,,,,,,,,,,
A000000229801,267,4.8,,,,,,,,,,,,,,,,,,,
A000000229802,226,4.7,,,,,,,,,,,,,,,,,,,
A000000229819,21,5,62,14,24,33,76,0,67,0,,,,,,,,,,,
A000000229895,9285,4.9,51,36,13,38,,,60,2,42,30,28,,,,,,,,
A000000229939,831,4.6,46,37,16,40,55,3,54,6,,,,,,,,,,,
A000000229941,240,4.8,51,40,8,32,69,2,67,1,,,,,,,,,,,
A000000229950,14,4.3,,,,,,,,,,,,,,,,,,,
A000000229956,716,4.8,55,30,15,21,77,3,75,5,,,,,,,,,,,
A000000230025,96,4.7,,,,,,,,,,,,,,,,,,,
A000000230093,404,4.9,57,35,8,22,74,1,76,2,,,,,,,,,,,
A000000230297,2537,4.9,,,,,,,,,,,,,,,,,,,
A000000230342,1422,4.8,60,27,13,38,59,0,62,0,,,,,,,,,,,
A000000230370,24,4.9,46,29,25,29,58,0,46,25,,,,,,,,,,,
A000000230371,6178,5,56,34,10,6,94,0,94,0,,,,,,,,,,,
A000000230392,124,4.9,48,17,35,34,,,62,4,79,14,7,,,,,,,,
A000000230421,18248,5,,,,,,,,,,,,,,,,,,,
A000000230448,14389,4.7,60,33,7,43,,,55,2,41,34,25,,,,,,,,
A000000230459,651,4.9,57,39,4,42,,,57,1,35,50,15,,,,,,,,
A000000230467,743,4.9,62,21,17,49,,,40,11,51,33,16,,,,,,,,
A000000230497,703,4.8,59,31,10,20,75,1,79,0,,,,,,,,,,,
A000000230500,791,5,54,33,13,14,92,0,85,1,,,,,,,,,,,
A000000230538,1161,4.8,46,47,7,23,,,76,1,24,75,1,,,,,,,,
A000000230540,175,4.8,49,38,13,24,,,73,2,62,36,2,,,,,,,,
A000000230560,1097,4.8,,,,,,,,,,,,,,,,,,,
A000000230567,43,4.7,56,12,33,37,,,63,0,67,28,5,,,,,,,,
A000000230631,673,4.7,,,,,,,,,,,,,,,,,,,
A000000230656,1054,4.7,49,36,15,38,,,61,2,64,35,1,,,,,,,,
A000000230670,2599,4.8,66,20,14,39,63,1,58,3,,,,,,,,,,,
A000000230801,71,4.8,39,55,6,28,,,72,0,14,61,25,,,,,,,,
A000000230821,22598,4.8,55,32,13,26,70,1,73,1,,,,,,,,,,,
A000000230822,3217,4.8,45,43,11,19,54,4,81,0,,,,,,,,,,,
A000000230843,272,4.8,63,22,15,37,,,61,2,61,22,17,,,,,,,,
A000000230846,272,4.8,62,23,15,42,,,56,2,65,29,6,,,,,,,,
A000000230868,1088,4.8,,,,,,,,,,,,,,,,,,,
A000000230885,2705,4.8,50,40,10,28,,,70,2,24,52,23,,,,,,,,
A000000230939,4,5,50,0,50,25,50,0,75,0,,,,,,,,,,,
A000000230967,355,4.8,34,62,4,24,,,75,1,18,81,1,,,,,,,,
A000000230982,116,4.9,48,37,15,23,77,2,77,0,,,,,,,,,,,
A000000231024,489,4.7,56,37,7,38,,,62,1,51,39,10,,,,,,,,
A000000231077,769,4.8,64,32,4,42,,,56,3,42,40,18,,,,,,,,
A000000231085,4932,4.9,61,29,9,28,68,1,71,1,,,,,,,,,,,
A000000231123,389,5,51,35,14,13,90,0,87,0,,,,,,,,,,,
A000000231125,1340,4.8,,,,,,,,,,,,,,,,,,,
A000000231225,3,5,100,0,0,33,,,67,0,100,0,0,,,,,,,,
A000000231229,7,4.7,86,14,0,86,,,14,0,100,0,0,,,,,,,,
A000000231242,33,4.7,64,21,15,12,,,82,6,79,21,0,,,,,,,,
A000000231289,3,4.3,33,67,0,33,,,67,0,67,33,0,,,,,,,,
A000000231294,6778,4.8,56,37,6,36,,,62,2,23,35,42,,,,,,,,
A000000231310,13579,4.8,54,34,13,32,56,2,66,2,,,,,,,,,,,
A000000231315,5601,4.7,58,32,10,29,64,2,68,2,,,,,,,,,,,
A000000231332,637,4.9,52,36,12,22,75,1,76,2,,,,,,,,,,,
A000000231360,489,4.6,53,42,5,33,,,64,3,41,52,7,,,,,,,,
A000000231389,14,4.9,57,36,7,29,36,0,71,0,,,,,,,,,,,
A000000231390,19,4.9,56,17,28,39,56,0,61,0,,,,,,,,,,,
A000000231391,148,5,57,30,13,11,91,0,89,1,,,,,,,,,,,
A000000231392,331,4.8,55,31,15,35,60,1,63,2,,,,,,,,,,,
A000000231393,7,5,100,0,0,57,43,0,43,0,,,,,,,,,,,
A000000231394,285,4.7,49,38,14,31,62,2,68,2,,,,,,,,,,,
A000000231395,4,5,25,0,75,50,50,0,50,0,,,,,,,,,,,
A000000231397,732,5,51,35,14,6,91,0,94,0,,,,,,,,,,,
A000000231398,11,5,45,55,0,18,73,0,82,0,,,,,,,,,,,
A000000231429,373,5,47,30,23,6,94,0,94,0,,,,,,,,,,,
A000000231470,1851,4.9,39,47,13,6,91,0,93,0,,,,,,,,,,,
A000000231522,931,4.8,,,,,,,,,,,,,,,,,,,
A000000231523,154963,4.8,41,49,9,24,,,70,6,37,55,8,,,,,,,,
A000000231596,268,4.7,53,26,21,41,56,1,49,10,,,,,,,,,,,
A000000231597,148,4.7,48,46,6,50,53,1,47,3,,,,,,,,,,,
A000000231603,3743,5,,,,,,,,,,,,,,,,,,,
A000000231666,164,4.7,54,33,13,38,58,1,59,3,,,,,,,,,,,
A000000231693,294,4.8,54,24,22,45,52,5,45,11,,,,,,,,,,,
A000000231746,378,4.7,53,19,28,33,68,2,63,4,,,,,,,,,,,
A000000231763,89,4.9,,,,,,,,,,,,,,,,,,,
A000000231796,1548,4.9,44,22,34,9,91,1,89,2,,,,,,,,,,,
A000000231806,11,5,45,0,55,18,82,0,82,0,,,,,,,,,,,
A000000231827,103,4.9,43,49,9,35,,,60,5,42,46,13,,,,,,,,
A000000231836,31009,4.8,47,43,10,29,,,70,1,43,50,7,,,,,,,,
A000000231896,142,4.7,53,35,12,29,,,71,0,72,28,0,,,,,,,,
A000000231898,37,4.5,46,49,5,41,,,54,5,65,32,3,,,,,,,,
A000000231906,74,4.8,46,47,7,19,,,81,0,9,30,61,,,,,,,,
A000000231907,105,4.7,,,,,,,,,,,,,,,,,,,
A000000231944,109,4.8,,,,,,,,,,,,,,,,,,,
A000000231950,24876,4.9,,,,,,,,,,,,,,,,,,,
A000000231977,1203,4.9,51,29,20,29,,,66,5,33,44,23,,,,,,,,
A000000231979,1231,4.9,57,25,18,57,,,43,0,54,21,25,,,,,,,,
A000000231980,1214,4.9,45,36,18,36,,,55,9,55,36,9,,,,,,,,
A000000231983,1216,4.9,38,46,15,15,,,85,0,8,92,0,,,,,,,,
A000000231996,46260,4.8,55,30,14,31,68,1,68,1,,,,,,,,,,,
A000000232002,262,4.7,54,29,17,27,50,3,71,2,,,,,,,,,,,
A000000232019,435,4.7,55,28,17,41,63,3,54,5,,,,,,,,,,,
A000000232027,346,4.7,52,33,15,30,63,2,68,2,,,,,,,,,,,
A000000232081,6033,4.9,55,38,7,25,50,2,74,1,,,,,,,,,,,
A000000232104,24,5,58,42,0,4,92,0,96,0,,,,,,,,,,,
A000000232107,105,5,44,35,21,8,91,1,90,2,,,,,,,,,,,
A000000232191,5111,4.9,54,43,4,13,,,86,1,21,72,7,,,,,,,,
A000000232200,11481,4.8,54,33,13,30,68,1,69,1,,,,,,,,,,,
A000000232220,2197,4.7,38,57,5,24,,,74,2,17,74,9,,,,,,,,
A000000232301,1599,5,,,,,,,,,,,,,,,,,,,
A000000232344,600,4.8,55,33,13,31,68,2,65,5,,,,,,,,,,,
A000000232356,2926,4.8,49,45,7,18,,,81,1,27,59,14,,,,,,,,
A000000232363,81,4.5,,,,,,,,,,,,,,,,,,,
A000000232365,55,4.7,53,11,36,45,67,5,55,0,,,,,,,,,,,
A000000232415,457,4.9,40,46,14,33,,,66,0,53,47,0,,,,,,,,
A000000232416,99,4.9,62,16,22,39,,,60,1,85,15,0,,,,,,,,
A000000232421,22,5,50,50,0,50,,,50,0,50,50,0,,,,,,,,
A000000232422,10,5,70,0,30,20,,,80,0,50,50,0,,,,,,,,
A000000232430,87,4.7,60,29,11,41,,,59,0,54,25,21,,,,,,,,
A000000232455,657,4.3,52,21,27,39,55,6,42,19,,,,,,,,,,,
A000000232631,42,4.9,64,24,12,31,52,5,67,2,,,,,,,,,,,
A000000232669,1699,4.9,30,69,1,13,,,86,1,19,80,1,,,,,,,,
A000000232676,37,4.8,54,46,0,11,65,0,89,0,,,,,,,,,,,
A000000232683,158,5,47,35,18,7,91,1,92,1,,,,,,,,,,,
A000000232686,197,4.9,53,35,13,3,91,1,94,3,,,,,,,,,,,
A000000232687,199,4.8,55,34,11,32,67,2,67,2,,,,,,,,,,,
A000000232701,2200,5,58,38,4,5,,,95,1,14,51,35,,,,,,,,
A000000232702,209,4.9,37,53,10,24,,,76,0,32,55,14,,,,,,,,
A000000232705,2200,5,68,32,0,51,,,49,0,39,32,29,,,,,,,,
A000000232710,20763,5,49,46,5,8,,,92,0,18,64,17,,,,,,,,
A000000232726,128,4.8,54,22,23,35,63,2,64,1,,,,,,,,,,,
A000000232770,100,4.7,,,,,,,,,,,,,,,,,,,
A000000232858,10,4.5,50,20,30,40,,,50,10,50,20,30,,,,,,,,
A000000232887,1597,4.9,,,,,,,,,,,,,,,,,,,
A000000232913,6734,4.8,52,16,32,43,66,1,54,3,,,,,,,,,,,
A000000232926,220,4.8,38,54,8,18,,,82,0,40,59,1,,,,,,,,
A000000232929,272,4.8,48,40,12,31,,,69,1,44,55,1,,,,,,,,
A000000232947,463,4.9,58,26,16,15,82,1,84,1,,,,,,,,,,,
A000000232975,657,4.7,39,56,5,25,,,73,2,14,84,3,,,,,,,,
A000000232992,580,4.9,,,,,,,,,,,,,,,,,,,
A000000233000,61,4.8,52,34,13,36,61,0,59,5,,,,,,,,,,,
A000000233034,155,4.9,48,38,14,32,68,0,68,0,,,,,,,,,,,
A000000233141,1223,4.8,52,36,12,28,,,72,0,55,40,5,,,,,,,,
A000000233142,50,4.8,63,25,13,38,38,0,63,0,,,,,,,,,,,
A000000233165,19,4.7,,,,,,,,,,,,,,,,,,,
A000000233179,83,4.9,36,60,4,5,,,93,2,5,88,7,,,,,,,,
A000000233221,313,4.8,49,49,3,34,,,65,1,31,53,16,,,,,,,,
A000000233330,1129,4.7,,,,,,,,,,,,,,,,,,,
A000000233335,13466,5,52,35,13,5,94,0,94,0,,,,,,,,,,,
A000000233468,6651,4.7,50,42,7,20,,,79,1,17,39,44,,,,,,,,
A000000233470,6651,4.7,58,37,6,32,,,66,1,24,38,39,,,,,,,,
A000000233497,6372,5,45,48,7,9,,,91,0,20,69,11,,,,,,,,
A000000233578,471,5,38,56,6,7,,,92,1,10,87,3,,,,,,,,
A000000233625,7,5,100,0,0,100,0,0,0,0,,,,,,,,,,,
A000000233629,8,5,88,13,0,38,63,0,63,0,,,,,,,,,,,
A000000233631,4,5,50,50,0,50,50,0,50,0,,,,,,,,,,,
A000000233801,409,4.9,,,,,,,,,,,,,,,,,,,
A000000233883,1829,4.7,36,58,5,24,,,75,1,21,64,15,,,,,,,,
A000000233884,45,4.8,21,79,0,18,,,79,3,3,92,5,,,,,,,,
A000000233997,43,5,76,24,0,6,94,0,94,0,,,,,,,,,,,
A000000234000,2,5,,,,,,,,,,,,,,,,,,,
A000000234081,1921,4.8,56,39,5,36,,,62,2,21,31,48,,,,,,,,
A000000234083,1921,4.8,51,44,5,36,,,62,2,21,35,44,,,,,,,,
A000000234085,3928,4.8,55,38,7,42,,,54,4,25,34,41,,,,,,,,
A000000234213,6512,4.8,48,45,7,29,,,71,0,50,48,3,,,,,,,,
A000000234229,3029,4.7,53,40,8,34,,,65,1,29,36,35,,,,,,,,
A000000234266,0,0,0,0,0,0,,,0,0,0,0,0,,,,,,,,
A000000234354,81,5,46,36,19,14,88,0,86,0,,,,,,,,,,,
A000000234367,257,4.9,62,17,21,30,,,67,3,45,41,14,,,,,,,,
A000000234419,3499,4.7,,,,,,,,,,,,,,,,,,,
A000000234422,24474,4.8,41,54,6,22,,,76,1,18,76,6,,,,,,,,
A000000234641,53,4.5,,,,,,,,,,,,,,,,,,,
A000000235083,44,4.9,,,,,,,,,,,,,,,,,,,
A000000235157,20,4.9,55,40,5,40,55,0,60,0,,,,,,,,,,,
A000000235165,294,4.9,41,54,4,21,,,79,0,14,80,6,,,,,,,,
A000000235232,2592,4.8,50,41,9,24,,,75,1,26,73,1,,,,,,,,
A000000235257,106,4.6,57,39,5,23,,,75,3,43,56,1,,,,,,,,
A000000235424,22,4.7,68,23,9,64,,,27,9,64,5,32,,,,,,,,
A000000235427,283,4.9,42,27,31,35,,,58,8,32,35,33,,,,,,,,
A000000235428,180,4.9,40,29,31,25,,1,63,4,,,,,,,,,74,,
A000000235430,134,4.9,48,47,5,15,,,84,1,54,44,1,,,,,,,,
A000000235431,128,4.8,55,43,2,20,,,78,2,11,40,49,,,,,,,,
A000000235434,133,4.8,34,61,5,13,,,85,2,16,82,2,,,,,,,,
A000000235435,236,4.9,48,49,3,18,,,81,1,14,61,26,,,,,,,,
A000000235440,1092,4.8,53,38,9,35,66,1,59,6,,,,,,,,,,,
A000000235453,766,4.9,40,54,6,11,,,88,1,9,64,28,,,,,,,,
A000000235473,13431,5,41,52,7,10,,,90,1,19,79,2,,,,,,,,
A000000235494,3033,4.8,40,52,7,17,,,83,0,28,71,1,,,,,,,,
A000000235504,834,4.9,44,49,7,14,,,85,1,24,75,1,,,,,,,,
A000000235510,255,4.8,49,46,5,19,,,80,0,29,71,0,,,,,,,,
A000000235516,365,4.8,62,32,6,22,72,2,76,2,,,,,,,,,,,
A000000235582,51,4.6,37,61,2,39,,,55,6,16,65,20,,,,,,,,
A000000235583,592,4.8,58,37,5,27,,,72,1,20,66,14,,,,,,,,
A000000235758,70,4.7,61,30,9,29,,,69,3,27,61,11,,,,,,,,
A000000235785,407,4.7,43,48,10,38,,,55,7,23,62,15,,,,,,,,
A000000235842,3038,4.9,43,50,7,17,,,82,1,18,60,22,,,,,,,,
A000000236121,1231,4.8,48,49,3,32,,,66,2,24,68,8,,,,,,,,
A000000236135,461,4.9,60,31,10,13,84,1,86,1,,,,,,,,,,,
A000000236410,485,4.9,42,51,7,15,81,1,85,1,,,,,,,,,,,
A000000236412,36,4.9,67,28,6,44,53,0,56,0,,,,,,,,,,,
A000000236437,5,5,20,80,0,0,100,0,100,0,,,,,,,,,,,
A000000236502,1155,4.9,64,11,25,32,46,4,57,11,,,,,,,,,,,
A000000236600,1125,4.9,26,72,3,16,,,84,0,13,74,13,,,,,,,,
A000000236605,1538,4.8,61,38,1,22,,,77,1,11,61,28,,,,,,,,
A000000236606,2079,4.7,52,26,22,34,,,65,1,78,21,0,,,,,,,,
A000000236610,4890,4.8,54,23,23,34,,,65,1,81,19,1,,,,,,,,
A000000236648,701,4.9,57,20,23,28,56,1,71,2,,,,,,,,,,,
A000000236668,580,4.8,53,35,12,28,72,2,69,2,,,,,,,,,,,
A000000236671,167,4.7,46,47,7,18,75,2,81,1,,,,,,,,,,,
A000000236673,886,4.7,54,43,3,33,50,2,66,1,,,,,,,,,,,
A000000236844,96,4.8,49,43,8,30,,,69,1,41,54,5,,,,,,,,
A000000236899,3813,4.8,45,48,6,26,54,2,74,0,,,,,,,,,,,
A000000236941,295,4.9,44,49,6,15,72,2,83,2,,,,,,,,,,,
A000000236942,10,5,60,0,40,50,40,0,50,0,,,,,,,,,,,
A000000236948,24,4.7,79,13,8,46,,,54,0,38,25,38,,,,,,,,
A000000236972,119,5,58,36,6,6,93,1,94,0,,,,,,,,,,,
A000000236982,2812,5,51,37,11,12,92,0,87,1,,,,,,,,,,,
A000000236983,37,4.9,57,22,22,19,84,0,81,0,,,,,,,,,,,
A000000236995,5,5,80,0,20,100,0,0,0,0,,,,,,,,,,,
A000000237006,403,4.9,39,56,5,11,,,88,1,12,87,1,,,,,,,,
A000000237329,84,4.8,56,35,10,30,,,70,0,39,58,2,,,,,,,,
A000000237394,10092,4.9,43,43,14,14,85,0,84,1,,,,,,,,,,,
A000000237421,25,4.7,44,28,28,40,,,56,4,20,52,28,,,,,,,,
A000000237449,4294,4.6,47,44,10,24,,,74,2,22,75,3,,,,,,,,
A000000237453,2132,4.6,40,53,7,24,,,75,1,19,79,1,,,,,,,,
A000000237473,1388,4.6,54,17,29,45,53,2,32,23,,,,,,,,,,,
A000000237632,326,4.8,62,30,8,39,62,2,57,3,,,,,,,,,,,
A000000237644,1545,4.9,57,23,20,41,64,1,53,7,,,,,,,,,,,
A000000237650,1098,4.8,52,42,6,25,68,1,74,1,,,,,,,,,,,
A000000237813,2897,4.9,58,36,6,21,75,2,78,1,,,,,,,,,,,
A000000237817,696,4.8,56,32,12,33,65,2,65,3,,,,,,,,,,,
A000000237818,44,4.8,,,,,,,,,,,,,,,,,,,
A000000237833,1,5,100,0,0,100,,,0,0,100,0,0,,,,,,,,
A000000237967,113,4.9,,,,,,,,,,,,,,,,,,,
A000000238195,88,5,,,,,,,,,,,,,,,,,,,
A000000238198,3299,4.5,56,18,26,41,,,46,12,62,29,9,,,,,,,,
A000000238215,8,4.9,50,50,0,0,,,100,0,0,50,50,,,,,,,,
A000000238278,5915,4.8,25,75,0,8,,,92,0,25,75,0,,,,,,,,
A000000238291,7184,4.7,51,31,18,34,70,1,61,5,,,,,,,,,,,
A000000238300,2,5,,,,,,,,,,,,,,,,,,,
A000000238320,76,4.9,67,21,12,13,84,0,87,0,,,,,,,,,,,
A000000238323,77,5,50,45,5,32,,,67,1,53,42,5,,,,,,,,
A000000238402,51121,4.8,53,33,14,32,70,1,67,1,,,,,,,,,,,
A000000238404,60,4.8,48,48,3,32,,,68,0,10,53,37,,,,,,,,
A000000238503,10,4.5,30,60,10,30,,,70,0,30,70,0,,,,,,,,
A000000238516,34,4.9,,,,,,,,,,,,,,,,,,,
A000000238532,4590,4.9,,,,,,,,,,,,,,,,,,,
A000000238539,82,4.5,52,38,10,29,,12,73,2,,,,,,,,,59,,
A000000238597,26,4.8,0,0,100,83,50,0,0,17,,,,,,,,,,,
A000000238598,22,5,100,0,0,0,100,0,100,0,,,,,,,,,,,
A000000238647,195,4.9,39,54,7,9,,,90,1,13,79,8,,,,,,,,
A000000238816,5770,4.8,,,,,,,,,,,,,,,,,,,
A000000239102,49290,4.8,37,53,10,10,,,89,1,14,75,11,,,,,,,,
A000000239107,6574,4.9,49,46,5,23,,,76,1,14,51,34,,,,,,,,
A000000239139,19138,4.9,42,51,7,24,,,74,1,29,70,2,,,,,,,,
A000000239657,1017,4.7,37,59,4,23,,,76,1,19,64,17,,,,,,,,
A000000239688,21031,4.8,57,34,9,33,,,65,2,27,41,31,,,,,,,,
A000000240031,108,4.9,64,23,13,18,90,0,81,1,,,,,,,,,,,
A000000240103,493,4.9,59,31,9,16,60,1,83,1,,,,,,,,,,,
A000000240137,167,4.6,51,42,7,24,,,74,2,25,74,1,,,,,,,,
A000000240151,48836,4.8,53,33,15,34,,,65,1,64,33,3,,,,,,,,
A000000240152,868,4.9,37,56,8,14,,,86,1,10,82,8,,,,,,,,
A000000240153,154,4.9,38,54,8,5,,,95,1,7,77,16,,,,,,,,
A000000240155,209,5,33,54,13,3,,,97,0,30,70,0,,,,,,,,
A000000240156,173,5,29,63,8,3,,,97,1,12,84,3,,,,,,,,
A000000240164,5410,4.8,39,35,26,25,,,75,0,55,40,4,,,,,,,,
A000000240243,5081,4.8,50,43,7,34,,,65,1,44,47,9,,,,,,,,
A000000240453,2945,4.8,49,42,9,24,,,76,1,25,75,1,,,,,,,,
A000000240460,378,5,54,36,10,7,,,93,1,21,60,19,,,,,,,,
A000000240462,2553,4.9,52,43,5,23,,,76,1,16,50,33,,,,,,,,
A000000240465,18201,4.9,44,48,8,15,,,85,1,26,59,15,,,,,,,,
A000000240476,165,4.8,56,29,15,37,,,62,1,45,42,13,,,,,,,,
A000000240768,17,5,59,29,12,24,,,76,0,29,65,6,,,,,,,,
A000000240799,1872,5,43,51,6,6,89,0,94,0,,,,,,,,,,,
A000000241052,24,4.7,54,42,4,38,,,63,0,38,58,4,,,,,,,,
A000000241056,43,5,32,63,5,2,,,98,0,15,61,24,,,,,,,,
A000000241113,47,4.7,,,,,,,,,,,,,,,,,,,
A000000241123,2130,4.7,46,14,40,49,,,40,11,64,20,17,,,,,,,,
A000000241166,125,4.8,47,52,1,27,,,73,0,26,57,17,,,,,,,,
A000000241228,1508,4.6,40,31,29,40,54,3,43,17,,,,,,,,,,,
A000000241356,45,4.9,47,44,9,9,,,87,4,40,49,11,,,,,,,,
A000000241482,601,4.8,55,30,15,27,,,71,2,68,29,3,,,,,,,,
A000000241733,2749,4.8,56,27,18,31,63,2,67,1,,,,,,,,,,,
A000000241736,31,4.8,,,,,,,,,,,,,,,,,,,
A000000241879,582,4.8,45,52,3,32,,,66,2,25,62,14,,,,,,,,
A000000242004,15,4.9,,,,,,,,,,,,,,,,,,,
A000000242070,129,4.9,52,39,9,29,,,71,0,34,63,3,,,,,,,,
A000000242078,39,4.8,59,36,5,51,,,49,0,13,36,51,,,,,,,,
A000000242079,83,4.9,52,40,8,14,,,80,6,12,40,48,,,,,,,,
A000000242355,298,5,41,50,8,4,94,0,96,0,,,,,,,,,,,
A000000242378,543,4.5,62,19,19,52,,10,45,8,,,,,,,,,38,,
A000000242464,329,4.9,47,16,37,31,58,2,66,3,,,,,,,,,,,
A000000242498,1570,4.8,52,43,5,26,,,72,2,24,59,17,,,,,,,,
A000000242501,1570,4.8,44,50,7,29,,,66,5,27,63,11,,,,,,,,
A000000242528,29,4.8,,,,,,,,,,,,,,,,,,,
A000000242532,54,4.9,44,54,2,24,,,76,0,37,57,6,,,,,,,,
A000000242552,0,0,,,,,,,,,,,,,,,,,,,
A000000242585,1614,4.8,38,58,4,26,,,73,2,22,74,4,,,,,,,,
A000000242586,2,4.5,,,,,,,,,,,,,,,,,,,
A000000242587,18660,4.8,47,47,6,25,,,74,1,23,75,2,,,,,,,,
A000000242632,352,4.9,42,53,4,12,,,88,0,15,83,1,,,,,,,,
A000000242647,446,4.9,45,50,5,13,72,2,86,1,,,,,,,,,,,
A000000242749,73,4.9,52,38,10,19,67,1,79,1,,,,,,,,,,,
A000000242860,2685,4.8,53,42,5,38,,,59,3,26,41,33,,,,,,,,
A000000242956,3512,4.7,52,41,7,31,,,67,3,27,51,22,,,,,,,,
A000000243330,1125,4.8,64,29,7,32,,,66,2,39,37,24,,,,,,,,
A000000243432,5096,4.9,40,54,7,15,,,84,1,16,78,6,,,,,,,,
A000000243433,4158,4.7,39,56,5,24,,,74,2,18,74,8,,,,,,,,
A000000243440,9246,4.7,49,48,3,29,,,68,3,28,60,11,,,,,,,,
A000000243501,557,4.8,,,,,,,,,,,,,,,,,,,
A000000243502,4374,5,38,57,5,9,,,90,0,10,88,2,,,,,,,,
A000000244019,589,4.8,57,27,16,47,,,52,1,76,22,2,,,,,,,,
A000000244040,5759,4.8,48,40,12,24,,,74,2,28,70,2,,,,,,,,
A000000244067,675,5,39,56,5,9,,,90,1,11,71,17,,,,,,,,
A000000244160,13,4.8,85,15,0,31,,,69,0,38,8,54,,,,,,,,
A000000244165,30,4.5,47,50,3,43,,,57,0,20,53,27,,,,,,,,
A000000244218,0,0,0,0,0,0,,,0,0,0,0,0,,,,,,,,
A000000244322,4338,4.8,45,50,5,20,,,79,1,15,82,2,,,,,,,,
A000000244323,4338,4.8,42,51,7,23,,,76,1,19,78,3,,,,,,,,
A000000244349,1212,5,52,43,5,15,,,83,2,12,41,47,,,,,,,,
A000000244375,5294,4.8,50,43,7,34,,,65,1,26,54,19,,,,,,,,
A000000244376,1798,4.6,51,42,7,30,,,67,2,20,40,40,,,,,,,,
A000000244392,1053,4.8,52,33,15,27,,,71,2,60,34,5,,,,,,,,
A000000244413,1272,4.8,54,40,6,31,,,69,1,23,43,34,,,,,,,,
A000000244479,1413,4.8,56,32,11,27,70,0,73,0,,,,,,,,,,,
A000000244488,2580,4.9,51,26,23,32,72,1,64,4,,,,,,,,,,,
A000000244498,29,4.4,31,66,3,45,,,55,0,24,72,3,,,,,,,,
A000000244573,4,3.3,100,0,0,75,25,25,25,0,,,,,,,,,,,
A000000244582,115,4.8,56,40,4,22,,,78,0,50,50,1,,,,,,,,
A000000244588,21,4.9,38,57,5,24,,,76,0,24,76,0,,,,,,,,
A000000244646,6,5,67,33,0,67,,,33,0,67,33,0,,,,,,,,
A000000244694,1,5,100,0,0,100,0,0,0,0,,,,,,,,,,,
A000000244697,78,4.9,62,24,14,14,87,0,83,3,,,,,,,,,,,
A000000244703,573,4.8,46,50,4,31,,,68,1,28,57,15,,,,,,,,
A000000244704,1986,4.7,60,26,14,35,48,3,62,3,,,,,,,,,,,
A000000244705,573,4.8,38,59,2,25,,,74,1,23,68,9,,,,,,,,
A000000244706,1973,5,56,31,13,8,90,1,92,1,,,,,,,,,,,
A000000244707,573,4.8,61,36,3,35,,,64,1,33,49,18,,,,,,,,
A000000244711,244,4.8,30,67,3,21,,,78,1,10,89,1,,,,,,,,
A000000244729,292,5,46,39,15,10,89,0,90,0,,,,,,,,,,,
A000000244733,5565,4.9,56,29,15,14,73,1,85,1,,,,,,,,,,,
A000000244756,2833,4.7,58,26,16,36,67,0,62,2,,,,,,,,,,,
A000000244763,1847,4.8,59,18,24,33,63,0,65,2,,,,,,,,,,,
A000000244786,1572,4.8,56,34,11,40,57,2,56,4,,,,,,,,,,,
A000000244799,92,4.8,37,62,1,28,,,72,0,12,78,10,,,,,,,,
A000000244829,2440,4.8,51,38,11,36,,,63,1,43,56,0,,,,,,,,
A000000244836,2067,5,39,55,6,12,,,88,1,10,88,3,,,,,,,,
A000000244918,16,5,,,,77,23,0,,,,,,,,,,,,23,0
A000000244922,11,4.7,,,,,,,,,,,,,,,,,,,
A000000244926,135,4.8,50,47,2,19,,,81,0,20,73,7,,,,,,,,
A000000245043,1538,4.8,52,41,7,24,52,3,76,1,,,,,,,,,,,
A000000245046,516,4.8,51,42,7,25,60,2,73,2,,,,,,,,,,,
A000000245081,52,5,58,31,12,12,90,0,87,2,,,,,,,,,,,
A000000245094,11662,4.7,37,60,3,22,,,76,2,22,77,1,,,,,,,,
A000000245096,2486,4.8,59,35,6,28,49,2,71,1,,,,,,,,,,,
A000000245129,2274,4.6,,,,,,,,,,,,,,,,,,,
A000000245184,1482,4.8,35,57,8,13,,,86,1,15,82,3,,,,,,,,
A000000245469,1110,4.8,55,33,12,29,63,3,70,1,,,,,,,,,,,
A000000245627,469,4.9,,,,,,,,,,,,,,,,,,,
A000000245628,8,4.5,,,,,,,,,,,,,,,,,,,
A000000245633,73,4.9,36,63,1,30,,,70,0,29,71,0,,,,,,,,
A000000245641,236,4.9,55,36,9,22,52,2,78,0,,,,,,,,,,,
A000000245689,28,5,,,,,,,,,,,,,,,,,,,
A000000245742,12971,4.8,51,41,8,28,,,71,1,44,55,1,,,,,,,,
A000000245804,12,5,,,,,,,,,,,,,,,,,,,
A000000245810,17,5,,,,,,,,,,,,,,,,,,,
A000000245901,10395,4.7,52,30,18,48,,,43,10,38,53,9,,,,,,,,
A000000245904,6141,4.8,58,21,21,45,65,1,44,11,,,,,,,,,,,
A000000245906,1167,4.8,53,45,3,32,,,66,2,27,62,10,,,,,,,,
A000000245911,1936,4.8,60,26,14,36,62,1,62,2,,,,,,,,,,,
A000000246187,104,5,33,61,7,5,,,94,1,10,88,2,,,,,,,,
A000000246259,2347,4.8,56,30,14,33,,,66,1,74,25,1,,,,,,,,
A000000246261,99,4.9,69,22,9,42,,,58,0,78,22,0,,,,,,,,
A000000246263,818,4.8,55,28,16,29,,,70,1,74,25,1,,,,,,,,
A000000246267,69,4.8,49,35,16,26,,,74,0,74,25,1,,,,,,,,
A000000246270,3096,4.9,45,49,6,12,,,86,1,10,78,11,,,,,,,,
A000000246282,524,4.9,43,51,7,20,,,79,1,10,48,42,,,,,,,,
A000000246294,52,4.8,33,56,12,17,,,83,0,19,81,0,,,,,,,,
A000000246583,19,4.6,47,47,5,11,,,89,0,16,42,42,,,,,,,,
A000000246714,89,4.9,25,71,4,3,,,97,0,9,91,0,,,,,,,,
A000000246893,238,4.8,89,11,0,56,,,44,0,56,33,11,,,,,,,,
A000000246901,30,5,50,43,7,17,,,83,0,17,80,3,,,,,,,,
A000000247087,259,4.6,,,,,,,,,,,,,,,,,,,
A000000247200,4,4.5,25,50,25,50,25,0,50,0,,,,,,,,,,,
A000000247219,99,4.8,42,48,9,20,56,3,80,0,,,,,,,,,,,
A000000247221,1,5,100,0,0,100,0,0,0,0,,,,,,,,,,,
A000000247253,402,4.8,45,46,9,22,,,76,2,23,75,2,,,,,,,,
A000000247451,4593,4.8,58,25,18,44,66,1,51,5,,,,,,,,,,,
A000000247528,0,0,,,,0,0,0,,,,,,,,,,,,0,0
A000000247565,576,4.8,57,33,10,32,,,68,1,53,44,2,,,,,,,,
A000000247688,527,4.9,45,50,5,19,,,81,1,17,66,17,,,,,,,,
A000000247716,334,4.8,41,56,3,29,,,71,0,27,72,1,,,,,,,,
A000000247748,1,4,100,0,0,100,,,0,0,100,0,0,,,,,,,,
A000000247773,6451,4.6,45,47,8,24,,,74,2,27,70,3,,,,,,,,
A000000247841,21,5,38,29,33,0,100,0,100,0,,,,,,,,,,,
A000000247851,211,4.9,35,0,65,35,40,0,60,5,,,,,,,,,,,
A000000247855,12,4.9,17,83,0,25,67,0,75,0,,,,,,,,,,,
A000000247859,2040,5,53,36,12,13,91,0,86,1,,,,,,,,,,,
A000000247898,520,4.9,35,52,13,25,74,0,75,0,,,,,,,,,,,
A000000247905,218,4.5,51,43,6,31,,,65,4,21,49,30,,,,,,,,
A000000247907,846,4.8,45,25,30,32,74,1,64,4,,,,,,,,,,,
A000000248048,1982,4.7,58,36,5,23,,,76,1,20,31,49,,,,,,,,
A000000248054,33,4.5,61,30,9,36,,,64,0,30,45,24,,,,,,,,
A000000248100,8904,4.8,56,34,9,24,51,2,75,1,,,,,,,,,,,
A000000248103,100,4.9,46,46,8,30,,,69,1,28,38,34,,,,,,,,
A000000248115,52,4.8,48,44,8,17,,,83,0,8,46,46,,,,,,,,
A000000248125,170,4.7,,,,,,,,,,,,,,,,,,,
A000000248135,29,4.7,48,34,17,31,,,66,3,69,31,0,,,,,,,,
A000000248177,866,4.7,38,57,4,29,,,71,0,17,81,2,,,,,,,,
A000000248312,548,4.8,,,,,,,,,,,,,,,,,,,
A000000248337,112,4.7,70,10,20,60,70,0,40,0,,,,,,,,,,,
A000000248339,4450,4.9,58,32,10,27,77,0,72,1,,,,,,,,,,,
A000000248489,909,5,,,,,,,,,,,,,,,,,,,
A000000248583,5,5,,,,,,,,,,,,,,,,,,,
A000000248601,40,5,,,,,,,,,,,,,,,,,,,
A000000248602,45,4.9,44,44,11,20,87,0,80,0,,,,,,,,,,,
A000000248603,51,4.6,61,31,8,18,76,2,82,0,,,,,,,,,,,
A000000248626,5355,4.8,48,15,37,39,64,2,58,3,,,,,,,,,,,
A000000248707,534,4.9,63,25,11,7,90,0,92,1,,,,,,,,,,,
A000000248743,557,4.8,,,,,,,,,,,,,,,,,,,
A000000248750,4,5,100,0,0,100,,,0,0,100,0,0,,,,,,,,
A000000248751,67,4.8,49,43,7,19,,,79,1,25,69,6,,,,,,,,
A000000248755,1226,4.9,,,,,,,,,,,,,,,,,,,
A000000248767,12,4.9,58,17,25,50,,,50,0,50,33,17,,,,,,,,
A000000248768,9,5,78,22,0,78,,,22,0,78,11,11,,,,,,,,
A000000248771,615,4.9,,,,,,,,,,,,,,,,,,,
A000000248819,115,4.9,38,54,8,9,,,91,0,12,83,4,,,,,,,,
A000000248829,6391,4.7,48,23,29,31,,,64,5,59,33,8,,,,,,,,
A000000248928,120,4.9,,,,,,,,,,,,,,,,,,,
A000000248965,8235,4.8,52,42,6,34,,,65,1,31,45,24,,,,,,,,
A000000249000,2012,4.7,49,40,10,27,54,7,70,3,,,,,,,,,,,
A000000249103,1866,4.7,56,22,22,29,63,2,70,1,,,,,,,,,,,
A000000249143,75,4.9,44,56,0,32,,,68,0,36,48,16,,,,,,,,
A000000249149,988,4.9,52,39,9,20,,,79,0,39,39,22,,,,,,,,
A000000249274,1128,4.8,,,,,,,,,,,,,,,,,,,
A000000249277,1065,4.8,43,53,4,20,,,80,0,13,87,0,,,,,,,,
A000000249348,46893,4.8,52,37,11,30,,,67,2,44,48,9,,,,,,,,
A000000249411,109,4.8,54,40,6,28,66,2,72,0,,,,,,,,,,,
A000000249413,170,4.9,52,32,16,24,75,1,76,1,,,,,,,,,,,
A000000249450,845,4.6,,,,,,,,,,,,,,,,,,,
A000000249453,8,5,38,63,0,38,,,63,0,38,63,0,,,,,,,,
A000000249471,763,4.8,,,,,,,,,,,,,,,,,,,
A000000249535,6178,4.8,56,33,11,26,,,73,2,41,48,11,,,,,,,,
A000000249579,33,4.9,73,27,0,64,,,33,3,12,30,58,,,,,,,,
A000000249583,443,4.8,48,23,29,20,61,2,78,2,,,,,,,,,,,
A000000249715,13085,4.9,,,,,,,,,,,,,,,,,,,
A000000249719,13031,4.9,,,,,,,,,,,,,,,,,,,
A000000249757,2562,4.6,,,,,,,,,,,,,,,,,,,
A000000249781,428,4.9,48,27,25,25,72,1,74,1,,,,,,,,,,,
A000000249797,28237,4.9,56,29,15,31,65,2,66,2,,,,,,,,,,,
A000000249800,8791,4.8,53,28,19,28,66,2,71,2,,,,,,,,,,,
A000000249961,1253,5,36,57,7,6,,,93,0,10,79,11,,,,,,,,
A000000250048,2626,4.8,,,,,,,,,,,,,,,,,,,
A000000250100,2459,4.8,45,15,40,36,70,3,60,4,,,,,,,,,,,
A000000250107,226,4.8,41,57,2,19,,,79,2,47,50,2,,,,,,,,
A000000250202,92,4.7,,,,,,,,,,,,,,,,,,,
A000000250210,3582,4.8,,,,,,,,,,,,,,,,,,,
A000000250213,436,4.9,,,,,,,,,,,,,,,,,,,
A000000250223,97,4.9,,,,,,,,,,,,,,,,,,,
A000000250230,11,4.8,64,36,0,55,,,45,0,73,27,0,,,,,,,,
A000000250258,283,4.7,58,36,6,50,,,47,3,38,57,5,,,,,,,,
A000000250264,1295,5,36,60,5,29,,,71,0,19,64,17,,,,,,,,
A000000250293,11,5,73,27,0,36,64,0,64,0,,,,,,,,,,,
A000000250477,3356,4.8,53,42,5,27,,,73,0,28,71,1,,,,,,,,
A000000250485,1090,4.8,58,33,9,26,,,73,1,70,29,1,,,,,,,,
A000000250613,87,4.7,62,30,8,40,,,56,3,72,28,0,,,,,,,,
A000000250614,137,4.9,59,24,17,41,,,59,0,71,26,3,,,,,,,,
A000000250617,84,4.6,,,,,,,,,,,,,,,,,,,
A000000250618,203,4.7,,,,,,,,,,,,,,,,,,,
A000000250980,1772,4.9,55,31,14,20,77,1,79,1,,,,,,,,,,,
A000000251031,0,0,,,,,,,,,,,,,,,,,,,
A000000251033,1110,4.7,,,,,,,,,,,,,,,,,,,
A000000251062,1594,4.8,47,49,4,31,,,68,1,35,64,0,,,,,,,,
A000000251116,2089,4.8,57,17,26,39,58,1,60,2,,,,,,,,,,,
A000000251117,271,4.9,51,7,42,21,,1,71,3,,,,,,,,,77,,
A000000251220,451,4.7,45,51,5,26,,,73,1,16,76,8,,,,,,,,
A000000251221,385,4.8,45,51,4,25,,,75,0,14,75,11,,,,,,,,
A000000251277,21327,4.8,53,30,16,25,,,75,0,50,50,1,,,,,,,,
A000000251313,6551,4.9,53,36,12,33,54,2,65,2,,,,,,,,,,,
A000000251339,1673,4.7,59,26,15,41,61,2,54,5,,,,,,,,,,,
A000000251426,3289,4.9,51,27,22,31,70,1,64,6,,,,,,,,,,,
A000000251578,171,5,68,16,15,16,86,1,84,0,,,,,,,,,,,
A000000251689,6609,4.8,67,11,22,22,74,0,74,4,,,,,,,,,,,
A000000251742,2856,4.9,42,53,5,18,,,82,1,13,81,6,,,,,,,,
A000000251762,1272,5,,,,,,,,,,,,,,,,,,,
A000000251860,1202,5,61,31,8,7,91,0,93,0,,,,,,,,,,,
A000000251915,66,4.7,50,38,12,18,58,2,80,2,,,,,,,,,,,
A000000251951,271,5,45,39,15,1,99,0,99,0,,,,,,,,,,,
A000000252011,36,4.5,56,44,0,42,,,53,6,11,50,39,,,,,,,,
A000000252016,36,4.5,53,42,6,50,,,44,6,17,42,42,,,,,,,,
A000000252178,16,4.6,,,,,,,,,,,,,,,,,,,
A000000252248,44,4.8,55,30,16,25,68,2,75,0,,,,,,,,,,,
A000000252256,887,4.9,43,52,5,16,,,83,1,17,66,17,,,,,,,,
A000000252274,252,4.7,52,39,9,36,57,3,62,2,,,,,,,,,,,
A000000252320,692,4.8,64,21,14,50,71,0,50,0,,,,,,,,,,,
A000000252321,6,5,67,33,0,33,67,0,67,0,,,,,,,,,,,
A000000252323,31,4.6,48,26,26,13,,,84,3,52,45,3,,,,,,,,
A000000252324,389,4.7,54,32,14,28,,,71,1,58,42,0,,,,,,,,
A000000252601,187,4.7,49,39,13,25,,,72,3,43,55,2,,,,,,,,
A000000252632,238,4.9,40,54,5,17,79,1,83,0,,,,,,,,,,,
A000000252640,2,5,50,0,50,0,50,50,50,50,,,,,,,,,,,
A000000252646,1,5,0,0,100,0,100,0,100,0,,,,,,,,,,,
A000000252726,26,4.8,58,38,4,31,,,69,0,35,27,38,,,,,,,,
A000000252899,461,4.9,40,54,6,12,,,87,1,12,86,2,,,,,,,,
A000000252925,1492,4.8,,,,,,,,,,,,,,,,,,,
A000000252979,787,4.8,49,17,34,42,,,52,6,66,13,21,,,,,,,,
A000000253098,561,4.9,41,38,20,26,84,0,71,3,,,,,,,,,,,
A000000253099,481,4.7,,,,,,,,,,,,,,,,,,,
A000000253100,350,4.9,54,25,21,46,61,1,49,4,,,,,,,,,,,
A000000253102,675,4.9,50,23,27,16,91,1,83,2,,,,,,,,,,,
A000000253107,8,4.6,38,38,25,25,75,0,75,0,,,,,,,,,,,
A000000253108,710,4.9,60,15,25,50,56,2,48,2,,,,,,,,,,,
A000000253111,268,4.8,50,26,24,53,59,0,47,0,,,,,,,,,,,
A000000253112,297,4.8,50,24,26,45,64,2,50,5,,,,,,,,,,,
A000000253113,63,5,54,38,8,30,73,0,67,3,,,,,,,,,,,
A000000253114,173,4.9,47,39,14,32,72,1,67,1,,,,,,,,,,,
A000000253117,1375,4.8,55,19,27,37,71,1,61,2,,,,,,,,,,,
A000000253119,3339,4.8,56,33,12,26,58,4,73,1,,,,,,,,,,,
A000000253124,5,4.8,40,60,0,60,,,40,0,40,60,0,,,,,,,,
A000000253164,331,4.7,58,31,11,23,66,3,73,4,,,,,,,,,,,
A000000253205,144,5,35,62,3,11,,,89,0,7,90,3,,,,,,,,
A000000253525,35,4.9,29,69,3,23,71,3,77,0,,,,,,,,,,,
A000000253543,15,4.9,,,,,,,,,,,,,,,,,,,
A000000253568,49,4.9,45,55,0,20,,,80,0,14,65,20,,,,,,,,
A000000253571,83,4.7,48,49,2,22,,,77,1,17,65,18,,,,,,,,
A000000253614,232,4.9,,,,,,,,,,,,,,,,,,,
A000000253617,55753,4.8,53,33,14,21,80,1,78,1,,,,,,,,,,,
A000000253619,42251,4.8,58,27,15,27,74,1,71,1,,,,,,,,,,,
A000000253644,1096,4.9,,,,,,,,,,,,,,,,,,,
A000000253705,7689,4.8,,,,,,,,,,,,,,,,,,,
A000000253737,147,4.9,63,18,19,15,88,1,84,1,,,,,,,,,,,
A000000253919,773,4.9,43,52,5,19,,,78,3,14,63,23,,,,,,,,
A000000253920,773,4.9,38,59,3,16,,,82,2,10,73,17,,,,,,,,
A000000253940,79,4.8,48,13,39,42,71,3,54,4,,,,,,,,,,,
A000000254027,129,5,,,,,,,,,,,,,,,,,,,
A000000254068,5598,4.9,46,44,10,20,,,79,1,25,71,4,,,,,,,,
A000000254070,2133,4.9,37,56,7,21,,,78,1,27,65,8,,,,,,,,
A000000254079,20,5,50,50,0,40,,,60,0,20,50,30,,,,,,,,
A000000254080,7,5,57,29,14,29,,,71,0,29,29,43,,,,,,,,
A000000254125,1535,4.9,,,,,,,,,,,,,,,,,,,
A000000254184,108,3.8,,,,,,,,,,,,,,,,,,,
A000000254204,6049,4.8,54,27,19,27,68,0,72,1,,,,,,,,,,,
A000000254248,15,5,,,,,,,,,,,,,,,,,,,
A000000254251,19,5,,,,,,,,,,,,,,,,,,,
A000000254255,17,5,,,,,,,,,,,,,,,,,,,
A000000254263,5382,5,,,,,,,,,,,,,,,,,,,
A000000254329,0,0,0,0,0,0,0,0,0,0,,,,,,,,,,,
A000000254347,63,4.9,54,21,25,33,79,2,59,8,,,,,,,,,,,
A000000254353,220,4.9,51,43,5,20,,,78,2,19,58,23,,,,,,,,
A000000254370,9,5,78,22,0,44,,,56,0,44,33,22,,,,,,,,
A000000254380,1563,4.9,53,41,5,20,,,79,1,19,40,41,,,,,,,,
A000000254395,483,4.9,31,65,4,20,,,80,0,8,53,39,,,,,,,,
A000000254396,102,4.7,25,50,25,25,,,75,0,25,50,25,,,,,,,,
A000000254427,3853,4.7,45,15,40,48,,,43,9,58,23,19,,,,,,,,
A000000254432,672,4.9,58,25,18,30,68,2,70,0,,,,,,,,,,,
A000000254433,280,4.8,63,13,25,54,57,0,46,0,,,,,,,,,,,
A000000254446,1938,4.9,50,44,6,21,,,78,1,18,74,9,,,,,,,,
A000000254466,1179,4.9,44,53,4,17,,,82,0,12,75,13,,,,,,,,
A000000254487,63,5,56,41,3,6,,,89,5,14,56,30,,,,,,,,
A000000254492,881,4.9,44,53,4,13,,,86,1,12,52,36,,,,,,,,
A000000254504,0,0,0,0,0,0,,,0,0,0,0,0,,,,,,,,
A000000254571,5374,4.7,,,,,,,,,,,,,,,,,,,
A000000254664,142,4.9,37,56,7,30,,,68,3,22,49,29,,,,,,,,
A000000254665,113,4.7,40,53,7,34,,,57,9,23,51,26,,,,,,,,
A000000254666,97,4.8,48,45,6,28,,,71,1,56,42,2,,,,,,,,
A000000254684,5176,4.9,32,62,7,6,,,94,0,14,85,1,,,,,,,,
A000000254695,990,4.9,35,37,28,14,83,1,85,1,,,,,,,,,,,
A000000254708,499,4.7,60,28,12,24,,,75,1,70,29,1,,,,,,,,
A000000254709,340,4.9,59,38,3,21,,,79,0,20,60,20,,,,,,,,
A000000254710,1418,4.8,58,37,5,44,,,53,3,56,44,0,,,,,,,,
A000000254898,830,4.9,58,17,25,34,57,0,66,0,,,,,,,,,,,
A000000254922,9,5,56,22,22,56,44,0,44,0,,,,,,,,,,,
A000000255073,7130,4.8,48,40,12,24,,,75,1,35,64,1,,,,,,,,
A000000255127,5374,4.8,,,,,,,,,,,,,,,,,,,
A000000255135,5152,4.8,59,33,9,29,50,3,70,1,,,,,,,,,,,
A000000255145,1668,4.8,60,35,5,24,,,76,0,48,48,4,,,,,,,,
A000000255159,0,0,,,,,,,,,,,,,,,,,,,
A000000255168,0,0,0,0,0,0,,0,0,0,,,,,,,,,0,,
A000000255319,191,4.8,52,37,10,17,,,83,1,20,80,1,,,,,,,,
A000000255331,3,4.7,33,67,0,33,,,67,0,33,67,0,,,,,,,,
A000000255334,127,4.8,52,41,7,13,,,84,2,17,78,6,,,,,,,,
A000000255447,239,4.7,44,26,30,34,67,1,62,4,,,,,,,,,,,
A000000255449,101,4.9,47,46,8,11,85,1,87,2,,,,,,,,,,,
A000000255452,114,4.9,20,70,10,40,,,60,0,10,90,0,,,,,,,,
A000000255463,9,4.8,33,56,11,0,,,100,0,0,100,0,,,,,,,,
A000000255523,622,5,39,51,9,6,,,94,0,32,67,1,,,,,,,,
A000000255593,12969,4.8,57,37,7,30,,,70,1,50,49,2,,,,,,,,
A000000255605,2,5,,,,,,,,,,,,,,,,,,,
A000000255607,51911,4.8,50,31,19,40,,,55,5,71,28,1,,,,,,,,
A000000255622,1105,5,,,,,,,,,,,,,,,,,,,
A000000255680,5662,4.7,43,50,7,29,,,69,2,21,73,7,,,,,,,,
A000000255811,3299,4.5,58,15,26,46,,,46,8,68,26,6,,,,,,,,
A000000255842,16204,4.9,46,47,7,24,,,75,1,32,67,1,,,,,,,,
A000000255859,16246,4.9,45,43,13,30,,,70,0,50,50,0,,,,,,,,
A000000255982,0,0,0,0,0,0,0,0,0,0,,,,,,,,,,,
A000000255984,443,4.8,61,18,21,35,46,5,62,3,,,,,,,,,,,
A000000255986,7,5,,,,,,,,,,,,,,,,,,,
A000000255998,394,4.3,52,19,29,52,,12,46,9,,,,,,,,,36,,
A000000256046,16903,4.8,52,38,10,29,54,2,70,1,,,,,,,,,,,
A000000256096,6,4.8,67,0,33,83,33,0,17,0,,,,,,,,,,,
A000000256465,97,4.8,,,,,,,,,,,,,,,,,,,
A000000256618,243,4.9,47,48,5,19,,,81,0,11,38,51,,,,,,,,
A000000256619,402,4.9,41,52,6,14,,,86,0,17,67,16,,,,,,,,
A000000256760,39,4.9,62,28,10,23,,,77,0,13,54,33,,,,,,,,
A000000256761,158,5,41,41,18,4,,,92,3,22,60,18,,,,,,,,
A000000257072,1446,4.8,48,42,10,23,,,74,2,22,71,7,,,,,,,,
A000000257124,477,4.9,48,50,2,35,,,64,0,22,58,20,,,,,,,,
A000000257125,477,4.9,37,59,4,21,,,79,0,16,68,16,,,,,,,,
A000000257156,7,5,71,29,0,14,,,86,0,43,57,0,,,,,,,,
A000000257192,85,5,64,33,4,18,,,81,1,25,59,16,,,,,,,,
A000000257194,77,4.9,57,35,8,6,,,92,1,21,62,17,,,,,,,,
A000000257230,142,5,61,36,3,6,,,94,0,20,75,5,,,,,,,,
A000000257291,41,4.8,46,41,12,12,78,0,83,5,,,,,,,,,,,
A000000257296,402,4.9,42,49,9,16,72,1,83,0,,,,,,,,,,,
A000000257311,8,4.5,75,13,13,38,13,0,50,13,,,,,,,,,,,
A000000257369,16435,5,52,34,15,4,95,0,95,0,,,,,,,,,,,
A000000257406,1536,4.9,,,,,,,,,,,,,,,,,,,
A000000257433,478,5,55,41,4,9,,,91,0,10,79,11,,,,,,,,
A000000257511,12,4.8,,,,,,,,,,,,,,,,,,,
A000000257523,42,4.9,,,,,,,,,,,,,,,,,,,
A000000257620,4,5,,,,,,,,,,,,,,,,,,,
A000000257646,4814,4.8,52,31,17,41,,,48,10,55,41,3,,,,,,,,
A000000257738,1620,4.8,48,42,10,29,,,70,1,45,53,2,,,,,,,,
A000000257739,255,4.9,48,37,15,27,,,71,1,52,42,6,,,,,,,,
A000000257740,509,4.9,67,33,0,36,,,64,0,42,58,0,,,,,,,,
A000000257744,2,5,100,0,0,50,50,0,50,0,,,,,,,,,,,
A000000257814,614,4.9,61,26,13,34,71,2,61,5,,,,,,,,,,,
A000000257820,1014,4.9,49,42,10,19,,,80,1,38,60,2,,,,,,,,
A000000257873,88,4.9,51,38,11,10,,,81,9,26,60,14,,,,,,,,
A000000258034,7,4.4,,,,,,,,,,,,,,,,,,,
A000000258110,137,3.8,,,,,,,,,,,,,,,,,,,
A000000258319,1965,4.9,8,91,1,6,,,94,0,5,87,7,,,,,,,,
A000000258348,59,5,59,17,24,7,97,0,92,2,,,,,,,,,,,
A000000258542,253,4.9,40,52,9,15,,,84,1,21,75,4,,,,,,,,
A000000258670,19492,4.7,32,15,53,37,,,60,3,40,53,7,,,,,,,,
A000000258673,58,4.8,60,34,5,36,47,0,64,0,,,,,,,,,,,
A000000258880,141,5,69,27,4,15,,,83,2,12,28,60,,,,,,,,
A000000258882,21,5,43,48,10,10,,,90,0,14,19,67,,,,,,,,
A000000258917,15759,4.8,47,20,33,44,60,3,45,11,,,,,,,,,,,
A000000258934,581,4.9,48,23,29,42,73,0,54,4,,,,,,,,,,,
A000000258938,1034,5,55,40,5,5,,,95,1,14,74,11,,,,,,,,
A000000258939,42,5,74,26,0,0,,,100,0,36,60,5,,,,,,,,
A000000258964,2002,4.7,60,20,20,47,46,3,33,20,,,,,,,,,,,
A000000258972,44745,4.7,53,20,27,43,,2,60,5,,,,,,,,,55,,
A000000258987,58,5,53,40,7,7,,,93,0,81,19,0,,,,,,,,
A000000259043,5426,4.7,44,15,41,21,54,3,77,2,,,,,,,,,,,
A000000259047,5426,4.7,50,17,33,22,58,0,78,0,,,,,,,,,,,
A000000259049,181,4.9,0,0,100,0,0,0,100,0,,,,,,,,,,,
A000000259066,1841,4.8,60,21,18,38,51,1,61,1,,,,,,,,,,,
A000000259067,35589,4.8,48,34,18,23,,,76,1,54,45,1,,,,,,,,
A000000259123,30,4.9,33,53,13,30,,,70,0,53,47,0,,,,,,,,
A000000259179,546,4.8,51,38,11,20,,,79,1,56,44,0,,,,,,,,
A000000259222,3532,4.9,44,49,6,18,,,80,1,18,76,5,,,,,,,,
A000000259224,1635,4.8,47,47,7,22,,,77,1,22,66,12,,,,,,,,
A000000259232,8611,4.8,47,45,7,16,,,84,1,27,62,11,,,,,,,,
A000000259260,19308,4.8,,,,,,,,,,,,,,,,,,,
A000000259279,0,0,0,0,0,0,0,0,0,0,,,,,,,,,,,
A000000259319,366,4.5,63,20,17,17,,,82,1,69,30,1,,,,,,,,
A000000259466,0,0,0,0,0,0,0,0,0,0,,,,,,,,,,,
A000000259471,0,0,,,,,,,,,,,,,,,,,,,
A000000259499,2310,5,66,30,4,4,,,96,0,77,22,0,,,,,,,,
A000000259554,5960,4.8,17,83,0,17,,,83,0,17,83,0,,,,,,,,
A000000259555,53956,4.9,49,47,4,35,,,65,1,34,62,5,,,,,,,,
A000000259591,271,5,48,45,7,7,,,93,0,10,38,52,,,,,,,,
A000000259619,17932,4.8,45,27,27,15,86,1,85,1,,,,,,,,,,,
A000000259621,8657,4.8,55,27,18,26,55,2,73,1,,,,,,,,,,,
A000000259624,2743,4.7,48,21,31,41,59,4,50,9,,,,,,,,,,,
A000000259632,2017,4.7,37,20,43,25,,,69,6,47,33,21,,,,,,,,
A000000259633,12,5,50,50,0,0,100,0,100,0,,,,,,,,,,,
A000000259659,6,4.5,33,50,17,17,,,83,0,33,67,0,,,,,,,,
A000000259699,167,4.8,58,37,5,27,,,73,0,54,45,1,,,,,,,,
A000000259712,2636,4.8,,,,,,,,,,,,,,,,,,,
A000000259721,17,4.9,71,12,18,18,76,0,82,0,,,,,,,,,,,
A000000259724,42,4.8,40,36,24,19,81,0,81,0,,,,,,,,,,,
A000000259737,5,4.8,60,40,0,0,,,100,0,20,80,0,,,,,,,,
A000000259740,15,4.7,73,20,7,73,,7,27,20,,,,,,,,,20,,
A000000259755,12,4.9,,,,,,,,,,,,,,,,,,,
A000000259756,473,4.9,,,,,,,,,,,,,,,,,,,
A000000259760,0,0,0,0,0,0,0,0,0,0,,,,,,,,,,,
A000000259786,2593,4.9,49,44,7,19,,,80,1,24,74,2,,,,,,,,
A000000259787,2652,4.9,49,46,5,31,,,68,2,31,64,5,,,,,,,,
A000000259832,33,4.7,48,45,6,42,30,9,58,0,,,,,,,,,,,
A000000259905,11747,4.9,61,29,11,26,76,0,74,0,,,,,,,,,,,
A000000259955,152,4.9,46,43,11,29,,,69,2,26,64,10,,,,,,,,
A000000259957,29,4.9,41,55,3,0,,,100,0,3,90,7,,,,,,,,
A000000260054,26,4.8,50,46,4,27,,,73,0,54,46,0,,,,,,,,
A000000260104,15,4.9,60,7,33,20,,,80,0,67,33,0,,,,,,,,
A000000260107,4477,4.7,50,38,12,35,,,62,4,23,15,62,,,,,,,,
A000000260188,593,4.7,50,27,24,34,69,1,60,6,,,,,,,,,,,
A000000260205,178,4.9,,,,,,,,,,,,,,,,,,,
A000000260213,14,4.9,71,21,7,29,43,0,71,0,,,,,,,,,,,
A000000260349,151,4.9,39,57,4,17,,,82,1,36,62,2,,,,,,,,
A000000260410,0,0,0,0,0,0,,,0,0,0,0,0,,,,,,,,
A000000260415,101,5,44,48,9,9,,,91,0,15,74,11,,,,,,,,
A000000260416,102,5,40,49,11,5,,,95,0,48,51,1,,,,,,,,
A000000260444,71,5,39,37,24,3,,,97,0,18,77,4,,,,,,,,
A000000260449,0,0,0,0,0,0,,,0,0,0,0,0,,,,,,,,
A000000260452,5785,4.6,,,,,,,,,,,,,,,,,,,
A000000260486,102,5,58,25,18,6,99,0,93,1,,,,,,,,,,,
A000000260487,96,5,58,16,26,5,99,0,94,1,,,,,,,,,,,
A000000260490,32,5,41,41,19,3,91,3,97,0,,,,,,,,,,,
A000000260522,18729,4.9,61,26,14,27,69,1,72,2,,,,,,,,,,,
A000000260523,177,4.9,45,52,4,19,,,81,0,45,53,2,,,,,,,,
A000000260524,6483,4.8,65,16,19,24,68,2,75,2,,,,,,,,,,,
A000000260526,3398,4.8,55,38,8,32,68,0,68,0,,,,,,,,,,,
A000000260527,16,4.9,,,,,,,,,,,,,,,,,,,
A000000260528,9547,4.7,51,27,21,39,,,54,7,54,32,14,,,,,,,,
A000000260530,202,4.8,57,30,14,40,,,57,2,70,30,0,,,,,,,,
A000000260534,177,4.9,31,63,6,13,,,81,6,25,69,6,,,,,,,,
A000000260545,0,0,,,,,,,,,,,,,,,,,,,
A000000260943,104,5,,,,,,,,,,,,,,,,,,,
A000000260970,9,5,44,44,11,33,,,67,0,44,11,44,,,,,,,,
A000000261248,21,5,67,29,5,10,90,0,90,0,,,,,,,,,,,
A000000261322,2,4.5,50,50,0,0,,,100,0,0,50,50,,,,,,,,
A000000261389,547,4.8,0,100,0,0,,,100,0,0,100,0,,,,,,,,
A000000261405,295,4.8,52,23,26,34,68,3,60,6,,,,,,,,,,,
A000000261421,4,4.8,50,25,25,25,75,0,75,0,,,,,,,,,,,
A000000261422,5,4.8,20,40,40,20,60,20,60,20,,,,,,,,,,,
A000000261471,2,5,0,0,100,50,0,0,50,0,,,,,,,,,,,
A000000261472,54,4.9,48,37,15,9,,,89,2,46,52,2,,,,,,,,
A000000261493,0,0,0,0,0,0,,,0,0,0,0,0,,,,,,,,
A000000261544,2,4.5,,,,,,,,,,,,,,,,,,,
A000000261557,3257,4.8,0,0,0,0,0,0,0,0,,,,,,,,,,,
A000000261559,1182,4.7,0,0,0,0,0,0,0,0,,,,,,,,,,,
A000000261631,4,5,0,100,0,0,,,100,0,0,75,25,,,,,,,,
A000000261632,15,5,33,53,13,13,,,87,0,13,60,27,,,,,,,,
A000000261636,1454,4.8,0,0,100,0,100,0,100,0,,,,,,,,,,,
A000000261637,14,4.9,64,21,14,7,,,93,0,64,29,7,,,,,,,,
A000000261673,148,5,51,30,20,5,97,0,95,0,,,,,,,,,,,
A000000261775,102,5,42,54,4,5,,,94,1,10,70,21,,,,,,,,
A000000261788,245,4.6,45,21,34,21,66,6,77,2,,,,,,,,,,,
A000000261813,113,5,35,57,8,0,,,99,1,12,68,19,,,,,,,,
A000000261859,11,5,64,36,0,0,,,91,9,27,73,0,,,,,,,,
A000000262129,39,4.4,64,15,21,44,,10,28,13,,,,,,,,,46,,
A000000262133,131,4.8,56,36,8,27,,,73,1,50,37,14,,,,,,,,
A000000262139,0,0,0,0,0,0,,,0,0,0,0,0,,,,,,,,
A000000262513,4191,4.7,100,0,0,0,100,0,100,0,,,,,,,,,,,
A000000262516,1161,4.8,0,0,0,0,,,0,0,0,0,0,,,,,,,,
A000000262663,7,5,0,86,14,0,100,0,100,0,,,,,,,,,,,
A000000262749,109,5,,,,,,,,,,,,,,,,,,,
A000000263670,8146,4.7,,,,,,,,,,,,,,,,,,,
A000000263715,11103,4.7,100,0,0,0,100,0,100,0,,,,,,,,,,,
A000001001252,3,5,,,,,,,,,,,,,,,,,,,
B000000145804,112,4.7,78,11,11,44,56,0,56,0,,,,,,,,,,,
B000000145805,109,4.7,86,14,0,29,71,0,71,0,,,,,,,,,,,
B000000145806,80,4.9,71,29,0,0,94,0,100,0,,,,,,,,,,,
B000000198679,13,5,,,,,,,,,,,,,,,,,,,
B000000198680,63,4.8,75,25,0,25,75,0,75,0,,,,,,,,,,,
B000000198681,27,4.9,78,22,0,22,100,0,78,0,,,,,,,,,,,
B000000198682,37,4.9,100,0,0,100,0,0,0,0,,,,,,,,,,,
B000000217180,15,4.6,47,40,13,13,60,7,87,0,,,,,,,,,,,
B000000217181,1982,4.9,57,28,15,11,87,1,88,0,,,,,,,,,,,
B000000223853,2,5,100,0,0,100,0,0,0,0,,,,,,,,,,,
B000000248712,9,5,,,,,,,,,,,,,,,,,,,
B000000248715,6,4.3,,,,,,,,,,,,,,,,,,,
B000000249171,1,5,,,,,,,,,,,,,,,,,,,
B000000249185,5,5,,,,,,,,,,,,,,,,,,,
B000000249215,1,5,,,,,,,,,,,,,,,,,,,